"Recipient","Hub ID","Email Campaign ID","SubType","Subject","From","Reply-To","CC","BCC","Sent Date (Your time zone)","Sent By Event ID","Event Type","Event ID","Event Created Date (Your time zone)","Message ID","Obsoleted by Event ID","Obsoleted by Date (Your time zone)","Caused by Event ID","Caused by Date (Your time zone)","Not Sent Reason","Not Sent Message","App ID","App Name","User Agent","City","State","Country","CTA ID","CTA Name","Click URL","Open duration (ms)","Bounce status","Bounce reason","Bounce message","Subscription Change Requested By","Subscription Change Source","Portal Subscription Status"
"info@bavaria-schadengutachten.de","6890244","431508255","","Wie dich konkrete Umfragen in KI-Systemen nach vorne bringen","""Vero von ProvenExpert"" <veronica@provenexpert.com>","[support@provenexpert.com]","[]","[]","2026-08-05 09:04:55","a2f63069-f6bb-40be-a72f-ac67afe221c9","SENT","a2f63069-f6bb-40be-a72f-ac67afe221c9","2026-08-05 09:04:55","<1785913495779.a2f63069-f6bb-40be-a72f-ac67afe221c9@smtp.hubapi.com>","","","","","","","20185","AbBatch","","","","","","","","","","","","","",""
"info@bavaria-schadengutachten.de","6890244","431508255","","Wie dich konkrete Umfragen in KI-Systemen nach vorne bringen","""Vero von ProvenExpert"" <veronica@provenexpert.com>","[support@provenexpert.com]","[]","[]","2026-08-05 09:04:55","a2f63069-f6bb-40be-a72f-ac67afe221c9","DELIVERED","a46e1402-f5d7-3202-9a08-b1fd6cb0fe10","2026-08-05 09:04:58","<1785913495779.a2f63069-f6bb-40be-a72f-ac67afe221c9@smtp.hubapi.com>","","","","","","","20185","AbBatch","","","","","","","","","","","","","",""
"commercial@berlin-first.de","6890244","431508255","","Wie dich konkrete Umfragen in KI-Systemen nach vorne bringen","""Vero von ProvenExpert"" <veronica@provenexpert.com>","[support@provenexpert.com]","[]","[]","2026-08-05 09:03:35","47a893e1-4037-480e-80ca-783f065674f8","SENT","47a893e1-4037-480e-80ca-783f065674f8","2026-08-05 09:03:35","<1785913415730.47a893e1-4037-480e-80ca-783f065674f8@smtp.hubapi.com>","","","","","","","20185","AbBatch","","","","","","","","","","","","","",""
"commercial@berlin-first.de","6890244","431508255","","Wie dich konkrete Umfragen in KI-Systemen nach vorne bringen","""Vero von ProvenExpert"" <veronica@provenexpert.com>","[support@provenexpert.com]","[]","[]","2026-08-05 09:03:35","47a893e1-4037-480e-80ca-783f065674f8","OPEN","be44b4ce-ee25-37d1-aaf3-734e3d868cfa","2026-08-05 09:03:41","<1785913415730.47a893e1-4037-480e-80ca-783f065674f8@smtp.hubapi.com>","","","","","","","20185","AbBatch","Mozilla/5.0 (Windows NT 5.1; rv:11.0) Gecko Firefox/11.0 (via ggpht.com GoogleImageProxy)","Unknown","Unknown","Unknown","","","","0","","","","","",""
"commercial@berlin-first.de","6890244","431508255","","Wie dich konkrete Umfragen in KI-Systemen nach vorne bringen","""Vero von ProvenExpert"" <veronica@provenexpert.com>","[support@provenexpert.com]","[]","[]","2026-08-05 09:03:35","47a893e1-4037-480e-80ca-783f065674f8","DELIVERED","09605ff5-1c57-36ea-b34d-d9ec80f8b70c","2026-08-05 09:03:38","<1785913415730.47a893e1-4037-480e-80ca-783f065674f8@smtp.hubapi.com>","","","","","","","20185","AbBatch","","","","","","","","","","","","","",""
"emastel@rheinmassiv-bauen.de","6890244","431508253","","Wie dich konkrete Umfragen in KI-Systemen nach vorne bringen","""Vero von ProvenExpert"" <veronica@provenexpert.com>","[support@provenexpert.com]","[]","[]","2026-08-05 11:05:02","79b8f7c5-5065-4adc-99c3-70941622478d","DELIVERED","a55ff6ab-6cb3-36aa-8f76-55939a299151","2026-08-05 11:05:04","<1785920702127.79b8f7c5-5065-4adc-99c3-70941622478d@smtp.hubapi.com>","","","","","","","20185","AbBatch","","","","","","","","","","","","","",""
"emastel@rheinmassiv-bauen.de","6890244","431508253","","Wie dich konkrete Umfragen in KI-Systemen nach vorne bringen","""Vero von ProvenExpert"" <veronica@provenexpert.com>","[support@provenexpert.com]","[]","[]","2026-08-05 11:05:02","79b8f7c5-5065-4adc-99c3-70941622478d","SENT","79b8f7c5-5065-4adc-99c3-70941622478d","2026-08-05 11:05:02","<1785920702127.79b8f7c5-5065-4adc-99c3-70941622478d@smtp.hubapi.com>","","","","","","","20185","AbBatch","","","","","","","","","","","","","",""
"thorefriedrichs@gmail.com","6890244","431508255","","Wie dich konkrete Umfragen in KI-Systemen nach vorne bringen","""Vero von ProvenExpert"" <veronica@provenexpert.com>","[support@provenexpert.com]","[]","[]","2026-08-05 09:03:35","bb577572-3a5c-43e8-8379-1c8679c2728e","DELIVERED","d6d2a3ac-3860-32d8-bcc6-3a8dd1ca7e3e","2026-08-05 09:03:36","<1785913415522.bb577572-3a5c-43e8-8379-1c8679c2728e@smtp.hubapi.com>","","","","","","","20185","AbBatch","","","","","","","","","","","","","",""
"thorefriedrichs@gmail.com","6890244","431508255","","Wie dich konkrete Umfragen in KI-Systemen nach vorne bringen","""Vero von ProvenExpert"" <veronica@provenexpert.com>","[support@provenexpert.com]","[]","[]","2026-08-05 09:03:35","bb577572-3a5c-43e8-8379-1c8679c2728e","SENT","bb577572-3a5c-43e8-8379-1c8679c2728e","2026-08-05 09:03:35","<1785913415522.bb577572-3a5c-43e8-8379-1c8679c2728e@smtp.hubapi.com>","","","","","","","20185","AbBatch","","","","","","","","","","","","","",""
"vaidoo.de@gmail.com","6890244","431508253","","Wie dich konkrete Umfragen in KI-Systemen nach vorne bringen","""Vero von ProvenExpert"" <veronica@provenexpert.com>","[support@provenexpert.com]","[]","[]","2026-08-05 11:05:02","fbcecca9-ab41-41c1-ba0b-4ce6c9d4ff5e","DELIVERED","14a8d881-4d54-37fc-b119-00a762f0662a","2026-08-05 11:05:04","<1785920702501.fbcecca9-ab41-41c1-ba0b-4ce6c9d4ff5e@smtp.hubapi.com>","","","","","","","20185","AbBatch","","","","","","","","","","","","","",""
"vaidoo.de@gmail.com","6890244","431508253","","Wie dich konkrete Umfragen in KI-Systemen nach vorne bringen","""Vero von ProvenExpert"" <veronica@provenexpert.com>","[support@provenexpert.com]","[]","[]","2026-08-05 11:05:02","fbcecca9-ab41-41c1-ba0b-4ce6c9d4ff5e","SENT","fbcecca9-ab41-41c1-ba0b-4ce6c9d4ff5e","2026-08-05 11:05:02","<1785920702501.fbcecca9-ab41-41c1-ba0b-4ce6c9d4ff5e@smtp.hubapi.com>","","","","","","","20185","AbBatch","","","","","","","","","","","","","",""
"mkudinov+test-hubspot@provenexpert.com","6890244","431508253","","Wie dich konkrete Umfragen in KI-Systemen nach vorne bringen","""Vero von ProvenExpert"" <veronica@provenexpert.com>","[support@provenexpert.com]","[]","[]","2026-08-05 11:05:02","41555857-243a-4c54-b59c-9e0fa19dc068","SENT","41555857-243a-4c54-b59c-9e0fa19dc068","2026-08-05 11:05:02","<1785920702313.41555857-243a-4c54-b59c-9e0fa19dc068@smtp.hubapi.com>","","","","","","","20185","AbBatch","","","","","","","","","","","","","",""
"mkudinov+test-hubspot@provenexpert.com","6890244","431508253","","Wie dich konkrete Umfragen in KI-Systemen nach vorne bringen","""Vero von ProvenExpert"" <veronica@provenexpert.com>","[support@provenexpert.com]","[]","[]","2026-08-05 11:05:02","41555857-243a-4c54-b59c-9e0fa19dc068","DELIVERED","f31314ec-70af-3dee-afcb-f3d01ad80f09","2026-08-05 11:05:05","<1785920702313.41555857-243a-4c54-b59c-9e0fa19dc068@smtp.hubapi.com>","","","","","","","20185","AbBatch","","","","","","","","","","","","","",""
"gerald@geraldrichter.at","6890244","431508255","","Wie dich konkrete Umfragen in KI-Systemen nach vorne bringen","""Vero von ProvenExpert"" <veronica@provenexpert.com>","[support@provenexpert.com]","[]","[]","2026-08-05 09:04:55","612b1d3c-9774-4193-8472-58a48f0d291a","DELIVERED","9262b5f6-7582-3f4f-a6a1-533626f5a74e","2026-08-05 09:04:59","<1785913495928.612b1d3c-9774-4193-8472-58a48f0d291a@smtp.hubapi.com>","","","","","","","20185","AbBatch","","","","","","","","","","","","","",""
"gerald@geraldrichter.at","6890244","431508255","","Wie dich konkrete Umfragen in KI-Systemen nach vorne bringen","""Vero von ProvenExpert"" <veronica@provenexpert.com>","[support@provenexpert.com]","[]","[]","2026-08-05 09:04:55","612b1d3c-9774-4193-8472-58a48f0d291a","SENT","612b1d3c-9774-4193-8472-58a48f0d291a","2026-08-05 09:04:55","<1785913495928.612b1d3c-9774-4193-8472-58a48f0d291a@smtp.hubapi.com>","","","","","","","20185","AbBatch","","","","","","","","","","","","","",""
"info@heta-naturstein.de","6890244","431508255","","Wie dich konkrete Umfragen in KI-Systemen nach vorne bringen","""Vero von ProvenExpert"" <veronica@provenexpert.com>","[support@provenexpert.com]","[]","[]","2026-08-05 09:04:55","175077f4-102a-402b-95ea-587119fc334a","SENT","175077f4-102a-402b-95ea-587119fc334a","2026-08-05 09:04:55","<1785913495948.175077f4-102a-402b-95ea-587119fc334a@smtp.hubapi.com>","","","","","","","20185","AbBatch","","","","","","","","","","","","","",""
"info@heta-naturstein.de","6890244","431508255","","Wie dich konkrete Umfragen in KI-Systemen nach vorne bringen","""Vero von ProvenExpert"" <veronica@provenexpert.com>","[support@provenexpert.com]","[]","[]","2026-08-05 09:04:55","175077f4-102a-402b-95ea-587119fc334a","DELIVERED","4d49e768-1e8c-39db-9c8c-b30aed10bf1b","2026-08-05 09:04:59","<1785913495948.175077f4-102a-402b-95ea-587119fc334a@smtp.hubapi.com>","","","","","","","20185","AbBatch","","","","","","","","","","","","","",""
"lwz@gmx.de","6890244","431508255","","Wie dich konkrete Umfragen in KI-Systemen nach vorne bringen","""Vero von ProvenExpert"" <veronica@provenexpert.com>","[support@provenexpert.com]","[]","[]","2026-08-05 09:03:35","b602af7b-0947-4308-afa4-a65b2ac53f30","SENT","b602af7b-0947-4308-afa4-a65b2ac53f30","2026-08-05 09:03:35","<1785913415681.b602af7b-0947-4308-afa4-a65b2ac53f30@smtp.hubapi.com>","","","","","","","20185","AbBatch","","","","","","","","","","","","","",""
"lwz@gmx.de","6890244","431508255","","Wie dich konkrete Umfragen in KI-Systemen nach vorne bringen","""Vero von ProvenExpert"" <veronica@provenexpert.com>","[support@provenexpert.com]","[]","[]","2026-08-05 09:03:35","b602af7b-0947-4308-afa4-a65b2ac53f30","DELIVERED","3c3b2558-52ac-3a2e-8404-773f9163d790","2026-08-05 09:03:39","<1785913415681.b602af7b-0947-4308-afa4-a65b2ac53f30@smtp.hubapi.com>","","","","","","","20185","AbBatch","","","","","","","","","","","","","",""
"mail@urquelle.de","6890244","431508255","","Wie dich konkrete Umfragen in KI-Systemen nach vorne bringen","""Vero von ProvenExpert"" <veronica@provenexpert.com>","[support@provenexpert.com]","[]","[]","2026-08-05 09:04:55","0ae156d5-c4dd-42d0-b201-0f602609c114","DELIVERED","9de1d7c0-4e53-3d6f-b59e-a1ff12b2f6f9","2026-08-05 09:04:58","<1785913495807.0ae156d5-c4dd-42d0-b201-0f602609c114@smtp.hubapi.com>","","","","","","","20185","AbBatch","","","","","","","","","","","","","",""
"mail@urquelle.de","6890244","431508255","","Wie dich konkrete Umfragen in KI-Systemen nach vorne bringen","""Vero von ProvenExpert"" <veronica@provenexpert.com>","[support@provenexpert.com]","[]","[]","2026-08-05 09:04:55","0ae156d5-c4dd-42d0-b201-0f602609c114","SENT","0ae156d5-c4dd-42d0-b201-0f602609c114","2026-08-05 09:04:55","<1785913495807.0ae156d5-c4dd-42d0-b201-0f602609c114@smtp.hubapi.com>","","","","","","","20185","AbBatch","","","","","","","","","","","","","",""
"hs@hs-baufinanzierung.de","6890244","431508253","","Wie dich konkrete Umfragen in KI-Systemen nach vorne bringen","""Vero von ProvenExpert"" <veronica@provenexpert.com>","[support@provenexpert.com]","[]","[]","2026-08-05 11:05:02","df1fd4d8-c1ad-46bc-ac6c-37e1552ab21d","DELIVERED","9d258ce3-fce6-3c99-b9b9-b324c44498a9","2026-08-05 11:05:05","<1785920702554.df1fd4d8-c1ad-46bc-ac6c-37e1552ab21d@smtp.hubapi.com>","","","","","","","20185","AbBatch","","","","","","","","","","","","","",""
"hs@hs-baufinanzierung.de","6890244","431508253","","Wie dich konkrete Umfragen in KI-Systemen nach vorne bringen","""Vero von ProvenExpert"" <veronica@provenexpert.com>","[support@provenexpert.com]","[]","[]","2026-08-05 11:05:02","df1fd4d8-c1ad-46bc-ac6c-37e1552ab21d","SENT","df1fd4d8-c1ad-46bc-ac6c-37e1552ab21d","2026-08-05 11:05:02","<1785920702554.df1fd4d8-c1ad-46bc-ac6c-37e1552ab21d@smtp.hubapi.com>","","","","","","","20185","AbBatch","","","","","","","","","","","","","",""
"vd@elektromeister-bonn.de","6890244","431508254","","5 Sterne allein zeigen nicht, warum Kunden dich wählen","""Vero von ProvenExpert"" <veronica@provenexpert.com>","[support@provenexpert.com]","[]","[]","2026-08-05 09:04:56","75f4510c-f347-4294-9d3b-8f157e057ad2","DELIVERED","aaf7bdb2-284b-3dd2-82db-f820bd4bb050","2026-08-05 09:05:03","<1785913496016.75f4510c-f347-4294-9d3b-8f157e057ad2@smtp.hubapi.com>","","","","","","","20185","AbBatch","","","","","","","","","","","","","",""
"vd@elektromeister-bonn.de","6890244","431508254","","5 Sterne allein zeigen nicht, warum Kunden dich wählen","""Vero von ProvenExpert"" <veronica@provenexpert.com>","[support@provenexpert.com]","[]","[]","2026-08-05 09:04:56","75f4510c-f347-4294-9d3b-8f157e057ad2","SENT","75f4510c-f347-4294-9d3b-8f157e057ad2","2026-08-05 09:04:56","<1785913496016.75f4510c-f347-4294-9d3b-8f157e057ad2@smtp.hubapi.com>","","","","","","","20185","AbBatch","","","","","","","","","","","","","",""
"info@raheinemann.de","6890244","431508254","","5 Sterne allein zeigen nicht, warum Kunden dich wählen","""Vero von ProvenExpert"" <veronica@provenexpert.com>","[support@provenexpert.com]","[]","[]","2026-08-05 09:04:56","0f5e7270-5c36-4877-8cf9-dc670dfad8fa","SENT","0f5e7270-5c36-4877-8cf9-dc670dfad8fa","2026-08-05 09:04:56","<1785913496282.0f5e7270-5c36-4877-8cf9-dc670dfad8fa@smtp.hubapi.com>","","","","","","","20185","AbBatch","","","","","","","","","","","","","",""
"info@raheinemann.de","6890244","431508254","","5 Sterne allein zeigen nicht, warum Kunden dich wählen","""Vero von ProvenExpert"" <veronica@provenexpert.com>","[support@provenexpert.com]","[]","[]","2026-08-05 09:04:56","0f5e7270-5c36-4877-8cf9-dc670dfad8fa","DEFERRED","c2e1e8d0-0d5a-37cf-97d0-eeeb05e1f53b","2026-08-05 09:05:18","<1785913496282.0f5e7270-5c36-4877-8cf9-dc670dfad8fa@smtp.hubapi.com>","","","","","","","20185","AbBatch","","","","","","","","","","","","","",""
"info@raheinemann.de","6890244","431508254","","5 Sterne allein zeigen nicht, warum Kunden dich wählen","""Vero von ProvenExpert"" <veronica@provenexpert.com>","[support@provenexpert.com]","[]","[]","2026-08-05 09:04:56","0f5e7270-5c36-4877-8cf9-dc670dfad8fa","DELIVERED","5ed187a7-c904-39ab-a54d-dd2d57342ad3","2026-08-05 11:05:18","<1785913496282.0f5e7270-5c36-4877-8cf9-dc670dfad8fa@smtp.hubapi.com>","","","","","","","20185","AbBatch","","","","","","","","","","","","","",""
"office@diplomarbeitsbindung.at","6890244","431508254","","5 Sterne allein zeigen nicht, warum Kunden dich wählen","""Vero von ProvenExpert"" <veronica@provenexpert.com>","[support@provenexpert.com]","[]","[]","2026-08-05 09:04:56","fe741c04-d105-4ce9-863e-27c6cf94fdc4","DELIVERED","32c8d11a-2ec5-3946-a092-c0e2e8b1e3f7","2026-08-05 09:05:02","<1785913496184.fe741c04-d105-4ce9-863e-27c6cf94fdc4@smtp.hubapi.com>","","","","","","","20185","AbBatch","","","","","","","","","","","","","",""
"office@diplomarbeitsbindung.at","6890244","431508254","","5 Sterne allein zeigen nicht, warum Kunden dich wählen","""Vero von ProvenExpert"" <veronica@provenexpert.com>","[support@provenexpert.com]","[]","[]","2026-08-05 09:04:56","fe741c04-d105-4ce9-863e-27c6cf94fdc4","SENT","fe741c04-d105-4ce9-863e-27c6cf94fdc4","2026-08-05 09:04:56","<1785913496184.fe741c04-d105-4ce9-863e-27c6cf94fdc4@smtp.hubapi.com>","","","","","","","20185","AbBatch","","","","","","","","","","","","","",""
"info@polster-huebers.de","6890244","431508253","","Wie dich konkrete Umfragen in KI-Systemen nach vorne bringen","""Vero von ProvenExpert"" <veronica@provenexpert.com>","[support@provenexpert.com]","[]","[]","2026-08-05 11:05:02","477c89da-1661-42ad-834a-3577f4c0efd7","DROPPED","477c89da-1661-42ad-834a-3577f4c0efd7","2026-08-05 11:05:02","<1785920702492.477c89da-1661-42ad-834a-3577f4c0efd7@smtp.hubapi.com>","","","2fb4519f-6d08-3898-89ed-9c68024bdac8","2025-08-25 12:29:07","PREVIOUSLY_BOUNCED","Recipient has previously bounced.","20185","AbBatch","","","","","","","","","554","SMTP; 554 5.2.2 Delivery failed: mailbox is full (quota exceeded)","SMTP; 554 5.2.2 Delivery failed: mailbox is full (quota exceeded)","","",""
"info@ki-recruiter.com","6890244","431508255","","Wie dich konkrete Umfragen in KI-Systemen nach vorne bringen","""Vero von ProvenExpert"" <veronica@provenexpert.com>","[support@provenexpert.com]","[]","[]","2026-08-05 09:04:55","147328d6-1177-4a59-80c5-efa0b5808e59","SENT","147328d6-1177-4a59-80c5-efa0b5808e59","2026-08-05 09:04:55","<1785913495826.147328d6-1177-4a59-80c5-efa0b5808e59@smtp.hubapi.com>","","","","","","","20185","AbBatch","","","","","","","","","","","","","",""
"info@ki-recruiter.com","6890244","431508255","","Wie dich konkrete Umfragen in KI-Systemen nach vorne bringen","""Vero von ProvenExpert"" <veronica@provenexpert.com>","[support@provenexpert.com]","[]","[]","2026-08-05 09:04:55","147328d6-1177-4a59-80c5-efa0b5808e59","DELIVERED","2c443d1e-9747-3242-922a-d46b4c8fc4e1","2026-08-05 09:04:59","<1785913495826.147328d6-1177-4a59-80c5-efa0b5808e59@smtp.hubapi.com>","","","","","","","20185","AbBatch","","","","","","","","","","","","","",""
"office@dr-pavicic.de","6890244","431508255","","Wie dich konkrete Umfragen in KI-Systemen nach vorne bringen","""Vero von ProvenExpert"" <veronica@provenexpert.com>","[support@provenexpert.com]","[]","[]","2026-08-05 09:04:55","a1747087-a43a-491b-b4d6-6f6178b06c50","DELIVERED","e376f1a2-06ce-3b30-bf12-5f99f9e6dee9","2026-08-05 09:04:57","<1785913495649.a1747087-a43a-491b-b4d6-6f6178b06c50@smtp.hubapi.com>","","","","","","","20185","AbBatch","","","","","","","","","","","","","",""
"office@dr-pavicic.de","6890244","431508255","","Wie dich konkrete Umfragen in KI-Systemen nach vorne bringen","""Vero von ProvenExpert"" <veronica@provenexpert.com>","[support@provenexpert.com]","[]","[]","2026-08-05 09:04:55","a1747087-a43a-491b-b4d6-6f6178b06c50","SENT","a1747087-a43a-491b-b4d6-6f6178b06c50","2026-08-05 09:04:55","<1785913495649.a1747087-a43a-491b-b4d6-6f6178b06c50@smtp.hubapi.com>","","","","","","","20185","AbBatch","","","","","","","","","","","","","",""
"info@chronosmedia24.com","6890244","431508255","","Wie dich konkrete Umfragen in KI-Systemen nach vorne bringen","""Vero von ProvenExpert"" <veronica@provenexpert.com>","[support@provenexpert.com]","[]","[]","2026-08-05 09:04:55","8db4100c-10da-4142-a8b3-85d3659b2d40","DROPPED","e84e91ab-d4e0-3de7-b493-640ee1a41151","2026-08-05 15:36:05","<1785913495773.8db4100c-10da-4142-a8b3-85d3659b2d40@smtp.hubapi.com>","","","","","MTA_IGNORE","Invalid MX record found for chronosmedia24.com. Invalid reason: NO_RECORD_FOUND","20185","AbBatch","","","","","","","","","","","","","",""
"info@chronosmedia24.com","6890244","431508255","","Wie dich konkrete Umfragen in KI-Systemen nach vorne bringen","""Vero von ProvenExpert"" <veronica@provenexpert.com>","[support@provenexpert.com]","[]","[]","2026-08-05 09:04:55","8db4100c-10da-4142-a8b3-85d3659b2d40","DEFERRED","2d506de2-ffa8-3da2-b9e3-344345bf6b5b","2026-08-05 15:35:25","<1785913495773.8db4100c-10da-4142-a8b3-85d3659b2d40@smtp.hubapi.com>","","","","","","","20185","AbBatch","","","","","","","","","","","","","",""
"info@chronosmedia24.com","6890244","431508255","","Wie dich konkrete Umfragen in KI-Systemen nach vorne bringen","""Vero von ProvenExpert"" <veronica@provenexpert.com>","[support@provenexpert.com]","[]","[]","2026-08-05 09:04:55","8db4100c-10da-4142-a8b3-85d3659b2d40","DEFERRED","97d9e6d2-95fd-3df3-b66e-7dbac8e6a125","2026-08-05 09:29:21","<1785913495773.8db4100c-10da-4142-a8b3-85d3659b2d40@smtp.hubapi.com>","","","","","","","20185","AbBatch","","","","","","","","","","","","","",""
"info@chronosmedia24.com","6890244","431508255","","Wie dich konkrete Umfragen in KI-Systemen nach vorne bringen","""Vero von ProvenExpert"" <veronica@provenexpert.com>","[support@provenexpert.com]","[]","[]","2026-08-05 09:04:55","8db4100c-10da-4142-a8b3-85d3659b2d40","SENT","8db4100c-10da-4142-a8b3-85d3659b2d40","2026-08-05 09:04:55","<1785913495773.8db4100c-10da-4142-a8b3-85d3659b2d40@smtp.hubapi.com>","e84e91ab-d4e0-3de7-b493-640ee1a41151","2026-08-05 15:36:05","","","","","20185","AbBatch","","","","","","","","","","","","","",""
"info@chronosmedia24.com","6890244","431508255","","Wie dich konkrete Umfragen in KI-Systemen nach vorne bringen","""Vero von ProvenExpert"" <veronica@provenexpert.com>","[support@provenexpert.com]","[]","[]","2026-08-05 09:04:55","8db4100c-10da-4142-a8b3-85d3659b2d40","DEFERRED","2a7e7d11-b4de-3038-8126-dd1088bad4c8","2026-08-05 09:04:57","<1785913495773.8db4100c-10da-4142-a8b3-85d3659b2d40@smtp.hubapi.com>","","","","","","","20185","AbBatch","","","","","","","","","","","","","",""
"info@chronosmedia24.com","6890244","431508255","","Wie dich konkrete Umfragen in KI-Systemen nach vorne bringen","""Vero von ProvenExpert"" <veronica@provenexpert.com>","[support@provenexpert.com]","[]","[]","2026-08-05 09:04:55","8db4100c-10da-4142-a8b3-85d3659b2d40","DEFERRED","afd6351e-29ef-392d-a6ad-53a9e3bc961b","2026-08-05 09:07:25","<1785913495773.8db4100c-10da-4142-a8b3-85d3659b2d40@smtp.hubapi.com>","","","","","","","20185","AbBatch","","","","","","","","","","","","","",""
"info@chronosmedia24.com","6890244","431508255","","Wie dich konkrete Umfragen in KI-Systemen nach vorne bringen","""Vero von ProvenExpert"" <veronica@provenexpert.com>","[support@provenexpert.com]","[]","[]","2026-08-05 09:04:55","8db4100c-10da-4142-a8b3-85d3659b2d40","DEFERRED","024af802-5c83-3294-8f8a-beffe0628646","2026-08-05 09:30:01","<1785913495773.8db4100c-10da-4142-a8b3-85d3659b2d40@smtp.hubapi.com>","","","","","","","20185","AbBatch","","","","","","","","","","","","","",""
"info@schuldnerberatung-richter.de","6890244","431508253","","Wie dich konkrete Umfragen in KI-Systemen nach vorne bringen","""Vero von ProvenExpert"" <veronica@provenexpert.com>","[support@provenexpert.com]","[]","[]","2026-08-05 11:05:02","78cb6932-25c6-4e8a-a7f3-59f9f6f47d88","DELIVERED","35c2e59f-ea36-3780-bde9-88791845984f","2026-08-05 11:05:05","<1785920702258.78cb6932-25c6-4e8a-a7f3-59f9f6f47d88@smtp.hubapi.com>","","","","","","","20185","AbBatch","","","","","","","","","","","","","",""
"info@schuldnerberatung-richter.de","6890244","431508253","","Wie dich konkrete Umfragen in KI-Systemen nach vorne bringen","""Vero von ProvenExpert"" <veronica@provenexpert.com>","[support@provenexpert.com]","[]","[]","2026-08-05 11:05:02","78cb6932-25c6-4e8a-a7f3-59f9f6f47d88","SENT","78cb6932-25c6-4e8a-a7f3-59f9f6f47d88","2026-08-05 11:05:02","<1785920702258.78cb6932-25c6-4e8a-a7f3-59f9f6f47d88@smtp.hubapi.com>","","","","","","","20185","AbBatch","","","","","","","","","","","","","",""
"leon.lonzen@hopf-immobilien.de","6890244","431508255","","Wie dich konkrete Umfragen in KI-Systemen nach vorne bringen","""Vero von ProvenExpert"" <veronica@provenexpert.com>","[support@provenexpert.com]","[]","[]","2026-08-05 09:03:35","aca613a7-1eec-4e2c-b012-267d8b8c65c6","DELIVERED","c2c3a1ec-4224-3e37-8ae8-6c0ce2a5dcd3","2026-08-05 09:03:40","<1785913415791.aca613a7-1eec-4e2c-b012-267d8b8c65c6@smtp.hubapi.com>","","","","","","","20185","AbBatch","","","","","","","","","","","","","",""
"leon.lonzen@hopf-immobilien.de","6890244","431508255","","Wie dich konkrete Umfragen in KI-Systemen nach vorne bringen","""Vero von ProvenExpert"" <veronica@provenexpert.com>","[support@provenexpert.com]","[]","[]","2026-08-05 09:03:35","aca613a7-1eec-4e2c-b012-267d8b8c65c6","SENT","aca613a7-1eec-4e2c-b012-267d8b8c65c6","2026-08-05 09:03:35","<1785913415791.aca613a7-1eec-4e2c-b012-267d8b8c65c6@smtp.hubapi.com>","","","","","","","20185","AbBatch","","","","","","","","","","","","","",""
"administrator@funke-service.com","6890244","431508253","","Wie dich konkrete Umfragen in KI-Systemen nach vorne bringen","""Vero von ProvenExpert"" <veronica@provenexpert.com>","[support@provenexpert.com]","[]","[]","2026-08-05 11:05:02","99499523-17a9-44b7-a36b-1d0b7650442d","DELIVERED","be138b04-ff2f-36d5-a5ac-902e1e50bc46","2026-08-05 11:05:04","<1785920702024.99499523-17a9-44b7-a36b-1d0b7650442d@smtp.hubapi.com>","","","","","","","20185","AbBatch","","","","","","","","","","","","","",""
"administrator@funke-service.com","6890244","431508253","","Wie dich konkrete Umfragen in KI-Systemen nach vorne bringen","""Vero von ProvenExpert"" <veronica@provenexpert.com>","[support@provenexpert.com]","[]","[]","2026-08-05 11:05:02","99499523-17a9-44b7-a36b-1d0b7650442d","SENT","99499523-17a9-44b7-a36b-1d0b7650442d","2026-08-05 11:05:02","<1785920702024.99499523-17a9-44b7-a36b-1d0b7650442d@smtp.hubapi.com>","","","","","","","20185","AbBatch","","","","","","","","","","","","","",""
"info@tierklinik-in-berlin.de","6890244","431508254","","5 Sterne allein zeigen nicht, warum Kunden dich wählen","""Vero von ProvenExpert"" <veronica@provenexpert.com>","[support@provenexpert.com]","[]","[]","2026-08-05 09:04:56","6e90d034-59b2-42db-bac0-313b42c97d20","DELIVERED","16f4fc94-406a-3dee-a1aa-d1fae755ae82","2026-08-05 09:05:14","<1785913496236.6e90d034-59b2-42db-bac0-313b42c97d20@smtp.hubapi.com>","","","","","","","20185","AbBatch","","","","","","","","","","","","","",""
"info@tierklinik-in-berlin.de","6890244","431508254","","5 Sterne allein zeigen nicht, warum Kunden dich wählen","""Vero von ProvenExpert"" <veronica@provenexpert.com>","[support@provenexpert.com]","[]","[]","2026-08-05 09:04:56","6e90d034-59b2-42db-bac0-313b42c97d20","SENT","6e90d034-59b2-42db-bac0-313b42c97d20","2026-08-05 09:04:56","<1785913496236.6e90d034-59b2-42db-bac0-313b42c97d20@smtp.hubapi.com>","","","","","","","20185","AbBatch","","","","","","","","","","","","","",""
"seo.angebot.anfragen@gmail.com","6890244","431508255","","Wie dich konkrete Umfragen in KI-Systemen nach vorne bringen","""Vero von ProvenExpert"" <veronica@provenexpert.com>","[support@provenexpert.com]","[]","[]","2026-08-05 09:04:55","87265a05-7fb7-438b-8ce9-70fd5ddf4b05","OPEN","b250a602-c972-37f8-8a23-b0457f536746","2026-08-05 10:41:15","<1785913495958.87265a05-7fb7-438b-8ce9-70fd5ddf4b05@smtp.hubapi.com>","","","","","","","20185","AbBatch","Mozilla/5.0 (Windows NT 5.1; rv:11.0) Gecko Firefox/11.0 (via ggpht.com GoogleImageProxy)","Unknown","Unknown","Unknown","","","","0","","","","","",""
"seo.angebot.anfragen@gmail.com","6890244","431508255","","Wie dich konkrete Umfragen in KI-Systemen nach vorne bringen","""Vero von ProvenExpert"" <veronica@provenexpert.com>","[support@provenexpert.com]","[]","[]","2026-08-05 09:04:55","87265a05-7fb7-438b-8ce9-70fd5ddf4b05","DELIVERED","ef844f63-5638-3142-86c0-304432fbde0f","2026-08-05 09:04:59","<1785913495958.87265a05-7fb7-438b-8ce9-70fd5ddf4b05@smtp.hubapi.com>","","","","","","","20185","AbBatch","","","","","","","","","","","","","",""
"seo.angebot.anfragen@gmail.com","6890244","431508255","","Wie dich konkrete Umfragen in KI-Systemen nach vorne bringen","""Vero von ProvenExpert"" <veronica@provenexpert.com>","[support@provenexpert.com]","[]","[]","2026-08-05 09:04:55","87265a05-7fb7-438b-8ce9-70fd5ddf4b05","SENT","87265a05-7fb7-438b-8ce9-70fd5ddf4b05","2026-08-05 09:04:55","<1785913495958.87265a05-7fb7-438b-8ce9-70fd5ddf4b05@smtp.hubapi.com>","","","","","","","20185","AbBatch","","","","","","","","","","","","","",""
"raphael.juffernholz@remax.de","6890244","431508253","","Wie dich konkrete Umfragen in KI-Systemen nach vorne bringen","""Vero von ProvenExpert"" <veronica@provenexpert.com>","[support@provenexpert.com]","[]","[]","2026-08-05 11:05:02","b4c33ec5-43b2-488d-8548-26da9eb1dbb8","SENT","b4c33ec5-43b2-488d-8548-26da9eb1dbb8","2026-08-05 11:05:02","<1785920702287.b4c33ec5-43b2-488d-8548-26da9eb1dbb8@smtp.hubapi.com>","","","","","","","20185","AbBatch","","","","","","","","","","","","","",""
"raphael.juffernholz@remax.de","6890244","431508253","","Wie dich konkrete Umfragen in KI-Systemen nach vorne bringen","""Vero von ProvenExpert"" <veronica@provenexpert.com>","[support@provenexpert.com]","[]","[]","2026-08-05 11:05:02","b4c33ec5-43b2-488d-8548-26da9eb1dbb8","DELIVERED","1de39954-22a4-36bf-b3c0-555f4f282d0d","2026-08-05 11:05:06","<1785920702287.b4c33ec5-43b2-488d-8548-26da9eb1dbb8@smtp.hubapi.com>","","","","","","","20185","AbBatch","","","","","","","","","","","","","",""
"skraus@dr-kraus.info","6890244","431508254","","5 Sterne allein zeigen nicht, warum Kunden dich wählen","""Vero von ProvenExpert"" <veronica@provenexpert.com>","[support@provenexpert.com]","[]","[]","2026-08-05 09:04:55","18d53e3a-a0f2-4851-af65-09440c83dabf","SENT","18d53e3a-a0f2-4851-af65-09440c83dabf","2026-08-05 09:04:55","<1785913495662.18d53e3a-a0f2-4851-af65-09440c83dabf@smtp.hubapi.com>","","","","","","","20185","AbBatch","","","","","","","","","","","","","",""
"skraus@dr-kraus.info","6890244","431508254","","5 Sterne allein zeigen nicht, warum Kunden dich wählen","""Vero von ProvenExpert"" <veronica@provenexpert.com>","[support@provenexpert.com]","[]","[]","2026-08-05 09:04:55","18d53e3a-a0f2-4851-af65-09440c83dabf","DELIVERED","c216e135-d1d9-35e3-b92e-20ea2a4e12e5","2026-08-05 09:04:58","<1785913495662.18d53e3a-a0f2-4851-af65-09440c83dabf@smtp.hubapi.com>","","","","","","","20185","AbBatch","","","","","","","","","","","","","",""
"googles@akh-h.de","6890244","431508253","","Wie dich konkrete Umfragen in KI-Systemen nach vorne bringen","""Vero von ProvenExpert"" <veronica@provenexpert.com>","[support@provenexpert.com]","[]","[]","2026-08-05 11:05:02","017bb6a2-b8ca-4184-83b7-88da29242ab6","SENT","017bb6a2-b8ca-4184-83b7-88da29242ab6","2026-08-05 11:05:02","<1785920702521.017bb6a2-b8ca-4184-83b7-88da29242ab6@smtp.hubapi.com>","","","","","","","20185","AbBatch","","","","","","","","","","","","","",""
"googles@akh-h.de","6890244","431508253","","Wie dich konkrete Umfragen in KI-Systemen nach vorne bringen","""Vero von ProvenExpert"" <veronica@provenexpert.com>","[support@provenexpert.com]","[]","[]","2026-08-05 11:05:02","017bb6a2-b8ca-4184-83b7-88da29242ab6","DELIVERED","e8cddf6c-0eab-3f4c-84af-15e19cf937ae","2026-08-05 11:05:06","<1785920702521.017bb6a2-b8ca-4184-83b7-88da29242ab6@smtp.hubapi.com>","","","","","","","20185","AbBatch","","","","","","","","","","","","","",""
"info@camelentransporte.ch","6890244","431508253","","Wie dich konkrete Umfragen in KI-Systemen nach vorne bringen","""Vero von ProvenExpert"" <veronica@provenexpert.com>","[support@provenexpert.com]","[]","[]","2026-08-05 11:05:02","ea0e6149-102c-41a3-90f5-e238cf52b5c8","DELIVERED","4029606f-cceb-3fad-8f52-7af7dd67576a","2026-08-05 11:06:02","<1785920702177.ea0e6149-102c-41a3-90f5-e238cf52b5c8@smtp.hubapi.com>","","","","","","","20185","AbBatch","","","","","","","","","","","","","",""
"nuernberg-st.johannis@bodystreet.com","6890244","431508254","","5 Sterne allein zeigen nicht, warum Kunden dich wählen","""Vero von ProvenExpert"" <veronica@provenexpert.com>","[support@provenexpert.com]","[]","[]","2026-08-05 09:04:56","8820455b-c3ed-42b7-adcd-a261eb2a38e7","DROPPED","8820455b-c3ed-42b7-adcd-a261eb2a38e7","2026-08-05 09:04:56","<1785913496347.8820455b-c3ed-42b7-adcd-a261eb2a38e7@smtp.hubapi.com>","","","397d9f70-6fb7-3fa4-b75b-09abed5b0eb3","2026-05-27 11:23:30","PREVIOUSLY_BOUNCED","Recipient has previously bounced.","20185","AbBatch","","","","","","","","","550","550 5.4.1","550 5.4.1","","",""
"info@camelentransporte.ch","6890244","431508253","","Wie dich konkrete Umfragen in KI-Systemen nach vorne bringen","""Vero von ProvenExpert"" <veronica@provenexpert.com>","[support@provenexpert.com]","[]","[]","2026-08-05 11:05:02","ea0e6149-102c-41a3-90f5-e238cf52b5c8","SENT","ea0e6149-102c-41a3-90f5-e238cf52b5c8","2026-08-05 11:05:02","<1785920702177.ea0e6149-102c-41a3-90f5-e238cf52b5c8@smtp.hubapi.com>","","","","","","","20185","AbBatch","","","","","","","","","","","","","",""
"klaus@unterseer.de","6890244","431508254","","5 Sterne allein zeigen nicht, warum Kunden dich wählen","""Vero von ProvenExpert"" <veronica@provenexpert.com>","[support@provenexpert.com]","[]","[]","2026-08-05 09:04:55","afd42042-aaa3-4adb-be2f-a4b9fb3b5268","SENT","afd42042-aaa3-4adb-be2f-a4b9fb3b5268","2026-08-05 09:04:55","<1785913495857.afd42042-aaa3-4adb-be2f-a4b9fb3b5268@smtp.hubapi.com>","","","","","","","20185","AbBatch","","","","","","","","","","","","","",""
"klaus@unterseer.de","6890244","431508254","","5 Sterne allein zeigen nicht, warum Kunden dich wählen","""Vero von ProvenExpert"" <veronica@provenexpert.com>","[support@provenexpert.com]","[]","[]","2026-08-05 09:04:55","afd42042-aaa3-4adb-be2f-a4b9fb3b5268","DELIVERED","fcfe962c-18f9-3157-b2df-73c296ef1efa","2026-08-05 09:04:58","<1785913495857.afd42042-aaa3-4adb-be2f-a4b9fb3b5268@smtp.hubapi.com>","","","","","","","20185","AbBatch","","","","","","","","","","","","","",""
"hello@tikitaka.digital","6890244","431508254","","5 Sterne allein zeigen nicht, warum Kunden dich wählen","""Vero von ProvenExpert"" <veronica@provenexpert.com>","[support@provenexpert.com]","[]","[]","2026-08-05 09:04:56","8c5328bf-fdeb-4cb7-a1cf-111c1415fbaa","SENT","8c5328bf-fdeb-4cb7-a1cf-111c1415fbaa","2026-08-05 09:04:56","<1785913496293.8c5328bf-fdeb-4cb7-a1cf-111c1415fbaa@smtp.hubapi.com>","","","","","","","20185","AbBatch","","","","","","","","","","","","","",""
"hello@tikitaka.digital","6890244","431508254","","5 Sterne allein zeigen nicht, warum Kunden dich wählen","""Vero von ProvenExpert"" <veronica@provenexpert.com>","[support@provenexpert.com]","[]","[]","2026-08-05 09:04:56","8c5328bf-fdeb-4cb7-a1cf-111c1415fbaa","DELIVERED","25884849-48c0-36c3-83f5-b924ca15c0e0","2026-08-05 09:04:58","<1785913496293.8c5328bf-fdeb-4cb7-a1cf-111c1415fbaa@smtp.hubapi.com>","","","","","","","20185","AbBatch","","","","","","","","","","","","","",""
"info@autofabrik-bodensee.de","6890244","431508255","","Wie dich konkrete Umfragen in KI-Systemen nach vorne bringen","""Vero von ProvenExpert"" <veronica@provenexpert.com>","[support@provenexpert.com]","[]","[]","2026-08-05 09:04:55","7eb54d67-0564-4779-822e-508330356721","DELIVERED","b3e3a87e-65a8-3d67-8e6e-d24c3b9781cd","2026-08-05 09:05:00","<1785913495991.7eb54d67-0564-4779-822e-508330356721@smtp.hubapi.com>","","","","","","","20185","AbBatch","","","","","","","","","","","","","",""
"info@autofabrik-bodensee.de","6890244","431508255","","Wie dich konkrete Umfragen in KI-Systemen nach vorne bringen","""Vero von ProvenExpert"" <veronica@provenexpert.com>","[support@provenexpert.com]","[]","[]","2026-08-05 09:04:55","7eb54d67-0564-4779-822e-508330356721","SENT","7eb54d67-0564-4779-822e-508330356721","2026-08-05 09:04:55","<1785913495991.7eb54d67-0564-4779-822e-508330356721@smtp.hubapi.com>","","","","","","","20185","AbBatch","","","","","","","","","","","","","",""
"it@musenhof.de","6890244","431508254","","5 Sterne allein zeigen nicht, warum Kunden dich wählen","""Vero von ProvenExpert"" <veronica@provenexpert.com>","[support@provenexpert.com]","[]","[]","2026-08-05 09:04:55","ef3697d4-aff9-4f9c-9253-024fb0189df6","SENT","ef3697d4-aff9-4f9c-9253-024fb0189df6","2026-08-05 09:04:55","<1785913495850.ef3697d4-aff9-4f9c-9253-024fb0189df6@smtp.hubapi.com>","","","","","","","20185","AbBatch","","","","","","","","","","","","","",""
"it@musenhof.de","6890244","431508254","","5 Sterne allein zeigen nicht, warum Kunden dich wählen","""Vero von ProvenExpert"" <veronica@provenexpert.com>","[support@provenexpert.com]","[]","[]","2026-08-05 09:04:55","ef3697d4-aff9-4f9c-9253-024fb0189df6","DELIVERED","25de3984-c306-343d-a496-d63a877451da","2026-08-05 09:05:00","<1785913495850.ef3697d4-aff9-4f9c-9253-024fb0189df6@smtp.hubapi.com>","","","","","","","20185","AbBatch","","","","","","","","","","","","","",""
"info@brigitta-eilers.de","6890244","431508254","","5 Sterne allein zeigen nicht, warum Kunden dich wählen","""Vero von ProvenExpert"" <veronica@provenexpert.com>","[support@provenexpert.com]","[]","[]","2026-08-05 09:04:55","cc609a24-cce0-4993-a821-f6eee167c48b","OPEN","1e7c060a-9045-32ab-b35f-252fc1a99e75","2026-08-05 18:05:11","<1785913495671.cc609a24-cce0-4993-a821-f6eee167c48b@smtp.hubapi.com>","","","","","","","20185","AbBatch","Mozilla/5.0 (Windows NT 10.0; Win64; x64) AppleWebKit/537.36 (KHTML, like Gecko) Chrome/151.0.0.0 Safari/537.36","","niedersachsen","GERMANY","","","","32031","","","","","",""
"info@brigitta-eilers.de","6890244","431508254","","5 Sterne allein zeigen nicht, warum Kunden dich wählen","""Vero von ProvenExpert"" <veronica@provenexpert.com>","[support@provenexpert.com]","[]","[]","2026-08-05 09:04:55","cc609a24-cce0-4993-a821-f6eee167c48b","SENT","cc609a24-cce0-4993-a821-f6eee167c48b","2026-08-05 09:04:55","<1785913495671.cc609a24-cce0-4993-a821-f6eee167c48b@smtp.hubapi.com>","","","","","","","20185","AbBatch","","","","","","","","","","","","","",""
"info@brigitta-eilers.de","6890244","431508254","","5 Sterne allein zeigen nicht, warum Kunden dich wählen","""Vero von ProvenExpert"" <veronica@provenexpert.com>","[support@provenexpert.com]","[]","[]","2026-08-05 09:04:55","cc609a24-cce0-4993-a821-f6eee167c48b","DELIVERED","bcaf8211-9f72-30e3-aca0-823b9f2933ff","2026-08-05 09:04:57","<1785913495671.cc609a24-cce0-4993-a821-f6eee167c48b@smtp.hubapi.com>","","","","","","","20185","AbBatch","","","","","","","","","","","","","",""
"kanzlei.caesar.preller@gmail.com","6890244","431508253","","Wie dich konkrete Umfragen in KI-Systemen nach vorne bringen","""Vero von ProvenExpert"" <veronica@provenexpert.com>","[support@provenexpert.com]","[]","[]","2026-08-05 11:05:02","5de9d753-8ff8-4b18-95cc-5b989879b663","SENT","5de9d753-8ff8-4b18-95cc-5b989879b663","2026-08-05 11:05:02","<1785920702681.5de9d753-8ff8-4b18-95cc-5b989879b663@smtp.hubapi.com>","","","","","","","20185","AbBatch","","","","","","","","","","","","","",""
"kanzlei.caesar.preller@gmail.com","6890244","431508253","","Wie dich konkrete Umfragen in KI-Systemen nach vorne bringen","""Vero von ProvenExpert"" <veronica@provenexpert.com>","[support@provenexpert.com]","[]","[]","2026-08-05 11:05:02","5de9d753-8ff8-4b18-95cc-5b989879b663","DELIVERED","2d5cad33-c4ee-372e-abb5-654f6f17cd7c","2026-08-05 11:05:05","<1785920702681.5de9d753-8ff8-4b18-95cc-5b989879b663@smtp.hubapi.com>","","","","","","","20185","AbBatch","","","","","","","","","","","","","",""
"rechnung@noack-statistik.de","6890244","431508253","","Wie dich konkrete Umfragen in KI-Systemen nach vorne bringen","""Vero von ProvenExpert"" <veronica@provenexpert.com>","[support@provenexpert.com]","[]","[]","2026-08-05 11:05:02","9571ff6e-ff4b-41d8-891e-a48a139f59f9","OPEN","15222af0-8282-353e-9ad0-37abf1e60191","2026-08-05 11:05:13","<1785920702568.9571ff6e-ff4b-41d8-891e-a48a139f59f9@smtp.hubapi.com>","","","","","","","20185","AbBatch","Mozilla/5.0 (Windows NT 5.1; rv:11.0) Gecko Firefox/11.0 (via ggpht.com GoogleImageProxy)","Unknown","Unknown","Unknown","","","","0","","","","","",""
"rechnung@noack-statistik.de","6890244","431508253","","Wie dich konkrete Umfragen in KI-Systemen nach vorne bringen","""Vero von ProvenExpert"" <veronica@provenexpert.com>","[support@provenexpert.com]","[]","[]","2026-08-05 11:05:02","9571ff6e-ff4b-41d8-891e-a48a139f59f9","SENT","9571ff6e-ff4b-41d8-891e-a48a139f59f9","2026-08-05 11:05:02","<1785920702568.9571ff6e-ff4b-41d8-891e-a48a139f59f9@smtp.hubapi.com>","","","","","","","20185","AbBatch","","","","","","","","","","","","","",""
"rechnung@noack-statistik.de","6890244","431508253","","Wie dich konkrete Umfragen in KI-Systemen nach vorne bringen","""Vero von ProvenExpert"" <veronica@provenexpert.com>","[support@provenexpert.com]","[]","[]","2026-08-05 11:05:02","9571ff6e-ff4b-41d8-891e-a48a139f59f9","DELIVERED","1ed57927-e943-3cf7-8c9c-7c144ca7077e","2026-08-05 11:05:05","<1785920702568.9571ff6e-ff4b-41d8-891e-a48a139f59f9@smtp.hubapi.com>","","","","","","","20185","AbBatch","","","","","","","","","","","","","",""
"dh@upkn.de","6890244","431508255","","Wie dich konkrete Umfragen in KI-Systemen nach vorne bringen","""Vero von ProvenExpert"" <veronica@provenexpert.com>","[support@provenexpert.com]","[]","[]","2026-08-05 09:04:55","e31f0640-ea32-4993-aca9-d87fb365a780","SENT","e31f0640-ea32-4993-aca9-d87fb365a780","2026-08-05 09:04:55","<1785913495674.e31f0640-ea32-4993-aca9-d87fb365a780@smtp.hubapi.com>","","","","","","","20185","AbBatch","","","","","","","","","","","","","",""
"dh@upkn.de","6890244","431508255","","Wie dich konkrete Umfragen in KI-Systemen nach vorne bringen","""Vero von ProvenExpert"" <veronica@provenexpert.com>","[support@provenexpert.com]","[]","[]","2026-08-05 09:04:55","e31f0640-ea32-4993-aca9-d87fb365a780","DELIVERED","bdd7fc8a-5121-32ff-ae86-58778efc9d31","2026-08-05 09:04:57","<1785913495674.e31f0640-ea32-4993-aca9-d87fb365a780@smtp.hubapi.com>","","","","","","","20185","AbBatch","","","","","","","","","","","","","",""
"info@ag-frisch.de","6890244","431508253","","Wie dich konkrete Umfragen in KI-Systemen nach vorne bringen","""Vero von ProvenExpert"" <veronica@provenexpert.com>","[support@provenexpert.com]","[]","[]","2026-08-05 11:05:02","8de3c500-a74d-4ab0-bac0-5a56c95fe993","DROPPED","8de3c500-a74d-4ab0-bac0-5a56c95fe993","2026-08-05 11:05:02","<1785920702439.8de3c500-a74d-4ab0-bac0-5a56c95fe993@smtp.hubapi.com>","","","dd804585-6e18-38fd-a5b4-cc3a6db84bd9","2026-04-15 10:13:58","PREVIOUSLY_BOUNCED","Recipient has previously bounced.","20185","AbBatch","","","","","","","","","554","554 5.7.1 <info@ag-frisch.de>: Relay access denied","554 5.7.1 <info@ag-frisch.de>: Relay access denied","","",""
"info@strategische-finanzkonzepte.de","6890244","431508253","","Wie dich konkrete Umfragen in KI-Systemen nach vorne bringen","""Vero von ProvenExpert"" <veronica@provenexpert.com>","[support@provenexpert.com]","[]","[]","2026-08-05 11:05:02","db113112-a5d8-4a20-b83a-2a14bf005606","DROPPED","db113112-a5d8-4a20-b83a-2a14bf005606","2026-08-05 11:05:02","<1785920702828.db113112-a5d8-4a20-b83a-2a14bf005606@smtp.hubapi.com>","","","86469f55-3f65-37b1-9b52-6c0e03d820b3","2026-03-24 09:03:02","PREVIOUSLY_BOUNCED","Recipient has previously bounced.","20185","AbBatch","","","","","","","","","552","smtp; 552-Requested mail action aborted: exceeded storage allocation
 552-Quota exceeded.
 552 For explanation visit https://postmaster.gmx.net/en/case?c=r1503&i=ip&v=213.133.104.89&r=1MaeWY-1vXXzD0Isk-00a6Os","smtp; 552-Requested mail action aborted: exceeded storage allocation
 552-Quota exceeded.
 552 For explanation visit https://postmaster.gmx.net/en/case?c=r1503&i=ip&v=213.133.104.89&r=1MaeWY-1vXXzD0Isk-00a6Os","","",""
"social@hartmann-haushaltsaufloesungen.de","6890244","431508254","","5 Sterne allein zeigen nicht, warum Kunden dich wählen","""Vero von ProvenExpert"" <veronica@provenexpert.com>","[support@provenexpert.com]","[]","[]","2026-08-05 09:04:56","d227fed9-607b-4d9d-b2dc-5fb0f7ed0f43","DROPPED","d227fed9-607b-4d9d-b2dc-5fb0f7ed0f43","2026-08-05 09:04:56","<1785913496363.d227fed9-607b-4d9d-b2dc-5fb0f7ed0f43@smtp.hubapi.com>","","","f1327737-a5a5-367a-afd5-a1b50e653eea","2020-06-19 17:36:58","PREVIOUSLY_BOUNCED","Recipient has previously bounced.","20185","AbBatch","","","","","","","","","550","550 5.1.1 <social@hartmann-haushaltsaufloesungen.de>: Recipient address rejected: User unknown in virtual mailbox table","550 5.1.1 <social@hartmann-haushaltsaufloesungen.de>: Recipient address rejected: User unknown in virtual mailbox table","","",""
"rkedziorski@magix.net","6890244","431508254","","5 Sterne allein zeigen nicht, warum Kunden dich wählen","""Vero von ProvenExpert"" <veronica@provenexpert.com>","[support@provenexpert.com]","[]","[]","2026-08-05 09:04:56","18dc362e-ca54-4772-8af9-0451091fb6de","DROPPED","18dc362e-ca54-4772-8af9-0451091fb6de","2026-08-05 09:04:56","<1785913496115.18dc362e-ca54-4772-8af9-0451091fb6de@smtp.hubapi.com>","","","cfa11e15-a7bb-3d48-ac2a-10dc329f7fdc","2020-06-19 17:37:38","PREVIOUSLY_BOUNCED","Recipient has previously bounced.","20185","AbBatch","","","","","","","","","550","smtp;550 5.1.10 RESOLVER.ADR.RecipientNotFound; Recipient rkedziorski@magix.net not found by SMTP address lookup","smtp;550 5.1.10 RESOLVER.ADR.RecipientNotFound; Recipient rkedziorski@magix.net not found by SMTP address lookup","","",""
"marc.hubrich@gmail.com","6890244","431508253","","Wie dich konkrete Umfragen in KI-Systemen nach vorne bringen","""Vero von ProvenExpert"" <veronica@provenexpert.com>","[support@provenexpert.com]","[]","[]","2026-08-05 11:05:02","758bfb38-7e4e-4cd9-a501-c94947b9051a","SENT","758bfb38-7e4e-4cd9-a501-c94947b9051a","2026-08-05 11:05:02","<1785920702797.758bfb38-7e4e-4cd9-a501-c94947b9051a@smtp.hubapi.com>","","","","","","","20185","AbBatch","","","","","","","","","","","","","",""
"marc.hubrich@gmail.com","6890244","431508253","","Wie dich konkrete Umfragen in KI-Systemen nach vorne bringen","""Vero von ProvenExpert"" <veronica@provenexpert.com>","[support@provenexpert.com]","[]","[]","2026-08-05 11:05:02","758bfb38-7e4e-4cd9-a501-c94947b9051a","DELIVERED","77180890-f333-375e-a15f-8aad065b22c2","2026-08-05 11:05:05","<1785920702797.758bfb38-7e4e-4cd9-a501-c94947b9051a@smtp.hubapi.com>","","","","","","","20185","AbBatch","","","","","","","","","","","","","",""
"marcel.mankas@gmail.com","6890244","431508254","","5 Sterne allein zeigen nicht, warum Kunden dich wählen","""Vero von ProvenExpert"" <veronica@provenexpert.com>","[support@provenexpert.com]","[]","[]","2026-08-05 09:04:55","b9e3bd7e-c0ab-42d0-af78-3f1de791d3f3","DELIVERED","8eb9cf44-0f08-306b-ba43-74fe9f2a85c6","2026-08-05 09:04:56","<1785913495678.b9e3bd7e-c0ab-42d0-af78-3f1de791d3f3@smtp.hubapi.com>","","","","","","","20185","AbBatch","","","","","","","","","","","","","",""
"marcel.mankas@gmail.com","6890244","431508254","","5 Sterne allein zeigen nicht, warum Kunden dich wählen","""Vero von ProvenExpert"" <veronica@provenexpert.com>","[support@provenexpert.com]","[]","[]","2026-08-05 09:04:55","b9e3bd7e-c0ab-42d0-af78-3f1de791d3f3","SENT","b9e3bd7e-c0ab-42d0-af78-3f1de791d3f3","2026-08-05 09:04:55","<1785913495678.b9e3bd7e-c0ab-42d0-af78-3f1de791d3f3@smtp.hubapi.com>","","","","","","","20185","AbBatch","","","","","","","","","","","","","",""
"mail@lawst.de","6890244","431508253","","Wie dich konkrete Umfragen in KI-Systemen nach vorne bringen","""Vero von ProvenExpert"" <veronica@provenexpert.com>","[support@provenexpert.com]","[]","[]","2026-08-05 11:05:02","3833dfe3-ca91-4c2e-b042-126d44434ba2","SENT","3833dfe3-ca91-4c2e-b042-126d44434ba2","2026-08-05 11:05:02","<1785920702529.3833dfe3-ca91-4c2e-b042-126d44434ba2@smtp.hubapi.com>","","","","","","","20185","AbBatch","","","","","","","","","","","","","",""
"mail@lawst.de","6890244","431508253","","Wie dich konkrete Umfragen in KI-Systemen nach vorne bringen","""Vero von ProvenExpert"" <veronica@provenexpert.com>","[support@provenexpert.com]","[]","[]","2026-08-05 11:05:02","3833dfe3-ca91-4c2e-b042-126d44434ba2","DELIVERED","09261972-bf4d-3c09-9555-59c76d89aabb","2026-08-05 11:05:07","<1785920702529.3833dfe3-ca91-4c2e-b042-126d44434ba2@smtp.hubapi.com>","","","","","","","20185","AbBatch","","","","","","","","","","","","","",""
"lbd@provenexpert.com","6890244","431508255","","Wie dich konkrete Umfragen in KI-Systemen nach vorne bringen","""Vero von ProvenExpert"" <veronica@provenexpert.com>","[support@provenexpert.com]","[]","[]","2026-08-05 09:04:55","a892507c-77e6-4b24-adc0-e2ad368ce057","DELIVERED","9149c5cd-4834-3615-9ab8-bc1b20284687","2026-08-05 09:04:57","<1785913495798.a892507c-77e6-4b24-adc0-e2ad368ce057@smtp.hubapi.com>","","","","","","","20185","AbBatch","","","","","","","","","","","","","",""
"lbd@provenexpert.com","6890244","431508255","","Wie dich konkrete Umfragen in KI-Systemen nach vorne bringen","""Vero von ProvenExpert"" <veronica@provenexpert.com>","[support@provenexpert.com]","[]","[]","2026-08-05 09:04:55","a892507c-77e6-4b24-adc0-e2ad368ce057","SENT","a892507c-77e6-4b24-adc0-e2ad368ce057","2026-08-05 09:04:55","<1785913495798.a892507c-77e6-4b24-adc0-e2ad368ce057@smtp.hubapi.com>","","","","","","","20185","AbBatch","","","","","","","","","","","","","",""
"praxis@aesthetische-medizin-koeln.de","6890244","431508255","","Wie dich konkrete Umfragen in KI-Systemen nach vorne bringen","""Vero von ProvenExpert"" <veronica@provenexpert.com>","[support@provenexpert.com]","[]","[]","2026-08-05 09:04:55","ed742695-64fc-4df7-b6c0-8762c086d408","SENT","ed742695-64fc-4df7-b6c0-8762c086d408","2026-08-05 09:04:55","<1785913495687.ed742695-64fc-4df7-b6c0-8762c086d408@smtp.hubapi.com>","","","","","","","20185","AbBatch","","","","","","","","","","","","","",""
"praxis@aesthetische-medizin-koeln.de","6890244","431508255","","Wie dich konkrete Umfragen in KI-Systemen nach vorne bringen","""Vero von ProvenExpert"" <veronica@provenexpert.com>","[support@provenexpert.com]","[]","[]","2026-08-05 09:04:55","ed742695-64fc-4df7-b6c0-8762c086d408","DELIVERED","a90a89ac-b65f-33cc-8a2c-d6ca10677b45","2026-08-05 09:04:58","<1785913495687.ed742695-64fc-4df7-b6c0-8762c086d408@smtp.hubapi.com>","","","","","","","20185","AbBatch","","","","","","","","","","","","","",""
"info@schlossdienst-sachsen.de","6890244","431508254","","5 Sterne allein zeigen nicht, warum Kunden dich wählen","""Vero von ProvenExpert"" <veronica@provenexpert.com>","[support@provenexpert.com]","[]","[]","2026-08-05 09:04:55","5911ea4f-bb23-4b8c-955f-9e5cd27bc8b4","DELIVERED","c093f94a-e447-3332-a7be-66afd98b799c","2026-08-05 09:05:02","<1785913495787.5911ea4f-bb23-4b8c-955f-9e5cd27bc8b4@smtp.hubapi.com>","","","","","","","20185","AbBatch","","","","","","","","","","","","","",""
"info@schlossdienst-sachsen.de","6890244","431508254","","5 Sterne allein zeigen nicht, warum Kunden dich wählen","""Vero von ProvenExpert"" <veronica@provenexpert.com>","[support@provenexpert.com]","[]","[]","2026-08-05 09:04:55","5911ea4f-bb23-4b8c-955f-9e5cd27bc8b4","SENT","5911ea4f-bb23-4b8c-955f-9e5cd27bc8b4","2026-08-05 09:04:55","<1785913495787.5911ea4f-bb23-4b8c-955f-9e5cd27bc8b4@smtp.hubapi.com>","","","","","","","20185","AbBatch","","","","","","","","","","","","","",""
"info@dr-hussmann.de","6890244","431508254","","5 Sterne allein zeigen nicht, warum Kunden dich wählen","""Vero von ProvenExpert"" <veronica@provenexpert.com>","[support@provenexpert.com]","[]","[]","2026-08-05 09:04:56","3db3f674-6685-4bcf-b1e2-f01886d1cf22","DELIVERED","45e5b960-4b29-347f-b3af-477e9dc7b48c","2026-08-05 09:05:00","<1785913496043.3db3f674-6685-4bcf-b1e2-f01886d1cf22@smtp.hubapi.com>","","","","","","","20185","AbBatch","","","","","","","","","","","","","",""
"info@dr-hussmann.de","6890244","431508254","","5 Sterne allein zeigen nicht, warum Kunden dich wählen","""Vero von ProvenExpert"" <veronica@provenexpert.com>","[support@provenexpert.com]","[]","[]","2026-08-05 09:04:56","3db3f674-6685-4bcf-b1e2-f01886d1cf22","SENT","3db3f674-6685-4bcf-b1e2-f01886d1cf22","2026-08-05 09:04:56","<1785913496043.3db3f674-6685-4bcf-b1e2-f01886d1cf22@smtp.hubapi.com>","","","","","","","20185","AbBatch","","","","","","","","","","","","","",""
"info@ruempelgenie.de","6890244","431508253","","Wie dich konkrete Umfragen in KI-Systemen nach vorne bringen","""Vero von ProvenExpert"" <veronica@provenexpert.com>","[support@provenexpert.com]","[]","[]","2026-08-05 11:05:02","c6fce02f-61ab-441b-9774-be2db3a0a96a","SENT","c6fce02f-61ab-441b-9774-be2db3a0a96a","2026-08-05 11:05:02","<1785920702463.c6fce02f-61ab-441b-9774-be2db3a0a96a@smtp.hubapi.com>","","","","","","","20185","AbBatch","","","","","","","","","","","","","",""
"info@ruempelgenie.de","6890244","431508253","","Wie dich konkrete Umfragen in KI-Systemen nach vorne bringen","""Vero von ProvenExpert"" <veronica@provenexpert.com>","[support@provenexpert.com]","[]","[]","2026-08-05 11:05:02","c6fce02f-61ab-441b-9774-be2db3a0a96a","DELIVERED","a0097e2b-3835-3a67-adef-0560672583ba","2026-08-05 11:05:06","<1785920702463.c6fce02f-61ab-441b-9774-be2db3a0a96a@smtp.hubapi.com>","","","","","","","20185","AbBatch","","","","","","","","","","","","","",""
"md@minddesigner.de","6890244","431508253","","Wie dich konkrete Umfragen in KI-Systemen nach vorne bringen","""Vero von ProvenExpert"" <veronica@provenexpert.com>","[support@provenexpert.com]","[]","[]","2026-08-05 11:05:02","1a998b38-c094-4b1b-a442-226d608fb503","DELIVERED","8141dff0-e581-3267-9866-04469eb1c333","2026-08-05 11:05:07","<1785920702486.1a998b38-c094-4b1b-a442-226d608fb503@smtp.hubapi.com>","","","","","","","20185","AbBatch","","","","","","","","","","","","","",""
"md@minddesigner.de","6890244","431508253","","Wie dich konkrete Umfragen in KI-Systemen nach vorne bringen","""Vero von ProvenExpert"" <veronica@provenexpert.com>","[support@provenexpert.com]","[]","[]","2026-08-05 11:05:02","1a998b38-c094-4b1b-a442-226d608fb503","SENT","1a998b38-c094-4b1b-a442-226d608fb503","2026-08-05 11:05:02","<1785920702486.1a998b38-c094-4b1b-a442-226d608fb503@smtp.hubapi.com>","","","","","","","20185","AbBatch","","","","","","","","","","","","","",""
"info@heiko-helfrich.de","6890244","431508253","","Wie dich konkrete Umfragen in KI-Systemen nach vorne bringen","""Vero von ProvenExpert"" <veronica@provenexpert.com>","[support@provenexpert.com]","[]","[]","2026-08-05 11:05:02","31d1c8c7-cbdf-4b53-b050-116b36b16e9c","DELIVERED","7ceddd6e-9025-3777-8307-8ecedaed83d1","2026-08-05 11:05:07","<1785920702513.31d1c8c7-cbdf-4b53-b050-116b36b16e9c@smtp.hubapi.com>","","","","","","","20185","AbBatch","","","","","","","","","","","","","",""
"info@heiko-helfrich.de","6890244","431508253","","Wie dich konkrete Umfragen in KI-Systemen nach vorne bringen","""Vero von ProvenExpert"" <veronica@provenexpert.com>","[support@provenexpert.com]","[]","[]","2026-08-05 11:05:02","31d1c8c7-cbdf-4b53-b050-116b36b16e9c","SENT","31d1c8c7-cbdf-4b53-b050-116b36b16e9c","2026-08-05 11:05:02","<1785920702513.31d1c8c7-cbdf-4b53-b050-116b36b16e9c@smtp.hubapi.com>","","","","","","","20185","AbBatch","","","","","","","","","","","","","",""
"info@kanzlei-shb.de","6890244","431508255","","Wie dich konkrete Umfragen in KI-Systemen nach vorne bringen","""Vero von ProvenExpert"" <veronica@provenexpert.com>","[support@provenexpert.com]","[]","[]","2026-08-05 09:03:35","cc9e8782-c7fa-4c3f-b0c4-c094fc96e527","DELIVERED","f4b11f71-423c-35b8-b3c0-e7609726b5cc","2026-08-05 09:03:37","<1785913415537.cc9e8782-c7fa-4c3f-b0c4-c094fc96e527@smtp.hubapi.com>","","","","","","","20185","AbBatch","","","","","","","","","","","","","",""
"info@kanzlei-shb.de","6890244","431508255","","Wie dich konkrete Umfragen in KI-Systemen nach vorne bringen","""Vero von ProvenExpert"" <veronica@provenexpert.com>","[support@provenexpert.com]","[]","[]","2026-08-05 09:03:35","cc9e8782-c7fa-4c3f-b0c4-c094fc96e527","SENT","cc9e8782-c7fa-4c3f-b0c4-c094fc96e527","2026-08-05 09:03:35","<1785913415537.cc9e8782-c7fa-4c3f-b0c4-c094fc96e527@smtp.hubapi.com>","","","","","","","20185","AbBatch","","","","","","","","","","","","","",""
"beratung@anwaltskanzlei-schaefer-muenchen.de","6890244","431508254","","5 Sterne allein zeigen nicht, warum Kunden dich wählen","""Vero von ProvenExpert"" <veronica@provenexpert.com>","[support@provenexpert.com]","[]","[]","2026-08-05 09:04:56","6608ada1-2be6-4625-a8ce-db2bdbd761db","SENT","6608ada1-2be6-4625-a8ce-db2bdbd761db","2026-08-05 09:04:56","<1785913496207.6608ada1-2be6-4625-a8ce-db2bdbd761db@smtp.hubapi.com>","","","","","","","20185","AbBatch","","","","","","","","","","","","","",""
"beratung@anwaltskanzlei-schaefer-muenchen.de","6890244","431508254","","5 Sterne allein zeigen nicht, warum Kunden dich wählen","""Vero von ProvenExpert"" <veronica@provenexpert.com>","[support@provenexpert.com]","[]","[]","2026-08-05 09:04:56","6608ada1-2be6-4625-a8ce-db2bdbd761db","DELIVERED","078a9edc-8b69-3941-8056-2ab0feb13b36","2026-08-05 09:04:59","<1785913496207.6608ada1-2be6-4625-a8ce-db2bdbd761db@smtp.hubapi.com>","","","","","","","20185","AbBatch","","","","","","","","","","","","","",""
"info@it-service-scholten.de","6890244","431508253","","Wie dich konkrete Umfragen in KI-Systemen nach vorne bringen","""Vero von ProvenExpert"" <veronica@provenexpert.com>","[support@provenexpert.com]","[]","[]","2026-08-05 11:05:02","cc0d92a8-f1f0-4006-ba27-39c2a471d0e2","SENT","cc0d92a8-f1f0-4006-ba27-39c2a471d0e2","2026-08-05 11:05:02","<1785920702626.cc0d92a8-f1f0-4006-ba27-39c2a471d0e2@smtp.hubapi.com>","","","","","","","20185","AbBatch","","","","","","","","","","","","","",""
"info@it-service-scholten.de","6890244","431508253","","Wie dich konkrete Umfragen in KI-Systemen nach vorne bringen","""Vero von ProvenExpert"" <veronica@provenexpert.com>","[support@provenexpert.com]","[]","[]","2026-08-05 11:05:02","cc0d92a8-f1f0-4006-ba27-39c2a471d0e2","OPEN","74c789ba-cbe1-3aba-8da4-a7e9e11d9fad","2026-08-05 12:15:06","<1785920702626.cc0d92a8-f1f0-4006-ba27-39c2a471d0e2@smtp.hubapi.com>","","","","","","","20185","AbBatch","Mozilla/4.0 (compatible; ms-office; MSOffice 16)","","hessen","GERMANY","","","","0","","","","","",""
"info@it-service-scholten.de","6890244","431508253","","Wie dich konkrete Umfragen in KI-Systemen nach vorne bringen","""Vero von ProvenExpert"" <veronica@provenexpert.com>","[support@provenexpert.com]","[]","[]","2026-08-05 11:05:02","cc0d92a8-f1f0-4006-ba27-39c2a471d0e2","DELIVERED","c6ca32bd-2443-3550-86e5-59f4f7d91e2d","2026-08-05 11:05:17","<1785920702626.cc0d92a8-f1f0-4006-ba27-39c2a471d0e2@smtp.hubapi.com>","","","","","","","20185","AbBatch","","","","","","","","","","","","","",""
"echterdingen@visityou.de","6890244","431508254","","5 Sterne allein zeigen nicht, warum Kunden dich wählen","""Vero von ProvenExpert"" <veronica@provenexpert.com>","[support@provenexpert.com]","[]","[]","2026-08-05 09:04:56","d6463f28-db55-43c5-af86-d86970b9bf7f","DELIVERED","ebc7865a-31fe-35aa-a9f4-075f8bba4f3d","2026-08-05 09:04:59","<1785913496060.d6463f28-db55-43c5-af86-d86970b9bf7f@smtp.hubapi.com>","","","","","","","20185","AbBatch","","","","","","","","","","","","","",""
"echterdingen@visityou.de","6890244","431508254","","5 Sterne allein zeigen nicht, warum Kunden dich wählen","""Vero von ProvenExpert"" <veronica@provenexpert.com>","[support@provenexpert.com]","[]","[]","2026-08-05 09:04:56","d6463f28-db55-43c5-af86-d86970b9bf7f","SENT","d6463f28-db55-43c5-af86-d86970b9bf7f","2026-08-05 09:04:56","<1785913496060.d6463f28-db55-43c5-af86-d86970b9bf7f@smtp.hubapi.com>","","","","","","","20185","AbBatch","","","","","","","","","","","","","",""
"finanzen@foris.com","6890244","431508253","","Wie dich konkrete Umfragen in KI-Systemen nach vorne bringen","""Vero von ProvenExpert"" <veronica@provenexpert.com>","[support@provenexpert.com]","[]","[]","2026-08-05 11:05:02","1d026ffa-b34d-4226-923c-58b0111a0832","SENT","1d026ffa-b34d-4226-923c-58b0111a0832","2026-08-05 11:05:02","<1785920702150.1d026ffa-b34d-4226-923c-58b0111a0832@smtp.hubapi.com>","","","","","","","20185","AbBatch","","","","","","","","","","","","","",""
"finanzen@foris.com","6890244","431508253","","Wie dich konkrete Umfragen in KI-Systemen nach vorne bringen","""Vero von ProvenExpert"" <veronica@provenexpert.com>","[support@provenexpert.com]","[]","[]","2026-08-05 11:05:02","1d026ffa-b34d-4226-923c-58b0111a0832","DELIVERED","b81f354f-bc0f-323a-a3b9-f31c9aad044f","2026-08-05 13:05:25","<1785920702150.1d026ffa-b34d-4226-923c-58b0111a0832@smtp.hubapi.com>","","","","","","","20185","AbBatch","","","","","","","","","","","","","",""
"finanzen@foris.com","6890244","431508253","","Wie dich konkrete Umfragen in KI-Systemen nach vorne bringen","""Vero von ProvenExpert"" <veronica@provenexpert.com>","[support@provenexpert.com]","[]","[]","2026-08-05 11:05:02","1d026ffa-b34d-4226-923c-58b0111a0832","DEFERRED","582d0639-143a-30f2-bdda-5c65aeb76a6e","2026-08-05 11:05:23","<1785920702150.1d026ffa-b34d-4226-923c-58b0111a0832@smtp.hubapi.com>","","","","","","","20185","AbBatch","","","","","","","","","","","","","",""
"info@wrl-essen.de","6890244","431508253","","Wie dich konkrete Umfragen in KI-Systemen nach vorne bringen","""Vero von ProvenExpert"" <veronica@provenexpert.com>","[support@provenexpert.com]","[]","[]","2026-08-05 11:05:02","ab5d103c-b838-468c-bd73-7559ea51a6d1","DELIVERED","6108de60-833a-3a14-98f2-58b25fb5d792","2026-08-05 11:05:06","<1785920702698.ab5d103c-b838-468c-bd73-7559ea51a6d1@smtp.hubapi.com>","","","","","","","20185","AbBatch","","","","","","","","","","","","","",""
"info@wrl-essen.de","6890244","431508253","","Wie dich konkrete Umfragen in KI-Systemen nach vorne bringen","""Vero von ProvenExpert"" <veronica@provenexpert.com>","[support@provenexpert.com]","[]","[]","2026-08-05 11:05:02","ab5d103c-b838-468c-bd73-7559ea51a6d1","SENT","ab5d103c-b838-468c-bd73-7559ea51a6d1","2026-08-05 11:05:02","<1785920702698.ab5d103c-b838-468c-bd73-7559ea51a6d1@smtp.hubapi.com>","","","","","","","20185","AbBatch","","","","","","","","","","","","","",""
"fabian.stich@physiostich.de","6890244","431508253","","Wie dich konkrete Umfragen in KI-Systemen nach vorne bringen","""Vero von ProvenExpert"" <veronica@provenexpert.com>","[support@provenexpert.com]","[]","[]","2026-08-05 11:05:02","f4322ba1-a34d-45ac-846c-dcde3af84d25","DEFERRED","a7249fc5-01c1-3409-96f8-305c51b01bbf","2026-08-05 11:05:25","<1785920702477.f4322ba1-a34d-45ac-846c-dcde3af84d25@smtp.hubapi.com>","","","","","","","20185","AbBatch","","","","","","","","","","","","","",""
"fabian.stich@physiostich.de","6890244","431508253","","Wie dich konkrete Umfragen in KI-Systemen nach vorne bringen","""Vero von ProvenExpert"" <veronica@provenexpert.com>","[support@provenexpert.com]","[]","[]","2026-08-05 11:05:02","f4322ba1-a34d-45ac-846c-dcde3af84d25","DELIVERED","c26616b5-47bd-3740-be7d-fbc65c98ee64","2026-08-05 13:05:26","<1785920702477.f4322ba1-a34d-45ac-846c-dcde3af84d25@smtp.hubapi.com>","","","","","","","20185","AbBatch","","","","","","","","","","","","","",""
"fabian.stich@physiostich.de","6890244","431508253","","Wie dich konkrete Umfragen in KI-Systemen nach vorne bringen","""Vero von ProvenExpert"" <veronica@provenexpert.com>","[support@provenexpert.com]","[]","[]","2026-08-05 11:05:02","f4322ba1-a34d-45ac-846c-dcde3af84d25","SENT","f4322ba1-a34d-45ac-846c-dcde3af84d25","2026-08-05 11:05:02","<1785920702477.f4322ba1-a34d-45ac-846c-dcde3af84d25@smtp.hubapi.com>","","","","","","","20185","AbBatch","","","","","","","","","","","","","",""
"v.frank@netable.de","6890244","431508255","","Wie dich konkrete Umfragen in KI-Systemen nach vorne bringen","""Vero von ProvenExpert"" <veronica@provenexpert.com>","[support@provenexpert.com]","[]","[]","2026-08-05 09:03:35","0bc3bbf8-c5b0-49bc-a05b-9b9261885020","SENT","0bc3bbf8-c5b0-49bc-a05b-9b9261885020","2026-08-05 09:03:35","<1785913415594.0bc3bbf8-c5b0-49bc-a05b-9b9261885020@smtp.hubapi.com>","","","","","","","20185","AbBatch","","","","","","","","","","","","","",""
"v.frank@netable.de","6890244","431508255","","Wie dich konkrete Umfragen in KI-Systemen nach vorne bringen","""Vero von ProvenExpert"" <veronica@provenexpert.com>","[support@provenexpert.com]","[]","[]","2026-08-05 09:03:35","0bc3bbf8-c5b0-49bc-a05b-9b9261885020","DELIVERED","5bd537cc-14fc-30c7-b3dd-d9007d184ed7","2026-08-05 09:03:39","<1785913415594.0bc3bbf8-c5b0-49bc-a05b-9b9261885020@smtp.hubapi.com>","","","","","","","20185","AbBatch","","","","","","","","","","","","","",""
"chris@fitness-private.de","6890244","431508253","","Wie dich konkrete Umfragen in KI-Systemen nach vorne bringen","""Vero von ProvenExpert"" <veronica@provenexpert.com>","[support@provenexpert.com]","[]","[]","2026-08-05 11:05:02","9eb2a460-e342-4b62-908b-8ff8215a031e","DELIVERED","1171bee9-dc2b-382d-b535-9b3db54a5022","2026-08-05 11:05:06","<1785920702111.9eb2a460-e342-4b62-908b-8ff8215a031e@smtp.hubapi.com>","","","","","","","20185","AbBatch","","","","","","","","","","","","","",""
"chris@fitness-private.de","6890244","431508253","","Wie dich konkrete Umfragen in KI-Systemen nach vorne bringen","""Vero von ProvenExpert"" <veronica@provenexpert.com>","[support@provenexpert.com]","[]","[]","2026-08-05 11:05:02","9eb2a460-e342-4b62-908b-8ff8215a031e","SENT","9eb2a460-e342-4b62-908b-8ff8215a031e","2026-08-05 11:05:02","<1785920702111.9eb2a460-e342-4b62-908b-8ff8215a031e@smtp.hubapi.com>","","","","","","","20185","AbBatch","","","","","","","","","","","","","",""
"baufi@eck-oberg.com","6890244","431508254","","5 Sterne allein zeigen nicht, warum Kunden dich wählen","""Vero von ProvenExpert"" <veronica@provenexpert.com>","[support@provenexpert.com]","[]","[]","2026-08-05 09:04:56","019540e9-5b21-4451-b008-389c00012b07","DELIVERED","862287be-cf3a-359a-b9b3-20f67e730c7e","2026-08-05 09:05:01","<1785913496340.019540e9-5b21-4451-b008-389c00012b07@smtp.hubapi.com>","","","","","","","20185","AbBatch","","","","","","","","","","","","","",""
"baufi@eck-oberg.com","6890244","431508254","","5 Sterne allein zeigen nicht, warum Kunden dich wählen","""Vero von ProvenExpert"" <veronica@provenexpert.com>","[support@provenexpert.com]","[]","[]","2026-08-05 09:04:56","019540e9-5b21-4451-b008-389c00012b07","SENT","019540e9-5b21-4451-b008-389c00012b07","2026-08-05 09:04:56","<1785913496340.019540e9-5b21-4451-b008-389c00012b07@smtp.hubapi.com>","","","","","","","20185","AbBatch","","","","","","","","","","","","","",""
"kinderwunschzeit@gmx.net","6890244","431508255","","Wie dich konkrete Umfragen in KI-Systemen nach vorne bringen","""Vero von ProvenExpert"" <veronica@provenexpert.com>","[support@provenexpert.com]","[]","[]","2026-08-05 09:04:55","afb28caf-5647-4524-a49d-ac8f82a71868","DELIVERED","a4ffcb4f-49b6-372a-b7bc-ee48820fe0c4","2026-08-05 09:04:58","<1785913495837.afb28caf-5647-4524-a49d-ac8f82a71868@smtp.hubapi.com>","","","","","","","20185","AbBatch","","","","","","","","","","","","","",""
"kinderwunschzeit@gmx.net","6890244","431508255","","Wie dich konkrete Umfragen in KI-Systemen nach vorne bringen","""Vero von ProvenExpert"" <veronica@provenexpert.com>","[support@provenexpert.com]","[]","[]","2026-08-05 09:04:55","afb28caf-5647-4524-a49d-ac8f82a71868","SENT","afb28caf-5647-4524-a49d-ac8f82a71868","2026-08-05 09:04:55","<1785913495837.afb28caf-5647-4524-a49d-ac8f82a71868@smtp.hubapi.com>","","","","","","","20185","AbBatch","","","","","","","","","","","","","",""
"marketing@radiologie-dr-jung.de","6890244","431508255","","Wie dich konkrete Umfragen in KI-Systemen nach vorne bringen","""Vero von ProvenExpert"" <veronica@provenexpert.com>","[support@provenexpert.com]","[]","[]","2026-08-05 09:03:35","f9e923c5-50f8-4eb7-9355-0809a7eff33c","DELIVERED","ed745908-f747-35a4-ba2f-14f7faf6628e","2026-08-05 09:03:39","<1785913415691.f9e923c5-50f8-4eb7-9355-0809a7eff33c@smtp.hubapi.com>","","","","","","","20185","AbBatch","","","","","","","","","","","","","",""
"marketing@radiologie-dr-jung.de","6890244","431508255","","Wie dich konkrete Umfragen in KI-Systemen nach vorne bringen","""Vero von ProvenExpert"" <veronica@provenexpert.com>","[support@provenexpert.com]","[]","[]","2026-08-05 09:03:35","f9e923c5-50f8-4eb7-9355-0809a7eff33c","SENT","f9e923c5-50f8-4eb7-9355-0809a7eff33c","2026-08-05 09:03:35","<1785913415691.f9e923c5-50f8-4eb7-9355-0809a7eff33c@smtp.hubapi.com>","","","","","","","20185","AbBatch","","","","","","","","","","","","","",""
"buchhaltung@pflegeherzen.de","6890244","431508255","","Wie dich konkrete Umfragen in KI-Systemen nach vorne bringen","""Vero von ProvenExpert"" <veronica@provenexpert.com>","[support@provenexpert.com]","[]","[]","2026-08-05 09:03:35","7598489c-c40c-487a-b82f-d0cf541488e0","SENT","7598489c-c40c-487a-b82f-d0cf541488e0","2026-08-05 09:03:35","<1785913415821.7598489c-c40c-487a-b82f-d0cf541488e0@smtp.hubapi.com>","","","","","","","20185","AbBatch","","","","","","","","","","","","","",""
"buchhaltung@pflegeherzen.de","6890244","431508255","","Wie dich konkrete Umfragen in KI-Systemen nach vorne bringen","""Vero von ProvenExpert"" <veronica@provenexpert.com>","[support@provenexpert.com]","[]","[]","2026-08-05 09:03:35","7598489c-c40c-487a-b82f-d0cf541488e0","DELIVERED","0fd2d6a5-bfae-3645-9964-8ea3efe62f54","2026-08-05 09:03:39","<1785913415821.7598489c-c40c-487a-b82f-d0cf541488e0@smtp.hubapi.com>","","","","","","","20185","AbBatch","","","","","","","","","","","","","",""
"jaeckel@beamtendarlehen-center.de","6890244","431508254","","5 Sterne allein zeigen nicht, warum Kunden dich wählen","""Vero von ProvenExpert"" <veronica@provenexpert.com>","[support@provenexpert.com]","[]","[]","2026-08-05 09:04:56","ed34e585-0bac-4ded-aa66-9a9007be8d3a","DEFERRED","2d1da626-be49-3b28-95e6-c8e6a5f1588f","2026-08-05 09:04:59","<1785913496158.ed34e585-0bac-4ded-aa66-9a9007be8d3a@smtp.hubapi.com>","","","","","","","20185","AbBatch","","","","","","","","","","","","","",""
"jaeckel@beamtendarlehen-center.de","6890244","431508254","","5 Sterne allein zeigen nicht, warum Kunden dich wählen","""Vero von ProvenExpert"" <veronica@provenexpert.com>","[support@provenexpert.com]","[]","[]","2026-08-05 09:04:56","ed34e585-0bac-4ded-aa66-9a9007be8d3a","SENT","ed34e585-0bac-4ded-aa66-9a9007be8d3a","2026-08-05 09:04:56","<1785913496158.ed34e585-0bac-4ded-aa66-9a9007be8d3a@smtp.hubapi.com>","","","","","","","20185","AbBatch","","","","","","","","","","","","","",""
"jaeckel@beamtendarlehen-center.de","6890244","431508254","","5 Sterne allein zeigen nicht, warum Kunden dich wählen","""Vero von ProvenExpert"" <veronica@provenexpert.com>","[support@provenexpert.com]","[]","[]","2026-08-05 09:04:56","ed34e585-0bac-4ded-aa66-9a9007be8d3a","DELIVERED","ded07fe0-8b20-3ae8-b050-9a580250d776","2026-08-05 09:06:02","<1785913496158.ed34e585-0bac-4ded-aa66-9a9007be8d3a@smtp.hubapi.com>","","","","","","","20185","AbBatch","","","","","","","","","","","","","",""
"info@babelli.de","6890244","431508255","","Wie dich konkrete Umfragen in KI-Systemen nach vorne bringen","""Vero von ProvenExpert"" <veronica@provenexpert.com>","[support@provenexpert.com]","[]","[]","2026-08-05 09:04:55","5345b32f-acaf-4cef-a55b-45257a491c25","SENT","5345b32f-acaf-4cef-a55b-45257a491c25","2026-08-05 09:04:55","<1785913495623.5345b32f-acaf-4cef-a55b-45257a491c25@smtp.hubapi.com>","","","","","","","20185","AbBatch","","","","","","","","","","","","","",""
"info@babelli.de","6890244","431508255","","Wie dich konkrete Umfragen in KI-Systemen nach vorne bringen","""Vero von ProvenExpert"" <veronica@provenexpert.com>","[support@provenexpert.com]","[]","[]","2026-08-05 09:04:55","5345b32f-acaf-4cef-a55b-45257a491c25","DELIVERED","bb3287ad-7ecc-3eec-946d-22c7dc85bbff","2026-08-05 09:05:04","<1785913495623.5345b32f-acaf-4cef-a55b-45257a491c25@smtp.hubapi.com>","","","","","","","20185","AbBatch","","","","","","","","","","","","","",""
"andre.orgis@chemnitzer-autosalon.de","6890244","431508253","","Wie dich konkrete Umfragen in KI-Systemen nach vorne bringen","""Vero von ProvenExpert"" <veronica@provenexpert.com>","[support@provenexpert.com]","[]","[]","2026-08-05 11:05:02","df42f566-5a3a-4680-a9df-79a8512f2d46","DELIVERED","deaf6798-2d1a-3448-86ed-75982d8fc349","2026-08-05 11:05:04","<1785920702086.df42f566-5a3a-4680-a9df-79a8512f2d46@smtp.hubapi.com>","","","","","","","20185","AbBatch","","","","","","","","","","","","","",""
"andre.orgis@chemnitzer-autosalon.de","6890244","431508253","","Wie dich konkrete Umfragen in KI-Systemen nach vorne bringen","""Vero von ProvenExpert"" <veronica@provenexpert.com>","[support@provenexpert.com]","[]","[]","2026-08-05 11:05:02","df42f566-5a3a-4680-a9df-79a8512f2d46","SENT","df42f566-5a3a-4680-a9df-79a8512f2d46","2026-08-05 11:05:02","<1785920702086.df42f566-5a3a-4680-a9df-79a8512f2d46@smtp.hubapi.com>","","","","","","","20185","AbBatch","","","","","","","","","","","","","",""
"andre.orgis@chemnitzer-autosalon.de","6890244","431508253","","Wie dich konkrete Umfragen in KI-Systemen nach vorne bringen","""Vero von ProvenExpert"" <veronica@provenexpert.com>","[support@provenexpert.com]","[]","[]","2026-08-05 11:05:02","df42f566-5a3a-4680-a9df-79a8512f2d46","OPEN","49cec95a-615e-323e-a5b9-b309b53828aa","2026-08-05 11:35:36","<1785920702086.df42f566-5a3a-4680-a9df-79a8512f2d46@smtp.hubapi.com>","","","","","","","20185","AbBatch","Mozilla/4.0 (compatible; ms-office; MSOffice 16)","plauen","sachsen","GERMANY","","","","0","","","","","",""
"info@immo-rienhardt.de","6890244","431508253","","Wie dich konkrete Umfragen in KI-Systemen nach vorne bringen","""Vero von ProvenExpert"" <veronica@provenexpert.com>","[support@provenexpert.com]","[]","[]","2026-08-05 11:05:01","634d63e5-67ab-4f8f-a60e-600245790c01","DELIVERED","699c36b0-2e6e-33eb-81c8-3f2cb1ac3654","2026-08-05 11:05:05","<1785920701947.634d63e5-67ab-4f8f-a60e-600245790c01@smtp.hubapi.com>","","","","","","","20185","AbBatch","","","","","","","","","","","","","",""
"info@immo-rienhardt.de","6890244","431508253","","Wie dich konkrete Umfragen in KI-Systemen nach vorne bringen","""Vero von ProvenExpert"" <veronica@provenexpert.com>","[support@provenexpert.com]","[]","[]","2026-08-05 11:05:01","634d63e5-67ab-4f8f-a60e-600245790c01","OPEN","09d2d4d2-8f87-3ea2-af38-c37a917681e7","2026-08-05 11:27:47","<1785920701947.634d63e5-67ab-4f8f-a60e-600245790c01@smtp.hubapi.com>","","","","","","","20185","AbBatch","Mozilla/5.0 (Macintosh; Intel Mac OS X 10_15_7) AppleWebKit/537.36 (KHTML, like Gecko) Chrome/151.0.0.0 Safari/537.36","ludwigsburg","baden-wurttemberg","GERMANY","","","","4778","","","","","",""
"info@immo-rienhardt.de","6890244","431508253","","Wie dich konkrete Umfragen in KI-Systemen nach vorne bringen","""Vero von ProvenExpert"" <veronica@provenexpert.com>","[support@provenexpert.com]","[]","[]","2026-08-05 11:05:01","634d63e5-67ab-4f8f-a60e-600245790c01","SENT","634d63e5-67ab-4f8f-a60e-600245790c01","2026-08-05 11:05:01","<1785920701947.634d63e5-67ab-4f8f-a60e-600245790c01@smtp.hubapi.com>","","","","","","","20185","AbBatch","","","","","","","","","","","","","",""
"team@stadthelden.de","6890244","431508255","","Wie dich konkrete Umfragen in KI-Systemen nach vorne bringen","""Vero von ProvenExpert"" <veronica@provenexpert.com>","[support@provenexpert.com]","[]","[]","2026-08-05 09:04:55","8252d9fd-2e56-46e6-ab8f-08f933ab853f","SENT","8252d9fd-2e56-46e6-ab8f-08f933ab853f","2026-08-05 09:04:55","<1785913495920.8252d9fd-2e56-46e6-ab8f-08f933ab853f@smtp.hubapi.com>","","","","","","","20185","AbBatch","","","","","","","","","","","","","",""
"team@stadthelden.de","6890244","431508255","","Wie dich konkrete Umfragen in KI-Systemen nach vorne bringen","""Vero von ProvenExpert"" <veronica@provenexpert.com>","[support@provenexpert.com]","[]","[]","2026-08-05 09:04:55","8252d9fd-2e56-46e6-ab8f-08f933ab853f","DELIVERED","22880719-0491-374d-b087-0ac7389368e1","2026-08-05 09:04:59","<1785913495920.8252d9fd-2e56-46e6-ab8f-08f933ab853f@smtp.hubapi.com>","","","","","","","20185","AbBatch","","","","","","","","","","","","","",""
"muftester+reviewbutlerregistrations@googlemail.com","6890244","431508253","","Wie dich konkrete Umfragen in KI-Systemen nach vorne bringen","""Vero von ProvenExpert"" <veronica@provenexpert.com>","[support@provenexpert.com]","[]","[]","2026-08-05 11:05:02","757c9591-f2a8-4711-8803-41856d8464c0","SENT","757c9591-f2a8-4711-8803-41856d8464c0","2026-08-05 11:05:02","<1785920702010.757c9591-f2a8-4711-8803-41856d8464c0@smtp.hubapi.com>","","","","","","","20185","AbBatch","","","","","","","","","","","","","",""
"muftester+reviewbutlerregistrations@googlemail.com","6890244","431508253","","Wie dich konkrete Umfragen in KI-Systemen nach vorne bringen","""Vero von ProvenExpert"" <veronica@provenexpert.com>","[support@provenexpert.com]","[]","[]","2026-08-05 11:05:02","757c9591-f2a8-4711-8803-41856d8464c0","DELIVERED","2c6652b8-b614-33d8-bc7e-86c9d62577c6","2026-08-05 11:05:03","<1785920702010.757c9591-f2a8-4711-8803-41856d8464c0@smtp.hubapi.com>","","","","","","","20185","AbBatch","","","","","","","","","","","","","",""
"info@vet-tcm.de","6890244","431508253","","Wie dich konkrete Umfragen in KI-Systemen nach vorne bringen","""Vero von ProvenExpert"" <veronica@provenexpert.com>","[support@provenexpert.com]","[]","[]","2026-08-05 11:05:02","0445bda0-2a48-4ecd-9730-4775baca194d","SENT","0445bda0-2a48-4ecd-9730-4775baca194d","2026-08-05 11:05:02","<1785920702620.0445bda0-2a48-4ecd-9730-4775baca194d@smtp.hubapi.com>","","","","","","","20185","AbBatch","","","","","","","","","","","","","",""
"info@vet-tcm.de","6890244","431508253","","Wie dich konkrete Umfragen in KI-Systemen nach vorne bringen","""Vero von ProvenExpert"" <veronica@provenexpert.com>","[support@provenexpert.com]","[]","[]","2026-08-05 11:05:02","0445bda0-2a48-4ecd-9730-4775baca194d","DELIVERED","90521063-9a2d-3d70-84d7-b2993f2f2346","2026-08-05 11:05:07","<1785920702620.0445bda0-2a48-4ecd-9730-4775baca194d@smtp.hubapi.com>","","","","","","","20185","AbBatch","","","","","","","","","","","","","",""
"abc@provenexpert.de","6890244","431508253","","Wie dich konkrete Umfragen in KI-Systemen nach vorne bringen","""Vero von ProvenExpert"" <veronica@provenexpert.com>","[support@provenexpert.com]","[]","[]","2026-08-05 11:05:02","5b65492d-dc08-4f87-871b-f1cb80655f83","DROPPED","5b65492d-dc08-4f87-871b-f1cb80655f83","2026-08-05 11:05:02","<1785920702795.5b65492d-dc08-4f87-871b-f1cb80655f83@smtp.hubapi.com>","","","2b7758ce-903d-3247-a921-2cb7f0487c5f","2025-09-02 09:00:11","PREVIOUSLY_BOUNCED","Recipient has previously bounced.","20185","AbBatch","","","","","","","","","550","550 5.4.1 Recipient address rejected: Access denied. For more information see https://aka.ms/EXOSmtpErrors [DB5PEPF00014B92.eurprd02.prod.outlook.com 2025-09-02T07:00:11.638Z 08DDE8BFA0CA71C1]","550 5.4.1 Recipient address rejected: Access denied. For more information see https://aka.ms/EXOSmtpErrors [DB5PEPF00014B92.eurprd02.prod.outlook.com 2025-09-02T07:00:11.638Z 08DDE8BFA0CA71C1]","","",""
"info@aufsperrdienst-klein.de","6890244","431508255","","Wie dich konkrete Umfragen in KI-Systemen nach vorne bringen","""Vero von ProvenExpert"" <veronica@provenexpert.com>","[support@provenexpert.com]","[]","[]","2026-08-05 09:03:35","6d253020-c1fc-4842-9d88-a72e5faffa9f","DROPPED","6d253020-c1fc-4842-9d88-a72e5faffa9f","2026-08-05 09:03:35","<1785913415653.6d253020-c1fc-4842-9d88-a72e5faffa9f@smtp.hubapi.com>","","","849c6366-736f-3b87-b60d-8d74cc86d4d4","2026-07-29 05:33:33","PREVIOUSLY_BOUNCED","Recipient has previously bounced.","20185","AbBatch","","","","","","","","","552","552-Requested mail action aborted: exceeded storage allocation 552-Quota exceeded. 552 For explanation visit https://postmaster.1und1.de/en/case?c=r1503&i=ip&v=108.179.150.159&r=1MmRov-1xF9803fTF-00c7fi","552-Requested mail action aborted: exceeded storage allocation 552-Quota exceeded. 552 For explanation visit https://postmaster.1und1.de/en/case?c=r1503&i=ip&v=108.179.150.159&r=1MmRov-1xF9803fTF-00c7fi","","",""
"info@schluesseldienst-stuttgart-vaihingen-haegele.de","6890244","431508254","","5 Sterne allein zeigen nicht, warum Kunden dich wählen","""Vero von ProvenExpert"" <veronica@provenexpert.com>","[support@provenexpert.com]","[]","[]","2026-08-05 09:04:55","f100255f-120c-4d90-aecd-8c7745c754e7","SENT","f100255f-120c-4d90-aecd-8c7745c754e7","2026-08-05 09:04:55","<1785913495981.f100255f-120c-4d90-aecd-8c7745c754e7@smtp.hubapi.com>","","","","","","","20185","AbBatch","","","","","","","","","","","","","",""
"info@schluesseldienst-stuttgart-vaihingen-haegele.de","6890244","431508254","","5 Sterne allein zeigen nicht, warum Kunden dich wählen","""Vero von ProvenExpert"" <veronica@provenexpert.com>","[support@provenexpert.com]","[]","[]","2026-08-05 09:04:55","f100255f-120c-4d90-aecd-8c7745c754e7","DELIVERED","ee8857f8-e917-3f49-892e-90720838ab57","2026-08-05 09:04:58","<1785913495981.f100255f-120c-4d90-aecd-8c7745c754e7@smtp.hubapi.com>","","","","","","","20185","AbBatch","","","","","","","","","","","","","",""
"marko@fragmarko.de","6890244","431508254","","5 Sterne allein zeigen nicht, warum Kunden dich wählen","""Vero von ProvenExpert"" <veronica@provenexpert.com>","[support@provenexpert.com]","[]","[]","2026-08-05 09:04:56","7580ad91-7ed6-4a46-9373-976a512a4cb7","DELIVERED","c0583214-be18-3640-92c6-878b2ba2b246","2026-08-05 09:05:00","<1785913496173.7580ad91-7ed6-4a46-9373-976a512a4cb7@smtp.hubapi.com>","","","","","","","20185","AbBatch","","","","","","","","","","","","","",""
"marko@fragmarko.de","6890244","431508254","","5 Sterne allein zeigen nicht, warum Kunden dich wählen","""Vero von ProvenExpert"" <veronica@provenexpert.com>","[support@provenexpert.com]","[]","[]","2026-08-05 09:04:56","7580ad91-7ed6-4a46-9373-976a512a4cb7","SENT","7580ad91-7ed6-4a46-9373-976a512a4cb7","2026-08-05 09:04:56","<1785913496173.7580ad91-7ed6-4a46-9373-976a512a4cb7@smtp.hubapi.com>","","","","","","","20185","AbBatch","","","","","","","","","","","","","",""
"h.wehrmeyer@intrag.de","6890244","431508253","","Wie dich konkrete Umfragen in KI-Systemen nach vorne bringen","""Vero von ProvenExpert"" <veronica@provenexpert.com>","[support@provenexpert.com]","[]","[]","2026-08-05 11:05:01","0c862a08-e10c-4176-b39d-58d0d583cd11","DELIVERED","c5173bfc-80d4-3bad-8918-c11f67a0163a","2026-08-05 11:05:05","<1785920701999.0c862a08-e10c-4176-b39d-58d0d583cd11@smtp.hubapi.com>","","","","","","","20185","AbBatch","","","","","","","","","","","","","",""
"h.wehrmeyer@intrag.de","6890244","431508253","","Wie dich konkrete Umfragen in KI-Systemen nach vorne bringen","""Vero von ProvenExpert"" <veronica@provenexpert.com>","[support@provenexpert.com]","[]","[]","2026-08-05 11:05:01","0c862a08-e10c-4176-b39d-58d0d583cd11","SENT","0c862a08-e10c-4176-b39d-58d0d583cd11","2026-08-05 11:05:01","<1785920701999.0c862a08-e10c-4176-b39d-58d0d583cd11@smtp.hubapi.com>","","","","","","","20185","AbBatch","","","","","","","","","","","","","",""
"muftester+neuerregtest123@googlemail.com","6890244","431508253","","Wie dich konkrete Umfragen in KI-Systemen nach vorne bringen","""Vero von ProvenExpert"" <veronica@provenexpert.com>","[support@provenexpert.com]","[]","[]","2026-08-05 11:05:02","55a01a3f-4281-4a65-af36-de33ada7c9eb","SENT","55a01a3f-4281-4a65-af36-de33ada7c9eb","2026-08-05 11:05:02","<1785920702671.55a01a3f-4281-4a65-af36-de33ada7c9eb@smtp.hubapi.com>","","","","","","","20185","AbBatch","","","","","","","","","","","","","",""
"muftester+neuerregtest123@googlemail.com","6890244","431508253","","Wie dich konkrete Umfragen in KI-Systemen nach vorne bringen","""Vero von ProvenExpert"" <veronica@provenexpert.com>","[support@provenexpert.com]","[]","[]","2026-08-05 11:05:02","55a01a3f-4281-4a65-af36-de33ada7c9eb","DELIVERED","551c922e-64c3-3b8d-8147-ee0c1fb9d46b","2026-08-05 11:05:05","<1785920702671.55a01a3f-4281-4a65-af36-de33ada7c9eb@smtp.hubapi.com>","","","","","","","20185","AbBatch","","","","","","","","","","","","","",""
"seo@lhp-gruppe.de","6890244","431508253","","Wie dich konkrete Umfragen in KI-Systemen nach vorne bringen","""Vero von ProvenExpert"" <veronica@provenexpert.com>","[support@provenexpert.com]","[]","[]","2026-08-05 11:05:02","c8193b03-7d32-4605-9e52-92739f2a8af2","DROPPED","c8193b03-7d32-4605-9e52-92739f2a8af2","2026-08-05 11:05:02","<1785920702686.c8193b03-7d32-4605-9e52-92739f2a8af2@smtp.hubapi.com>","","","cc6eea78-d460-3777-9d16-252b90202670","2026-03-07 09:30:04","PREVIOUSLY_BOUNCED","Recipient has previously bounced.","20185","AbBatch","","","","","","","","","450","X-ASE-Secure-MTA; 450 4.7.1 <hajo.quest@adquest.de>: Recipient address rejected: Mail appeared to be SPAM or forged. Ask your Mail/DNS-Administrator to correct HELO and DNS MX settings or to get removed from DNSBLs","X-ASE-Secure-MTA; 450 4.7.1 <hajo.quest@adquest.de>: Recipient address rejected: Mail appeared to be SPAM or forged. Ask your Mail/DNS-Administrator to correct HELO and DNS MX settings or to get removed from DNSBLs","","",""
"office@kolberg-immobilien.de","6890244","431508253","","Wie dich konkrete Umfragen in KI-Systemen nach vorne bringen","""Vero von ProvenExpert"" <veronica@provenexpert.com>","[support@provenexpert.com]","[]","[]","2026-08-05 11:05:01","074d25c7-8509-4830-ad82-ec14bfaf7f71","DELIVERED","45794a68-091c-3c18-ae84-e07dd4976a21","2026-08-05 11:05:04","<1785920701979.074d25c7-8509-4830-ad82-ec14bfaf7f71@smtp.hubapi.com>","","","","","","","20185","AbBatch","","","","","","","","","","","","","",""
"office@kolberg-immobilien.de","6890244","431508253","","Wie dich konkrete Umfragen in KI-Systemen nach vorne bringen","""Vero von ProvenExpert"" <veronica@provenexpert.com>","[support@provenexpert.com]","[]","[]","2026-08-05 11:05:01","074d25c7-8509-4830-ad82-ec14bfaf7f71","SENT","074d25c7-8509-4830-ad82-ec14bfaf7f71","2026-08-05 11:05:01","<1785920701979.074d25c7-8509-4830-ad82-ec14bfaf7f71@smtp.hubapi.com>","","","","","","","20185","AbBatch","","","","","","","","","","","","","",""
"info@kolb-blickhan-partner.de","6890244","431508255","","Wie dich konkrete Umfragen in KI-Systemen nach vorne bringen","""Vero von ProvenExpert"" <veronica@provenexpert.com>","[support@provenexpert.com]","[]","[]","2026-08-05 09:03:35","43a33792-a9ef-4284-8edf-3af54ba84926","DELIVERED","ed807619-6412-31bc-a0f4-adb613f859f9","2026-08-05 09:03:38","<1785913415530.43a33792-a9ef-4284-8edf-3af54ba84926@smtp.hubapi.com>","","","","","","","20185","AbBatch","","","","","","","","","","","","","",""
"info@kolb-blickhan-partner.de","6890244","431508255","","Wie dich konkrete Umfragen in KI-Systemen nach vorne bringen","""Vero von ProvenExpert"" <veronica@provenexpert.com>","[support@provenexpert.com]","[]","[]","2026-08-05 09:03:35","43a33792-a9ef-4284-8edf-3af54ba84926","SENT","43a33792-a9ef-4284-8edf-3af54ba84926","2026-08-05 09:03:35","<1785913415530.43a33792-a9ef-4284-8edf-3af54ba84926@smtp.hubapi.com>","","","","","","","20185","AbBatch","","","","","","","","","","","","","",""
"info@produm-clean.de","6890244","431508254","","5 Sterne allein zeigen nicht, warum Kunden dich wählen","""Vero von ProvenExpert"" <veronica@provenexpert.com>","[support@provenexpert.com]","[]","[]","2026-08-05 09:04:56","86e5ba7f-3278-4a4b-a44b-c1c2dbb9012b","DELIVERED","867af8e8-a5c2-38a6-8c75-e5129b23c2b5","2026-08-05 09:05:00","<1785913496105.86e5ba7f-3278-4a4b-a44b-c1c2dbb9012b@smtp.hubapi.com>","","","","","","","20185","AbBatch","","","","","","","","","","","","","",""
"info@produm-clean.de","6890244","431508254","","5 Sterne allein zeigen nicht, warum Kunden dich wählen","""Vero von ProvenExpert"" <veronica@provenexpert.com>","[support@provenexpert.com]","[]","[]","2026-08-05 09:04:56","86e5ba7f-3278-4a4b-a44b-c1c2dbb9012b","SENT","86e5ba7f-3278-4a4b-a44b-c1c2dbb9012b","2026-08-05 09:04:56","<1785913496105.86e5ba7f-3278-4a4b-a44b-c1c2dbb9012b@smtp.hubapi.com>","","","","","","","20185","AbBatch","","","","","","","","","","","","","",""
"info@brandwein-immobilien.de","6890244","431508255","","Wie dich konkrete Umfragen in KI-Systemen nach vorne bringen","""Vero von ProvenExpert"" <veronica@provenexpert.com>","[support@provenexpert.com]","[]","[]","2026-08-05 09:03:35","52b32aae-d502-4131-bc9e-689440037cf6","DELIVERED","f1e55602-0434-3d4d-acfa-9cf618e4426f","2026-08-05 09:03:46","<1785913415831.52b32aae-d502-4131-bc9e-689440037cf6@smtp.hubapi.com>","","","","","","","20185","AbBatch","","","","","","","","","","","","","",""
"info@brandwein-immobilien.de","6890244","431508255","","Wie dich konkrete Umfragen in KI-Systemen nach vorne bringen","""Vero von ProvenExpert"" <veronica@provenexpert.com>","[support@provenexpert.com]","[]","[]","2026-08-05 09:03:35","52b32aae-d502-4131-bc9e-689440037cf6","SENT","52b32aae-d502-4131-bc9e-689440037cf6","2026-08-05 09:03:35","<1785913415831.52b32aae-d502-4131-bc9e-689440037cf6@smtp.hubapi.com>","","","","","","","20185","AbBatch","","","","","","","","","","","","","",""
"kontakt@dr-annette-herold.de","6890244","431508253","","Wie dich konkrete Umfragen in KI-Systemen nach vorne bringen","""Vero von ProvenExpert"" <veronica@provenexpert.com>","[support@provenexpert.com]","[]","[]","2026-08-05 11:05:02","ce29147a-670c-4ae5-9fc1-0057a172ca22","SENT","ce29147a-670c-4ae5-9fc1-0057a172ca22","2026-08-05 11:05:02","<1785920702688.ce29147a-670c-4ae5-9fc1-0057a172ca22@smtp.hubapi.com>","","","","","","","20185","AbBatch","","","","","","","","","","","","","",""
"kontakt@dr-annette-herold.de","6890244","431508253","","Wie dich konkrete Umfragen in KI-Systemen nach vorne bringen","""Vero von ProvenExpert"" <veronica@provenexpert.com>","[support@provenexpert.com]","[]","[]","2026-08-05 11:05:02","ce29147a-670c-4ae5-9fc1-0057a172ca22","DELIVERED","7990df75-e574-3695-94f0-7abeb2f2905c","2026-08-05 11:05:06","<1785920702688.ce29147a-670c-4ae5-9fc1-0057a172ca22@smtp.hubapi.com>","","","","","","","20185","AbBatch","","","","","","","","","","","","","",""
"office@escgmbh.biz","6890244","431508254","","5 Sterne allein zeigen nicht, warum Kunden dich wählen","""Vero von ProvenExpert"" <veronica@provenexpert.com>","[support@provenexpert.com]","[]","[]","2026-08-05 09:04:56","aff83e0b-560c-4338-9ae2-c27d8fa3db0b","OPEN","dbc5494e-f319-3165-b66f-c8b687512135","2026-08-05 13:13:09","<1785913496152.aff83e0b-560c-4338-9ae2-c27d8fa3db0b@smtp.hubapi.com>","","","","","","","20185","AbBatch","Mozilla/4.0 (compatible; MSIE 7.0; Windows NT 6.2; WOW64; Trident/7.0; .NET4.0C; .NET4.0E; .NET CLR 2.0.50727; .NET CLR 3.0.30729; .NET CLR 3.5.30729; MSOffice 12)","heidenheim","baden-wurttemberg","GERMANY","","","","0","","","","","",""
"office@escgmbh.biz","6890244","431508254","","5 Sterne allein zeigen nicht, warum Kunden dich wählen","""Vero von ProvenExpert"" <veronica@provenexpert.com>","[support@provenexpert.com]","[]","[]","2026-08-05 09:04:56","aff83e0b-560c-4338-9ae2-c27d8fa3db0b","SENT","aff83e0b-560c-4338-9ae2-c27d8fa3db0b","2026-08-05 09:04:56","<1785913496152.aff83e0b-560c-4338-9ae2-c27d8fa3db0b@smtp.hubapi.com>","","","","","","","20185","AbBatch","","","","","","","","","","","","","",""
"office@escgmbh.biz","6890244","431508254","","5 Sterne allein zeigen nicht, warum Kunden dich wählen","""Vero von ProvenExpert"" <veronica@provenexpert.com>","[support@provenexpert.com]","[]","[]","2026-08-05 09:04:56","aff83e0b-560c-4338-9ae2-c27d8fa3db0b","DELIVERED","31fa2dd1-3af4-35e5-ac97-2c2ebef6a8a0","2026-08-05 09:05:00","<1785913496152.aff83e0b-560c-4338-9ae2-c27d8fa3db0b@smtp.hubapi.com>","","","","","","","20185","AbBatch","","","","","","","","","","","","","",""
"office@escgmbh.biz","6890244","431508254","","5 Sterne allein zeigen nicht, warum Kunden dich wählen","""Vero von ProvenExpert"" <veronica@provenexpert.com>","[support@provenexpert.com]","[]","[]","2026-08-05 09:04:56","aff83e0b-560c-4338-9ae2-c27d8fa3db0b","OPEN","64ffbc78-fdd3-39cd-b70b-6cb6130e38e2","2026-08-05 13:13:09","<1785913496152.aff83e0b-560c-4338-9ae2-c27d8fa3db0b@smtp.hubapi.com>","","","","","","","20185","AbBatch","Mozilla/4.0 (compatible; MSIE 7.0; Windows NT 6.2; WOW64; Trident/7.0; .NET4.0C; .NET4.0E; .NET CLR 2.0.50727; .NET CLR 3.0.30729; .NET CLR 3.5.30729; MSOffice 12)","heidenheim","baden-wurttemberg","GERMANY","","","","0","","","","","",""
"lorenz.strasser@pentacode.app","6890244","431508254","","5 Sterne allein zeigen nicht, warum Kunden dich wählen","""Vero von ProvenExpert"" <veronica@provenexpert.com>","[support@provenexpert.com]","[]","[]","2026-08-05 09:04:56","4fc44744-968c-4383-9c55-46f0c424bd23","DELIVERED","b35605f5-e297-3708-9664-76630e17959c","2026-08-05 09:05:00","<1785913496270.4fc44744-968c-4383-9c55-46f0c424bd23@smtp.hubapi.com>","","","","","","","20185","AbBatch","","","","","","","","","","","","","",""
"lorenz.strasser@pentacode.app","6890244","431508254","","5 Sterne allein zeigen nicht, warum Kunden dich wählen","""Vero von ProvenExpert"" <veronica@provenexpert.com>","[support@provenexpert.com]","[]","[]","2026-08-05 09:04:56","4fc44744-968c-4383-9c55-46f0c424bd23","SENT","4fc44744-968c-4383-9c55-46f0c424bd23","2026-08-05 09:04:56","<1785913496270.4fc44744-968c-4383-9c55-46f0c424bd23@smtp.hubapi.com>","","","","","","","20185","AbBatch","","","","","","","","","","","","","",""
"t.boekemeier@pkv-welt.de","6890244","431508253","","Wie dich konkrete Umfragen in KI-Systemen nach vorne bringen","""Vero von ProvenExpert"" <veronica@provenexpert.com>","[support@provenexpert.com]","[]","[]","2026-08-05 11:05:02","4b587e59-71b0-41ec-a3d2-c8b7169013dd","SENT","4b587e59-71b0-41ec-a3d2-c8b7169013dd","2026-08-05 11:05:02","<1785920702038.4b587e59-71b0-41ec-a3d2-c8b7169013dd@smtp.hubapi.com>","","","","","","","20185","AbBatch","","","","","","","","","","","","","",""
"t.boekemeier@pkv-welt.de","6890244","431508253","","Wie dich konkrete Umfragen in KI-Systemen nach vorne bringen","""Vero von ProvenExpert"" <veronica@provenexpert.com>","[support@provenexpert.com]","[]","[]","2026-08-05 11:05:02","4b587e59-71b0-41ec-a3d2-c8b7169013dd","DELIVERED","39fa2eba-e83c-3480-9876-4e2ab683a4b4","2026-08-05 11:05:06","<1785920702038.4b587e59-71b0-41ec-a3d2-c8b7169013dd@smtp.hubapi.com>","","","","","","","20185","AbBatch","","","","","","","","","","","","","",""
"w.herfurtner@kanzlei-herfurtner.de","6890244","431508253","","Wie dich konkrete Umfragen in KI-Systemen nach vorne bringen","""Vero von ProvenExpert"" <veronica@provenexpert.com>","[support@provenexpert.com]","[]","[]","2026-08-05 11:05:02","d9940463-ad6f-4a1e-ab9c-97f5ef471719","SENT","d9940463-ad6f-4a1e-ab9c-97f5ef471719","2026-08-05 11:05:02","<1785920702295.d9940463-ad6f-4a1e-ab9c-97f5ef471719@smtp.hubapi.com>","","","","","","","20185","AbBatch","","","","","","","","","","","","","",""
"w.herfurtner@kanzlei-herfurtner.de","6890244","431508253","","Wie dich konkrete Umfragen in KI-Systemen nach vorne bringen","""Vero von ProvenExpert"" <veronica@provenexpert.com>","[support@provenexpert.com]","[]","[]","2026-08-05 11:05:02","d9940463-ad6f-4a1e-ab9c-97f5ef471719","DELIVERED","a5dce9eb-9833-31a3-bd21-0bfd32430734","2026-08-05 11:05:07","<1785920702295.d9940463-ad6f-4a1e-ab9c-97f5ef471719@smtp.hubapi.com>","","","","","","","20185","AbBatch","","","","","","","","","","","","","",""
"info@singforthemoment.de","6890244","431508253","","Wie dich konkrete Umfragen in KI-Systemen nach vorne bringen","""Vero von ProvenExpert"" <veronica@provenexpert.com>","[support@provenexpert.com]","[]","[]","2026-08-05 11:05:02","86a5a985-f9f3-412b-ac3b-b3df9f70e7f6","SENT","86a5a985-f9f3-412b-ac3b-b3df9f70e7f6","2026-08-05 11:05:02","<1785920702233.86a5a985-f9f3-412b-ac3b-b3df9f70e7f6@smtp.hubapi.com>","","","","","","","20185","AbBatch","","","","","","","","","","","","","",""
"info@singforthemoment.de","6890244","431508253","","Wie dich konkrete Umfragen in KI-Systemen nach vorne bringen","""Vero von ProvenExpert"" <veronica@provenexpert.com>","[support@provenexpert.com]","[]","[]","2026-08-05 11:05:02","86a5a985-f9f3-412b-ac3b-b3df9f70e7f6","DELIVERED","17f5b9ee-66bf-3378-81f5-142bc063baf0","2026-08-05 11:05:07","<1785920702233.86a5a985-f9f3-412b-ac3b-b3df9f70e7f6@smtp.hubapi.com>","","","","","","","20185","AbBatch","","","","","","","","","","","","","",""
"info@mpu-akademie.eu","6890244","431508253","","Wie dich konkrete Umfragen in KI-Systemen nach vorne bringen","""Vero von ProvenExpert"" <veronica@provenexpert.com>","[support@provenexpert.com]","[]","[]","2026-08-05 11:05:02","63c98705-bb83-4970-bae0-d9aa919b9ca7","SUPPRESSED","63c98705-bb83-4970-bae0-d9aa919b9ca7","2026-08-05 11:05:02","<1785920702457.63c98705-bb83-4970-bae0-d9aa919b9ca7@smtp.hubapi.com>","","","","","NON_MARKETABLE_CONTACT","Recipient is not a marketable contact","20185","AbBatch","","","","","","","","","","","","","",""
"info@goettle-partner.de","6890244","431508255","","Wie dich konkrete Umfragen in KI-Systemen nach vorne bringen","""Vero von ProvenExpert"" <veronica@provenexpert.com>","[support@provenexpert.com]","[]","[]","2026-08-05 09:03:35","c42ca42a-8e2a-4464-804e-ce429c0e4665","SENT","c42ca42a-8e2a-4464-804e-ce429c0e4665","2026-08-05 09:03:35","<1785913415753.c42ca42a-8e2a-4464-804e-ce429c0e4665@smtp.hubapi.com>","","","","","","","20185","AbBatch","","","","","","","","","","","","","",""
"info@goettle-partner.de","6890244","431508255","","Wie dich konkrete Umfragen in KI-Systemen nach vorne bringen","""Vero von ProvenExpert"" <veronica@provenexpert.com>","[support@provenexpert.com]","[]","[]","2026-08-05 09:03:35","c42ca42a-8e2a-4464-804e-ce429c0e4665","DELIVERED","aad74d41-3d16-31ad-a031-68dee1329577","2026-08-05 09:03:37","<1785913415753.c42ca42a-8e2a-4464-804e-ce429c0e4665@smtp.hubapi.com>","","","","","","","20185","AbBatch","","","","","","","","","","","","","",""
"webmaster@semtrix.de","6890244","431508253","","Wie dich konkrete Umfragen in KI-Systemen nach vorne bringen","""Vero von ProvenExpert"" <veronica@provenexpert.com>","[support@provenexpert.com]","[]","[]","2026-08-05 11:05:02","950fa50f-2833-4b39-8dda-285d00c26054","SENT","950fa50f-2833-4b39-8dda-285d00c26054","2026-08-05 11:05:02","<1785920702391.950fa50f-2833-4b39-8dda-285d00c26054@smtp.hubapi.com>","","","","","","","20185","AbBatch","","","","","","","","","","","","","",""
"webmaster@semtrix.de","6890244","431508253","","Wie dich konkrete Umfragen in KI-Systemen nach vorne bringen","""Vero von ProvenExpert"" <veronica@provenexpert.com>","[support@provenexpert.com]","[]","[]","2026-08-05 11:05:02","950fa50f-2833-4b39-8dda-285d00c26054","DELIVERED","beadda34-e2bc-3d7d-aca1-78014901fe73","2026-08-05 11:05:05","<1785920702391.950fa50f-2833-4b39-8dda-285d00c26054@smtp.hubapi.com>","","","","","","","20185","AbBatch","","","","","","","","","","","","","",""
"mail@solution360.de","6890244","431508255","","Wie dich konkrete Umfragen in KI-Systemen nach vorne bringen","""Vero von ProvenExpert"" <veronica@provenexpert.com>","[support@provenexpert.com]","[]","[]","2026-08-05 09:04:55","d870757d-41ad-4ea5-acec-3ecf7af2a7b8","DELIVERED","00208e3f-a53b-37c2-a86c-54f7361114c5","2026-08-05 09:05:00","<1785913495896.d870757d-41ad-4ea5-acec-3ecf7af2a7b8@smtp.hubapi.com>","","","","","","","20185","AbBatch","","","","","","","","","","","","","",""
"mail@solution360.de","6890244","431508255","","Wie dich konkrete Umfragen in KI-Systemen nach vorne bringen","""Vero von ProvenExpert"" <veronica@provenexpert.com>","[support@provenexpert.com]","[]","[]","2026-08-05 09:04:55","d870757d-41ad-4ea5-acec-3ecf7af2a7b8","SENT","d870757d-41ad-4ea5-acec-3ecf7af2a7b8","2026-08-05 09:04:55","<1785913495896.d870757d-41ad-4ea5-acec-3ecf7af2a7b8@smtp.hubapi.com>","","","","","","","20185","AbBatch","","","","","","","","","","","","","",""
"info@cost-benefit.de","6890244","431508255","","Wie dich konkrete Umfragen in KI-Systemen nach vorne bringen","""Vero von ProvenExpert"" <veronica@provenexpert.com>","[support@provenexpert.com]","[]","[]","2026-08-05 09:03:35","33fe2ee5-da3b-47e9-813e-3c6b88035410","DROPPED","33fe2ee5-da3b-47e9-813e-3c6b88035410","2026-08-05 09:03:35","<1785913415638.33fe2ee5-da3b-47e9-813e-3c6b88035410@smtp.hubapi.com>","","","","","QUARANTINED_ADDRESS","UNDELIVERABLE_ADDRESS","20185","AbBatch","","","","","","","","","","","","","",""
"pe-notification-test@bewertet.de","6890244","431508254","","5 Sterne allein zeigen nicht, warum Kunden dich wählen","""Vero von ProvenExpert"" <veronica@provenexpert.com>","[support@provenexpert.com]","[]","[]","2026-08-05 09:04:56","9a069894-914b-40b5-8c2e-f69702ca115e","CLICK","9aa6bdf7-9009-30e7-8640-5e1dbe293c0a","2026-08-05 09:17:06","<1785913496214.9a069894-914b-40b5-8c2e-f69702ca115e@smtp.hubapi.com>","","","","","","","20185","AbBatch","Mozilla/5.0 (Windows NT 10.0; Win64; x64) AppleWebKit/537.36 (KHTML, like Gecko) Chrome/129.0.0.0 Safari/537.36","berlin","berlin","GERMANY","","","https://www.provenexpert.com/de-de/umfragen/?utm_term=2&utm_campaign=consistency26m&utm_medium=email&_hsmi=431508254&utm_content=dach_de_plus_m_consistency26m_2&utm_source=hubspot","","","","","","",""
"pe-notification-test@bewertet.de","6890244","431508254","","5 Sterne allein zeigen nicht, warum Kunden dich wählen","""Vero von ProvenExpert"" <veronica@provenexpert.com>","[support@provenexpert.com]","[]","[]","2026-08-05 09:04:56","9a069894-914b-40b5-8c2e-f69702ca115e","SENT","9a069894-914b-40b5-8c2e-f69702ca115e","2026-08-05 09:04:56","<1785913496214.9a069894-914b-40b5-8c2e-f69702ca115e@smtp.hubapi.com>","","","","","","","20185","AbBatch","","","","","","","","","","","","","",""
"pe-notification-test@bewertet.de","6890244","431508254","","5 Sterne allein zeigen nicht, warum Kunden dich wählen","""Vero von ProvenExpert"" <veronica@provenexpert.com>","[support@provenexpert.com]","[]","[]","2026-08-05 09:04:56","9a069894-914b-40b5-8c2e-f69702ca115e","DELIVERED","b5110beb-63fb-37bf-b05f-d2078ead1365","2026-08-05 09:04:58","<1785913496214.9a069894-914b-40b5-8c2e-f69702ca115e@smtp.hubapi.com>","","","","","","","20185","AbBatch","","","","","","","","","","","","","",""
"pe-notification-test@bewertet.de","6890244","431508254","","5 Sterne allein zeigen nicht, warum Kunden dich wählen","""Vero von ProvenExpert"" <veronica@provenexpert.com>","[support@provenexpert.com]","[]","[]","2026-08-05 09:04:56","9a069894-914b-40b5-8c2e-f69702ca115e","OPEN","e75eb8f6-0aa1-3187-94b3-9ecc1c7a69ce","2026-08-05 09:17:06","<1785913496214.9a069894-914b-40b5-8c2e-f69702ca115e@smtp.hubapi.com>","","","9aa6bdf7-9009-30e7-8640-5e1dbe293c0a","2026-08-05 09:17:06","","","20185","AbBatch","Mozilla/5.0 (Windows NT 10.0; Win64; x64) AppleWebKit/537.36 (KHTML, like Gecko) Chrome/129.0.0.0 Safari/537.36","berlin","berlin","GERMANY","","","","null","","","","","",""
"info@landhaus-meerregion.de","6890244","431508254","","5 Sterne allein zeigen nicht, warum Kunden dich wählen","""Vero von ProvenExpert"" <veronica@provenexpert.com>","[support@provenexpert.com]","[]","[]","2026-08-05 09:04:55","9395a2e6-ed00-4e61-9747-1c1cf131e4c9","OPEN","101c6848-3433-3cb3-b996-20eac855f1d0","2026-08-05 11:39:07","<1785913495815.9395a2e6-ed00-4e61-9747-1c1cf131e4c9@smtp.hubapi.com>","","","","","","","20185","AbBatch","Mozilla/5.0 (Windows NT 5.1; rv:11.0) Gecko Firefox/11.0 (via ggpht.com GoogleImageProxy)","Unknown","Unknown","Unknown","","","","0","","","","","",""
"info@landhaus-meerregion.de","6890244","431508254","","5 Sterne allein zeigen nicht, warum Kunden dich wählen","""Vero von ProvenExpert"" <veronica@provenexpert.com>","[support@provenexpert.com]","[]","[]","2026-08-05 09:04:55","9395a2e6-ed00-4e61-9747-1c1cf131e4c9","OPEN","e16a9408-a1a0-32f5-9941-ff2efd097ee7","2026-08-06 09:08:00","<1785913495815.9395a2e6-ed00-4e61-9747-1c1cf131e4c9@smtp.hubapi.com>","","","","","","","20185","AbBatch","Mozilla/5.0 (Windows NT 5.1; rv:11.0) Gecko Firefox/11.0 (via ggpht.com GoogleImageProxy)","Unknown","Unknown","Unknown","","","","0","","","","","",""
"info@landhaus-meerregion.de","6890244","431508254","","5 Sterne allein zeigen nicht, warum Kunden dich wählen","""Vero von ProvenExpert"" <veronica@provenexpert.com>","[support@provenexpert.com]","[]","[]","2026-08-05 09:04:55","9395a2e6-ed00-4e61-9747-1c1cf131e4c9","OPEN","0111cc74-2533-32b3-9d12-f0b3e5311838","2026-08-06 10:51:44","<1785913495815.9395a2e6-ed00-4e61-9747-1c1cf131e4c9@smtp.hubapi.com>","","","","","","","20185","AbBatch","Mozilla/5.0 (Windows NT 5.1; rv:11.0) Gecko Firefox/11.0 (via ggpht.com GoogleImageProxy)","Unknown","Unknown","Unknown","","","","0","","","","","",""
"info@landhaus-meerregion.de","6890244","431508254","","5 Sterne allein zeigen nicht, warum Kunden dich wählen","""Vero von ProvenExpert"" <veronica@provenexpert.com>","[support@provenexpert.com]","[]","[]","2026-08-05 09:04:55","9395a2e6-ed00-4e61-9747-1c1cf131e4c9","OPEN","c4e6c116-c520-316d-abba-152ab05781eb","2026-08-05 10:03:41","<1785913495815.9395a2e6-ed00-4e61-9747-1c1cf131e4c9@smtp.hubapi.com>","","","","","","","20185","AbBatch","Mozilla/5.0 (Windows NT 5.1; rv:11.0) Gecko Firefox/11.0 (via ggpht.com GoogleImageProxy)","Unknown","Unknown","Unknown","","","","0","","","","","",""
"info@landhaus-meerregion.de","6890244","431508254","","5 Sterne allein zeigen nicht, warum Kunden dich wählen","""Vero von ProvenExpert"" <veronica@provenexpert.com>","[support@provenexpert.com]","[]","[]","2026-08-05 09:04:55","9395a2e6-ed00-4e61-9747-1c1cf131e4c9","DELIVERED","b2297135-34a8-315f-8d69-362b8f0f06b2","2026-08-05 09:04:57","<1785913495815.9395a2e6-ed00-4e61-9747-1c1cf131e4c9@smtp.hubapi.com>","","","","","","","20185","AbBatch","","","","","","","","","","","","","",""
"info@landhaus-meerregion.de","6890244","431508254","","5 Sterne allein zeigen nicht, warum Kunden dich wählen","""Vero von ProvenExpert"" <veronica@provenexpert.com>","[support@provenexpert.com]","[]","[]","2026-08-05 09:04:55","9395a2e6-ed00-4e61-9747-1c1cf131e4c9","SENT","9395a2e6-ed00-4e61-9747-1c1cf131e4c9","2026-08-05 09:04:55","<1785913495815.9395a2e6-ed00-4e61-9747-1c1cf131e4c9@smtp.hubapi.com>","","","","","","","20185","AbBatch","","","","","","","","","","","","","",""
"info@trafficmanufaktur.de","6890244","431508254","","5 Sterne allein zeigen nicht, warum Kunden dich wählen","""Vero von ProvenExpert"" <veronica@provenexpert.com>","[support@provenexpert.com]","[]","[]","2026-08-05 09:04:56","bb88bf7c-15df-47eb-afba-8a1f85087ef4","SENT","bb88bf7c-15df-47eb-afba-8a1f85087ef4","2026-08-05 09:04:56","<1785913496246.bb88bf7c-15df-47eb-afba-8a1f85087ef4@smtp.hubapi.com>","","","","","","","20185","AbBatch","","","","","","","","","","","","","",""
"info@trafficmanufaktur.de","6890244","431508254","","5 Sterne allein zeigen nicht, warum Kunden dich wählen","""Vero von ProvenExpert"" <veronica@provenexpert.com>","[support@provenexpert.com]","[]","[]","2026-08-05 09:04:56","bb88bf7c-15df-47eb-afba-8a1f85087ef4","DELIVERED","147c80b8-6e4e-3eb8-8800-6655db05dd16","2026-08-05 09:05:01","<1785913496246.bb88bf7c-15df-47eb-afba-8a1f85087ef4@smtp.hubapi.com>","","","","","","","20185","AbBatch","","","","","","","","","","","","","",""
"info@hahn-rechtsanwaelte.de","6890244","431508254","","5 Sterne allein zeigen nicht, warum Kunden dich wählen","""Vero von ProvenExpert"" <veronica@provenexpert.com>","[support@provenexpert.com]","[]","[]","2026-08-05 09:04:55","54d291d1-e896-4a85-91de-ed6a6adb7f9c","DELIVERED","09e8a8f3-5fb5-308d-a4ec-7b2c54080063","2026-08-05 11:05:17","<1785913495842.54d291d1-e896-4a85-91de-ed6a6adb7f9c@smtp.hubapi.com>","","","","","","","20185","AbBatch","","","","","","","","","","","","","",""
"info@hahn-rechtsanwaelte.de","6890244","431508254","","5 Sterne allein zeigen nicht, warum Kunden dich wählen","""Vero von ProvenExpert"" <veronica@provenexpert.com>","[support@provenexpert.com]","[]","[]","2026-08-05 09:04:55","54d291d1-e896-4a85-91de-ed6a6adb7f9c","SENT","54d291d1-e896-4a85-91de-ed6a6adb7f9c","2026-08-05 09:04:55","<1785913495842.54d291d1-e896-4a85-91de-ed6a6adb7f9c@smtp.hubapi.com>","","","","","","","20185","AbBatch","","","","","","","","","","","","","",""
"info@hahn-rechtsanwaelte.de","6890244","431508254","","5 Sterne allein zeigen nicht, warum Kunden dich wählen","""Vero von ProvenExpert"" <veronica@provenexpert.com>","[support@provenexpert.com]","[]","[]","2026-08-05 09:04:55","54d291d1-e896-4a85-91de-ed6a6adb7f9c","DEFERRED","835280e1-4fb1-3d12-bdf8-2a5a1d9de9ea","2026-08-05 09:05:16","<1785913495842.54d291d1-e896-4a85-91de-ed6a6adb7f9c@smtp.hubapi.com>","","","","","","","20185","AbBatch","","","","","","","","","","","","","",""
"info@htb-schmidt.de","6890244","431508253","","Wie dich konkrete Umfragen in KI-Systemen nach vorne bringen","""Vero von ProvenExpert"" <veronica@provenexpert.com>","[support@provenexpert.com]","[]","[]","2026-08-05 11:05:02","a24927ce-50a3-47b5-9056-b16f1bb87525","DELIVERED","9809dfe4-6a32-36ce-b91f-2d22114e4bdb","2026-08-05 11:05:05","<1785920702349.a24927ce-50a3-47b5-9056-b16f1bb87525@smtp.hubapi.com>","","","","","","","20185","AbBatch","","","","","","","","","","","","","",""
"info@htb-schmidt.de","6890244","431508253","","Wie dich konkrete Umfragen in KI-Systemen nach vorne bringen","""Vero von ProvenExpert"" <veronica@provenexpert.com>","[support@provenexpert.com]","[]","[]","2026-08-05 11:05:02","a24927ce-50a3-47b5-9056-b16f1bb87525","SENT","a24927ce-50a3-47b5-9056-b16f1bb87525","2026-08-05 11:05:02","<1785920702349.a24927ce-50a3-47b5-9056-b16f1bb87525@smtp.hubapi.com>","","","","","","","20185","AbBatch","","","","","","","","","","","","","",""
"b.lentz@pmg-finanz.de","6890244","431508255","","Wie dich konkrete Umfragen in KI-Systemen nach vorne bringen","""Vero von ProvenExpert"" <veronica@provenexpert.com>","[support@provenexpert.com]","[]","[]","2026-08-05 09:04:55","6a9ebe13-ed5c-446c-bba1-98c59c278d2c","SENT","6a9ebe13-ed5c-446c-bba1-98c59c278d2c","2026-08-05 09:04:55","<1785913495888.6a9ebe13-ed5c-446c-bba1-98c59c278d2c@smtp.hubapi.com>","","","","","","","20185","AbBatch","","","","","","","","","","","","","",""
"b.lentz@pmg-finanz.de","6890244","431508255","","Wie dich konkrete Umfragen in KI-Systemen nach vorne bringen","""Vero von ProvenExpert"" <veronica@provenexpert.com>","[support@provenexpert.com]","[]","[]","2026-08-05 09:04:55","6a9ebe13-ed5c-446c-bba1-98c59c278d2c","DELIVERED","6a0537ec-826f-3144-a38e-5573616f3b89","2026-08-05 09:05:00","<1785913495888.6a9ebe13-ed5c-446c-bba1-98c59c278d2c@smtp.hubapi.com>","","","","","","","20185","AbBatch","","","","","","","","","","","","","",""
"info@rieck-partner.de","6890244","431508253","","Wie dich konkrete Umfragen in KI-Systemen nach vorne bringen","""Vero von ProvenExpert"" <veronica@provenexpert.com>","[support@provenexpert.com]","[]","[]","2026-08-05 11:05:02","9d11ac36-07c1-41c9-aeee-b8100edd69db","DEFERRED","527e9234-f656-3e87-9654-a65f0ba91e44","2026-08-05 11:07:03","<1785920702079.9d11ac36-07c1-41c9-aeee-b8100edd69db@smtp.hubapi.com>","","","","","","","20185","AbBatch","","","","","","","","","","","","","",""
"info@rieck-partner.de","6890244","431508253","","Wie dich konkrete Umfragen in KI-Systemen nach vorne bringen","""Vero von ProvenExpert"" <veronica@provenexpert.com>","[support@provenexpert.com]","[]","[]","2026-08-05 11:05:02","9d11ac36-07c1-41c9-aeee-b8100edd69db","DELIVERED","7a398de2-fdc6-3fb7-8009-0de114d2feca","2026-08-05 11:17:09","<1785920702079.9d11ac36-07c1-41c9-aeee-b8100edd69db@smtp.hubapi.com>","","","","","","","20185","AbBatch","","","","","","","","","","","","","",""
"info@rieck-partner.de","6890244","431508253","","Wie dich konkrete Umfragen in KI-Systemen nach vorne bringen","""Vero von ProvenExpert"" <veronica@provenexpert.com>","[support@provenexpert.com]","[]","[]","2026-08-05 11:05:02","9d11ac36-07c1-41c9-aeee-b8100edd69db","SENT","9d11ac36-07c1-41c9-aeee-b8100edd69db","2026-08-05 11:05:02","<1785920702079.9d11ac36-07c1-41c9-aeee-b8100edd69db@smtp.hubapi.com>","","","","","","","20185","AbBatch","","","","","","","","","","","","","",""
"info@grossklein-immobilien.de","6890244","431508255","","Wie dich konkrete Umfragen in KI-Systemen nach vorne bringen","""Vero von ProvenExpert"" <veronica@provenexpert.com>","[support@provenexpert.com]","[]","[]","2026-08-05 09:03:35","679914ac-1d84-4e8d-ab49-eb6c3344a3ce","SENT","679914ac-1d84-4e8d-ab49-eb6c3344a3ce","2026-08-05 09:03:35","<1785913415660.679914ac-1d84-4e8d-ab49-eb6c3344a3ce@smtp.hubapi.com>","","","","","","","20185","AbBatch","","","","","","","","","","","","","",""
"info@grossklein-immobilien.de","6890244","431508255","","Wie dich konkrete Umfragen in KI-Systemen nach vorne bringen","""Vero von ProvenExpert"" <veronica@provenexpert.com>","[support@provenexpert.com]","[]","[]","2026-08-05 09:03:35","679914ac-1d84-4e8d-ab49-eb6c3344a3ce","DELIVERED","e1e9249c-b416-3757-b1d4-7df55ee768a7","2026-08-05 09:03:38","<1785913415660.679914ac-1d84-4e8d-ab49-eb6c3344a3ce@smtp.hubapi.com>","","","","","","","20185","AbBatch","","","","","","","","","","","","","",""
"natursteindesign-rompf@t-online.de","6890244","431508254","","5 Sterne allein zeigen nicht, warum Kunden dich wählen","""Vero von ProvenExpert"" <veronica@provenexpert.com>","[support@provenexpert.com]","[]","[]","2026-08-05 09:04:55","ebfc54c7-ebad-4b0d-94cb-3a90eb26e61e","DELIVERED","7a832f69-7c1b-370f-8a81-7290e981331d","2026-08-05 09:05:25","<1785913495962.ebfc54c7-ebad-4b0d-94cb-3a90eb26e61e@smtp.hubapi.com>","","","","","","","20185","AbBatch","","","","","","","","","","","","","",""
"natursteindesign-rompf@t-online.de","6890244","431508254","","5 Sterne allein zeigen nicht, warum Kunden dich wählen","""Vero von ProvenExpert"" <veronica@provenexpert.com>","[support@provenexpert.com]","[]","[]","2026-08-05 09:04:55","ebfc54c7-ebad-4b0d-94cb-3a90eb26e61e","DEFERRED","b9983d98-3c7e-3874-808d-d6e44f897aae","2026-08-05 09:05:18","<1785913495962.ebfc54c7-ebad-4b0d-94cb-3a90eb26e61e@smtp.hubapi.com>","","","","","","","20185","AbBatch","","","","","","","","","","","","","",""
"natursteindesign-rompf@t-online.de","6890244","431508254","","5 Sterne allein zeigen nicht, warum Kunden dich wählen","""Vero von ProvenExpert"" <veronica@provenexpert.com>","[support@provenexpert.com]","[]","[]","2026-08-05 09:04:55","ebfc54c7-ebad-4b0d-94cb-3a90eb26e61e","SENT","ebfc54c7-ebad-4b0d-94cb-3a90eb26e61e","2026-08-05 09:04:55","<1785913495962.ebfc54c7-ebad-4b0d-94cb-3a90eb26e61e@smtp.hubapi.com>","","","","","","","20185","AbBatch","","","","","","","","","","","","","",""
"mail@secursenior.de","6890244","431508255","","Wie dich konkrete Umfragen in KI-Systemen nach vorne bringen","""Vero von ProvenExpert"" <veronica@provenexpert.com>","[support@provenexpert.com]","[]","[]","2026-08-05 09:04:55","d4678e26-5152-44ad-9928-d6b762ed948f","SENT","d4678e26-5152-44ad-9928-d6b762ed948f","2026-08-05 09:04:55","<1785913495681.d4678e26-5152-44ad-9928-d6b762ed948f@smtp.hubapi.com>","","","","","","","20185","AbBatch","","","","","","","","","","","","","",""
"mail@secursenior.de","6890244","431508255","","Wie dich konkrete Umfragen in KI-Systemen nach vorne bringen","""Vero von ProvenExpert"" <veronica@provenexpert.com>","[support@provenexpert.com]","[]","[]","2026-08-05 09:04:55","d4678e26-5152-44ad-9928-d6b762ed948f","DELIVERED","05d2382a-1684-300a-9876-b8ad6eeea212","2026-08-05 09:04:58","<1785913495681.d4678e26-5152-44ad-9928-d6b762ed948f@smtp.hubapi.com>","","","","","","","20185","AbBatch","","","","","","","","","","","","","",""
"info@hausvertrieb-ostalb.de","6890244","431508253","","Wie dich konkrete Umfragen in KI-Systemen nach vorne bringen","""Vero von ProvenExpert"" <veronica@provenexpert.com>","[support@provenexpert.com]","[]","[]","2026-08-05 11:05:02","1e8db757-8304-4488-8fc6-c4f74f52c8b7","DROPPED","1e8db757-8304-4488-8fc6-c4f74f52c8b7","2026-08-05 11:05:02","<1785920702706.1e8db757-8304-4488-8fc6-c4f74f52c8b7@smtp.hubapi.com>","","","ed52069a-f9d7-36a3-aefc-66aca9d82629","2025-03-12 08:19:00","PREVIOUSLY_BOUNCED","Recipient has previously bounced.","20185","AbBatch","","","","","","","","","550","550-5.7.1 <info@hausvertrieb-ostalb.de> is not one of our own addresses or at least syntactically incorrect. 550 5.7.1 We do not relay messages for other domains.","550-5.7.1 <info@hausvertrieb-ostalb.de> is not one of our own addresses or at least syntactically incorrect. 550 5.7.1 We do not relay messages for other domains.","","",""
"info@123mpu.de","6890244","431508253","","Wie dich konkrete Umfragen in KI-Systemen nach vorne bringen","""Vero von ProvenExpert"" <veronica@provenexpert.com>","[support@provenexpert.com]","[]","[]","2026-08-05 11:05:02","82fe8d66-8927-4c52-bc4d-8ad8b5217f97","DROPPED","82fe8d66-8927-4c52-bc4d-8ad8b5217f97","2026-08-05 11:05:02","<1785920702516.82fe8d66-8927-4c52-bc4d-8ad8b5217f97@smtp.hubapi.com>","","","a98447ab-9127-3d0c-98db-ae74d5e3abdd","2026-02-11 09:01:29","PREVIOUSLY_BOUNCED","Recipient has previously bounced.","20185","AbBatch","","","","","","","","","554","SMTP; 554 5.2.2 <info@123mpu.de> mailbox is full (quota exceeded) 
                 [MSG0027]","SMTP; 554 5.2.2 <info@123mpu.de> mailbox is full (quota exceeded) 
                 [MSG0027]","","",""
"mail@secursenior.de","6890244","431508255","","Wie dich konkrete Umfragen in KI-Systemen nach vorne bringen","""Vero von ProvenExpert"" <veronica@provenexpert.com>","[support@provenexpert.com]","[]","[]","2026-08-05 09:04:55","d4678e26-5152-44ad-9928-d6b762ed948f","OPEN","0ef6d34e-c32c-3951-b81e-d93920387b11","2026-08-05 09:15:18","<1785913495681.d4678e26-5152-44ad-9928-d6b762ed948f@smtp.hubapi.com>","","","","","","","20185","AbBatch","Mozilla/5.0 (Windows NT 5.1; rv:11.0) Gecko Firefox/11.0 (via ggpht.com GoogleImageProxy)","Unknown","Unknown","Unknown","","","","0","","","","","",""
"lindenbijouterie@gmail.com","6890244","431508253","","Wie dich konkrete Umfragen in KI-Systemen nach vorne bringen","""Vero von ProvenExpert"" <veronica@provenexpert.com>","[support@provenexpert.com]","[]","[]","2026-08-05 11:05:01","f344fdaa-e125-40c7-9d0c-9f1bbe57511c","SENT","f344fdaa-e125-40c7-9d0c-9f1bbe57511c","2026-08-05 11:05:01","<1785920701971.f344fdaa-e125-40c7-9d0c-9f1bbe57511c@smtp.hubapi.com>","","","","","","","20185","AbBatch","","","","","","","","","","","","","",""
"lindenbijouterie@gmail.com","6890244","431508253","","Wie dich konkrete Umfragen in KI-Systemen nach vorne bringen","""Vero von ProvenExpert"" <veronica@provenexpert.com>","[support@provenexpert.com]","[]","[]","2026-08-05 11:05:01","f344fdaa-e125-40c7-9d0c-9f1bbe57511c","DELIVERED","c60f5b95-a5a4-33b4-a812-b646658074e2","2026-08-05 11:05:03","<1785920701971.f344fdaa-e125-40c7-9d0c-9f1bbe57511c@smtp.hubapi.com>","","","","","","","20185","AbBatch","","","","","","","","","","","","","",""
"gerald.bressel@t-online.de","6890244","431508254","","5 Sterne allein zeigen nicht, warum Kunden dich wählen","""Vero von ProvenExpert"" <veronica@provenexpert.com>","[support@provenexpert.com]","[]","[]","2026-08-05 09:04:56","10d8fb91-f10e-44a5-9d29-3550ab6c5899","SENT","10d8fb91-f10e-44a5-9d29-3550ab6c5899","2026-08-05 09:04:56","<1785913496145.10d8fb91-f10e-44a5-9d29-3550ab6c5899@smtp.hubapi.com>","","","","","","","20185","AbBatch","","","","","","","","","","","","","",""
"gerald.bressel@t-online.de","6890244","431508254","","5 Sterne allein zeigen nicht, warum Kunden dich wählen","""Vero von ProvenExpert"" <veronica@provenexpert.com>","[support@provenexpert.com]","[]","[]","2026-08-05 09:04:56","10d8fb91-f10e-44a5-9d29-3550ab6c5899","DELIVERED","4b9fc2c1-0f25-3468-9b91-4116281191a5","2026-08-05 09:04:59","<1785913496145.10d8fb91-f10e-44a5-9d29-3550ab6c5899@smtp.hubapi.com>","","","","","","","20185","AbBatch","","","","","","","","","","","","","",""
"info@identible.de","6890244","431508253","","Wie dich konkrete Umfragen in KI-Systemen nach vorne bringen","""Vero von ProvenExpert"" <veronica@provenexpert.com>","[support@provenexpert.com]","[]","[]","2026-08-05 11:05:02","32d1035b-2a4d-4c60-a08d-96f14bf1140c","DELIVERED","71b48039-112f-3ebd-a92d-2b682e071750","2026-08-05 11:05:06","<1785920702411.32d1035b-2a4d-4c60-a08d-96f14bf1140c@smtp.hubapi.com>","","","","","","","20185","AbBatch","","","","","","","","","","","","","",""
"info@identible.de","6890244","431508253","","Wie dich konkrete Umfragen in KI-Systemen nach vorne bringen","""Vero von ProvenExpert"" <veronica@provenexpert.com>","[support@provenexpert.com]","[]","[]","2026-08-05 11:05:02","32d1035b-2a4d-4c60-a08d-96f14bf1140c","SENT","32d1035b-2a4d-4c60-a08d-96f14bf1140c","2026-08-05 11:05:02","<1785920702411.32d1035b-2a4d-4c60-a08d-96f14bf1140c@smtp.hubapi.com>","","","","","","","20185","AbBatch","","","","","","","","","","","","","",""
"jana.noack@trendig.com","6890244","431508253","","Wie dich konkrete Umfragen in KI-Systemen nach vorne bringen","""Vero von ProvenExpert"" <veronica@provenexpert.com>","[support@provenexpert.com]","[]","[]","2026-08-05 11:05:02","d93e9754-6f00-42cd-bdcc-b1ee987542e8","SENT","d93e9754-6f00-42cd-bdcc-b1ee987542e8","2026-08-05 11:05:02","<1785920702705.d93e9754-6f00-42cd-bdcc-b1ee987542e8@smtp.hubapi.com>","","","","","","","20185","AbBatch","","","","","","","","","","","","","",""
"jana.noack@trendig.com","6890244","431508253","","Wie dich konkrete Umfragen in KI-Systemen nach vorne bringen","""Vero von ProvenExpert"" <veronica@provenexpert.com>","[support@provenexpert.com]","[]","[]","2026-08-05 11:05:02","d93e9754-6f00-42cd-bdcc-b1ee987542e8","DELIVERED","f3b0fe67-4159-33bf-b5ca-6363f1b436de","2026-08-05 11:05:05","<1785920702705.d93e9754-6f00-42cd-bdcc-b1ee987542e8@smtp.hubapi.com>","","","","","","","20185","AbBatch","","","","","","","","","","","","","",""
"mail@enmedica.de","6890244","431508255","","Wie dich konkrete Umfragen in KI-Systemen nach vorne bringen","""Vero von ProvenExpert"" <veronica@provenexpert.com>","[support@provenexpert.com]","[]","[]","2026-08-05 09:04:55","5634aea5-a2a7-4204-93d0-99d3698dcc10","DELIVERED","b181f3f7-3fc2-380d-bf3a-8c7287fc43f0","2026-08-05 09:05:01","<1785913495941.5634aea5-a2a7-4204-93d0-99d3698dcc10@smtp.hubapi.com>","","","","","","","20185","AbBatch","","","","","","","","","","","","","",""
"mail@enmedica.de","6890244","431508255","","Wie dich konkrete Umfragen in KI-Systemen nach vorne bringen","""Vero von ProvenExpert"" <veronica@provenexpert.com>","[support@provenexpert.com]","[]","[]","2026-08-05 09:04:55","5634aea5-a2a7-4204-93d0-99d3698dcc10","SENT","5634aea5-a2a7-4204-93d0-99d3698dcc10","2026-08-05 09:04:55","<1785913495941.5634aea5-a2a7-4204-93d0-99d3698dcc10@smtp.hubapi.com>","","","","","","","20185","AbBatch","","","","","","","","","","","","","",""
"info@dass-dach-holz.de","6890244","431508254","","5 Sterne allein zeigen nicht, warum Kunden dich wählen","""Vero von ProvenExpert"" <veronica@provenexpert.com>","[support@provenexpert.com]","[]","[]","2026-08-05 09:04:55","4d50af11-ba76-41d6-824f-2a93c8b03646","DELIVERED","8d204827-3319-355c-8601-ec0e88aeb45d","2026-08-05 09:05:49","<1785913495931.4d50af11-ba76-41d6-824f-2a93c8b03646@smtp.hubapi.com>","","","","","","","20185","AbBatch","","","","","","","","","","","","","",""
"info@dass-dach-holz.de","6890244","431508254","","5 Sterne allein zeigen nicht, warum Kunden dich wählen","""Vero von ProvenExpert"" <veronica@provenexpert.com>","[support@provenexpert.com]","[]","[]","2026-08-05 09:04:55","4d50af11-ba76-41d6-824f-2a93c8b03646","SENT","4d50af11-ba76-41d6-824f-2a93c8b03646","2026-08-05 09:04:55","<1785913495931.4d50af11-ba76-41d6-824f-2a93c8b03646@smtp.hubapi.com>","","","","","","","20185","AbBatch","","","","","","","","","","","","","",""
"muftester+kensigtontest@googlemail.com","6890244","431508253","","Wie dich konkrete Umfragen in KI-Systemen nach vorne bringen","""Vero von ProvenExpert"" <veronica@provenexpert.com>","[support@provenexpert.com]","[]","[]","2026-08-05 11:05:02","dcf2c2a2-9a68-44b0-b636-5971f8a78475","SENT","dcf2c2a2-9a68-44b0-b636-5971f8a78475","2026-08-05 11:05:02","<1785920702712.dcf2c2a2-9a68-44b0-b636-5971f8a78475@smtp.hubapi.com>","","","","","","","20185","AbBatch","","","","","","","","","","","","","",""
"muftester+kensigtontest@googlemail.com","6890244","431508253","","Wie dich konkrete Umfragen in KI-Systemen nach vorne bringen","""Vero von ProvenExpert"" <veronica@provenexpert.com>","[support@provenexpert.com]","[]","[]","2026-08-05 11:05:02","dcf2c2a2-9a68-44b0-b636-5971f8a78475","DELIVERED","8c86e7af-dd7f-311b-afac-ab45aaff7a74","2026-08-05 11:05:05","<1785920702712.dcf2c2a2-9a68-44b0-b636-5971f8a78475@smtp.hubapi.com>","","","","","","","20185","AbBatch","","","","","","","","","","","","","",""
"info@optik-rank.de","6890244","431508253","","Wie dich konkrete Umfragen in KI-Systemen nach vorne bringen","""Vero von ProvenExpert"" <veronica@provenexpert.com>","[support@provenexpert.com]","[]","[]","2026-08-05 11:05:02","7a523ea7-0d92-4691-b3ec-4c3a3e223ad0","SUPPRESSED","7a523ea7-0d92-4691-b3ec-4c3a3e223ad0","2026-08-05 11:05:02","<1785920702085.7a523ea7-0d92-4691-b3ec-4c3a3e223ad0@smtp.hubapi.com>","","","","","NON_MARKETABLE_CONTACT","Recipient is not a marketable contact","20185","AbBatch","","","","","","","","","","","","","",""
"alexander.tremer@googlemail.com","6890244","431508254","","5 Sterne allein zeigen nicht, warum Kunden dich wählen","""Vero von ProvenExpert"" <veronica@provenexpert.com>","[support@provenexpert.com]","[]","[]","2026-08-05 09:04:56","581bc9de-b882-4919-b330-38d19f86b689","DELIVERED","b0d55b2a-7bfc-3cef-b827-965919698135","2026-08-05 09:04:57","<1785913496083.581bc9de-b882-4919-b330-38d19f86b689@smtp.hubapi.com>","","","","","","","20185","AbBatch","","","","","","","","","","","","","",""
"alexander.tremer@googlemail.com","6890244","431508254","","5 Sterne allein zeigen nicht, warum Kunden dich wählen","""Vero von ProvenExpert"" <veronica@provenexpert.com>","[support@provenexpert.com]","[]","[]","2026-08-05 09:04:56","581bc9de-b882-4919-b330-38d19f86b689","SENT","581bc9de-b882-4919-b330-38d19f86b689","2026-08-05 09:04:56","<1785913496083.581bc9de-b882-4919-b330-38d19f86b689@smtp.hubapi.com>","","","","","","","20185","AbBatch","","","","","","","","","","","","","",""
"info@eventcatering24.de","6890244","431508253","","Wie dich konkrete Umfragen in KI-Systemen nach vorne bringen","""Vero von ProvenExpert"" <veronica@provenexpert.com>","[support@provenexpert.com]","[]","[]","2026-08-05 11:05:02","0054164d-8902-4032-988d-af3d5d9fc695","DELIVERED","1ceaa298-b40b-3e9d-ad57-beb351e78b6a","2026-08-05 11:05:05","<1785920702249.0054164d-8902-4032-988d-af3d5d9fc695@smtp.hubapi.com>","","","","","","","20185","AbBatch","","","","","","","","","","","","","",""
"info@eventcatering24.de","6890244","431508253","","Wie dich konkrete Umfragen in KI-Systemen nach vorne bringen","""Vero von ProvenExpert"" <veronica@provenexpert.com>","[support@provenexpert.com]","[]","[]","2026-08-05 11:05:02","0054164d-8902-4032-988d-af3d5d9fc695","SENT","0054164d-8902-4032-988d-af3d5d9fc695","2026-08-05 11:05:02","<1785920702249.0054164d-8902-4032-988d-af3d5d9fc695@smtp.hubapi.com>","","","","","","","20185","AbBatch","","","","","","","","","","","","","",""
"berlinimmobilien24.com@gmail.com","6890244","431508254","","5 Sterne allein zeigen nicht, warum Kunden dich wählen","""Vero von ProvenExpert"" <veronica@provenexpert.com>","[support@provenexpert.com]","[]","[]","2026-08-05 09:04:55","1c13f345-bf81-49cc-9b88-4864cb55c557","SENT","1c13f345-bf81-49cc-9b88-4864cb55c557","2026-08-05 09:04:55","<1785913495923.1c13f345-bf81-49cc-9b88-4864cb55c557@smtp.hubapi.com>","","","","","","","20185","AbBatch","","","","","","","","","","","","","",""
"berlinimmobilien24.com@gmail.com","6890244","431508254","","5 Sterne allein zeigen nicht, warum Kunden dich wählen","""Vero von ProvenExpert"" <veronica@provenexpert.com>","[support@provenexpert.com]","[]","[]","2026-08-05 09:04:55","1c13f345-bf81-49cc-9b88-4864cb55c557","DELIVERED","8b00b5ce-2b34-3e1c-898b-895b97924d08","2026-08-05 09:04:57","<1785913495923.1c13f345-bf81-49cc-9b88-4864cb55c557@smtp.hubapi.com>","","","","","","","20185","AbBatch","","","","","","","","","","","","","",""
"info@sonnenzeit-studio.de","6890244","431508253","","Wie dich konkrete Umfragen in KI-Systemen nach vorne bringen","""Vero von ProvenExpert"" <veronica@provenexpert.com>","[support@provenexpert.com]","[]","[]","2026-08-05 11:05:02","8a607c65-c9ce-4959-b9cc-f46d5a2bcb44","DELIVERED","148843af-94ed-3889-8e9f-b3c00cfad8cc","2026-08-05 11:05:47","<1785920702273.8a607c65-c9ce-4959-b9cc-f46d5a2bcb44@smtp.hubapi.com>","","","","","","","20185","AbBatch","","","","","","","","","","","","","",""
"info@sonnenzeit-studio.de","6890244","431508253","","Wie dich konkrete Umfragen in KI-Systemen nach vorne bringen","""Vero von ProvenExpert"" <veronica@provenexpert.com>","[support@provenexpert.com]","[]","[]","2026-08-05 11:05:02","8a607c65-c9ce-4959-b9cc-f46d5a2bcb44","SENT","8a607c65-c9ce-4959-b9cc-f46d5a2bcb44","2026-08-05 11:05:02","<1785920702273.8a607c65-c9ce-4959-b9cc-f46d5a2bcb44@smtp.hubapi.com>","","","","","","","20185","AbBatch","","","","","","","","","","","","","",""
"reisle@clickonmedia.de","6890244","431508254","","5 Sterne allein zeigen nicht, warum Kunden dich wählen","""Vero von ProvenExpert"" <veronica@provenexpert.com>","[support@provenexpert.com]","[]","[]","2026-08-05 09:04:56","b24356e8-98e5-4eeb-8fd0-cefebbec3b02","DELIVERED","71f437ee-464e-32e6-8a8a-fe3dd77e3945","2026-08-05 09:04:59","<1785913496199.b24356e8-98e5-4eeb-8fd0-cefebbec3b02@smtp.hubapi.com>","","","","","","","20185","AbBatch","","","","","","","","","","","","","",""
"reisle@clickonmedia.de","6890244","431508254","","5 Sterne allein zeigen nicht, warum Kunden dich wählen","""Vero von ProvenExpert"" <veronica@provenexpert.com>","[support@provenexpert.com]","[]","[]","2026-08-05 09:04:56","b24356e8-98e5-4eeb-8fd0-cefebbec3b02","SENT","b24356e8-98e5-4eeb-8fd0-cefebbec3b02","2026-08-05 09:04:56","<1785913496199.b24356e8-98e5-4eeb-8fd0-cefebbec3b02@smtp.hubapi.com>","","","","","","","20185","AbBatch","","","","","","","","","","","","","",""
"nick@nfxmedia.de","6890244","431508255","","Wie dich konkrete Umfragen in KI-Systemen nach vorne bringen","""Vero von ProvenExpert"" <veronica@provenexpert.com>","[support@provenexpert.com]","[]","[]","2026-08-05 09:03:35","5ff78b62-50f4-4055-868f-25893512d923","DELIVERED","a49d10e8-147c-387c-b927-b85a45ab7de3","2026-08-05 09:03:44","<1785913415777.5ff78b62-50f4-4055-868f-25893512d923@smtp.hubapi.com>","","","","","","","20185","AbBatch","","","","","","","","","","","","","",""
"nick@nfxmedia.de","6890244","431508255","","Wie dich konkrete Umfragen in KI-Systemen nach vorne bringen","""Vero von ProvenExpert"" <veronica@provenexpert.com>","[support@provenexpert.com]","[]","[]","2026-08-05 09:03:35","5ff78b62-50f4-4055-868f-25893512d923","SENT","5ff78b62-50f4-4055-868f-25893512d923","2026-08-05 09:03:35","<1785913415777.5ff78b62-50f4-4055-868f-25893512d923@smtp.hubapi.com>","","","","","","","20185","AbBatch","","","","","","","","","","","","","",""
"info@finest-real-estate.com","6890244","431508255","","Wie dich konkrete Umfragen in KI-Systemen nach vorne bringen","""Vero von ProvenExpert"" <veronica@provenexpert.com>","[support@provenexpert.com]","[]","[]","2026-08-05 09:03:35","d606274b-d8d7-4d68-afff-318e6a13eeaf","DROPPED","d606274b-d8d7-4d68-afff-318e6a13eeaf","2026-08-05 09:03:35","<1785913415750.d606274b-d8d7-4d68-afff-318e6a13eeaf@smtp.hubapi.com>","","","8303eab1-c3d9-3937-b762-8bd873d98241","2025-09-09 13:39:12","PREVIOUSLY_BOUNCED","Recipient has previously bounced.","20185","AbBatch","","","","","","","","","550","550 5.1.1 <info@finest-real-estate.com>: Recipient address rejected: User unknown in relay recipient table","550 5.1.1 <info@finest-real-estate.com>: Recipient address rejected: User unknown in relay recipient table","","",""
"cengiz.sal82@yahoo.de","6890244","431508253","","Wie dich konkrete Umfragen in KI-Systemen nach vorne bringen","""Vero von ProvenExpert"" <veronica@provenexpert.com>","[support@provenexpert.com]","[]","[]","2026-08-05 11:05:02","4ef62534-800b-4620-913c-1c7797535d08","SENT","4ef62534-800b-4620-913c-1c7797535d08","2026-08-05 11:05:02","<1785920702100.4ef62534-800b-4620-913c-1c7797535d08@smtp.hubapi.com>","","","","","","","20185","AbBatch","","","","","","","","","","","","","",""
"cengiz.sal82@yahoo.de","6890244","431508253","","Wie dich konkrete Umfragen in KI-Systemen nach vorne bringen","""Vero von ProvenExpert"" <veronica@provenexpert.com>","[support@provenexpert.com]","[]","[]","2026-08-05 11:05:02","4ef62534-800b-4620-913c-1c7797535d08","DELIVERED","38492178-26db-3afd-a604-6afc779e34b9","2026-08-05 11:05:04","<1785920702100.4ef62534-800b-4620-913c-1c7797535d08@smtp.hubapi.com>","","","","","","","20185","AbBatch","","","","","","","","","","","","","",""
"webdienste@axel-schroeder.de","6890244","431508255","","Wie dich konkrete Umfragen in KI-Systemen nach vorne bringen","""Vero von ProvenExpert"" <veronica@provenexpert.com>","[support@provenexpert.com]","[]","[]","2026-08-05 09:04:55","897ce523-31ae-493d-8f6b-18446dc54038","DEFERRED","054e6989-45b9-316f-ad31-c96cac031b19","2026-08-05 09:05:17","<1785913495865.897ce523-31ae-493d-8f6b-18446dc54038@smtp.hubapi.com>","","","","","","","20185","AbBatch","","","","","","","","","","","","","",""
"webdienste@axel-schroeder.de","6890244","431508255","","Wie dich konkrete Umfragen in KI-Systemen nach vorne bringen","""Vero von ProvenExpert"" <veronica@provenexpert.com>","[support@provenexpert.com]","[]","[]","2026-08-05 09:04:55","897ce523-31ae-493d-8f6b-18446dc54038","SENT","897ce523-31ae-493d-8f6b-18446dc54038","2026-08-05 09:04:55","<1785913495865.897ce523-31ae-493d-8f6b-18446dc54038@smtp.hubapi.com>","","","","","","","20185","AbBatch","","","","","","","","","","","","","",""
"webdienste@axel-schroeder.de","6890244","431508255","","Wie dich konkrete Umfragen in KI-Systemen nach vorne bringen","""Vero von ProvenExpert"" <veronica@provenexpert.com>","[support@provenexpert.com]","[]","[]","2026-08-05 09:04:55","897ce523-31ae-493d-8f6b-18446dc54038","DELIVERED","4b3e16a7-af7c-3500-880a-4f11524a41a4","2026-08-05 11:05:18","<1785913495865.897ce523-31ae-493d-8f6b-18446dc54038@smtp.hubapi.com>","","","","","","","20185","AbBatch","","","","","","","","","","","","","",""
"info@tina-zander.de","6890244","431508253","","Wie dich konkrete Umfragen in KI-Systemen nach vorne bringen","""Vero von ProvenExpert"" <veronica@provenexpert.com>","[support@provenexpert.com]","[]","[]","2026-08-05 11:05:02","043671cf-6cdf-4e37-b14b-3d072f7c3fa4","SENT","043671cf-6cdf-4e37-b14b-3d072f7c3fa4","2026-08-05 11:05:02","<1785920702599.043671cf-6cdf-4e37-b14b-3d072f7c3fa4@smtp.hubapi.com>","","","","","","","20185","AbBatch","","","","","","","","","","","","","",""
"info@tina-zander.de","6890244","431508253","","Wie dich konkrete Umfragen in KI-Systemen nach vorne bringen","""Vero von ProvenExpert"" <veronica@provenexpert.com>","[support@provenexpert.com]","[]","[]","2026-08-05 11:05:02","043671cf-6cdf-4e37-b14b-3d072f7c3fa4","DELIVERED","45e5094a-1c05-38b5-b7da-9e116fb0ae15","2026-08-05 11:05:09","<1785920702599.043671cf-6cdf-4e37-b14b-3d072f7c3fa4@smtp.hubapi.com>","","","","","","","20185","AbBatch","","","","","","","","","","","","","",""
"d.boehme@nuernbergerklinik.de","6890244","431508253","","Wie dich konkrete Umfragen in KI-Systemen nach vorne bringen","""Vero von ProvenExpert"" <veronica@provenexpert.com>","[support@provenexpert.com]","[]","[]","2026-08-05 11:05:02","14fda79c-3f5b-46c1-97a1-56007c7505d4","DELIVERED","b7e8a95b-7a8e-3aaa-bae7-786160ce9d3d","2026-08-05 11:05:05","<1785920702493.14fda79c-3f5b-46c1-97a1-56007c7505d4@smtp.hubapi.com>","","","","","","","20185","AbBatch","","","","","","","","","","","","","",""
"d.boehme@nuernbergerklinik.de","6890244","431508253","","Wie dich konkrete Umfragen in KI-Systemen nach vorne bringen","""Vero von ProvenExpert"" <veronica@provenexpert.com>","[support@provenexpert.com]","[]","[]","2026-08-05 11:05:02","14fda79c-3f5b-46c1-97a1-56007c7505d4","SENT","14fda79c-3f5b-46c1-97a1-56007c7505d4","2026-08-05 11:05:02","<1785920702493.14fda79c-3f5b-46c1-97a1-56007c7505d4@smtp.hubapi.com>","","","","","","","20185","AbBatch","","","","","","","","","","","","","",""
"support@asbestwaechter.de","6890244","431508253","","Wie dich konkrete Umfragen in KI-Systemen nach vorne bringen","""Vero von ProvenExpert"" <veronica@provenexpert.com>","[support@provenexpert.com]","[]","[]","2026-08-05 11:05:02","7a19a441-43e8-47a7-a831-86a6d21f0c26","SUPPRESSED","7a19a441-43e8-47a7-a831-86a6d21f0c26","2026-08-05 11:05:02","<1785920702744.7a19a441-43e8-47a7-a831-86a6d21f0c26@smtp.hubapi.com>","","","","","NON_MARKETABLE_CONTACT","Recipient is not a marketable contact","20185","AbBatch","","","","","","","","","","","","","",""
"info@thorit.de","6890244","431508255","","Wie dich konkrete Umfragen in KI-Systemen nach vorne bringen","""Vero von ProvenExpert"" <veronica@provenexpert.com>","[support@provenexpert.com]","[]","[]","2026-08-05 09:03:35","d1234d8a-b396-464e-b53d-1f740d977700","SENT","d1234d8a-b396-464e-b53d-1f740d977700","2026-08-05 09:03:35","<1785913415645.d1234d8a-b396-464e-b53d-1f740d977700@smtp.hubapi.com>","","","","","","","20185","AbBatch","","","","","","","","","","","","","",""
"info@thorit.de","6890244","431508255","","Wie dich konkrete Umfragen in KI-Systemen nach vorne bringen","""Vero von ProvenExpert"" <veronica@provenexpert.com>","[support@provenexpert.com]","[]","[]","2026-08-05 09:03:35","d1234d8a-b396-464e-b53d-1f740d977700","DELIVERED","df2f2748-abd6-34ad-b07c-0ccd085e605f","2026-08-05 09:03:39","<1785913415645.d1234d8a-b396-464e-b53d-1f740d977700@smtp.hubapi.com>","","","","","","","20185","AbBatch","","","","","","","","","","","","","",""
"merlin-stumpe@t-online.de","6890244","431508253","","Wie dich konkrete Umfragen in KI-Systemen nach vorne bringen","""Vero von ProvenExpert"" <veronica@provenexpert.com>","[support@provenexpert.com]","[]","[]","2026-08-05 11:05:02","45abd98f-b5b6-4abd-b164-c00c99328c77","DELIVERED","0c880345-7e76-3102-94d5-04ea04be7474","2026-08-05 11:05:06","<1785920702547.45abd98f-b5b6-4abd-b164-c00c99328c77@smtp.hubapi.com>","","","","","","","20185","AbBatch","","","","","","","","","","","","","",""
"merlin-stumpe@t-online.de","6890244","431508253","","Wie dich konkrete Umfragen in KI-Systemen nach vorne bringen","""Vero von ProvenExpert"" <veronica@provenexpert.com>","[support@provenexpert.com]","[]","[]","2026-08-05 11:05:02","45abd98f-b5b6-4abd-b164-c00c99328c77","SENT","45abd98f-b5b6-4abd-b164-c00c99328c77","2026-08-05 11:05:02","<1785920702547.45abd98f-b5b6-4abd-b164-c00c99328c77@smtp.hubapi.com>","","","","","","","20185","AbBatch","","","","","","","","","","","","","",""
"info@federkielundpartner.de","6890244","431508253","","Wie dich konkrete Umfragen in KI-Systemen nach vorne bringen","""Vero von ProvenExpert"" <veronica@provenexpert.com>","[support@provenexpert.com]","[]","[]","2026-08-05 11:05:01","88e5bce9-b2bf-40f8-b5d5-e97316596750","SENT","88e5bce9-b2bf-40f8-b5d5-e97316596750","2026-08-05 11:05:01","<1785920701963.88e5bce9-b2bf-40f8-b5d5-e97316596750@smtp.hubapi.com>","","","","","","","20185","AbBatch","","","","","","","","","","","","","",""
"info@federkielundpartner.de","6890244","431508253","","Wie dich konkrete Umfragen in KI-Systemen nach vorne bringen","""Vero von ProvenExpert"" <veronica@provenexpert.com>","[support@provenexpert.com]","[]","[]","2026-08-05 11:05:01","88e5bce9-b2bf-40f8-b5d5-e97316596750","OPEN","cf26c264-aeee-375b-ae6b-7b49c52871b0","2026-08-05 11:18:11","<1785920701963.88e5bce9-b2bf-40f8-b5d5-e97316596750@smtp.hubapi.com>","","","","","","","20185","AbBatch","Mozilla/5.0 (Macintosh; Intel Mac OS X 10_15_7) AppleWebKit/605.1.15 (KHTML, like Gecko)","villingen-schwenningen","baden-wurttemberg","GERMANY","","","","4908","","","","","",""
"info@federkielundpartner.de","6890244","431508253","","Wie dich konkrete Umfragen in KI-Systemen nach vorne bringen","""Vero von ProvenExpert"" <veronica@provenexpert.com>","[support@provenexpert.com]","[]","[]","2026-08-05 11:05:01","88e5bce9-b2bf-40f8-b5d5-e97316596750","DELIVERED","630ad005-7566-3d2c-8e29-c5cba0ef1ed0","2026-08-05 11:05:04","<1785920701963.88e5bce9-b2bf-40f8-b5d5-e97316596750@smtp.hubapi.com>","","","","","","","20185","AbBatch","","","","","","","","","","","","","",""
"info@fit-sicher.de","6890244","431508254","","5 Sterne allein zeigen nicht, warum Kunden dich wählen","""Vero von ProvenExpert"" <veronica@provenexpert.com>","[support@provenexpert.com]","[]","[]","2026-08-05 09:04:55","fcac0a18-cab9-4d6f-a87b-13419ff86856","DELIVERED","f89ff7ff-2353-313c-b029-339e99a5cd0c","2026-08-05 09:04:58","<1785913495798.fcac0a18-cab9-4d6f-a87b-13419ff86856@smtp.hubapi.com>","","","","","","","20185","AbBatch","","","","","","","","","","","","","",""
"info@fit-sicher.de","6890244","431508254","","5 Sterne allein zeigen nicht, warum Kunden dich wählen","""Vero von ProvenExpert"" <veronica@provenexpert.com>","[support@provenexpert.com]","[]","[]","2026-08-05 09:04:55","fcac0a18-cab9-4d6f-a87b-13419ff86856","SENT","fcac0a18-cab9-4d6f-a87b-13419ff86856","2026-08-05 09:04:55","<1785913495798.fcac0a18-cab9-4d6f-a87b-13419ff86856@smtp.hubapi.com>","","","","","","","20185","AbBatch","","","","","","","","","","","","","",""
"office@vienna-airport-cab.at","6890244","431508255","","Wie dich konkrete Umfragen in KI-Systemen nach vorne bringen","""Vero von ProvenExpert"" <veronica@provenexpert.com>","[support@provenexpert.com]","[]","[]","2026-08-05 09:03:35","ec2d4262-7849-4e65-ab33-e40d9bb3f348","SENT","ec2d4262-7849-4e65-ab33-e40d9bb3f348","2026-08-05 09:03:35","<1785913415568.ec2d4262-7849-4e65-ab33-e40d9bb3f348@smtp.hubapi.com>","","","","","","","20185","AbBatch","","","","","","","","","","","","","",""
"office@vienna-airport-cab.at","6890244","431508255","","Wie dich konkrete Umfragen in KI-Systemen nach vorne bringen","""Vero von ProvenExpert"" <veronica@provenexpert.com>","[support@provenexpert.com]","[]","[]","2026-08-05 09:03:35","ec2d4262-7849-4e65-ab33-e40d9bb3f348","DELIVERED","f3e8e1d6-dbc0-3739-bfac-43c23759b22e","2026-08-05 09:03:38","<1785913415568.ec2d4262-7849-4e65-ab33-e40d9bb3f348@smtp.hubapi.com>","","","","","","","20185","AbBatch","","","","","","","","","","","","","",""
"office@vienna-airport-cab.at","6890244","431508255","","Wie dich konkrete Umfragen in KI-Systemen nach vorne bringen","""Vero von ProvenExpert"" <veronica@provenexpert.com>","[support@provenexpert.com]","[]","[]","2026-08-05 09:03:35","ec2d4262-7849-4e65-ab33-e40d9bb3f348","OPEN","ee86ede1-8497-3a85-b9e3-97bed8b4d8cd","2026-08-05 09:06:51","<1785913415568.ec2d4262-7849-4e65-ab33-e40d9bb3f348@smtp.hubapi.com>","","","","","","","20185","AbBatch","Mozilla/5.0 (iPhone; CPU iPhone OS 11_6_1 like Mac OS X) AppleWebKit/605.1.15 (KHTML, like Gecko) Mobile/15E148","vienna","wien","AUSTRIA","","","","37073","","","","","",""
"wolfram.baitinger@gmx.de","6890244","431508254","","5 Sterne allein zeigen nicht, warum Kunden dich wählen","""Vero von ProvenExpert"" <veronica@provenexpert.com>","[support@provenexpert.com]","[]","[]","2026-08-05 09:04:55","0c52bf1e-18a6-4dc2-a31b-60fc4ff429b9","SENT","0c52bf1e-18a6-4dc2-a31b-60fc4ff429b9","2026-08-05 09:04:55","<1785913495990.0c52bf1e-18a6-4dc2-a31b-60fc4ff429b9@smtp.hubapi.com>","","","","","","","20185","AbBatch","","","","","","","","","","","","","",""
"wolfram.baitinger@gmx.de","6890244","431508254","","5 Sterne allein zeigen nicht, warum Kunden dich wählen","""Vero von ProvenExpert"" <veronica@provenexpert.com>","[support@provenexpert.com]","[]","[]","2026-08-05 09:04:55","0c52bf1e-18a6-4dc2-a31b-60fc4ff429b9","DELIVERED","676db955-bf42-3cc1-92e0-ff64c2320ea1","2026-08-05 09:04:59","<1785913495990.0c52bf1e-18a6-4dc2-a31b-60fc4ff429b9@smtp.hubapi.com>","","","","","","","20185","AbBatch","","","","","","","","","","","","","",""
"alexander.ast@baufi24.de","6890244","431508253","","Wie dich konkrete Umfragen in KI-Systemen nach vorne bringen","""Vero von ProvenExpert"" <veronica@provenexpert.com>","[support@provenexpert.com]","[]","[]","2026-08-05 11:05:02","795be682-7e2c-43ec-bc82-a735f1017b29","DELIVERED","f0701ab9-6307-31ec-bfeb-d8561877b0bb","2026-08-05 11:05:10","<1785920702733.795be682-7e2c-43ec-bc82-a735f1017b29@smtp.hubapi.com>","","","","","","","20185","AbBatch","","","","","","","","","","","","","",""
"alexander.ast@baufi24.de","6890244","431508253","","Wie dich konkrete Umfragen in KI-Systemen nach vorne bringen","""Vero von ProvenExpert"" <veronica@provenexpert.com>","[support@provenexpert.com]","[]","[]","2026-08-05 11:05:02","795be682-7e2c-43ec-bc82-a735f1017b29","SENT","795be682-7e2c-43ec-bc82-a735f1017b29","2026-08-05 11:05:02","<1785920702733.795be682-7e2c-43ec-bc82-a735f1017b29@smtp.hubapi.com>","","","","","","","20185","AbBatch","","","","","","","","","","","","","",""
"srodenberg.sr@googlemail.com","6890244","431508253","","Wie dich konkrete Umfragen in KI-Systemen nach vorne bringen","""Vero von ProvenExpert"" <veronica@provenexpert.com>","[support@provenexpert.com]","[]","[]","2026-08-05 11:05:01","f9dd6ef3-ef51-4275-9d1d-1659a560decd","DELIVERED","d8502b04-67a2-393f-9caf-f8b2b6283c62","2026-08-05 11:05:03","<1785920701954.f9dd6ef3-ef51-4275-9d1d-1659a560decd@smtp.hubapi.com>","","","","","","","20185","AbBatch","","","","","","","","","","","","","",""
"srodenberg.sr@googlemail.com","6890244","431508253","","Wie dich konkrete Umfragen in KI-Systemen nach vorne bringen","""Vero von ProvenExpert"" <veronica@provenexpert.com>","[support@provenexpert.com]","[]","[]","2026-08-05 11:05:01","f9dd6ef3-ef51-4275-9d1d-1659a560decd","SENT","f9dd6ef3-ef51-4275-9d1d-1659a560decd","2026-08-05 11:05:01","<1785920701954.f9dd6ef3-ef51-4275-9d1d-1659a560decd@smtp.hubapi.com>","","","","","","","20185","AbBatch","","","","","","","","","","","","","",""
"lg@finsurance.com","6890244","431508254","","5 Sterne allein zeigen nicht, warum Kunden dich wählen","""Vero von ProvenExpert"" <veronica@provenexpert.com>","[support@provenexpert.com]","[]","[]","2026-08-05 09:04:56","ec84e023-f579-45f7-896e-84d75f70d20f","DELIVERED","7bad588f-dba3-31ec-9072-8cb18251e167","2026-08-05 11:05:19","<1785913496132.ec84e023-f579-45f7-896e-84d75f70d20f@smtp.hubapi.com>","","","","","","","20185","AbBatch","","","","","","","","","","","","","",""
"lg@finsurance.com","6890244","431508254","","5 Sterne allein zeigen nicht, warum Kunden dich wählen","""Vero von ProvenExpert"" <veronica@provenexpert.com>","[support@provenexpert.com]","[]","[]","2026-08-05 09:04:56","ec84e023-f579-45f7-896e-84d75f70d20f","SENT","ec84e023-f579-45f7-896e-84d75f70d20f","2026-08-05 09:04:56","<1785913496132.ec84e023-f579-45f7-896e-84d75f70d20f@smtp.hubapi.com>","","","","","","","20185","AbBatch","","","","","","","","","","","","","",""
"lg@finsurance.com","6890244","431508254","","5 Sterne allein zeigen nicht, warum Kunden dich wählen","""Vero von ProvenExpert"" <veronica@provenexpert.com>","[support@provenexpert.com]","[]","[]","2026-08-05 09:04:56","ec84e023-f579-45f7-896e-84d75f70d20f","DEFERRED","d04a7c4a-c211-3f6d-9b2a-e95c2c0df765","2026-08-05 09:05:18","<1785913496132.ec84e023-f579-45f7-896e-84d75f70d20f@smtp.hubapi.com>","","","","","","","20185","AbBatch","","","","","","","","","","","","","",""
"u.kuehn.pe+2711@gmail.com","6890244","431508255","","Wie dich konkrete Umfragen in KI-Systemen nach vorne bringen","""Vero von ProvenExpert"" <veronica@provenexpert.com>","[support@provenexpert.com]","[]","[]","2026-08-05 09:03:35","4121e3a0-cce1-462f-986e-9cad95e12d6b","SENT","4121e3a0-cce1-462f-986e-9cad95e12d6b","2026-08-05 09:03:35","<1785913415578.4121e3a0-cce1-462f-986e-9cad95e12d6b@smtp.hubapi.com>","","","","","","","20185","AbBatch","","","","","","","","","","","","","",""
"u.kuehn.pe+2711@gmail.com","6890244","431508255","","Wie dich konkrete Umfragen in KI-Systemen nach vorne bringen","""Vero von ProvenExpert"" <veronica@provenexpert.com>","[support@provenexpert.com]","[]","[]","2026-08-05 09:03:35","4121e3a0-cce1-462f-986e-9cad95e12d6b","DELIVERED","75c10a75-9d29-33f1-9dcf-0a0ed49f37b1","2026-08-05 09:03:37","<1785913415578.4121e3a0-cce1-462f-986e-9cad95e12d6b@smtp.hubapi.com>","","","","","","","20185","AbBatch","","","","","","","","","","","","","",""
"info@schoenheitszentrum.de","6890244","431508254","","5 Sterne allein zeigen nicht, warum Kunden dich wählen","""Vero von ProvenExpert"" <veronica@provenexpert.com>","[support@provenexpert.com]","[]","[]","2026-08-05 09:04:55","c82e0cd9-0110-43fd-913e-c162f031c1ba","SENT","c82e0cd9-0110-43fd-913e-c162f031c1ba","2026-08-05 09:04:55","<1785913495636.c82e0cd9-0110-43fd-913e-c162f031c1ba@smtp.hubapi.com>","","","","","","","20185","AbBatch","","","","","","","","","","","","","",""
"info@schoenheitszentrum.de","6890244","431508254","","5 Sterne allein zeigen nicht, warum Kunden dich wählen","""Vero von ProvenExpert"" <veronica@provenexpert.com>","[support@provenexpert.com]","[]","[]","2026-08-05 09:04:55","c82e0cd9-0110-43fd-913e-c162f031c1ba","DELIVERED","503d1645-566b-3d71-845a-1028ab777eb3","2026-08-05 11:05:18","<1785913495636.c82e0cd9-0110-43fd-913e-c162f031c1ba@smtp.hubapi.com>","","","","","","","20185","AbBatch","","","","","","","","","","","","","",""
"info@schoenheitszentrum.de","6890244","431508254","","5 Sterne allein zeigen nicht, warum Kunden dich wählen","""Vero von ProvenExpert"" <veronica@provenexpert.com>","[support@provenexpert.com]","[]","[]","2026-08-05 09:04:55","c82e0cd9-0110-43fd-913e-c162f031c1ba","OPEN","10d85259-d340-3895-9396-bf83df2d4a60","2026-08-05 11:08:10","<1785913495636.c82e0cd9-0110-43fd-913e-c162f031c1ba@smtp.hubapi.com>","","","","","","","20185","AbBatch","Mozilla/5.0 (Macintosh; Intel Mac OS X 10_15_7) AppleWebKit/605.1.15 (KHTML, like Gecko)","bremen","bremen","GERMANY","","","","5011","","","","","",""
"info@schoenheitszentrum.de","6890244","431508254","","5 Sterne allein zeigen nicht, warum Kunden dich wählen","""Vero von ProvenExpert"" <veronica@provenexpert.com>","[support@provenexpert.com]","[]","[]","2026-08-05 09:04:55","c82e0cd9-0110-43fd-913e-c162f031c1ba","DEFERRED","2f79f553-7223-3bc7-90ea-b86ac261abe8","2026-08-05 09:05:16","<1785913495636.c82e0cd9-0110-43fd-913e-c162f031c1ba@smtp.hubapi.com>","","","","","","","20185","AbBatch","","","","","","","","","","","","","",""
"mail@steffen-clahsen.de","6890244","431508255","","Wie dich konkrete Umfragen in KI-Systemen nach vorne bringen","""Vero von ProvenExpert"" <veronica@provenexpert.com>","[support@provenexpert.com]","[]","[]","2026-08-05 09:04:55","90546dca-985c-4351-92fb-c8ce579faaa6","DEFERRED","5286c360-9cc8-394a-8c4a-f74bfe5719c5","2026-08-05 09:05:01","<1785913495629.90546dca-985c-4351-92fb-c8ce579faaa6@smtp.hubapi.com>","","","","","","","20185","AbBatch","","","","","","","","","","","","","",""
"mail@steffen-clahsen.de","6890244","431508255","","Wie dich konkrete Umfragen in KI-Systemen nach vorne bringen","""Vero von ProvenExpert"" <veronica@provenexpert.com>","[support@provenexpert.com]","[]","[]","2026-08-05 09:04:55","90546dca-985c-4351-92fb-c8ce579faaa6","DELIVERED","187a4043-7634-370e-9b2b-c6c4d98b89e4","2026-08-05 09:06:35","<1785913495629.90546dca-985c-4351-92fb-c8ce579faaa6@smtp.hubapi.com>","","","","","","","20185","AbBatch","","","","","","","","","","","","","",""
"mail@steffen-clahsen.de","6890244","431508255","","Wie dich konkrete Umfragen in KI-Systemen nach vorne bringen","""Vero von ProvenExpert"" <veronica@provenexpert.com>","[support@provenexpert.com]","[]","[]","2026-08-05 09:04:55","90546dca-985c-4351-92fb-c8ce579faaa6","SENT","90546dca-985c-4351-92fb-c8ce579faaa6","2026-08-05 09:04:55","<1785913495629.90546dca-985c-4351-92fb-c8ce579faaa6@smtp.hubapi.com>","","","","","","","20185","AbBatch","","","","","","","","","","","","","",""
"kontakt@gessner-legal.de","6890244","431508253","","Wie dich konkrete Umfragen in KI-Systemen nach vorne bringen","""Vero von ProvenExpert"" <veronica@provenexpert.com>","[support@provenexpert.com]","[]","[]","2026-08-05 11:05:02","c7d423d0-0e8a-40e5-8f9b-76d6f7bb0c65","SENT","c7d423d0-0e8a-40e5-8f9b-76d6f7bb0c65","2026-08-05 11:05:02","<1785920702072.c7d423d0-0e8a-40e5-8f9b-76d6f7bb0c65@smtp.hubapi.com>","","","","","","","20185","AbBatch","","","","","","","","","","","","","",""
"kontakt@gessner-legal.de","6890244","431508253","","Wie dich konkrete Umfragen in KI-Systemen nach vorne bringen","""Vero von ProvenExpert"" <veronica@provenexpert.com>","[support@provenexpert.com]","[]","[]","2026-08-05 11:05:02","c7d423d0-0e8a-40e5-8f9b-76d6f7bb0c65","DELIVERED","b75e3034-00eb-3dd1-aca2-527e315946a7","2026-08-05 11:05:05","<1785920702072.c7d423d0-0e8a-40e5-8f9b-76d6f7bb0c65@smtp.hubapi.com>","","","","","","","20185","AbBatch","","","","","","","","","","","","","",""
"oezkanyasin0@gmail.com","6890244","431508254","","5 Sterne allein zeigen nicht, warum Kunden dich wählen","""Vero von ProvenExpert"" <veronica@provenexpert.com>","[support@provenexpert.com]","[]","[]","2026-08-05 09:04:55","1ff63ed6-f15a-4f27-9ff2-00c6ecb4c413","SENT","1ff63ed6-f15a-4f27-9ff2-00c6ecb4c413","2026-08-05 09:04:55","<1785913495909.1ff63ed6-f15a-4f27-9ff2-00c6ecb4c413@smtp.hubapi.com>","","","","","","","20185","AbBatch","","","","","","","","","","","","","",""
"oezkanyasin0@gmail.com","6890244","431508254","","5 Sterne allein zeigen nicht, warum Kunden dich wählen","""Vero von ProvenExpert"" <veronica@provenexpert.com>","[support@provenexpert.com]","[]","[]","2026-08-05 09:04:55","1ff63ed6-f15a-4f27-9ff2-00c6ecb4c413","DELIVERED","04e49751-4393-3058-a327-0e925efe1586","2026-08-05 09:04:57","<1785913495909.1ff63ed6-f15a-4f27-9ff2-00c6ecb4c413@smtp.hubapi.com>","","","","","","","20185","AbBatch","","","","","","","","","","","","","",""
"freihof@res-media.net","6890244","431508254","","5 Sterne allein zeigen nicht, warum Kunden dich wählen","""Vero von ProvenExpert"" <veronica@provenexpert.com>","[support@provenexpert.com]","[]","[]","2026-08-05 09:04:56","330605e8-d38f-4735-a9ba-da95339b7366","OPEN","10c269af-c6bc-3f31-ad70-a31d810617ed","2026-08-05 12:23:43","<1785913496261.330605e8-d38f-4735-a9ba-da95339b7366@smtp.hubapi.com>","","","","","","","20185","AbBatch","Mozilla/5.0 (Windows NT 10.0; Win64; x64) AppleWebKit/537.36 (KHTML, like Gecko) Chrome/150.0.0.0 Safari/537.36","berlin","berlin","GERMANY","","","","1319","","","","","",""
"freihof@res-media.net","6890244","431508254","","5 Sterne allein zeigen nicht, warum Kunden dich wählen","""Vero von ProvenExpert"" <veronica@provenexpert.com>","[support@provenexpert.com]","[]","[]","2026-08-05 09:04:56","330605e8-d38f-4735-a9ba-da95339b7366","SENT","330605e8-d38f-4735-a9ba-da95339b7366","2026-08-05 09:04:56","<1785913496261.330605e8-d38f-4735-a9ba-da95339b7366@smtp.hubapi.com>","","","","","","","20185","AbBatch","","","","","","","","","","","","","",""
"freihof@res-media.net","6890244","431508254","","5 Sterne allein zeigen nicht, warum Kunden dich wählen","""Vero von ProvenExpert"" <veronica@provenexpert.com>","[support@provenexpert.com]","[]","[]","2026-08-05 09:04:56","330605e8-d38f-4735-a9ba-da95339b7366","DELIVERED","291b78e7-0188-31db-9c57-07e1656a9d7d","2026-08-05 09:04:59","<1785913496261.330605e8-d38f-4735-a9ba-da95339b7366@smtp.hubapi.com>","","","","","","","20185","AbBatch","","","","","","","","","","","","","",""
"freihof@res-media.net","6890244","431508254","","5 Sterne allein zeigen nicht, warum Kunden dich wählen","""Vero von ProvenExpert"" <veronica@provenexpert.com>","[support@provenexpert.com]","[]","[]","2026-08-05 09:04:56","330605e8-d38f-4735-a9ba-da95339b7366","OPEN","0f84e69d-7976-3ca0-b54c-c4c16b47a552","2026-08-05 12:23:45","<1785913496261.330605e8-d38f-4735-a9ba-da95339b7366@smtp.hubapi.com>","","","","","","","20185","AbBatch","Mozilla/5.0 (Windows NT 10.0; Win64; x64) AppleWebKit/537.36 (KHTML, like Gecko) Chrome/150.0.0.0 Safari/537.36","berlin","berlin","GERMANY","","","","0","","","","","",""
"info@wb-deutschland.de","6890244","431508253","","Wie dich konkrete Umfragen in KI-Systemen nach vorne bringen","""Vero von ProvenExpert"" <veronica@provenexpert.com>","[support@provenexpert.com]","[]","[]","2026-08-05 11:05:02","d1cf5c36-8372-435c-974c-f53583db3284","DEFERRED","f48a5354-cc1a-3fcd-8b6d-f7eac734c2ce","2026-08-05 11:05:23","<1785920702134.d1cf5c36-8372-435c-974c-f53583db3284@smtp.hubapi.com>","","","","","","","20185","AbBatch","","","","","","","","","","","","","",""
"info@wb-deutschland.de","6890244","431508253","","Wie dich konkrete Umfragen in KI-Systemen nach vorne bringen","""Vero von ProvenExpert"" <veronica@provenexpert.com>","[support@provenexpert.com]","[]","[]","2026-08-05 11:05:02","d1cf5c36-8372-435c-974c-f53583db3284","SENT","d1cf5c36-8372-435c-974c-f53583db3284","2026-08-05 11:05:02","<1785920702134.d1cf5c36-8372-435c-974c-f53583db3284@smtp.hubapi.com>","","","","","","","20185","AbBatch","","","","","","","","","","","","","",""
"info@wb-deutschland.de","6890244","431508253","","Wie dich konkrete Umfragen in KI-Systemen nach vorne bringen","""Vero von ProvenExpert"" <veronica@provenexpert.com>","[support@provenexpert.com]","[]","[]","2026-08-05 11:05:02","d1cf5c36-8372-435c-974c-f53583db3284","OPEN","792ce90c-b03c-3e9c-8ac3-c276d944d0dc","2026-08-05 13:05:34","<1785920702134.d1cf5c36-8372-435c-974c-f53583db3284@smtp.hubapi.com>","","","","","","","20185","AbBatch","Mozilla/5.0 (Macintosh; Intel Mac OS X 10_15_7) AppleWebKit/605.1.15 (KHTML, like Gecko)","karlsruhe","baden-wurttemberg","GERMANY","","","","2557","","","","","",""
"info@wb-deutschland.de","6890244","431508253","","Wie dich konkrete Umfragen in KI-Systemen nach vorne bringen","""Vero von ProvenExpert"" <veronica@provenexpert.com>","[support@provenexpert.com]","[]","[]","2026-08-05 11:05:02","d1cf5c36-8372-435c-974c-f53583db3284","DELIVERED","9bb458dc-f746-3f87-8126-436eb2f2335b","2026-08-05 13:05:25","<1785920702134.d1cf5c36-8372-435c-974c-f53583db3284@smtp.hubapi.com>","","","","","","","20185","AbBatch","","","","","","","","","","","","","",""
"ap@ra-poeppel.de","6890244","431508253","","Wie dich konkrete Umfragen in KI-Systemen nach vorne bringen","""Vero von ProvenExpert"" <veronica@provenexpert.com>","[support@provenexpert.com]","[]","[]","2026-08-05 11:05:02","f6b6ac7a-7792-482e-a1c0-0d07eab04198","SENT","f6b6ac7a-7792-482e-a1c0-0d07eab04198","2026-08-05 11:05:02","<1785920702187.f6b6ac7a-7792-482e-a1c0-0d07eab04198@smtp.hubapi.com>","","","","","","","20185","AbBatch","","","","","","","","","","","","","",""
"ap@ra-poeppel.de","6890244","431508253","","Wie dich konkrete Umfragen in KI-Systemen nach vorne bringen","""Vero von ProvenExpert"" <veronica@provenexpert.com>","[support@provenexpert.com]","[]","[]","2026-08-05 11:05:02","f6b6ac7a-7792-482e-a1c0-0d07eab04198","DELIVERED","b317fbbd-bf02-3478-9c80-c4b8e342274c","2026-08-05 11:05:15","<1785920702187.f6b6ac7a-7792-482e-a1c0-0d07eab04198@smtp.hubapi.com>","","","","","","","20185","AbBatch","","","","","","","","","","","","","",""
"corpotex.marketing@gmail.com","6890244","431508254","","5 Sterne allein zeigen nicht, warum Kunden dich wählen","""Vero von ProvenExpert"" <veronica@provenexpert.com>","[support@provenexpert.com]","[]","[]","2026-08-05 09:04:56","764c937c-e90b-413e-aaeb-f34de8b7bcd0","SENT","764c937c-e90b-413e-aaeb-f34de8b7bcd0","2026-08-05 09:04:56","<1785913496036.764c937c-e90b-413e-aaeb-f34de8b7bcd0@smtp.hubapi.com>","","","","","","","20185","AbBatch","","","","","","","","","","","","","",""
"corpotex.marketing@gmail.com","6890244","431508254","","5 Sterne allein zeigen nicht, warum Kunden dich wählen","""Vero von ProvenExpert"" <veronica@provenexpert.com>","[support@provenexpert.com]","[]","[]","2026-08-05 09:04:56","764c937c-e90b-413e-aaeb-f34de8b7bcd0","DELIVERED","cdf57655-bd0e-3c8b-ae9c-be36e1767e22","2026-08-05 09:04:57","<1785913496036.764c937c-e90b-413e-aaeb-f34de8b7bcd0@smtp.hubapi.com>","","","","","","","20185","AbBatch","","","","","","","","","","","","","",""
"rouven@dacorundpartner.de","6890244","431508254","","5 Sterne allein zeigen nicht, warum Kunden dich wählen","""Vero von ProvenExpert"" <veronica@provenexpert.com>","[support@provenexpert.com]","[]","[]","2026-08-05 09:04:55","0a3fe4a9-8ba9-44c2-a4f7-5abd8ffd6fe9","DELIVERED","59d4d7e4-a19a-320e-a079-1d924a99962d","2026-08-05 09:04:59","<1785913495894.0a3fe4a9-8ba9-44c2-a4f7-5abd8ffd6fe9@smtp.hubapi.com>","","","","","","","20185","AbBatch","","","","","","","","","","","","","",""
"rouven@dacorundpartner.de","6890244","431508254","","5 Sterne allein zeigen nicht, warum Kunden dich wählen","""Vero von ProvenExpert"" <veronica@provenexpert.com>","[support@provenexpert.com]","[]","[]","2026-08-05 09:04:55","0a3fe4a9-8ba9-44c2-a4f7-5abd8ffd6fe9","SENT","0a3fe4a9-8ba9-44c2-a4f7-5abd8ffd6fe9","2026-08-05 09:04:55","<1785913495894.0a3fe4a9-8ba9-44c2-a4f7-5abd8ffd6fe9@smtp.hubapi.com>","","","","","","","20185","AbBatch","","","","","","","","","","","","","",""
"info@ihreschuldnerberatung.de","6890244","431508255","","Wie dich konkrete Umfragen in KI-Systemen nach vorne bringen","""Vero von ProvenExpert"" <veronica@provenexpert.com>","[support@provenexpert.com]","[]","[]","2026-08-05 09:03:35","f9e92f96-8655-42ab-b87c-933a601807cc","SENT","f9e92f96-8655-42ab-b87c-933a601807cc","2026-08-05 09:03:35","<1785913415723.f9e92f96-8655-42ab-b87c-933a601807cc@smtp.hubapi.com>","","","","","","","20185","AbBatch","","","","","","","","","","","","","",""
"info@ihreschuldnerberatung.de","6890244","431508255","","Wie dich konkrete Umfragen in KI-Systemen nach vorne bringen","""Vero von ProvenExpert"" <veronica@provenexpert.com>","[support@provenexpert.com]","[]","[]","2026-08-05 09:03:35","f9e92f96-8655-42ab-b87c-933a601807cc","DELIVERED","4b6c98b8-1e56-3d1a-be70-3bfd8502ca9b","2026-08-05 09:03:39","<1785913415723.f9e92f96-8655-42ab-b87c-933a601807cc@smtp.hubapi.com>","","","","","","","20185","AbBatch","","","","","","","","","","","","","",""
"mikerobinsonofficial@gmail.com","6890244","431508253","","Wie dich konkrete Umfragen in KI-Systemen nach vorne bringen","""Vero von ProvenExpert"" <veronica@provenexpert.com>","[support@provenexpert.com]","[]","[]","2026-08-05 11:05:02","225ffdb7-0b02-4b6e-a6be-c53386fe7e3f","DELIVERED","80283fdb-b669-336b-921c-eaee7ef99f84","2026-08-05 11:05:04","<1785920702362.225ffdb7-0b02-4b6e-a6be-c53386fe7e3f@smtp.hubapi.com>","","","","","","","20185","AbBatch","","","","","","","","","","","","","",""
"mikerobinsonofficial@gmail.com","6890244","431508253","","Wie dich konkrete Umfragen in KI-Systemen nach vorne bringen","""Vero von ProvenExpert"" <veronica@provenexpert.com>","[support@provenexpert.com]","[]","[]","2026-08-05 11:05:02","225ffdb7-0b02-4b6e-a6be-c53386fe7e3f","SENT","225ffdb7-0b02-4b6e-a6be-c53386fe7e3f","2026-08-05 11:05:02","<1785920702362.225ffdb7-0b02-4b6e-a6be-c53386fe7e3f@smtp.hubapi.com>","","","","","","","20185","AbBatch","","","","","","","","","","","","","",""
"nadja.groht@bannasch.de","6890244","431508254","","5 Sterne allein zeigen nicht, warum Kunden dich wählen","""Vero von ProvenExpert"" <veronica@provenexpert.com>","[support@provenexpert.com]","[]","[]","2026-08-05 09:04:56","4f2af0d3-697d-4a36-a81d-b2eedfb8b776","SENT","4f2af0d3-697d-4a36-a81d-b2eedfb8b776","2026-08-05 09:04:56","<1785913496310.4f2af0d3-697d-4a36-a81d-b2eedfb8b776@smtp.hubapi.com>","","","","","","","20185","AbBatch","","","","","","","","","","","","","",""
"nadja.groht@bannasch.de","6890244","431508254","","5 Sterne allein zeigen nicht, warum Kunden dich wählen","""Vero von ProvenExpert"" <veronica@provenexpert.com>","[support@provenexpert.com]","[]","[]","2026-08-05 09:04:56","4f2af0d3-697d-4a36-a81d-b2eedfb8b776","DELIVERED","bd47616e-6a5e-3130-95bb-f2457c261597","2026-08-05 09:05:00","<1785913496310.4f2af0d3-697d-4a36-a81d-b2eedfb8b776@smtp.hubapi.com>","","","","","","","20185","AbBatch","","","","","","","","","","","","","",""
"event@ballwanz.de","6890244","431508255","","Wie dich konkrete Umfragen in KI-Systemen nach vorne bringen","""Vero von ProvenExpert"" <veronica@provenexpert.com>","[support@provenexpert.com]","[]","[]","2026-08-05 09:04:55","128404b4-2bae-4cf4-b4f8-a42b33d89f06","SENT","128404b4-2bae-4cf4-b4f8-a42b33d89f06","2026-08-05 09:04:55","<1785913495872.128404b4-2bae-4cf4-b4f8-a42b33d89f06@smtp.hubapi.com>","","","","","","","20185","AbBatch","","","","","","","","","","","","","",""
"event@ballwanz.de","6890244","431508255","","Wie dich konkrete Umfragen in KI-Systemen nach vorne bringen","""Vero von ProvenExpert"" <veronica@provenexpert.com>","[support@provenexpert.com]","[]","[]","2026-08-05 09:04:55","128404b4-2bae-4cf4-b4f8-a42b33d89f06","DEFERRED","6db41961-1b71-3843-8f31-b1957d04c78b","2026-08-05 11:05:37","<1785913495872.128404b4-2bae-4cf4-b4f8-a42b33d89f06@smtp.hubapi.com>","","","","","","","20185","AbBatch","","","","","","","","","","","","","",""
"event@ballwanz.de","6890244","431508255","","Wie dich konkrete Umfragen in KI-Systemen nach vorne bringen","""Vero von ProvenExpert"" <veronica@provenexpert.com>","[support@provenexpert.com]","[]","[]","2026-08-05 09:04:55","128404b4-2bae-4cf4-b4f8-a42b33d89f06","DELIVERED","78d3eef6-a72f-36a2-8e7c-59c6668c5474","2026-08-05 13:05:38","<1785913495872.128404b4-2bae-4cf4-b4f8-a42b33d89f06@smtp.hubapi.com>","","","","","","","20185","AbBatch","","","","","","","","","","","","","",""
"event@ballwanz.de","6890244","431508255","","Wie dich konkrete Umfragen in KI-Systemen nach vorne bringen","""Vero von ProvenExpert"" <veronica@provenexpert.com>","[support@provenexpert.com]","[]","[]","2026-08-05 09:04:55","128404b4-2bae-4cf4-b4f8-a42b33d89f06","DEFERRED","15252ecc-4edb-334b-88bc-06f2e38cce7b","2026-08-05 09:05:17","<1785913495872.128404b4-2bae-4cf4-b4f8-a42b33d89f06@smtp.hubapi.com>","","","","","","","20185","AbBatch","","","","","","","","","","","","","",""
"lia@a-cuckoo-moment.de","6890244","431508253","","Wie dich konkrete Umfragen in KI-Systemen nach vorne bringen","""Vero von ProvenExpert"" <veronica@provenexpert.com>","[support@provenexpert.com]","[]","[]","2026-08-05 11:05:02","c81935e4-fcef-43ff-9fd4-57eb31251d5f","SENT","c81935e4-fcef-43ff-9fd4-57eb31251d5f","2026-08-05 11:05:02","<1785920702607.c81935e4-fcef-43ff-9fd4-57eb31251d5f@smtp.hubapi.com>","","","","","","","20185","AbBatch","","","","","","","","","","","","","",""
"office@original-body.com","6890244","431508253","","Wie dich konkrete Umfragen in KI-Systemen nach vorne bringen","""Vero von ProvenExpert"" <veronica@provenexpert.com>","[support@provenexpert.com]","[]","[]","2026-08-05 11:05:02","dddd332f-4eb9-4d69-a4ad-27a2467f87ba","DROPPED","dddd332f-4eb9-4d69-a4ad-27a2467f87ba","2026-08-05 11:05:02","<1785920702437.dddd332f-4eb9-4d69-a4ad-27a2467f87ba@smtp.hubapi.com>","","","e21bd491-bbc7-370c-9373-64b905315835","2026-07-06 08:39:13","PREVIOUSLY_BOUNCED","Recipient has previously bounced.","20185","AbBatch","","","","","","","","","550","550-5.1.1 The email account that you tried to reach does not exist. Please try 550-5.1.1 double-checking the recipient's email address for typos or 550-5.1.1 unnecessary spaces. For more information, go to 550 5.1.1  https://support.google.com/mail/?p=NoSuchUser 6a1803df08f44-8f471fd6098si180862806d6.326 - gsmtp","550-5.1.1 The email account that you tried to reach does not exist. Please try 550-5.1.1 double-checking the recipient's email address for typos or 550-5.1.1 unnecessary spaces. For more information, go to 550 5.1.1  https://support.google.com/mail/?p=NoSuchUser 6a1803df08f44-8f471fd6098si180862806d6.326 - gsmtp","","",""
"lia@a-cuckoo-moment.de","6890244","431508253","","Wie dich konkrete Umfragen in KI-Systemen nach vorne bringen","""Vero von ProvenExpert"" <veronica@provenexpert.com>","[support@provenexpert.com]","[]","[]","2026-08-05 11:05:02","c81935e4-fcef-43ff-9fd4-57eb31251d5f","DELIVERED","480cd564-1f3a-39e8-9280-8cdb4e6916f8","2026-08-05 11:05:06","<1785920702607.c81935e4-fcef-43ff-9fd4-57eb31251d5f@smtp.hubapi.com>","","","","","","","20185","AbBatch","","","","","","","","","","","","","",""
"info@tauchversandonline.de","6890244","431508254","","5 Sterne allein zeigen nicht, warum Kunden dich wählen","""Vero von ProvenExpert"" <veronica@provenexpert.com>","[support@provenexpert.com]","[]","[]","2026-08-05 09:04:56","3f75ad0b-6edd-4948-829d-3c8017c91b6d","SENT","3f75ad0b-6edd-4948-829d-3c8017c91b6d","2026-08-05 09:04:56","<1785913496326.3f75ad0b-6edd-4948-829d-3c8017c91b6d@smtp.hubapi.com>","","","","","","","20185","AbBatch","","","","","","","","","","","","","",""
"info@tauchversandonline.de","6890244","431508254","","5 Sterne allein zeigen nicht, warum Kunden dich wählen","""Vero von ProvenExpert"" <veronica@provenexpert.com>","[support@provenexpert.com]","[]","[]","2026-08-05 09:04:56","3f75ad0b-6edd-4948-829d-3c8017c91b6d","DELIVERED","361b7a82-6c42-3710-989f-0c79ed4f8771","2026-08-05 09:05:07","<1785913496326.3f75ad0b-6edd-4948-829d-3c8017c91b6d@smtp.hubapi.com>","","","","","","","20185","AbBatch","","","","","","","","","","","","","",""
"duesseldorf@schneiderrechtsanwaelte.de","6890244","431508254","","5 Sterne allein zeigen nicht, warum Kunden dich wählen","""Vero von ProvenExpert"" <veronica@provenexpert.com>","[support@provenexpert.com]","[]","[]","2026-08-05 09:04:55","870ce6c9-71f9-4d6b-9fb1-9bd0b1958cb7","DELIVERED","1dd843f0-081b-3d74-bad6-3e37540b3ebf","2026-08-05 09:04:58","<1785913495887.870ce6c9-71f9-4d6b-9fb1-9bd0b1958cb7@smtp.hubapi.com>","","","","","","","20185","AbBatch","","","","","","","","","","","","","",""
"duesseldorf@schneiderrechtsanwaelte.de","6890244","431508254","","5 Sterne allein zeigen nicht, warum Kunden dich wählen","""Vero von ProvenExpert"" <veronica@provenexpert.com>","[support@provenexpert.com]","[]","[]","2026-08-05 09:04:55","870ce6c9-71f9-4d6b-9fb1-9bd0b1958cb7","SENT","870ce6c9-71f9-4d6b-9fb1-9bd0b1958cb7","2026-08-05 09:04:55","<1785913495887.870ce6c9-71f9-4d6b-9fb1-9bd0b1958cb7@smtp.hubapi.com>","","","","","","","20185","AbBatch","","","","","","","","","","","","","",""
"testwerbeland@provenexpert.com","6890244","431508255","","Wie dich konkrete Umfragen in KI-Systemen nach vorne bringen","""Vero von ProvenExpert"" <veronica@provenexpert.com>","[support@provenexpert.com]","[]","[]","2026-08-05 09:04:55","2ac355ff-8846-4c36-a824-4bc01f80717e","SENT","2ac355ff-8846-4c36-a824-4bc01f80717e","2026-08-05 09:04:55","<1785913495858.2ac355ff-8846-4c36-a824-4bc01f80717e@smtp.hubapi.com>","","","","","","","20185","AbBatch","","","","","","","","","","","","","",""
"testwerbeland@provenexpert.com","6890244","431508255","","Wie dich konkrete Umfragen in KI-Systemen nach vorne bringen","""Vero von ProvenExpert"" <veronica@provenexpert.com>","[support@provenexpert.com]","[]","[]","2026-08-05 09:04:55","2ac355ff-8846-4c36-a824-4bc01f80717e","DELIVERED","be9a1465-e1eb-3fc2-9ff5-145c2ddf2606","2026-08-05 09:04:59","<1785913495858.2ac355ff-8846-4c36-a824-4bc01f80717e@smtp.hubapi.com>","","","","","","","20185","AbBatch","","","","","","","","","","","","","",""
"katja278@hotmail.de","6890244","431508253","","Wie dich konkrete Umfragen in KI-Systemen nach vorne bringen","""Vero von ProvenExpert"" <veronica@provenexpert.com>","[support@provenexpert.com]","[]","[]","2026-08-05 11:05:01","96014bff-ad22-47af-8712-4f2e3dc09cc9","DELIVERED","52eed92f-0fbd-3694-a56b-982eaa29911b","2026-08-05 11:05:07","<1785920701858.96014bff-ad22-47af-8712-4f2e3dc09cc9@smtp.hubapi.com>","","","","","","","20185","AbBatch","","","","","","","","","","","","","",""
"katja278@hotmail.de","6890244","431508253","","Wie dich konkrete Umfragen in KI-Systemen nach vorne bringen","""Vero von ProvenExpert"" <veronica@provenexpert.com>","[support@provenexpert.com]","[]","[]","2026-08-05 11:05:01","96014bff-ad22-47af-8712-4f2e3dc09cc9","SENT","96014bff-ad22-47af-8712-4f2e3dc09cc9","2026-08-05 11:05:01","<1785920701858.96014bff-ad22-47af-8712-4f2e3dc09cc9@smtp.hubapi.com>","","","","","","","20185","AbBatch","","","","","","","","","","","","","",""
"c.baumgartner@montagne-mare.de","6890244","431508254","","5 Sterne allein zeigen nicht, warum Kunden dich wählen","""Vero von ProvenExpert"" <veronica@provenexpert.com>","[support@provenexpert.com]","[]","[]","2026-08-05 09:04:56","8c5f002f-60df-48f2-881b-e17003dd428d","SENT","8c5f002f-60df-48f2-881b-e17003dd428d","2026-08-05 09:04:56","<1785913496090.8c5f002f-60df-48f2-881b-e17003dd428d@smtp.hubapi.com>","","","","","","","20185","AbBatch","","","","","","","","","","","","","",""
"c.baumgartner@montagne-mare.de","6890244","431508254","","5 Sterne allein zeigen nicht, warum Kunden dich wählen","""Vero von ProvenExpert"" <veronica@provenexpert.com>","[support@provenexpert.com]","[]","[]","2026-08-05 09:04:56","8c5f002f-60df-48f2-881b-e17003dd428d","DELIVERED","7d81959c-1844-3e01-9bfd-6b74cb22eccc","2026-08-05 09:04:59","<1785913496090.8c5f002f-60df-48f2-881b-e17003dd428d@smtp.hubapi.com>","","","","","","","20185","AbBatch","","","","","","","","","","","","","",""
"m.thoene@via-fb.de","6890244","431508253","","Wie dich konkrete Umfragen in KI-Systemen nach vorne bringen","""Vero von ProvenExpert"" <veronica@provenexpert.com>","[support@provenexpert.com]","[]","[]","2026-08-05 11:05:02","d146d964-a53d-4e33-8109-1476bd6ce267","DELIVERED","34fcca0f-d828-3cce-a2c5-a37fb08802c7","2026-08-05 11:05:07","<1785920702762.d146d964-a53d-4e33-8109-1476bd6ce267@smtp.hubapi.com>","","","","","","","20185","AbBatch","","","","","","","","","","","","","",""
"m.thoene@via-fb.de","6890244","431508253","","Wie dich konkrete Umfragen in KI-Systemen nach vorne bringen","""Vero von ProvenExpert"" <veronica@provenexpert.com>","[support@provenexpert.com]","[]","[]","2026-08-05 11:05:02","d146d964-a53d-4e33-8109-1476bd6ce267","SENT","d146d964-a53d-4e33-8109-1476bd6ce267","2026-08-05 11:05:02","<1785920702762.d146d964-a53d-4e33-8109-1476bd6ce267@smtp.hubapi.com>","","","","","","","20185","AbBatch","","","","","","","","","","","","","",""
"praxis@wagner-koeln.de","6890244","431508255","","Wie dich konkrete Umfragen in KI-Systemen nach vorne bringen","""Vero von ProvenExpert"" <veronica@provenexpert.com>","[support@provenexpert.com]","[]","[]","2026-08-05 09:04:56","dc2b8d04-ff92-4878-8219-cc43d0214972","DELIVERED","7cef1136-57cc-38f6-9997-d51d882aa29e","2026-08-05 09:05:01","<1785913496015.dc2b8d04-ff92-4878-8219-cc43d0214972@smtp.hubapi.com>","","","","","","","20185","AbBatch","","","","","","","","","","","","","",""
"praxis@wagner-koeln.de","6890244","431508255","","Wie dich konkrete Umfragen in KI-Systemen nach vorne bringen","""Vero von ProvenExpert"" <veronica@provenexpert.com>","[support@provenexpert.com]","[]","[]","2026-08-05 09:04:56","dc2b8d04-ff92-4878-8219-cc43d0214972","SENT","dc2b8d04-ff92-4878-8219-cc43d0214972","2026-08-05 09:04:56","<1785913496015.dc2b8d04-ff92-4878-8219-cc43d0214972@smtp.hubapi.com>","","","","","","","20185","AbBatch","","","","","","","","","","","","","",""
"kontakt@begeistertarbeiten.de","6890244","431508255","","Wie dich konkrete Umfragen in KI-Systemen nach vorne bringen","""Vero von ProvenExpert"" <veronica@provenexpert.com>","[support@provenexpert.com]","[]","[]","2026-08-05 09:04:55","e67e8a9e-ab02-4661-8456-75a9c6ff4404","DELIVERED","03fb067e-405d-3784-88dd-4d5a712c5745","2026-08-05 09:05:00","<1785913495843.e67e8a9e-ab02-4661-8456-75a9c6ff4404@smtp.hubapi.com>","","","","","","","20185","AbBatch","","","","","","","","","","","","","",""
"kontakt@begeistertarbeiten.de","6890244","431508255","","Wie dich konkrete Umfragen in KI-Systemen nach vorne bringen","""Vero von ProvenExpert"" <veronica@provenexpert.com>","[support@provenexpert.com]","[]","[]","2026-08-05 09:04:55","e67e8a9e-ab02-4661-8456-75a9c6ff4404","SENT","e67e8a9e-ab02-4661-8456-75a9c6ff4404","2026-08-05 09:04:55","<1785913495843.e67e8a9e-ab02-4661-8456-75a9c6ff4404@smtp.hubapi.com>","","","","","","","20185","AbBatch","","","","","","","","","","","","","",""
"mail@andrewasserberg.de","6890244","431508255","","Wie dich konkrete Umfragen in KI-Systemen nach vorne bringen","""Vero von ProvenExpert"" <veronica@provenexpert.com>","[support@provenexpert.com]","[]","[]","2026-08-05 09:03:35","58df56f1-5ff1-4e1c-a2e2-7f344ad25198","DELIVERED","b0ee8e7d-7b7f-361e-b040-980811ab6495","2026-08-05 09:03:39","<1785913415667.58df56f1-5ff1-4e1c-a2e2-7f344ad25198@smtp.hubapi.com>","","","","","","","20185","AbBatch","","","","","","","","","","","","","",""
"mail@andrewasserberg.de","6890244","431508255","","Wie dich konkrete Umfragen in KI-Systemen nach vorne bringen","""Vero von ProvenExpert"" <veronica@provenexpert.com>","[support@provenexpert.com]","[]","[]","2026-08-05 09:03:35","58df56f1-5ff1-4e1c-a2e2-7f344ad25198","SENT","58df56f1-5ff1-4e1c-a2e2-7f344ad25198","2026-08-05 09:03:35","<1785913415667.58df56f1-5ff1-4e1c-a2e2-7f344ad25198@smtp.hubapi.com>","","","","","","","20185","AbBatch","","","","","","","","","","","","","",""
"kontakt@pg-digital.de","6890244","431508255","","Wie dich konkrete Umfragen in KI-Systemen nach vorne bringen","""Vero von ProvenExpert"" <veronica@provenexpert.com>","[support@provenexpert.com]","[]","[]","2026-08-05 09:03:35","2ea57111-9f3e-4e32-8eea-b5e2af314091","SENT","2ea57111-9f3e-4e32-8eea-b5e2af314091","2026-08-05 09:03:35","<1785913415488.2ea57111-9f3e-4e32-8eea-b5e2af314091@smtp.hubapi.com>","","","","","","","20185","AbBatch","","","","","","","","","","","","","",""
"kontakt@pg-digital.de","6890244","431508255","","Wie dich konkrete Umfragen in KI-Systemen nach vorne bringen","""Vero von ProvenExpert"" <veronica@provenexpert.com>","[support@provenexpert.com]","[]","[]","2026-08-05 09:03:35","2ea57111-9f3e-4e32-8eea-b5e2af314091","DELIVERED","843b8325-9002-3804-b080-b28253a9b90f","2026-08-05 09:03:36","<1785913415488.2ea57111-9f3e-4e32-8eea-b5e2af314091@smtp.hubapi.com>","","","","","","","20185","AbBatch","","","","","","","","","","","","","",""
"kontakt@pg-digital.de","6890244","431508255","","Wie dich konkrete Umfragen in KI-Systemen nach vorne bringen","""Vero von ProvenExpert"" <veronica@provenexpert.com>","[support@provenexpert.com]","[]","[]","2026-08-05 09:03:35","2ea57111-9f3e-4e32-8eea-b5e2af314091","OPEN","20a72098-8915-33cd-849d-135cc47e83e5","2026-08-05 09:04:49","<1785913415488.2ea57111-9f3e-4e32-8eea-b5e2af314091@smtp.hubapi.com>","","","","","","","20185","AbBatch","Mozilla/5.0 (Windows NT 5.1; rv:11.0) Gecko Firefox/11.0 (via ggpht.com GoogleImageProxy)","Unknown","Unknown","Unknown","","","","0","","","","","",""
"kanzlei@machleb.eu","6890244","431508254","","5 Sterne allein zeigen nicht, warum Kunden dich wählen","""Vero von ProvenExpert"" <veronica@provenexpert.com>","[support@provenexpert.com]","[]","[]","2026-08-05 09:04:56","c814215c-24ad-45ea-a9f2-f90b5c9628af","DELIVERED","9c8fc2ef-8e12-3242-932e-ba2ce3cf580e","2026-08-05 09:04:59","<1785913496121.c814215c-24ad-45ea-a9f2-f90b5c9628af@smtp.hubapi.com>","","","","","","","20185","AbBatch","","","","","","","","","","","","","",""
"kanzlei@machleb.eu","6890244","431508254","","5 Sterne allein zeigen nicht, warum Kunden dich wählen","""Vero von ProvenExpert"" <veronica@provenexpert.com>","[support@provenexpert.com]","[]","[]","2026-08-05 09:04:56","c814215c-24ad-45ea-a9f2-f90b5c9628af","SENT","c814215c-24ad-45ea-a9f2-f90b5c9628af","2026-08-05 09:04:56","<1785913496121.c814215c-24ad-45ea-a9f2-f90b5c9628af@smtp.hubapi.com>","","","","","","","20185","AbBatch","","","","","","","","","","","","","",""
"rniazishahabi@provenexpert.com","6890244","431508253","","Wie dich konkrete Umfragen in KI-Systemen nach vorne bringen","""Vero von ProvenExpert"" <veronica@provenexpert.com>","[support@provenexpert.com]","[]","[]","2026-08-05 11:05:02","2cdcf6ba-72bd-4fe9-ac17-ea1b49d35b8a","SENT","2cdcf6ba-72bd-4fe9-ac17-ea1b49d35b8a","2026-08-05 11:05:02","<1785920702561.2cdcf6ba-72bd-4fe9-ac17-ea1b49d35b8a@smtp.hubapi.com>","","","","","","","20185","AbBatch","","","","","","","","","","","","","",""
"rniazishahabi@provenexpert.com","6890244","431508253","","Wie dich konkrete Umfragen in KI-Systemen nach vorne bringen","""Vero von ProvenExpert"" <veronica@provenexpert.com>","[support@provenexpert.com]","[]","[]","2026-08-05 11:05:02","2cdcf6ba-72bd-4fe9-ac17-ea1b49d35b8a","DELIVERED","c28b6141-769e-38d6-b83a-1a394b907671","2026-08-05 11:05:09","<1785920702561.2cdcf6ba-72bd-4fe9-ac17-ea1b49d35b8a@smtp.hubapi.com>","","","","","","","20185","AbBatch","","","","","","","","","","","","","",""
"rniazishahabi@provenexpert.com","6890244","431508253","","Wie dich konkrete Umfragen in KI-Systemen nach vorne bringen","""Vero von ProvenExpert"" <veronica@provenexpert.com>","[support@provenexpert.com]","[]","[]","2026-08-05 11:05:02","2cdcf6ba-72bd-4fe9-ac17-ea1b49d35b8a","OPEN","17a6e1fe-483a-3cd1-a5ce-651442eddc96","2026-08-05 11:08:03","<1785920702561.2cdcf6ba-72bd-4fe9-ac17-ea1b49d35b8a@smtp.hubapi.com>","","","","","","","20185","AbBatch","Mozilla/5.0 (Macintosh; Intel Mac OS X 10_15_7) AppleWebKit/605.1.15 (KHTML, like Gecko)","Unknown","Unknown","Unknown","","","","8814","","","","","",""
"rniazishahabi@provenexpert.com","6890244","431508253","","Wie dich konkrete Umfragen in KI-Systemen nach vorne bringen","""Vero von ProvenExpert"" <veronica@provenexpert.com>","[support@provenexpert.com]","[]","[]","2026-08-05 11:05:02","2cdcf6ba-72bd-4fe9-ac17-ea1b49d35b8a","OPEN","fcc991ee-9d11-3672-b426-b71bcd4c7e4f","2026-08-05 12:25:28","<1785920702561.2cdcf6ba-72bd-4fe9-ac17-ea1b49d35b8a@smtp.hubapi.com>","","","","","","","20185","AbBatch","Mozilla/5.0 (Macintosh; Intel Mac OS X 10_15_7) AppleWebKit/605.1.15 (KHTML, like Gecko)","Unknown","Unknown","Unknown","","","","2419","","","","","",""
"info@rechtsberatung3000.de","6890244","431508253","","Wie dich konkrete Umfragen in KI-Systemen nach vorne bringen","""Vero von ProvenExpert"" <veronica@provenexpert.com>","[support@provenexpert.com]","[]","[]","2026-08-05 11:05:02","1d13d40c-a79b-4fdc-8057-531287886ed5","SENT","1d13d40c-a79b-4fdc-8057-531287886ed5","2026-08-05 11:05:02","<1785920702574.1d13d40c-a79b-4fdc-8057-531287886ed5@smtp.hubapi.com>","","","","","","","20185","AbBatch","","","","","","","","","","","","","",""
"info@rechtsberatung3000.de","6890244","431508253","","Wie dich konkrete Umfragen in KI-Systemen nach vorne bringen","""Vero von ProvenExpert"" <veronica@provenexpert.com>","[support@provenexpert.com]","[]","[]","2026-08-05 11:05:02","1d13d40c-a79b-4fdc-8057-531287886ed5","DELIVERED","bca2506d-e354-3dee-a777-242b1db6b371","2026-08-05 11:05:06","<1785920702574.1d13d40c-a79b-4fdc-8057-531287886ed5@smtp.hubapi.com>","","","","","","","20185","AbBatch","","","","","","","","","","","","","",""
"info@neumeyer-abzeichen.de","6890244","431508255","","Wie dich konkrete Umfragen in KI-Systemen nach vorne bringen","""Vero von ProvenExpert"" <veronica@provenexpert.com>","[support@provenexpert.com]","[]","[]","2026-08-05 09:04:55","52e024fd-1a9f-48dc-82e1-2a1115303515","SENT","52e024fd-1a9f-48dc-82e1-2a1115303515","2026-08-05 09:04:55","<1785913495604.52e024fd-1a9f-48dc-82e1-2a1115303515@smtp.hubapi.com>","","","","","","","20185","AbBatch","","","","","","","","","","","","","",""
"info@neumeyer-abzeichen.de","6890244","431508255","","Wie dich konkrete Umfragen in KI-Systemen nach vorne bringen","""Vero von ProvenExpert"" <veronica@provenexpert.com>","[support@provenexpert.com]","[]","[]","2026-08-05 09:04:55","52e024fd-1a9f-48dc-82e1-2a1115303515","OPEN","f08950b4-66d7-35e4-bd56-1bc18d52788c","2026-08-05 10:51:10","<1785913495604.52e024fd-1a9f-48dc-82e1-2a1115303515@smtp.hubapi.com>","","","","","","","20185","AbBatch","Mozilla/4.0 (compatible; MSIE 7.0; Windows NT 10.0; WOW64; Trident/7.0; .NET4.0C; .NET4.0E; .NET CLR 2.0.50727; .NET CLR 3.0.30729; .NET CLR 3.5.30729; Zoom 3.6.0)","neuss","nordrhein-westfalen","GERMANY","","","","11286","","","","","",""
"info@neumeyer-abzeichen.de","6890244","431508255","","Wie dich konkrete Umfragen in KI-Systemen nach vorne bringen","""Vero von ProvenExpert"" <veronica@provenexpert.com>","[support@provenexpert.com]","[]","[]","2026-08-05 09:04:55","52e024fd-1a9f-48dc-82e1-2a1115303515","DELIVERED","23c97573-50b8-395a-a81c-0df64a88a6f3","2026-08-05 09:05:04","<1785913495604.52e024fd-1a9f-48dc-82e1-2a1115303515@smtp.hubapi.com>","","","","","","","20185","AbBatch","","","","","","","","","","","","","",""
"info@neumeyer-abzeichen.de","6890244","431508255","","Wie dich konkrete Umfragen in KI-Systemen nach vorne bringen","""Vero von ProvenExpert"" <veronica@provenexpert.com>","[support@provenexpert.com]","[]","[]","2026-08-05 09:04:55","52e024fd-1a9f-48dc-82e1-2a1115303515","OPEN","7d0450fd-10b8-31e3-8a72-8d0ce1fd7067","2026-08-05 09:38:16","<1785913495604.52e024fd-1a9f-48dc-82e1-2a1115303515@smtp.hubapi.com>","","","","","","","20185","AbBatch","Mozilla/4.0 (compatible; MSIE 7.0; Windows NT 10.0; WOW64; Trident/7.0; .NET4.0C; .NET4.0E; .NET CLR 2.0.50727; .NET CLR 3.0.30729; .NET CLR 3.5.30729; Zoom 3.6.0)","neuss","nordrhein-westfalen","GERMANY","","","","0","","","","","",""
"info@mast-media.de","6890244","431508255","","Wie dich konkrete Umfragen in KI-Systemen nach vorne bringen","""Vero von ProvenExpert"" <veronica@provenexpert.com>","[support@provenexpert.com]","[]","[]","2026-08-05 09:04:55","9f9da57b-7058-4686-b9e7-9f4adae8f36f","DELIVERED","2fc1885a-a1d8-3579-9d79-569de7442eed","2026-08-05 09:04:59","<1785913495852.9f9da57b-7058-4686-b9e7-9f4adae8f36f@smtp.hubapi.com>","","","","","","","20185","AbBatch","","","","","","","","","","","","","",""
"info@mast-media.de","6890244","431508255","","Wie dich konkrete Umfragen in KI-Systemen nach vorne bringen","""Vero von ProvenExpert"" <veronica@provenexpert.com>","[support@provenexpert.com]","[]","[]","2026-08-05 09:04:55","9f9da57b-7058-4686-b9e7-9f4adae8f36f","SENT","9f9da57b-7058-4686-b9e7-9f4adae8f36f","2026-08-05 09:04:55","<1785913495852.9f9da57b-7058-4686-b9e7-9f4adae8f36f@smtp.hubapi.com>","","","","","","","20185","AbBatch","","","","","","","","","","","","","",""
"kanzlei@dr-spaeth.com","6890244","431508255","","Wie dich konkrete Umfragen in KI-Systemen nach vorne bringen","""Vero von ProvenExpert"" <veronica@provenexpert.com>","[support@provenexpert.com]","[]","[]","2026-08-05 09:03:35","01dbbe1e-3fb7-43b7-a786-f907273733cf","SENT","01dbbe1e-3fb7-43b7-a786-f907273733cf","2026-08-05 09:03:35","<1785913415813.01dbbe1e-3fb7-43b7-a786-f907273733cf@smtp.hubapi.com>","","","","","","","20185","AbBatch","","","","","","","","","","","","","",""
"kanzlei@dr-spaeth.com","6890244","431508255","","Wie dich konkrete Umfragen in KI-Systemen nach vorne bringen","""Vero von ProvenExpert"" <veronica@provenexpert.com>","[support@provenexpert.com]","[]","[]","2026-08-05 09:03:35","01dbbe1e-3fb7-43b7-a786-f907273733cf","DELIVERED","56c9a1b0-e051-3a2c-b5ec-e7e7e79829f1","2026-08-05 09:03:40","<1785913415813.01dbbe1e-3fb7-43b7-a786-f907273733cf@smtp.hubapi.com>","","","","","","","20185","AbBatch","","","","","","","","","","","","","",""
"stefan.neist@sn-v.de","6890244","431508254","","5 Sterne allein zeigen nicht, warum Kunden dich wählen","""Vero von ProvenExpert"" <veronica@provenexpert.com>","[support@provenexpert.com]","[]","[]","2026-08-05 09:04:56","e6a1317f-e236-4cfa-b6f0-d9354f8ace19","DELIVERED","286d83e5-acbb-361d-afd1-f76d6964381b","2026-08-05 09:04:59","<1785913496010.e6a1317f-e236-4cfa-b6f0-d9354f8ace19@smtp.hubapi.com>","","","","","","","20185","AbBatch","","","","","","","","","","","","","",""
"stefan.neist@sn-v.de","6890244","431508254","","5 Sterne allein zeigen nicht, warum Kunden dich wählen","""Vero von ProvenExpert"" <veronica@provenexpert.com>","[support@provenexpert.com]","[]","[]","2026-08-05 09:04:56","e6a1317f-e236-4cfa-b6f0-d9354f8ace19","SENT","e6a1317f-e236-4cfa-b6f0-d9354f8ace19","2026-08-05 09:04:56","<1785913496010.e6a1317f-e236-4cfa-b6f0-d9354f8ace19@smtp.hubapi.com>","","","","","","","20185","AbBatch","","","","","","","","","","","","","",""
"m.thaller@innsiders.de","6890244","431508253","","Wie dich konkrete Umfragen in KI-Systemen nach vorne bringen","""Vero von ProvenExpert"" <veronica@provenexpert.com>","[support@provenexpert.com]","[]","[]","2026-08-05 11:05:02","67642866-982a-4d34-a488-e03c33c6d5c0","DELIVERED","847233e3-beb6-36b3-aa08-62a5523686e9","2026-08-05 11:17:41","<1785920702339.67642866-982a-4d34-a488-e03c33c6d5c0@smtp.hubapi.com>","","","","","","","20185","AbBatch","","","","","","","","","","","","","",""
"m.thaller@innsiders.de","6890244","431508253","","Wie dich konkrete Umfragen in KI-Systemen nach vorne bringen","""Vero von ProvenExpert"" <veronica@provenexpert.com>","[support@provenexpert.com]","[]","[]","2026-08-05 11:05:02","67642866-982a-4d34-a488-e03c33c6d5c0","SENT","67642866-982a-4d34-a488-e03c33c6d5c0","2026-08-05 11:05:02","<1785920702339.67642866-982a-4d34-a488-e03c33c6d5c0@smtp.hubapi.com>","","","","","","","20185","AbBatch","","","","","","","","","","","","","",""
"m.thaller@innsiders.de","6890244","431508253","","Wie dich konkrete Umfragen in KI-Systemen nach vorne bringen","""Vero von ProvenExpert"" <veronica@provenexpert.com>","[support@provenexpert.com]","[]","[]","2026-08-05 11:05:02","67642866-982a-4d34-a488-e03c33c6d5c0","DEFERRED","d55ade44-9d53-354b-b035-98332daa30a4","2026-08-05 11:07:08","<1785920702339.67642866-982a-4d34-a488-e03c33c6d5c0@smtp.hubapi.com>","","","","","","","20185","AbBatch","","","","","","","","","","","","","",""
"s.pester@systemischeberatung-jena.de","6890244","431508255","","Wie dich konkrete Umfragen in KI-Systemen nach vorne bringen","""Vero von ProvenExpert"" <veronica@provenexpert.com>","[support@provenexpert.com]","[]","[]","2026-08-05 09:03:35","6c41d3d5-fff7-425f-a54e-25d91a11ff8e","DELIVERED","857aa22a-eac7-3cbb-b00a-1c3a688f3624","2026-08-05 09:03:38","<1785913415553.6c41d3d5-fff7-425f-a54e-25d91a11ff8e@smtp.hubapi.com>","","","","","","","20185","AbBatch","","","","","","","","","","","","","",""
"s.pester@systemischeberatung-jena.de","6890244","431508255","","Wie dich konkrete Umfragen in KI-Systemen nach vorne bringen","""Vero von ProvenExpert"" <veronica@provenexpert.com>","[support@provenexpert.com]","[]","[]","2026-08-05 09:03:35","6c41d3d5-fff7-425f-a54e-25d91a11ff8e","SENT","6c41d3d5-fff7-425f-a54e-25d91a11ff8e","2026-08-05 09:03:35","<1785913415553.6c41d3d5-fff7-425f-a54e-25d91a11ff8e@smtp.hubapi.com>","","","","","","","20185","AbBatch","","","","","","","","","","","","","",""
"juergen@commitly.com","6890244","431508255","","Wie dich konkrete Umfragen in KI-Systemen nach vorne bringen","""Vero von ProvenExpert"" <veronica@provenexpert.com>","[support@provenexpert.com]","[]","[]","2026-08-05 09:03:35","0064d724-076d-41e5-a649-58eddbe8bdd6","SENT","0064d724-076d-41e5-a649-58eddbe8bdd6","2026-08-05 09:03:35","<1785913415807.0064d724-076d-41e5-a649-58eddbe8bdd6@smtp.hubapi.com>","","","","","","","20185","AbBatch","","","","","","","","","","","","","",""
"juergen@commitly.com","6890244","431508255","","Wie dich konkrete Umfragen in KI-Systemen nach vorne bringen","""Vero von ProvenExpert"" <veronica@provenexpert.com>","[support@provenexpert.com]","[]","[]","2026-08-05 09:03:35","0064d724-076d-41e5-a649-58eddbe8bdd6","OPEN","d36cddba-3a02-3307-a107-8f43bcd25141","2026-08-05 09:03:39","<1785913415807.0064d724-076d-41e5-a649-58eddbe8bdd6@smtp.hubapi.com>","","","","","","","20185","AbBatch","Mozilla/5.0 (Windows NT 10.0; Win64; x64) AppleWebKit/537.36 (KHTML, like Gecko) Chrome/42.0.2311.135 Safari/537.36 Edge/12.246 Mozilla/5.0","mountain view","california","UNITED STATES","","","","0","","","","","",""
"juergen@commitly.com","6890244","431508255","","Wie dich konkrete Umfragen in KI-Systemen nach vorne bringen","""Vero von ProvenExpert"" <veronica@provenexpert.com>","[support@provenexpert.com]","[]","[]","2026-08-05 09:03:35","0064d724-076d-41e5-a649-58eddbe8bdd6","DELIVERED","c8981566-8aff-3b7e-afe9-206f0116c841","2026-08-05 09:03:38","<1785913415807.0064d724-076d-41e5-a649-58eddbe8bdd6@smtp.hubapi.com>","","","","","","","20185","AbBatch","","","","","","","","","","","","","",""
"info@sds-stadtfuehrungen.de","6890244","431508254","","5 Sterne allein zeigen nicht, warum Kunden dich wählen","""Vero von ProvenExpert"" <veronica@provenexpert.com>","[support@provenexpert.com]","[]","[]","2026-08-05 09:04:55","c0084310-589b-40ba-a2b0-e7987f074f91","SENT","c0084310-589b-40ba-a2b0-e7987f074f91","2026-08-05 09:04:55","<1785913495772.c0084310-589b-40ba-a2b0-e7987f074f91@smtp.hubapi.com>","","","","","","","20185","AbBatch","","","","","","","","","","","","","",""
"info@sds-stadtfuehrungen.de","6890244","431508254","","5 Sterne allein zeigen nicht, warum Kunden dich wählen","""Vero von ProvenExpert"" <veronica@provenexpert.com>","[support@provenexpert.com]","[]","[]","2026-08-05 09:04:55","c0084310-589b-40ba-a2b0-e7987f074f91","DELIVERED","017434ef-980f-38f3-8cd6-b7de933c4dff","2026-08-05 09:04:58","<1785913495772.c0084310-589b-40ba-a2b0-e7987f074f91@smtp.hubapi.com>","","","","","","","20185","AbBatch","","","","","","","","","","","","","",""
"info@sds-stadtfuehrungen.de","6890244","431508254","","5 Sterne allein zeigen nicht, warum Kunden dich wählen","""Vero von ProvenExpert"" <veronica@provenexpert.com>","[support@provenexpert.com]","[]","[]","2026-08-05 09:04:55","c0084310-589b-40ba-a2b0-e7987f074f91","OPEN","ca467532-ade6-35d5-8cb5-908799a47252","2026-08-05 09:26:38","<1785913495772.c0084310-589b-40ba-a2b0-e7987f074f91@smtp.hubapi.com>","","","","","","","20185","AbBatch","Mozilla/5.0 (Android 14; Mobile; rv:153.0) Gecko/153.0 Firefox/153.0","cologne","nordrhein-westfalen","GERMANY","","","","1338","","","","","",""
"info@sds-stadtfuehrungen.de","6890244","431508254","","5 Sterne allein zeigen nicht, warum Kunden dich wählen","""Vero von ProvenExpert"" <veronica@provenexpert.com>","[support@provenexpert.com]","[]","[]","2026-08-05 09:04:55","c0084310-589b-40ba-a2b0-e7987f074f91","OPEN","4ced855f-7285-3288-a66f-6d013ffd6766","2026-08-05 13:47:15","<1785913495772.c0084310-589b-40ba-a2b0-e7987f074f91@smtp.hubapi.com>","","","","","","","20185","AbBatch","Mozilla/5.0 (Android 14; Mobile; rv:153.0) Gecko/153.0 Firefox/153.0","cologne","nordrhein-westfalen","GERMANY","","","","17420","","","","","",""
"zentrale@ra-lw.de","6890244","431508255","","Wie dich konkrete Umfragen in KI-Systemen nach vorne bringen","""Vero von ProvenExpert"" <veronica@provenexpert.com>","[support@provenexpert.com]","[]","[]","2026-08-05 09:04:55","ad999ef8-77d0-4fba-8762-f8a2ac9f65a8","SENT","ad999ef8-77d0-4fba-8762-f8a2ac9f65a8","2026-08-05 09:04:55","<1785913495792.ad999ef8-77d0-4fba-8762-f8a2ac9f65a8@smtp.hubapi.com>","","","","","","","20185","AbBatch","","","","","","","","","","","","","",""
"zentrale@ra-lw.de","6890244","431508255","","Wie dich konkrete Umfragen in KI-Systemen nach vorne bringen","""Vero von ProvenExpert"" <veronica@provenexpert.com>","[support@provenexpert.com]","[]","[]","2026-08-05 09:04:55","ad999ef8-77d0-4fba-8762-f8a2ac9f65a8","DELIVERED","8b12e7c1-8736-3efe-a6ef-e062d3758b34","2026-08-05 09:05:03","<1785913495792.ad999ef8-77d0-4fba-8762-f8a2ac9f65a8@smtp.hubapi.com>","","","","","","","20185","AbBatch","","","","","","","","","","","","","",""
"hendrik.mueller@defru.de","6890244","431508253","","Wie dich konkrete Umfragen in KI-Systemen nach vorne bringen","""Vero von ProvenExpert"" <veronica@provenexpert.com>","[support@provenexpert.com]","[]","[]","2026-08-05 11:05:02","6dd020fc-e125-4a68-8e5c-9a633cd79ade","SENT","6dd020fc-e125-4a68-8e5c-9a633cd79ade","2026-08-05 11:05:02","<1785920702052.6dd020fc-e125-4a68-8e5c-9a633cd79ade@smtp.hubapi.com>","","","","","","","20185","AbBatch","","","","","","","","","","","","","",""
"hendrik.mueller@defru.de","6890244","431508253","","Wie dich konkrete Umfragen in KI-Systemen nach vorne bringen","""Vero von ProvenExpert"" <veronica@provenexpert.com>","[support@provenexpert.com]","[]","[]","2026-08-05 11:05:02","6dd020fc-e125-4a68-8e5c-9a633cd79ade","DELIVERED","abfd3fa9-ebd9-3268-b95f-461393feb409","2026-08-05 11:05:04","<1785920702052.6dd020fc-e125-4a68-8e5c-9a633cd79ade@smtp.hubapi.com>","","","","","","","20185","AbBatch","","","","","","","","","","","","","",""
"info@schluesseldienst-hannover.de","6890244","431508254","","5 Sterne allein zeigen nicht, warum Kunden dich wählen","""Vero von ProvenExpert"" <veronica@provenexpert.com>","[support@provenexpert.com]","[]","[]","2026-08-05 09:04:56","b39e384c-bce2-4b7f-a7b2-f18e450eb362","DELIVERED","be2209d7-cc9c-300a-b845-c49ce50423d6","2026-08-05 09:05:00","<1785913496300.b39e384c-bce2-4b7f-a7b2-f18e450eb362@smtp.hubapi.com>","","","","","","","20185","AbBatch","","","","","","","","","","","","","",""
"info@schluesseldienst-hannover.de","6890244","431508254","","5 Sterne allein zeigen nicht, warum Kunden dich wählen","""Vero von ProvenExpert"" <veronica@provenexpert.com>","[support@provenexpert.com]","[]","[]","2026-08-05 09:04:56","b39e384c-bce2-4b7f-a7b2-f18e450eb362","SENT","b39e384c-bce2-4b7f-a7b2-f18e450eb362","2026-08-05 09:04:56","<1785913496300.b39e384c-bce2-4b7f-a7b2-f18e450eb362@smtp.hubapi.com>","","","","","","","20185","AbBatch","","","","","","","","","","","","","",""
"info@mercurio-umzug.de","6890244","431508253","","Wie dich konkrete Umfragen in KI-Systemen nach vorne bringen","""Vero von ProvenExpert"" <veronica@provenexpert.com>","[support@provenexpert.com]","[]","[]","2026-08-05 11:05:02","00e25e6f-be3f-49d5-bfc8-5e54fb2a4b80","DELIVERED","836590de-58b3-3d40-a351-0cec25b2d2ab","2026-08-05 11:05:06","<1785920702213.00e25e6f-be3f-49d5-bfc8-5e54fb2a4b80@smtp.hubapi.com>","","","","","","","20185","AbBatch","","","","","","","","","","","","","",""
"info@mercurio-umzug.de","6890244","431508253","","Wie dich konkrete Umfragen in KI-Systemen nach vorne bringen","""Vero von ProvenExpert"" <veronica@provenexpert.com>","[support@provenexpert.com]","[]","[]","2026-08-05 11:05:02","00e25e6f-be3f-49d5-bfc8-5e54fb2a4b80","SENT","00e25e6f-be3f-49d5-bfc8-5e54fb2a4b80","2026-08-05 11:05:02","<1785920702213.00e25e6f-be3f-49d5-bfc8-5e54fb2a4b80@smtp.hubapi.com>","","","","","","","20185","AbBatch","","","","","","","","","","","","","",""
"info@sebworld.de","6890244","431508254","","5 Sterne allein zeigen nicht, warum Kunden dich wählen","""Vero von ProvenExpert"" <veronica@provenexpert.com>","[support@provenexpert.com]","[]","[]","2026-08-05 09:04:56","bb7fe837-a0ff-4596-88cf-53519bc8d45d","SENT","bb7fe837-a0ff-4596-88cf-53519bc8d45d","2026-08-05 09:04:56","<1785913496070.bb7fe837-a0ff-4596-88cf-53519bc8d45d@smtp.hubapi.com>","","","","","","","20185","AbBatch","","","","","","","","","","","","","",""
"info@sebworld.de","6890244","431508254","","5 Sterne allein zeigen nicht, warum Kunden dich wählen","""Vero von ProvenExpert"" <veronica@provenexpert.com>","[support@provenexpert.com]","[]","[]","2026-08-05 09:04:56","bb7fe837-a0ff-4596-88cf-53519bc8d45d","DELIVERED","7feb0783-cf70-3786-9f77-9a6cff2d6e5f","2026-08-05 09:04:58","<1785913496070.bb7fe837-a0ff-4596-88cf-53519bc8d45d@smtp.hubapi.com>","","","","","","","20185","AbBatch","","","","","","","","","","","","","",""
"service@jourtym.de","6890244","431508254","","5 Sterne allein zeigen nicht, warum Kunden dich wählen","""Vero von ProvenExpert"" <veronica@provenexpert.com>","[support@provenexpert.com]","[]","[]","2026-08-05 09:04:55","aae6bfa8-1bb8-4e7b-b8c1-f958351db4ef","SENT","aae6bfa8-1bb8-4e7b-b8c1-f958351db4ef","2026-08-05 09:04:55","<1785913495997.aae6bfa8-1bb8-4e7b-b8c1-f958351db4ef@smtp.hubapi.com>","","","","","","","20185","AbBatch","","","","","","","","","","","","","",""
"service@jourtym.de","6890244","431508254","","5 Sterne allein zeigen nicht, warum Kunden dich wählen","""Vero von ProvenExpert"" <veronica@provenexpert.com>","[support@provenexpert.com]","[]","[]","2026-08-05 09:04:55","aae6bfa8-1bb8-4e7b-b8c1-f958351db4ef","DELIVERED","b668c554-a7b3-3594-8387-c9bf4b04d287","2026-08-05 09:05:46","<1785913495997.aae6bfa8-1bb8-4e7b-b8c1-f958351db4ef@smtp.hubapi.com>","","","","","","","20185","AbBatch","","","","","","","","","","","","","",""
"info@finanzierung.sh","6890244","431508253","","Wie dich konkrete Umfragen in KI-Systemen nach vorne bringen","""Vero von ProvenExpert"" <veronica@provenexpert.com>","[support@provenexpert.com]","[]","[]","2026-08-05 11:05:01","18cf6e8a-2219-4f4b-a707-ecf9920e6ce3","DELIVERED","84996787-8d2a-3019-aec2-f8ecc9b0e366","2026-08-05 11:17:23","<1785920701986.18cf6e8a-2219-4f4b-a707-ecf9920e6ce3@smtp.hubapi.com>","","","","","","","20185","AbBatch","","","","","","","","","","","","","",""
"info@finanzierung.sh","6890244","431508253","","Wie dich konkrete Umfragen in KI-Systemen nach vorne bringen","""Vero von ProvenExpert"" <veronica@provenexpert.com>","[support@provenexpert.com]","[]","[]","2026-08-05 11:05:01","18cf6e8a-2219-4f4b-a707-ecf9920e6ce3","SENT","18cf6e8a-2219-4f4b-a707-ecf9920e6ce3","2026-08-05 11:05:01","<1785920701986.18cf6e8a-2219-4f4b-a707-ecf9920e6ce3@smtp.hubapi.com>","","","","","","","20185","AbBatch","","","","","","","","","","","","","",""
"info@finanzierung.sh","6890244","431508253","","Wie dich konkrete Umfragen in KI-Systemen nach vorne bringen","""Vero von ProvenExpert"" <veronica@provenexpert.com>","[support@provenexpert.com]","[]","[]","2026-08-05 11:05:01","18cf6e8a-2219-4f4b-a707-ecf9920e6ce3","DEFERRED","1324e5f6-ddb7-35c8-b422-453d5a7c4596","2026-08-05 11:07:04","<1785920701986.18cf6e8a-2219-4f4b-a707-ecf9920e6ce3@smtp.hubapi.com>","","","","","","","20185","AbBatch","","","","","","","","","","","","","",""
"info@decktec-shop.de","6890244","431508253","","Wie dich konkrete Umfragen in KI-Systemen nach vorne bringen","""Vero von ProvenExpert"" <veronica@provenexpert.com>","[support@provenexpert.com]","[]","[]","2026-08-05 11:05:01","04df245c-a5db-4e95-8124-4020099d6686","SENT","04df245c-a5db-4e95-8124-4020099d6686","2026-08-05 11:05:01","<1785920701937.04df245c-a5db-4e95-8124-4020099d6686@smtp.hubapi.com>","","","","","","","20185","AbBatch","","","","","","","","","","","","","",""
"info@decktec-shop.de","6890244","431508253","","Wie dich konkrete Umfragen in KI-Systemen nach vorne bringen","""Vero von ProvenExpert"" <veronica@provenexpert.com>","[support@provenexpert.com]","[]","[]","2026-08-05 11:05:01","04df245c-a5db-4e95-8124-4020099d6686","DELIVERED","8164b726-104d-3711-9cbb-149bcad5d23a","2026-08-05 11:05:04","<1785920701937.04df245c-a5db-4e95-8124-4020099d6686@smtp.hubapi.com>","","","","","","","20185","AbBatch","","","","","","","","","","","","","",""
"christian.heiling@bluedetect.de","6890244","431508255","","Wie dich konkrete Umfragen in KI-Systemen nach vorne bringen","""Vero von ProvenExpert"" <veronica@provenexpert.com>","[support@provenexpert.com]","[]","[]","2026-08-05 09:04:56","16886402-d347-43b1-b414-6c027c995d38","SENT","16886402-d347-43b1-b414-6c027c995d38","2026-08-05 09:04:56","<1785913496025.16886402-d347-43b1-b414-6c027c995d38@smtp.hubapi.com>","","","","","","","20185","AbBatch","","","","","","","","","","","","","",""
"christian.heiling@bluedetect.de","6890244","431508255","","Wie dich konkrete Umfragen in KI-Systemen nach vorne bringen","""Vero von ProvenExpert"" <veronica@provenexpert.com>","[support@provenexpert.com]","[]","[]","2026-08-05 09:04:56","16886402-d347-43b1-b414-6c027c995d38","DELIVERED","c9fe647c-4942-3ce8-bfef-2dbc94852072","2026-08-05 11:05:20","<1785913496025.16886402-d347-43b1-b414-6c027c995d38@smtp.hubapi.com>","","","","","","","20185","AbBatch","","","","","","","","","","","","","",""
"christian.heiling@bluedetect.de","6890244","431508255","","Wie dich konkrete Umfragen in KI-Systemen nach vorne bringen","""Vero von ProvenExpert"" <veronica@provenexpert.com>","[support@provenexpert.com]","[]","[]","2026-08-05 09:04:56","16886402-d347-43b1-b414-6c027c995d38","DEFERRED","bda6da93-e7bd-313b-b43d-f32171017b3b","2026-08-05 09:05:18","<1785913496025.16886402-d347-43b1-b414-6c027c995d38@smtp.hubapi.com>","","","","","","","20185","AbBatch","","","","","","","","","","","","","",""
"nd@schulterhilfe.de","6890244","431508254","","5 Sterne allein zeigen nicht, warum Kunden dich wählen","""Vero von ProvenExpert"" <veronica@provenexpert.com>","[support@provenexpert.com]","[]","[]","2026-08-05 09:04:56","dc5e2ea8-c70d-4e2d-be98-4d547823d5a2","SENT","dc5e2ea8-c70d-4e2d-be98-4d547823d5a2","2026-08-05 09:04:56","<1785913496111.dc5e2ea8-c70d-4e2d-be98-4d547823d5a2@smtp.hubapi.com>","","","","","","","20185","AbBatch","","","","","","","","","","","","","",""
"nd@schulterhilfe.de","6890244","431508254","","5 Sterne allein zeigen nicht, warum Kunden dich wählen","""Vero von ProvenExpert"" <veronica@provenexpert.com>","[support@provenexpert.com]","[]","[]","2026-08-05 09:04:56","dc5e2ea8-c70d-4e2d-be98-4d547823d5a2","DELIVERED","8b490876-a586-3a73-aab9-0209ecdef292","2026-08-05 09:04:59","<1785913496111.dc5e2ea8-c70d-4e2d-be98-4d547823d5a2@smtp.hubapi.com>","","","","","","","20185","AbBatch","","","","","","","","","","","","","",""
"info@ironbody.de","6890244","431508255","","Wie dich konkrete Umfragen in KI-Systemen nach vorne bringen","""Vero von ProvenExpert"" <veronica@provenexpert.com>","[support@provenexpert.com]","[]","[]","2026-08-05 09:04:55","92ea3b0e-d3bf-4eb4-802d-8851f285decf","OPEN","1744262d-97f1-31e3-a3c4-202441a4adfa","2026-08-10 10:10:06","<1785913495965.92ea3b0e-d3bf-4eb4-802d-8851f285decf@smtp.hubapi.com>","","","","","","","20185","AbBatch","Mozilla/4.0 (compatible; MSIE 7.0; Windows NT 10.0; Win64; x64; Trident/7.0; .NET4.0C; .NET4.0E; .NET CLR 2.0.50727; .NET CLR 3.0.30729; .NET CLR 3.5.30729; Microsoft Outlook 16.0.4861; ms-office; MSOffice 16)","halle","sachsen-anhalt","GERMANY","","","","0","","","","","",""
"info@ironbody.de","6890244","431508255","","Wie dich konkrete Umfragen in KI-Systemen nach vorne bringen","""Vero von ProvenExpert"" <veronica@provenexpert.com>","[support@provenexpert.com]","[]","[]","2026-08-05 09:04:55","92ea3b0e-d3bf-4eb4-802d-8851f285decf","DELIVERED","b9e74f6f-d537-36ce-9160-36b0f83d81d9","2026-08-05 09:05:00","<1785913495965.92ea3b0e-d3bf-4eb4-802d-8851f285decf@smtp.hubapi.com>","","","","","","","20185","AbBatch","","","","","","","","","","","","","",""
"info@ironbody.de","6890244","431508255","","Wie dich konkrete Umfragen in KI-Systemen nach vorne bringen","""Vero von ProvenExpert"" <veronica@provenexpert.com>","[support@provenexpert.com]","[]","[]","2026-08-05 09:04:55","92ea3b0e-d3bf-4eb4-802d-8851f285decf","SENT","92ea3b0e-d3bf-4eb4-802d-8851f285decf","2026-08-05 09:04:55","<1785913495965.92ea3b0e-d3bf-4eb4-802d-8851f285decf@smtp.hubapi.com>","","","","","","","20185","AbBatch","","","","","","","","","","","","","",""
"braun@aestheticum-tuebingen.de","6890244","431508253","","Wie dich konkrete Umfragen in KI-Systemen nach vorne bringen","""Vero von ProvenExpert"" <veronica@provenexpert.com>","[support@provenexpert.com]","[]","[]","2026-08-05 11:05:02","b5da8508-c334-4fd4-aa75-6ed175bea79d","SENT","b5da8508-c334-4fd4-aa75-6ed175bea79d","2026-08-05 11:05:02","<1785920702656.b5da8508-c334-4fd4-aa75-6ed175bea79d@smtp.hubapi.com>","","","","","","","20185","AbBatch","","","","","","","","","","","","","",""
"braun@aestheticum-tuebingen.de","6890244","431508253","","Wie dich konkrete Umfragen in KI-Systemen nach vorne bringen","""Vero von ProvenExpert"" <veronica@provenexpert.com>","[support@provenexpert.com]","[]","[]","2026-08-05 11:05:02","b5da8508-c334-4fd4-aa75-6ed175bea79d","DELIVERED","6a4235ad-49d4-3f16-ab43-b2d5f8422f7d","2026-08-05 11:05:05","<1785920702656.b5da8508-c334-4fd4-aa75-6ed175bea79d@smtp.hubapi.com>","","","","","","","20185","AbBatch","","","","","","","","","","","","","",""
"braun@aestheticum-tuebingen.de","6890244","431508253","","Wie dich konkrete Umfragen in KI-Systemen nach vorne bringen","""Vero von ProvenExpert"" <veronica@provenexpert.com>","[support@provenexpert.com]","[]","[]","2026-08-05 11:05:02","b5da8508-c334-4fd4-aa75-6ed175bea79d","OPEN","3d7bbe54-233c-3966-a2fd-3b92968758dc","2026-08-05 11:54:03","<1785920702656.b5da8508-c334-4fd4-aa75-6ed175bea79d@smtp.hubapi.com>","","","","","","","20185","AbBatch","Mozilla/5.0 (iPhone; CPU iPhone OS 18_7 like Mac OS X) AppleWebKit/605.1.15 (KHTML, like Gecko) Mobile/15E148","munich","bayern","GERMANY","","","","35081","","","","","",""
"braun@aestheticum-tuebingen.de","6890244","431508253","","Wie dich konkrete Umfragen in KI-Systemen nach vorne bringen","""Vero von ProvenExpert"" <veronica@provenexpert.com>","[support@provenexpert.com]","[]","[]","2026-08-05 11:05:02","b5da8508-c334-4fd4-aa75-6ed175bea79d","OPEN","78cf6e68-d9f0-35bd-95cc-37f093ed63b6","2026-08-05 11:54:03","<1785920702656.b5da8508-c334-4fd4-aa75-6ed175bea79d@smtp.hubapi.com>","","","","","","","20185","AbBatch","Mozilla/5.0 (iPhone; CPU iPhone OS 18_7 like Mac OS X) AppleWebKit/605.1.15 (KHTML, like Gecko) Mobile/15E148","munich","bayern","GERMANY","","","","33028","","","","","",""
"muftester+blubber123@googlemail.com","6890244","431508254","","5 Sterne allein zeigen nicht, warum Kunden dich wählen","""Vero von ProvenExpert"" <veronica@provenexpert.com>","[support@provenexpert.com]","[]","[]","2026-08-05 09:04:56","4451dadf-afd8-45e2-89fb-a2542d684f20","SENT","4451dadf-afd8-45e2-89fb-a2542d684f20","2026-08-05 09:04:56","<1785913496003.4451dadf-afd8-45e2-89fb-a2542d684f20@smtp.hubapi.com>","","","","","","","20185","AbBatch","","","","","","","","","","","","","",""
"muftester+blubber123@googlemail.com","6890244","431508254","","5 Sterne allein zeigen nicht, warum Kunden dich wählen","""Vero von ProvenExpert"" <veronica@provenexpert.com>","[support@provenexpert.com]","[]","[]","2026-08-05 09:04:56","4451dadf-afd8-45e2-89fb-a2542d684f20","DELIVERED","a8e5c5ab-b985-39e7-9ddb-76c0ec6b78a2","2026-08-05 09:04:57","<1785913496003.4451dadf-afd8-45e2-89fb-a2542d684f20@smtp.hubapi.com>","","","","","","","20185","AbBatch","","","","","","","","","","","","","",""
"office@iklima.at","6890244","431508253","","Wie dich konkrete Umfragen in KI-Systemen nach vorne bringen","""Vero von ProvenExpert"" <veronica@provenexpert.com>","[support@provenexpert.com]","[]","[]","2026-08-05 11:05:02","f7c1b54d-51f6-4e21-b3ec-8b5c039c3f27","SENT","f7c1b54d-51f6-4e21-b3ec-8b5c039c3f27","2026-08-05 11:05:02","<1785920702640.f7c1b54d-51f6-4e21-b3ec-8b5c039c3f27@smtp.hubapi.com>","","","","","","","20185","AbBatch","","","","","","","","","","","","","",""
"office@iklima.at","6890244","431508253","","Wie dich konkrete Umfragen in KI-Systemen nach vorne bringen","""Vero von ProvenExpert"" <veronica@provenexpert.com>","[support@provenexpert.com]","[]","[]","2026-08-05 11:05:02","f7c1b54d-51f6-4e21-b3ec-8b5c039c3f27","DELIVERED","d6a80c93-d42c-32df-9b30-a3ffb99980d0","2026-08-05 11:05:06","<1785920702640.f7c1b54d-51f6-4e21-b3ec-8b5c039c3f27@smtp.hubapi.com>","","","","","","","20185","AbBatch","","","","","","","","","","","","","",""
"info@baumpflege-weserland.de","6890244","431508255","","Wie dich konkrete Umfragen in KI-Systemen nach vorne bringen","""Vero von ProvenExpert"" <veronica@provenexpert.com>","[support@provenexpert.com]","[]","[]","2026-08-05 09:04:55","58c22529-cd3d-4e5a-b1c1-59073b067c00","SENT","58c22529-cd3d-4e5a-b1c1-59073b067c00","2026-08-05 09:04:55","<1785913495903.58c22529-cd3d-4e5a-b1c1-59073b067c00@smtp.hubapi.com>","","","","","","","20185","AbBatch","","","","","","","","","","","","","",""
"info@baumpflege-weserland.de","6890244","431508255","","Wie dich konkrete Umfragen in KI-Systemen nach vorne bringen","""Vero von ProvenExpert"" <veronica@provenexpert.com>","[support@provenexpert.com]","[]","[]","2026-08-05 09:04:55","58c22529-cd3d-4e5a-b1c1-59073b067c00","DELIVERED","cbcde218-1d8c-34ba-a694-35a0b0fdf75f","2026-08-05 09:04:59","<1785913495903.58c22529-cd3d-4e5a-b1c1-59073b067c00@smtp.hubapi.com>","","","","","","","20185","AbBatch","","","","","","","","","","","","","",""
"fabian@golle-it.de","6890244","431508255","","Wie dich konkrete Umfragen in KI-Systemen nach vorne bringen","""Vero von ProvenExpert"" <veronica@provenexpert.com>","[support@provenexpert.com]","[]","[]","2026-08-05 09:03:35","eff7bd0d-39da-4407-ac1c-5efb60e42e3f","SENT","eff7bd0d-39da-4407-ac1c-5efb60e42e3f","2026-08-05 09:03:35","<1785913415770.eff7bd0d-39da-4407-ac1c-5efb60e42e3f@smtp.hubapi.com>","","","","","","","20185","AbBatch","","","","","","","","","","","","","",""
"fabian@golle-it.de","6890244","431508255","","Wie dich konkrete Umfragen in KI-Systemen nach vorne bringen","""Vero von ProvenExpert"" <veronica@provenexpert.com>","[support@provenexpert.com]","[]","[]","2026-08-05 09:03:35","eff7bd0d-39da-4407-ac1c-5efb60e42e3f","DELIVERED","31f392ae-4216-3fb3-b886-0dde892a7ff6","2026-08-05 09:03:38","<1785913415770.eff7bd0d-39da-4407-ac1c-5efb60e42e3f@smtp.hubapi.com>","","","","","","","20185","AbBatch","","","","","","","","","","","","","",""
"fabian@golle-it.de","6890244","431508255","","Wie dich konkrete Umfragen in KI-Systemen nach vorne bringen","""Vero von ProvenExpert"" <veronica@provenexpert.com>","[support@provenexpert.com]","[]","[]","2026-08-05 09:03:35","eff7bd0d-39da-4407-ac1c-5efb60e42e3f","OPEN","5d6d024a-be92-3e07-8248-4d9d5e7043c0","2026-08-05 09:03:39","<1785913415770.eff7bd0d-39da-4407-ac1c-5efb60e42e3f@smtp.hubapi.com>","","","","","","","20185","AbBatch","Mozilla/5.0 (Windows NT 10.0; Win64; x64) AppleWebKit/537.36 (KHTML, like Gecko) Chrome/42.0.2311.135 Safari/537.36 Edge/12.246 Mozilla/5.0","mountain view","california","UNITED STATES","","","","0","","","","","",""
"info@hygiene-gmi.de","6890244","431508254","","5 Sterne allein zeigen nicht, warum Kunden dich wählen","""Vero von ProvenExpert"" <veronica@provenexpert.com>","[support@provenexpert.com]","[]","[]","2026-08-05 09:04:56","07e99d1e-316e-45bd-83df-312df81d9e61","DELIVERED","173a49cf-ba4c-3473-bf0c-7c3c99236843","2026-08-05 11:05:19","<1785913496138.07e99d1e-316e-45bd-83df-312df81d9e61@smtp.hubapi.com>","","","","","","","20185","AbBatch","","","","","","","","","","","","","",""
"info@hygiene-gmi.de","6890244","431508254","","5 Sterne allein zeigen nicht, warum Kunden dich wählen","""Vero von ProvenExpert"" <veronica@provenexpert.com>","[support@provenexpert.com]","[]","[]","2026-08-05 09:04:56","07e99d1e-316e-45bd-83df-312df81d9e61","DEFERRED","02001d16-b9cc-352e-b413-ed49dd04e0f1","2026-08-05 09:05:18","<1785913496138.07e99d1e-316e-45bd-83df-312df81d9e61@smtp.hubapi.com>","","","","","","","20185","AbBatch","","","","","","","","","","","","","",""
"info@hygiene-gmi.de","6890244","431508254","","5 Sterne allein zeigen nicht, warum Kunden dich wählen","""Vero von ProvenExpert"" <veronica@provenexpert.com>","[support@provenexpert.com]","[]","[]","2026-08-05 09:04:56","07e99d1e-316e-45bd-83df-312df81d9e61","SENT","07e99d1e-316e-45bd-83df-312df81d9e61","2026-08-05 09:04:56","<1785913496138.07e99d1e-316e-45bd-83df-312df81d9e61@smtp.hubapi.com>","","","","","","","20185","AbBatch","","","","","","","","","","","","","",""
"andre.lipka@hoerakustikjobs.de","6890244","431508255","","Wie dich konkrete Umfragen in KI-Systemen nach vorne bringen","""Vero von ProvenExpert"" <veronica@provenexpert.com>","[support@provenexpert.com]","[]","[]","2026-08-05 09:03:35","294d93b4-b1b5-4603-b517-6417953a6b19","SENT","294d93b4-b1b5-4603-b517-6417953a6b19","2026-08-05 09:03:35","<1785913415841.294d93b4-b1b5-4603-b517-6417953a6b19@smtp.hubapi.com>","","","","","","","20185","AbBatch","","","","","","","","","","","","","",""
"andre.lipka@hoerakustikjobs.de","6890244","431508255","","Wie dich konkrete Umfragen in KI-Systemen nach vorne bringen","""Vero von ProvenExpert"" <veronica@provenexpert.com>","[support@provenexpert.com]","[]","[]","2026-08-05 09:03:35","294d93b4-b1b5-4603-b517-6417953a6b19","DELIVERED","e78eaf67-ba9a-37d9-915b-9c3e19bef5c8","2026-08-05 09:03:39","<1785913415841.294d93b4-b1b5-4603-b517-6417953a6b19@smtp.hubapi.com>","","","","","","","20185","AbBatch","","","","","","","","","","","","","",""
"pehring@taifun-software.de","6890244","431508253","","Wie dich konkrete Umfragen in KI-Systemen nach vorne bringen","""Vero von ProvenExpert"" <veronica@provenexpert.com>","[support@provenexpert.com]","[]","[]","2026-08-05 11:05:02","ff7c425e-d396-4e5a-ab00-80cbc570c08f","DELIVERED","22386e44-e9e8-3136-9977-a77220978f15","2026-08-05 13:05:28","<1785920702449.ff7c425e-d396-4e5a-ab00-80cbc570c08f@smtp.hubapi.com>","","","","","","","20185","AbBatch","","","","","","","","","","","","","",""
"pehring@taifun-software.de","6890244","431508253","","Wie dich konkrete Umfragen in KI-Systemen nach vorne bringen","""Vero von ProvenExpert"" <veronica@provenexpert.com>","[support@provenexpert.com]","[]","[]","2026-08-05 11:05:02","ff7c425e-d396-4e5a-ab00-80cbc570c08f","DEFERRED","598684fe-34e4-3725-9882-c0762b88405a","2026-08-05 11:05:24","<1785920702449.ff7c425e-d396-4e5a-ab00-80cbc570c08f@smtp.hubapi.com>","","","","","","","20185","AbBatch","","","","","","","","","","","","","",""
"pehring@taifun-software.de","6890244","431508253","","Wie dich konkrete Umfragen in KI-Systemen nach vorne bringen","""Vero von ProvenExpert"" <veronica@provenexpert.com>","[support@provenexpert.com]","[]","[]","2026-08-05 11:05:02","ff7c425e-d396-4e5a-ab00-80cbc570c08f","SENT","ff7c425e-d396-4e5a-ab00-80cbc570c08f","2026-08-05 11:05:02","<1785920702449.ff7c425e-d396-4e5a-ab00-80cbc570c08f@smtp.hubapi.com>","","","","","","","20185","AbBatch","","","","","","","","","","","","","",""
"santiaetshausklein@provenexpert.com","6890244","431508254","","5 Sterne allein zeigen nicht, warum Kunden dich wählen","""Vero von ProvenExpert"" <veronica@provenexpert.com>","[support@provenexpert.com]","[]","[]","2026-08-05 09:04:55","2eaeb4f1-c107-4406-b971-a731e41856ad","DEFERRED","e43ef799-4754-380b-9f26-f8de794be9c9","2026-08-05 09:05:17","<1785913495917.2eaeb4f1-c107-4406-b971-a731e41856ad@smtp.hubapi.com>","","","","","","","20185","AbBatch","","","","","","","","","","","","","",""
"santiaetshausklein@provenexpert.com","6890244","431508254","","5 Sterne allein zeigen nicht, warum Kunden dich wählen","""Vero von ProvenExpert"" <veronica@provenexpert.com>","[support@provenexpert.com]","[]","[]","2026-08-05 09:04:55","2eaeb4f1-c107-4406-b971-a731e41856ad","DELIVERED","6449b991-d224-3b4f-8df1-651691bd1c15","2026-08-05 11:05:18","<1785913495917.2eaeb4f1-c107-4406-b971-a731e41856ad@smtp.hubapi.com>","","","","","","","20185","AbBatch","","","","","","","","","","","","","",""
"santiaetshausklein@provenexpert.com","6890244","431508254","","5 Sterne allein zeigen nicht, warum Kunden dich wählen","""Vero von ProvenExpert"" <veronica@provenexpert.com>","[support@provenexpert.com]","[]","[]","2026-08-05 09:04:55","2eaeb4f1-c107-4406-b971-a731e41856ad","SENT","2eaeb4f1-c107-4406-b971-a731e41856ad","2026-08-05 09:04:55","<1785913495917.2eaeb4f1-c107-4406-b971-a731e41856ad@smtp.hubapi.com>","","","","","","","20185","AbBatch","","","","","","","","","","","","","",""
"info@sunprofit.de","6890244","431508255","","Wie dich konkrete Umfragen in KI-Systemen nach vorne bringen","""Vero von ProvenExpert"" <veronica@provenexpert.com>","[support@provenexpert.com]","[]","[]","2026-08-05 09:03:35","e9e7499a-12aa-48b9-a031-178df22c4c76","SENT","e9e7499a-12aa-48b9-a031-178df22c4c76","2026-08-05 09:03:35","<1785913415504.e9e7499a-12aa-48b9-a031-178df22c4c76@smtp.hubapi.com>","","","","","","","20185","AbBatch","","","","","","","","","","","","","",""
"info@sunprofit.de","6890244","431508255","","Wie dich konkrete Umfragen in KI-Systemen nach vorne bringen","""Vero von ProvenExpert"" <veronica@provenexpert.com>","[support@provenexpert.com]","[]","[]","2026-08-05 09:03:35","e9e7499a-12aa-48b9-a031-178df22c4c76","DELIVERED","25f1e39a-7e84-3ba0-8f55-3cba18ecce31","2026-08-05 09:03:38","<1785913415504.e9e7499a-12aa-48b9-a031-178df22c4c76@smtp.hubapi.com>","","","","","","","20185","AbBatch","","","","","","","","","","","","","",""
"info@dh-creative-webdesign.de","6890244","431508253","","Wie dich konkrete Umfragen in KI-Systemen nach vorne bringen","""Vero von ProvenExpert"" <veronica@provenexpert.com>","[support@provenexpert.com]","[]","[]","2026-08-05 11:05:02","7a967bca-b333-4a54-ae68-521988647e03","DELIVERED","aeb4d91a-0bd1-3cda-90c0-55e979cbe8e2","2026-08-05 11:05:05","<1785920702194.7a967bca-b333-4a54-ae68-521988647e03@smtp.hubapi.com>","","","","","","","20185","AbBatch","","","","","","","","","","","","","",""
"info@dh-creative-webdesign.de","6890244","431508253","","Wie dich konkrete Umfragen in KI-Systemen nach vorne bringen","""Vero von ProvenExpert"" <veronica@provenexpert.com>","[support@provenexpert.com]","[]","[]","2026-08-05 11:05:02","7a967bca-b333-4a54-ae68-521988647e03","SENT","7a967bca-b333-4a54-ae68-521988647e03","2026-08-05 11:05:02","<1785920702194.7a967bca-b333-4a54-ae68-521988647e03@smtp.hubapi.com>","","","","","","","20185","AbBatch","","","","","","","","","","","","","",""
"me@kfzgutachter-online.com","6890244","431508253","","Wie dich konkrete Umfragen in KI-Systemen nach vorne bringen","""Vero von ProvenExpert"" <veronica@provenexpert.com>","[support@provenexpert.com]","[]","[]","2026-08-05 11:05:02","b7d21b53-cbc2-4f75-a686-135ae4d17fb6","DELIVERED","638a5653-6d81-3bee-acb5-7db581fecfc5","2026-08-05 11:05:05","<1785920702592.b7d21b53-cbc2-4f75-a686-135ae4d17fb6@smtp.hubapi.com>","","","","","","","20185","AbBatch","","","","","","","","","","","","","",""
"me@kfzgutachter-online.com","6890244","431508253","","Wie dich konkrete Umfragen in KI-Systemen nach vorne bringen","""Vero von ProvenExpert"" <veronica@provenexpert.com>","[support@provenexpert.com]","[]","[]","2026-08-05 11:05:02","b7d21b53-cbc2-4f75-a686-135ae4d17fb6","SENT","b7d21b53-cbc2-4f75-a686-135ae4d17fb6","2026-08-05 11:05:02","<1785920702592.b7d21b53-cbc2-4f75-a686-135ae4d17fb6@smtp.hubapi.com>","","","","","","","20185","AbBatch","","","","","","","","","","","","","",""
"me@kfzgutachter-online.com","6890244","431508253","","Wie dich konkrete Umfragen in KI-Systemen nach vorne bringen","""Vero von ProvenExpert"" <veronica@provenexpert.com>","[support@provenexpert.com]","[]","[]","2026-08-05 11:05:02","b7d21b53-cbc2-4f75-a686-135ae4d17fb6","OPEN","6c77900a-ca83-32cf-b6dd-67dbd466410e","2026-08-05 13:30:25","<1785920702592.b7d21b53-cbc2-4f75-a686-135ae4d17fb6@smtp.hubapi.com>","","","","","","","20185","AbBatch","Mozilla/5.0 (Windows NT 5.1; rv:11.0) Gecko Firefox/11.0 (via ggpht.com GoogleImageProxy)","Unknown","Unknown","Unknown","","","","0","","","","","",""
"info@altlaender-bauelemente.de","6890244","431508254","","5 Sterne allein zeigen nicht, warum Kunden dich wählen","""Vero von ProvenExpert"" <veronica@provenexpert.com>","[support@provenexpert.com]","[]","[]","2026-08-05 09:04:56","e1b949f9-240d-48d7-926d-b60083a604a7","SENT","e1b949f9-240d-48d7-926d-b60083a604a7","2026-08-05 09:04:56","<1785913496253.e1b949f9-240d-48d7-926d-b60083a604a7@smtp.hubapi.com>","","","","","","","20185","AbBatch","","","","","","","","","","","","","",""
"joerg.kreus@phonea.de","6890244","431508253","","Wie dich konkrete Umfragen in KI-Systemen nach vorne bringen","""Vero von ProvenExpert"" <veronica@provenexpert.com>","[support@provenexpert.com]","[]","[]","2026-08-05 11:05:02","c46c3f1b-44fb-40e1-8609-e5100cd2fec5","DROPPED","c46c3f1b-44fb-40e1-8609-e5100cd2fec5","2026-08-05 11:05:02","<1785920702495.c46c3f1b-44fb-40e1-8609-e5100cd2fec5@smtp.hubapi.com>","","","7cd1c141-27a4-3d84-95f1-c1274dda0c8b","2026-04-29 12:44:46","PREVIOUSLY_BOUNCED","Recipient has previously bounced.","20185","AbBatch","","","","","","","","","554","554 5.7.1 Message appeared to be unwanted by recipient. See https://postmaster.routing.net","554 5.7.1 Message appeared to be unwanted by recipient. See https://postmaster.routing.net","","",""
"info@altlaender-bauelemente.de","6890244","431508254","","5 Sterne allein zeigen nicht, warum Kunden dich wählen","""Vero von ProvenExpert"" <veronica@provenexpert.com>","[support@provenexpert.com]","[]","[]","2026-08-05 09:04:56","e1b949f9-240d-48d7-926d-b60083a604a7","DELIVERED","4747f0e4-3c60-3d70-b427-77e36e5df4bd","2026-08-05 09:04:59","<1785913496253.e1b949f9-240d-48d7-926d-b60083a604a7@smtp.hubapi.com>","","","","","","","20185","AbBatch","","","","","","","","","","","","","",""
"info@schneider-haustechnik.com","6890244","431508253","","Wie dich konkrete Umfragen in KI-Systemen nach vorne bringen","""Vero von ProvenExpert"" <veronica@provenexpert.com>","[support@provenexpert.com]","[]","[]","2026-08-05 11:05:01","631de578-b746-4b84-a1e0-03b63f9e9c66","DELIVERED","dbe6efa7-a339-3753-928f-cf4beae3bc09","2026-08-05 11:05:04","<1785920701874.631de578-b746-4b84-a1e0-03b63f9e9c66@smtp.hubapi.com>","","","","","","","20185","AbBatch","","","","","","","","","","","","","",""
"info@schneider-haustechnik.com","6890244","431508253","","Wie dich konkrete Umfragen in KI-Systemen nach vorne bringen","""Vero von ProvenExpert"" <veronica@provenexpert.com>","[support@provenexpert.com]","[]","[]","2026-08-05 11:05:01","631de578-b746-4b84-a1e0-03b63f9e9c66","SENT","631de578-b746-4b84-a1e0-03b63f9e9c66","2026-08-05 11:05:01","<1785920701874.631de578-b746-4b84-a1e0-03b63f9e9c66@smtp.hubapi.com>","","","","","","","20185","AbBatch","","","","","","","","","","","","","",""
"marketing@autogutachter.de","6890244","431508254","","5 Sterne allein zeigen nicht, warum Kunden dich wählen","""Vero von ProvenExpert"" <veronica@provenexpert.com>","[support@provenexpert.com]","[]","[]","2026-08-05 09:04:55","4e995102-49f0-4a0e-bb76-af5e8a0dd0b7","DELIVERED","84c16ada-a2e1-3be0-92f2-ef5ca0c46f6c","2026-08-05 09:05:00","<1785913495826.4e995102-49f0-4a0e-bb76-af5e8a0dd0b7@smtp.hubapi.com>","","","","","","","20185","AbBatch","","","","","","","","","","","","","",""
"marketing@autogutachter.de","6890244","431508254","","5 Sterne allein zeigen nicht, warum Kunden dich wählen","""Vero von ProvenExpert"" <veronica@provenexpert.com>","[support@provenexpert.com]","[]","[]","2026-08-05 09:04:55","4e995102-49f0-4a0e-bb76-af5e8a0dd0b7","SENT","4e995102-49f0-4a0e-bb76-af5e8a0dd0b7","2026-08-05 09:04:55","<1785913495826.4e995102-49f0-4a0e-bb76-af5e8a0dd0b7@smtp.hubapi.com>","","","","","","","20185","AbBatch","","","","","","","","","","","","","",""
"buchhaltung@flyerpilot.de","6890244","431508254","","5 Sterne allein zeigen nicht, warum Kunden dich wählen","""Vero von ProvenExpert"" <veronica@provenexpert.com>","[support@provenexpert.com]","[]","[]","2026-08-05 09:04:56","3bb3dfdd-71b9-4044-a566-938b39efa4d3","SENT","3bb3dfdd-71b9-4044-a566-938b39efa4d3","2026-08-05 09:04:56","<1785913496347.3bb3dfdd-71b9-4044-a566-938b39efa4d3@smtp.hubapi.com>","","","","","","","20185","AbBatch","","","","","","","","","","","","","",""
"buchhaltung@flyerpilot.de","6890244","431508254","","5 Sterne allein zeigen nicht, warum Kunden dich wählen","""Vero von ProvenExpert"" <veronica@provenexpert.com>","[support@provenexpert.com]","[]","[]","2026-08-05 09:04:56","3bb3dfdd-71b9-4044-a566-938b39efa4d3","DELIVERED","dfb74778-4e2b-3a6f-b2a2-ca240edbf06d","2026-08-05 09:05:01","<1785913496347.3bb3dfdd-71b9-4044-a566-938b39efa4d3@smtp.hubapi.com>","","","","","","","20185","AbBatch","","","","","","","","","","","","","",""
"service@cleaning24.ch","6890244","431508255","","Wie dich konkrete Umfragen in KI-Systemen nach vorne bringen","""Vero von ProvenExpert"" <veronica@provenexpert.com>","[support@provenexpert.com]","[]","[]","2026-08-05 09:03:35","721e1d88-344b-40de-8666-4ebbc95b86fc","DELIVERED","1e66a28a-57ed-329d-aa68-0a64ba06f9c4","2026-08-05 09:03:38","<1785913415674.721e1d88-344b-40de-8666-4ebbc95b86fc@smtp.hubapi.com>","","","","","","","20185","AbBatch","","","","","","","","","","","","","",""
"service@cleaning24.ch","6890244","431508255","","Wie dich konkrete Umfragen in KI-Systemen nach vorne bringen","""Vero von ProvenExpert"" <veronica@provenexpert.com>","[support@provenexpert.com]","[]","[]","2026-08-05 09:03:35","721e1d88-344b-40de-8666-4ebbc95b86fc","OPEN","bf3ff747-d6c6-3771-abdf-ba4699ca5b6a","2026-08-05 09:30:17","<1785913415674.721e1d88-344b-40de-8666-4ebbc95b86fc@smtp.hubapi.com>","","","","","","","20185","AbBatch","Mozilla/5.0 (Linux; Android 16; SM-S918B Build/BP4A.251205.006; wv) AppleWebKit/537.36 (KHTML, like Gecko) Version/4.0 Chrome/150.0.7871.181 Mobile Safari/537.36","zurich","zurich","SWITZERLAND","","","","0","","","","","",""
"marketing@planorg.de","6890244","431508255","","Wie dich konkrete Umfragen in KI-Systemen nach vorne bringen","""Vero von ProvenExpert"" <veronica@provenexpert.com>","[support@provenexpert.com]","[]","[]","2026-08-05 09:04:56","dee7ef71-aafa-40c6-b2f5-9068cd7831e0","DROPPED","dee7ef71-aafa-40c6-b2f5-9068cd7831e0","2026-08-05 09:04:56","<1785913496013.dee7ef71-aafa-40c6-b2f5-9068cd7831e0@smtp.hubapi.com>","","","cb682756-b628-3ce7-a19e-b3e9d04b3b1f","2021-10-12 10:59:40","PREVIOUSLY_BOUNCED","Recipient has previously bounced.","20185","AbBatch","","","","","","","","","550","Remote Server returned '550 5.1.1 RESOLVER.ADR.RecipNotFound; not found'","Remote Server returned '550 5.1.1 RESOLVER.ADR.RecipNotFound; not found'","","",""
"lee@cardiopraxis.de","6890244","431508254","","5 Sterne allein zeigen nicht, warum Kunden dich wählen","""Vero von ProvenExpert"" <veronica@provenexpert.com>","[support@provenexpert.com]","[]","[]","2026-08-05 09:04:56","c251ea08-9350-4729-9eb2-38c2301c4506","DROPPED","c251ea08-9350-4729-9eb2-38c2301c4506","2026-08-05 09:04:56","<1785913496063.c251ea08-9350-4729-9eb2-38c2301c4506@smtp.hubapi.com>","","","042e25ff-0df8-32aa-b315-183d9b3e7f3a","2023-12-13 15:39:01","PREVIOUSLY_BOUNCED","Recipient has previously bounced.","20185","AbBatch","","","","","","","","","550","550 5.1.1 <lee@cardiopraxis.de>: Recipient address rejected: User unknown in virtual alias table","550 5.1.1 <lee@cardiopraxis.de>: Recipient address rejected: User unknown in virtual alias table","","",""
"service@cleaning24.ch","6890244","431508255","","Wie dich konkrete Umfragen in KI-Systemen nach vorne bringen","""Vero von ProvenExpert"" <veronica@provenexpert.com>","[support@provenexpert.com]","[]","[]","2026-08-05 09:03:35","721e1d88-344b-40de-8666-4ebbc95b86fc","SENT","721e1d88-344b-40de-8666-4ebbc95b86fc","2026-08-05 09:03:35","<1785913415674.721e1d88-344b-40de-8666-4ebbc95b86fc@smtp.hubapi.com>","","","","","","","20185","AbBatch","","","","","","","","","","","","","",""
"sewald@provenexpert.com","6890244","431508253","","Wie dich konkrete Umfragen in KI-Systemen nach vorne bringen","""Vero von ProvenExpert"" <veronica@provenexpert.com>","[support@provenexpert.com]","[]","[]","2026-08-05 11:05:02","1f09a48a-e839-472a-8576-3cca7a606234","SENT","1f09a48a-e839-472a-8576-3cca7a606234","2026-08-05 11:05:02","<1785920702333.1f09a48a-e839-472a-8576-3cca7a606234@smtp.hubapi.com>","","","","","","","20185","AbBatch","","","","","","","","","","","","","",""
"sewald@provenexpert.com","6890244","431508253","","Wie dich konkrete Umfragen in KI-Systemen nach vorne bringen","""Vero von ProvenExpert"" <veronica@provenexpert.com>","[support@provenexpert.com]","[]","[]","2026-08-05 11:05:02","1f09a48a-e839-472a-8576-3cca7a606234","DEFERRED","45dea13d-4bec-302b-ba64-3ff21fd8817d","2026-08-05 11:05:24","<1785920702333.1f09a48a-e839-472a-8576-3cca7a606234@smtp.hubapi.com>","","","","","","","20185","AbBatch","","","","","","","","","","","","","",""
"sewald@provenexpert.com","6890244","431508253","","Wie dich konkrete Umfragen in KI-Systemen nach vorne bringen","""Vero von ProvenExpert"" <veronica@provenexpert.com>","[support@provenexpert.com]","[]","[]","2026-08-05 11:05:02","1f09a48a-e839-472a-8576-3cca7a606234","DEFERRED","6b4f2c5a-dc37-33af-b4c0-c2cf7472d948","2026-08-05 13:05:44","<1785920702333.1f09a48a-e839-472a-8576-3cca7a606234@smtp.hubapi.com>","","","","","","","20185","AbBatch","","","","","","","","","","","","","",""
"sewald@provenexpert.com","6890244","431508253","","Wie dich konkrete Umfragen in KI-Systemen nach vorne bringen","""Vero von ProvenExpert"" <veronica@provenexpert.com>","[support@provenexpert.com]","[]","[]","2026-08-05 11:05:02","1f09a48a-e839-472a-8576-3cca7a606234","DELIVERED","47ba7126-94b6-3dbb-875c-cab981aeb368","2026-08-05 15:05:46","<1785920702333.1f09a48a-e839-472a-8576-3cca7a606234@smtp.hubapi.com>","","","","","","","20185","AbBatch","","","","","","","","","","","","","",""
"info@dachrinnen-reinigungs-helden.de","6890244","431508253","","Wie dich konkrete Umfragen in KI-Systemen nach vorne bringen","""Vero von ProvenExpert"" <veronica@provenexpert.com>","[support@provenexpert.com]","[]","[]","2026-08-05 11:05:02","166436b7-8315-49a4-8988-30fdc9884e2c","DELIVERED","fa812742-ac15-3c89-a4a4-573171f23be9","2026-08-05 11:05:05","<1785920702164.166436b7-8315-49a4-8988-30fdc9884e2c@smtp.hubapi.com>","","","","","","","20185","AbBatch","","","","","","","","","","","","","",""
"info@dachrinnen-reinigungs-helden.de","6890244","431508253","","Wie dich konkrete Umfragen in KI-Systemen nach vorne bringen","""Vero von ProvenExpert"" <veronica@provenexpert.com>","[support@provenexpert.com]","[]","[]","2026-08-05 11:05:02","166436b7-8315-49a4-8988-30fdc9884e2c","SENT","166436b7-8315-49a4-8988-30fdc9884e2c","2026-08-05 11:05:02","<1785920702164.166436b7-8315-49a4-8988-30fdc9884e2c@smtp.hubapi.com>","","","","","","","20185","AbBatch","","","","","","","","","","","","","",""
"info@online-performance-consulting.de","6890244","431508255","","Wie dich konkrete Umfragen in KI-Systemen nach vorne bringen","""Vero von ProvenExpert"" <veronica@provenexpert.com>","[support@provenexpert.com]","[]","[]","2026-08-05 09:03:35","4bc08caa-1dd7-4836-94d6-6c9b056f3adc","SENT","4bc08caa-1dd7-4836-94d6-6c9b056f3adc","2026-08-05 09:03:35","<1785913415745.4bc08caa-1dd7-4836-94d6-6c9b056f3adc@smtp.hubapi.com>","","","","","","","20185","AbBatch","","","","","","","","","","","","","",""
"info@online-performance-consulting.de","6890244","431508255","","Wie dich konkrete Umfragen in KI-Systemen nach vorne bringen","""Vero von ProvenExpert"" <veronica@provenexpert.com>","[support@provenexpert.com]","[]","[]","2026-08-05 09:03:35","4bc08caa-1dd7-4836-94d6-6c9b056f3adc","OPEN","8086d194-0b37-30fe-a87e-3bb20cc611f5","2026-08-05 09:04:01","<1785913415745.4bc08caa-1dd7-4836-94d6-6c9b056f3adc@smtp.hubapi.com>","","","","","","","20185","AbBatch","Mozilla/5.0 (Windows NT 5.1; rv:11.0) Gecko Firefox/11.0 (via ggpht.com GoogleImageProxy)","Unknown","Unknown","Unknown","","","","0","","","","","",""
"info@online-performance-consulting.de","6890244","431508255","","Wie dich konkrete Umfragen in KI-Systemen nach vorne bringen","""Vero von ProvenExpert"" <veronica@provenexpert.com>","[support@provenexpert.com]","[]","[]","2026-08-05 09:03:35","4bc08caa-1dd7-4836-94d6-6c9b056f3adc","DELIVERED","f77ae9ef-2f55-3a45-b051-e2ed5b7855d2","2026-08-05 09:03:37","<1785913415745.4bc08caa-1dd7-4836-94d6-6c9b056f3adc@smtp.hubapi.com>","","","","","","","20185","AbBatch","","","","","","","","","","","","","",""
"info@stephan-sieh.de","6890244","431508254","","5 Sterne allein zeigen nicht, warum Kunden dich wählen","""Vero von ProvenExpert"" <veronica@provenexpert.com>","[support@provenexpert.com]","[]","[]","2026-08-05 09:04:55","c481a847-95f6-47b2-9f60-2a34dc5bac6f","SENT","c481a847-95f6-47b2-9f60-2a34dc5bac6f","2026-08-05 09:04:55","<1785913495864.c481a847-95f6-47b2-9f60-2a34dc5bac6f@smtp.hubapi.com>","","","","","","","20185","AbBatch","","","","","","","","","","","","","",""
"info@stephan-sieh.de","6890244","431508254","","5 Sterne allein zeigen nicht, warum Kunden dich wählen","""Vero von ProvenExpert"" <veronica@provenexpert.com>","[support@provenexpert.com]","[]","[]","2026-08-05 09:04:55","c481a847-95f6-47b2-9f60-2a34dc5bac6f","DELIVERED","2b90b659-3b7b-3684-bb1f-77bcdfb62b93","2026-08-05 09:04:59","<1785913495864.c481a847-95f6-47b2-9f60-2a34dc5bac6f@smtp.hubapi.com>","","","","","","","20185","AbBatch","","","","","","","","","","","","","",""
"info@groundheroes.de","6890244","431508255","","Wie dich konkrete Umfragen in KI-Systemen nach vorne bringen","""Vero von ProvenExpert"" <veronica@provenexpert.com>","[support@provenexpert.com]","[]","[]","2026-08-05 09:04:55","94dbe790-085f-4c10-adaf-bc055bc4dcc3","SENT","94dbe790-085f-4c10-adaf-bc055bc4dcc3","2026-08-05 09:04:55","<1785913495786.94dbe790-085f-4c10-adaf-bc055bc4dcc3@smtp.hubapi.com>","","","","","","","20185","AbBatch","","","","","","","","","","","","","",""
"info@groundheroes.de","6890244","431508255","","Wie dich konkrete Umfragen in KI-Systemen nach vorne bringen","""Vero von ProvenExpert"" <veronica@provenexpert.com>","[support@provenexpert.com]","[]","[]","2026-08-05 09:04:55","94dbe790-085f-4c10-adaf-bc055bc4dcc3","DELIVERED","4146a5de-a848-34db-97c1-20a03a89b713","2026-08-05 09:05:06","<1785913495786.94dbe790-085f-4c10-adaf-bc055bc4dcc3@smtp.hubapi.com>","","","","","","","20185","AbBatch","","","","","","","","","","","","","",""
"info@die-it-werkstatt.de","6890244","431508253","","Wie dich konkrete Umfragen in KI-Systemen nach vorne bringen","""Vero von ProvenExpert"" <veronica@provenexpert.com>","[support@provenexpert.com]","[]","[]","2026-08-05 11:05:02","c949653f-3264-4b67-aaea-2cbc7b5201a7","DELIVERED","a271ea57-6f29-3134-9a6c-ae7365ad20c9","2026-08-05 11:05:04","<1785920702031.c949653f-3264-4b67-aaea-2cbc7b5201a7@smtp.hubapi.com>","","","","","","","20185","AbBatch","","","","","","","","","","","","","",""
"info@die-it-werkstatt.de","6890244","431508253","","Wie dich konkrete Umfragen in KI-Systemen nach vorne bringen","""Vero von ProvenExpert"" <veronica@provenexpert.com>","[support@provenexpert.com]","[]","[]","2026-08-05 11:05:02","c949653f-3264-4b67-aaea-2cbc7b5201a7","SENT","c949653f-3264-4b67-aaea-2cbc7b5201a7","2026-08-05 11:05:02","<1785920702031.c949653f-3264-4b67-aaea-2cbc7b5201a7@smtp.hubapi.com>","","","","","","","20185","AbBatch","","","","","","","","","","","","","",""
"info@gl-ohg.de","6890244","431508254","","5 Sterne allein zeigen nicht, warum Kunden dich wählen","""Vero von ProvenExpert"" <veronica@provenexpert.com>","[support@provenexpert.com]","[]","[]","2026-08-05 09:04:55","46b19ddb-afbf-460d-ae4d-f62014cd0365","DELIVERED","d530f6ed-d63f-37d3-a8ad-64a6def27416","2026-08-05 09:04:58","<1785913495972.46b19ddb-afbf-460d-ae4d-f62014cd0365@smtp.hubapi.com>","","","","","","","20185","AbBatch","","","","","","","","","","","","","",""
"info@gl-ohg.de","6890244","431508254","","5 Sterne allein zeigen nicht, warum Kunden dich wählen","""Vero von ProvenExpert"" <veronica@provenexpert.com>","[support@provenexpert.com]","[]","[]","2026-08-05 09:04:55","46b19ddb-afbf-460d-ae4d-f62014cd0365","SENT","46b19ddb-afbf-460d-ae4d-f62014cd0365","2026-08-05 09:04:55","<1785913495972.46b19ddb-afbf-460d-ae4d-f62014cd0365@smtp.hubapi.com>","","","","","","","20185","AbBatch","","","","","","","","","","","","","",""
"321@provenexpert.de","6890244","431508253","","Wie dich konkrete Umfragen in KI-Systemen nach vorne bringen","""Vero von ProvenExpert"" <veronica@provenexpert.com>","[support@provenexpert.com]","[]","[]","2026-08-05 11:05:02","b2436c37-25e7-46f5-ab4c-99b15c40c9fe","DROPPED","b2436c37-25e7-46f5-ab4c-99b15c40c9fe","2026-08-05 11:05:02","<1785920702156.b2436c37-25e7-46f5-ab4c-99b15c40c9fe@smtp.hubapi.com>","","","38967e5f-d55e-3486-8208-7ef4e7b4b33c","2025-09-02 09:00:14","PREVIOUSLY_BOUNCED","Recipient has previously bounced.","20185","AbBatch","","","","","","","","","550","550 5.4.1 Recipient address rejected: Access denied. For more information see https://aka.ms/EXOSmtpErrors [DB5PEPF00014B90.eurprd02.prod.outlook.com 2025-09-02T07:00:14.849Z 08DDE75F043FA9CE]","550 5.4.1 Recipient address rejected: Access denied. For more information see https://aka.ms/EXOSmtpErrors [DB5PEPF00014B90.eurprd02.prod.outlook.com 2025-09-02T07:00:14.849Z 08DDE75F043FA9CE]","","",""
"info@stein-doktor.de","6890244","431508253","","Wie dich konkrete Umfragen in KI-Systemen nach vorne bringen","""Vero von ProvenExpert"" <veronica@provenexpert.com>","[support@provenexpert.com]","[]","[]","2026-08-05 11:05:02","a1dcc81b-69ba-4f70-84b4-67387ddde265","DELIVERED","a79007a0-8dcf-3cf2-a405-7ef464d53b95","2026-08-05 11:05:07","<1785920702778.a1dcc81b-69ba-4f70-84b4-67387ddde265@smtp.hubapi.com>","","","","","","","20185","AbBatch","","","","","","","","","","","","","",""
"info@stein-doktor.de","6890244","431508253","","Wie dich konkrete Umfragen in KI-Systemen nach vorne bringen","""Vero von ProvenExpert"" <veronica@provenexpert.com>","[support@provenexpert.com]","[]","[]","2026-08-05 11:05:02","a1dcc81b-69ba-4f70-84b4-67387ddde265","SENT","a1dcc81b-69ba-4f70-84b4-67387ddde265","2026-08-05 11:05:02","<1785920702778.a1dcc81b-69ba-4f70-84b4-67387ddde265@smtp.hubapi.com>","","","","","","","20185","AbBatch","","","","","","","","","","","","","",""
"info@wirtschaftsberater-wetterau.de","6890244","431508254","","5 Sterne allein zeigen nicht, warum Kunden dich wählen","""Vero von ProvenExpert"" <veronica@provenexpert.com>","[support@provenexpert.com]","[]","[]","2026-08-05 09:04:56","5bf66c3c-f69b-4eb1-a475-b90d953697ad","SENT","5bf66c3c-f69b-4eb1-a475-b90d953697ad","2026-08-05 09:04:56","<1785913496192.5bf66c3c-f69b-4eb1-a475-b90d953697ad@smtp.hubapi.com>","","","","","","","20185","AbBatch","","","","","","","","","","","","","",""
"info@wirtschaftsberater-wetterau.de","6890244","431508254","","5 Sterne allein zeigen nicht, warum Kunden dich wählen","""Vero von ProvenExpert"" <veronica@provenexpert.com>","[support@provenexpert.com]","[]","[]","2026-08-05 09:04:56","5bf66c3c-f69b-4eb1-a475-b90d953697ad","DELIVERED","3d8d7a38-5787-3d48-8e4b-7efea428bc42","2026-08-05 09:05:00","<1785913496192.5bf66c3c-f69b-4eb1-a475-b90d953697ad@smtp.hubapi.com>","","","","","","","20185","AbBatch","","","","","","","","","","","","","",""
"ch@christianhaak.de","6890244","431508254","","5 Sterne allein zeigen nicht, warum Kunden dich wählen","""Vero von ProvenExpert"" <veronica@provenexpert.com>","[support@provenexpert.com]","[]","[]","2026-08-05 09:04:56","20dbaa79-6f4c-4ad0-a2e6-a6e6d2a02eaf","DELIVERED","45ba27d7-7d73-3d19-8785-fba0da77b0b9","2026-08-05 09:05:00","<1785913496221.20dbaa79-6f4c-4ad0-a2e6-a6e6d2a02eaf@smtp.hubapi.com>","","","","","","","20185","AbBatch","","","","","","","","","","","","","",""
"ch@christianhaak.de","6890244","431508254","","5 Sterne allein zeigen nicht, warum Kunden dich wählen","""Vero von ProvenExpert"" <veronica@provenexpert.com>","[support@provenexpert.com]","[]","[]","2026-08-05 09:04:56","20dbaa79-6f4c-4ad0-a2e6-a6e6d2a02eaf","SENT","20dbaa79-6f4c-4ad0-a2e6-a6e6d2a02eaf","2026-08-05 09:04:56","<1785913496221.20dbaa79-6f4c-4ad0-a2e6-a6e6d2a02eaf@smtp.hubapi.com>","","","","","","","20185","AbBatch","","","","","","","","","","","","","",""
"futuresun@t-online.de","6890244","431508253","","Wie dich konkrete Umfragen in KI-Systemen nach vorne bringen","""Vero von ProvenExpert"" <veronica@provenexpert.com>","[support@provenexpert.com]","[]","[]","2026-08-05 11:05:02","e14fcf1c-4e6a-4913-a164-7870d993cfac","SENT","e14fcf1c-4e6a-4913-a164-7870d993cfac","2026-08-05 11:05:02","<1785920702614.e14fcf1c-4e6a-4913-a164-7870d993cfac@smtp.hubapi.com>","","","","","","","20185","AbBatch","","","","","","","","","","","","","",""
"futuresun@t-online.de","6890244","431508253","","Wie dich konkrete Umfragen in KI-Systemen nach vorne bringen","""Vero von ProvenExpert"" <veronica@provenexpert.com>","[support@provenexpert.com]","[]","[]","2026-08-05 11:05:02","e14fcf1c-4e6a-4913-a164-7870d993cfac","DELIVERED","b6a12138-6c8c-3442-80ab-e0f87945eef8","2026-08-05 11:05:06","<1785920702614.e14fcf1c-4e6a-4913-a164-7870d993cfac@smtp.hubapi.com>","","","","","","","20185","AbBatch","","","","","","","","","","","","","",""
"maretzki@joergjoedecke.de","6890244","431508255","","Wie dich konkrete Umfragen in KI-Systemen nach vorne bringen","""Vero von ProvenExpert"" <veronica@provenexpert.com>","[support@provenexpert.com]","[]","[]","2026-08-05 09:04:56","22eaa2c8-6ebe-45d3-9c7d-cf0178b35274","SENT","22eaa2c8-6ebe-45d3-9c7d-cf0178b35274","2026-08-05 09:04:56","<1785913496000.22eaa2c8-6ebe-45d3-9c7d-cf0178b35274@smtp.hubapi.com>","","","","","","","20185","AbBatch","","","","","","","","","","","","","",""
"maretzki@joergjoedecke.de","6890244","431508255","","Wie dich konkrete Umfragen in KI-Systemen nach vorne bringen","""Vero von ProvenExpert"" <veronica@provenexpert.com>","[support@provenexpert.com]","[]","[]","2026-08-05 09:04:56","22eaa2c8-6ebe-45d3-9c7d-cf0178b35274","DELIVERED","780f694b-0e3a-3bbe-b5f3-2776bcdfee39","2026-08-05 09:05:01","<1785913496000.22eaa2c8-6ebe-45d3-9c7d-cf0178b35274@smtp.hubapi.com>","","","","","","","20185","AbBatch","","","","","","","","","","","","","",""
"vmk@heikogerstner.com","6890244","431508253","","Wie dich konkrete Umfragen in KI-Systemen nach vorne bringen","""Vero von ProvenExpert"" <veronica@provenexpert.com>","[support@provenexpert.com]","[]","[]","2026-08-05 11:05:02","22769cbf-f51b-4674-aefe-b08382b277ff","SENT","22769cbf-f51b-4674-aefe-b08382b277ff","2026-08-05 11:05:02","<1785920702093.22769cbf-f51b-4674-aefe-b08382b277ff@smtp.hubapi.com>","","","","","","","20185","AbBatch","","","","","","","","","","","","","",""
"vmk@heikogerstner.com","6890244","431508253","","Wie dich konkrete Umfragen in KI-Systemen nach vorne bringen","""Vero von ProvenExpert"" <veronica@provenexpert.com>","[support@provenexpert.com]","[]","[]","2026-08-05 11:05:02","22769cbf-f51b-4674-aefe-b08382b277ff","DELIVERED","aef96abf-7faa-3c7e-9a0f-7784f5a7dc61","2026-08-05 11:05:05","<1785920702093.22769cbf-f51b-4674-aefe-b08382b277ff@smtp.hubapi.com>","","","","","","","20185","AbBatch","","","","","","","","","","","","","",""
"arndtoliver47@gmail.com","6890244","431508253","","Wie dich konkrete Umfragen in KI-Systemen nach vorne bringen","""Vero von ProvenExpert"" <veronica@provenexpert.com>","[support@provenexpert.com]","[]","[]","2026-08-05 11:05:01","e9fd7f4c-fec5-4f91-baff-bef88140a3a2","SENT","e9fd7f4c-fec5-4f91-baff-bef88140a3a2","2026-08-05 11:05:01","<1785920701927.e9fd7f4c-fec5-4f91-baff-bef88140a3a2@smtp.hubapi.com>","","","","","","","20185","AbBatch","","","","","","","","","","","","","",""
"arndtoliver47@gmail.com","6890244","431508253","","Wie dich konkrete Umfragen in KI-Systemen nach vorne bringen","""Vero von ProvenExpert"" <veronica@provenexpert.com>","[support@provenexpert.com]","[]","[]","2026-08-05 11:05:01","e9fd7f4c-fec5-4f91-baff-bef88140a3a2","DELIVERED","e57cc31b-87d4-3d77-9a90-dda000ef607c","2026-08-05 11:05:02","<1785920701927.e9fd7f4c-fec5-4f91-baff-bef88140a3a2@smtp.hubapi.com>","","","","","","","20185","AbBatch","","","","","","","","","","","","","",""
"d.farrenkopf@dvm.de","6890244","431508254","","5 Sterne allein zeigen nicht, warum Kunden dich wählen","""Vero von ProvenExpert"" <veronica@provenexpert.com>","[support@provenexpert.com]","[]","[]","2026-08-05 09:04:56","ddb4f872-e73d-4812-b787-c12e65865ca8","SENT","ddb4f872-e73d-4812-b787-c12e65865ca8","2026-08-05 09:04:56","<1785913496228.ddb4f872-e73d-4812-b787-c12e65865ca8@smtp.hubapi.com>","","","","","","","20185","AbBatch","","","","","","","","","","","","","",""
"d.farrenkopf@dvm.de","6890244","431508254","","5 Sterne allein zeigen nicht, warum Kunden dich wählen","""Vero von ProvenExpert"" <veronica@provenexpert.com>","[support@provenexpert.com]","[]","[]","2026-08-05 09:04:56","ddb4f872-e73d-4812-b787-c12e65865ca8","DELIVERED","8e479134-0f28-3977-906b-aad984e05961","2026-08-05 09:05:04","<1785913496228.ddb4f872-e73d-4812-b787-c12e65865ca8@smtp.hubapi.com>","","","","","","","20185","AbBatch","","","","","","","","","","","","","",""
"info@bogumil.de","6890244","431508253","","Wie dich konkrete Umfragen in KI-Systemen nach vorne bringen","""Vero von ProvenExpert"" <veronica@provenexpert.com>","[support@provenexpert.com]","[]","[]","2026-08-05 11:05:02","541a53de-445e-4e9c-a304-06df1975dd88","CLICK","655b346b-27f3-382c-868d-d2b2ccf9768f","2026-08-19 13:30:34","<1785920702202.541a53de-445e-4e9c-a304-06df1975dd88@smtp.hubapi.com>","","","","","","","20185","AbBatch","Mozilla/5.0 (Windows NT 10.0; Win64; x64; rv:153.0) Gecko/20100101 Firefox/153.0","buren","nordrhein-westfalen","GERMANY","","","https://www.provenexpert.com/de-de/umfragen/?utm_term=2&utm_campaign=consistency26m&utm_medium=email&_hsmi=431508253&utm_content=dach_en_basic_m_consistency26m_2&utm_source=hubspot","","","","","","",""
"info@bogumil.de","6890244","431508253","","Wie dich konkrete Umfragen in KI-Systemen nach vorne bringen","""Vero von ProvenExpert"" <veronica@provenexpert.com>","[support@provenexpert.com]","[]","[]","2026-08-05 11:05:02","541a53de-445e-4e9c-a304-06df1975dd88","OPEN","c32b40e4-2221-3a23-9215-1572dc09f983","2026-08-19 13:30:21","<1785920702202.541a53de-445e-4e9c-a304-06df1975dd88@smtp.hubapi.com>","","","","","","","20185","AbBatch","Mozilla/4.0 (compatible; ms-office; MSOffice 16)","buren","nordrhein-westfalen","GERMANY","","","","4868","","","","","",""
"info@bogumil.de","6890244","431508253","","Wie dich konkrete Umfragen in KI-Systemen nach vorne bringen","""Vero von ProvenExpert"" <veronica@provenexpert.com>","[support@provenexpert.com]","[]","[]","2026-08-05 11:05:02","541a53de-445e-4e9c-a304-06df1975dd88","DELIVERED","604fb0e1-0233-3dc7-8ec1-2d3ecbf2612b","2026-08-05 11:05:06","<1785920702202.541a53de-445e-4e9c-a304-06df1975dd88@smtp.hubapi.com>","","","","","","","20185","AbBatch","","","","","","","","","","","","","",""
"info@bogumil.de","6890244","431508253","","Wie dich konkrete Umfragen in KI-Systemen nach vorne bringen","""Vero von ProvenExpert"" <veronica@provenexpert.com>","[support@provenexpert.com]","[]","[]","2026-08-05 11:05:02","541a53de-445e-4e9c-a304-06df1975dd88","OPEN","82787951-5438-390b-ba03-5e7da8439384","2026-08-06 10:55:53","<1785920702202.541a53de-445e-4e9c-a304-06df1975dd88@smtp.hubapi.com>","","","","","","","20185","AbBatch","Mozilla/5.0 (Windows NT 10.0; Win64; x64; rv:153.0) Gecko/20100101 Firefox/153.0","buren","nordrhein-westfalen","GERMANY","","","","32002","","","","","",""
"info@bogumil.de","6890244","431508253","","Wie dich konkrete Umfragen in KI-Systemen nach vorne bringen","""Vero von ProvenExpert"" <veronica@provenexpert.com>","[support@provenexpert.com]","[]","[]","2026-08-05 11:05:02","541a53de-445e-4e9c-a304-06df1975dd88","OPEN","cd3175ed-7cad-36d5-bdaa-dbd7c4ab4e82","2026-08-19 13:30:21","<1785920702202.541a53de-445e-4e9c-a304-06df1975dd88@smtp.hubapi.com>","","","","","","","20185","AbBatch","Mozilla/4.0 (compatible; ms-office; MSOffice 16)","buren","nordrhein-westfalen","GERMANY","","","","4949","","","","","",""
"info@bogumil.de","6890244","431508253","","Wie dich konkrete Umfragen in KI-Systemen nach vorne bringen","""Vero von ProvenExpert"" <veronica@provenexpert.com>","[support@provenexpert.com]","[]","[]","2026-08-05 11:05:02","541a53de-445e-4e9c-a304-06df1975dd88","SENT","541a53de-445e-4e9c-a304-06df1975dd88","2026-08-05 11:05:02","<1785920702202.541a53de-445e-4e9c-a304-06df1975dd88@smtp.hubapi.com>","","","","","","","20185","AbBatch","","","","","","","","","","","","","",""
"otc-effektiv@gmx.de","6890244","431508255","","Wie dich konkrete Umfragen in KI-Systemen nach vorne bringen","""Vero von ProvenExpert"" <veronica@provenexpert.com>","[support@provenexpert.com]","[]","[]","2026-08-05 09:03:35","7612e706-cbde-469e-b51d-632323a78ff6","SENT","7612e706-cbde-469e-b51d-632323a78ff6","2026-08-05 09:03:35","<1785913415760.7612e706-cbde-469e-b51d-632323a78ff6@smtp.hubapi.com>","","","","","","","20185","AbBatch","","","","","","","","","","","","","",""
"otc-effektiv@gmx.de","6890244","431508255","","Wie dich konkrete Umfragen in KI-Systemen nach vorne bringen","""Vero von ProvenExpert"" <veronica@provenexpert.com>","[support@provenexpert.com]","[]","[]","2026-08-05 09:03:35","7612e706-cbde-469e-b51d-632323a78ff6","DELIVERED","51754a80-8b7e-3f16-ad9b-525b0813c621","2026-08-05 09:03:40","<1785913415760.7612e706-cbde-469e-b51d-632323a78ff6@smtp.hubapi.com>","","","","","","","20185","AbBatch","","","","","","","","","","","","","",""
"kweber@provenexpert.com","6890244","431508255","","Wie dich konkrete Umfragen in KI-Systemen nach vorne bringen","""Vero von ProvenExpert"" <veronica@provenexpert.com>","[support@provenexpert.com]","[]","[]","2026-08-05 09:04:55","3fde051b-3446-4f61-ac92-37e6adf7dd90","DELIVERED","8603eb77-eda3-387d-82d9-5b51a2bf88ff","2026-08-05 09:04:57","<1785913495663.3fde051b-3446-4f61-ac92-37e6adf7dd90@smtp.hubapi.com>","","","","","","","20185","AbBatch","","","","","","","","","","","","","",""
"kweber@provenexpert.com","6890244","431508255","","Wie dich konkrete Umfragen in KI-Systemen nach vorne bringen","""Vero von ProvenExpert"" <veronica@provenexpert.com>","[support@provenexpert.com]","[]","[]","2026-08-05 09:04:55","3fde051b-3446-4f61-ac92-37e6adf7dd90","SENT","3fde051b-3446-4f61-ac92-37e6adf7dd90","2026-08-05 09:04:55","<1785913495663.3fde051b-3446-4f61-ac92-37e6adf7dd90@smtp.hubapi.com>","","","","","","","20185","AbBatch","","","","","","","","","","","","","",""
"djalexfinger@gmx.de","6890244","431508254","","5 Sterne allein zeigen nicht, warum Kunden dich wählen","""Vero von ProvenExpert"" <veronica@provenexpert.com>","[support@provenexpert.com]","[]","[]","2026-08-05 09:04:56","c1cede10-dfd6-48b2-a958-da1fa10c195b","SENT","c1cede10-dfd6-48b2-a958-da1fa10c195b","2026-08-05 09:04:56","<1785913496165.c1cede10-dfd6-48b2-a958-da1fa10c195b@smtp.hubapi.com>","","","","","","","20185","AbBatch","","","","","","","","","","","","","",""
"djalexfinger@gmx.de","6890244","431508254","","5 Sterne allein zeigen nicht, warum Kunden dich wählen","""Vero von ProvenExpert"" <veronica@provenexpert.com>","[support@provenexpert.com]","[]","[]","2026-08-05 09:04:56","c1cede10-dfd6-48b2-a958-da1fa10c195b","DELIVERED","1c2f5967-f043-3a63-a829-a90dc1172505","2026-08-05 09:04:59","<1785913496165.c1cede10-dfd6-48b2-a958-da1fa10c195b@smtp.hubapi.com>","","","","","","","20185","AbBatch","","","","","","","","","","","","","",""
