"Recipient","Hub ID","Email Campaign ID","SubType","Subject","From","Reply-To","CC","BCC","Sent Date (Your time zone)","Sent By Event ID","Event Type","Event ID","Event Created Date (Your time zone)","Message ID","Obsoleted by Event ID","Obsoleted by Date (Your time zone)","Caused by Event ID","Caused by Date (Your time zone)","Not Sent Reason","Not Sent Message","App ID","App Name","User Agent","City","State","Country","CTA ID","CTA Name","Click URL","Open duration (ms)","Bounce status","Bounce reason","Bounce message","Subscription Change Requested By","Subscription Change Source","Portal Subscription Status"
"sven-albert@t-online.de","6890244","348332491","","Wir schenken Ihnen drei Monate ProvenExpert ","""Denise von ProvenExpert"" <denise@provenexpert.com>","[support@provenexpert.com]","[]","[]","2025-02-22 08:37:01","86152937-4f4f-4e67-93b0-7b713b72cec0","SENT","86152937-4f4f-4e67-93b0-7b713b72cec0","2025-02-22 08:37:01","<1740209821728.86152937-4f4f-4e67-93b0-7b713b72cec0@smtp.hubapi.com>","","","","","","","20185","AbBatch","","","","","","","","","","","","","",""
"sven-albert@t-online.de","6890244","348332491","","Wir schenken Ihnen drei Monate ProvenExpert ","""Denise von ProvenExpert"" <denise@provenexpert.com>","[support@provenexpert.com]","[]","[]","2025-02-22 08:37:01","86152937-4f4f-4e67-93b0-7b713b72cec0","DELIVERED","6308cef9-dc4a-3101-9da4-206b71867f02","2025-02-22 08:37:04","<1740209821728.86152937-4f4f-4e67-93b0-7b713b72cec0@smtp.hubapi.com>","","","","","","","20185","AbBatch","","","","","","","","","","","","","",""
"kontakt@oliver-bestier.com","6890244","348332492","","299 € sparen und alle Vorteile für mehr Monate genießen!","""Denise von ProvenExpert"" <denise@provenexpert.com>","[support@provenexpert.com]","[]","[]","2025-02-22 08:37:01","fc05447e-444d-49d4-a88c-7085625a76a0","SENT","fc05447e-444d-49d4-a88c-7085625a76a0","2025-02-22 08:37:01","<1740209821018.fc05447e-444d-49d4-a88c-7085625a76a0@smtp.hubapi.com>","","","","","","","20185","AbBatch","","","","","","","","","","","","","",""
"kontakt@oliver-bestier.com","6890244","348332492","","299 € sparen und alle Vorteile für mehr Monate genießen!","""Denise von ProvenExpert"" <denise@provenexpert.com>","[support@provenexpert.com]","[]","[]","2025-02-22 08:37:01","fc05447e-444d-49d4-a88c-7085625a76a0","DELIVERED","f9451f71-cc20-382d-9daf-b7499603e2aa","2025-02-22 08:37:05","<1740209821018.fc05447e-444d-49d4-a88c-7085625a76a0@smtp.hubapi.com>","","","","","","","20185","AbBatch","","","","","","","","","","","","","",""
"kristinadaniel@web.de","6890244","348332492","","299 € sparen und alle Vorteile für mehr Monate genießen!","""Denise von ProvenExpert"" <denise@provenexpert.com>","[support@provenexpert.com]","[]","[]","2025-02-22 08:37:01","853aa027-a9bc-499f-a88d-19a762040bc7","SENT","853aa027-a9bc-499f-a88d-19a762040bc7","2025-02-22 08:37:01","<1740209821227.853aa027-a9bc-499f-a88d-19a762040bc7@smtp.hubapi.com>","","","","","","","20185","AbBatch","","","","","","","","","","","","","",""
"kristinadaniel@web.de","6890244","348332492","","299 € sparen und alle Vorteile für mehr Monate genießen!","""Denise von ProvenExpert"" <denise@provenexpert.com>","[support@provenexpert.com]","[]","[]","2025-02-22 08:37:01","853aa027-a9bc-499f-a88d-19a762040bc7","DELIVERED","7c27cb6e-1cdc-3765-a0b4-bbc8810123fe","2025-02-22 08:37:03","<1740209821227.853aa027-a9bc-499f-a88d-19a762040bc7@smtp.hubapi.com>","","","","","","","20185","AbBatch","","","","","","","","","","","","","",""
"hypnose-roessel@t-online.de","6890244","348332492","","299 € sparen und alle Vorteile für mehr Monate genießen!","""Denise von ProvenExpert"" <denise@provenexpert.com>","[support@provenexpert.com]","[]","[]","2025-02-22 08:36:57","a6731647-2878-4b63-91e6-8803e673ae3c","OPEN","00939751-a5ae-329d-8e75-bfa4daf5dc1e","2025-02-22 08:50:43","<1740209817845.a6731647-2878-4b63-91e6-8803e673ae3c@smtp.hubapi.com>","","","","","","","20185","AbBatch","Mozilla/5.0 (Windows NT 10.0; Win64; x64) AppleWebKit/537.36 (KHTML, like Gecko) Chrome/133.0.0.0 Safari/537.36","limbach-oberfrohna","sachsen","GERMANY","","","","16566","","","","","",""
"hypnose-roessel@t-online.de","6890244","348332492","","299 € sparen und alle Vorteile für mehr Monate genießen!","""Denise von ProvenExpert"" <denise@provenexpert.com>","[support@provenexpert.com]","[]","[]","2025-02-22 08:36:57","a6731647-2878-4b63-91e6-8803e673ae3c","SENT","a6731647-2878-4b63-91e6-8803e673ae3c","2025-02-22 08:36:57","<1740209817845.a6731647-2878-4b63-91e6-8803e673ae3c@smtp.hubapi.com>","","","","","","","20185","AbBatch","","","","","","","","","","","","","",""
"hypnose-roessel@t-online.de","6890244","348332492","","299 € sparen und alle Vorteile für mehr Monate genießen!","""Denise von ProvenExpert"" <denise@provenexpert.com>","[support@provenexpert.com]","[]","[]","2025-02-22 08:36:57","a6731647-2878-4b63-91e6-8803e673ae3c","DELIVERED","b6dbc1bb-7838-32fc-a4de-d00fb5965011","2025-02-22 08:36:59","<1740209817845.a6731647-2878-4b63-91e6-8803e673ae3c@smtp.hubapi.com>","","","","","","","20185","AbBatch","","","","","","","","","","","","","",""
"ceo@thewos.com","6890244","348332492","","299 € sparen und alle Vorteile für mehr Monate genießen!","""Denise von ProvenExpert"" <denise@provenexpert.com>","[support@provenexpert.com]","[]","[]","2025-02-22 08:36:58","f7116fad-1396-45d3-859a-f4a1b4f853c1","DELIVERED","196a0618-a461-348b-9031-a8cfaf39d77e","2025-02-22 08:37:01","<1740209818925.f7116fad-1396-45d3-859a-f4a1b4f853c1@smtp.hubapi.com>","","","","","","","20185","AbBatch","","","","","","","","","","","","","",""
"steuerberatung@schimanski.koeln","6890244","348332492","","299 € sparen und alle Vorteile für mehr Monate genießen!","""Denise von ProvenExpert"" <denise@provenexpert.com>","[support@provenexpert.com]","[]","[]","2025-02-22 08:36:58","60fecb81-49a7-4910-9171-b186181247c7","DROPPED","60fecb81-49a7-4910-9171-b186181247c7","2025-02-22 08:36:58","<1740209818942.60fecb81-49a7-4910-9171-b186181247c7@smtp.hubapi.com>","","","782fd369-d4e8-3e70-b284-a4c3765c6ff5","2025-02-17 15:02:06","PREVIOUSLY_BOUNCED","Recipient has previously bounced.","20185","AbBatch","","","","","","","","","550","smtp; 550 Spam message rejected","smtp; 550 Spam message rejected","","",""
"ceo@thewos.com","6890244","348332492","","299 € sparen und alle Vorteile für mehr Monate genießen!","""Denise von ProvenExpert"" <denise@provenexpert.com>","[support@provenexpert.com]","[]","[]","2025-02-22 08:36:58","f7116fad-1396-45d3-859a-f4a1b4f853c1","SENT","f7116fad-1396-45d3-859a-f4a1b4f853c1","2025-02-22 08:36:58","<1740209818925.f7116fad-1396-45d3-859a-f4a1b4f853c1@smtp.hubapi.com>","","","","","","","20185","AbBatch","","","","","","","","","","","","","",""
"info@neuking-heizung.de","6890244","348332491","","Wir schenken Ihnen drei Monate ProvenExpert ","""Denise von ProvenExpert"" <denise@provenexpert.com>","[support@provenexpert.com]","[]","[]","2025-02-22 08:36:58","148fa96c-04ab-4f51-b1fe-309f5a0a9cde","DELIVERED","d29dc1ee-0e9a-3d72-9b13-03f32f019c3b","2025-02-22 08:37:01","<1740209818729.148fa96c-04ab-4f51-b1fe-309f5a0a9cde@smtp.hubapi.com>","","","","","","","20185","AbBatch","","","","","","","","","","","","","",""
"info@neuking-heizung.de","6890244","348332491","","Wir schenken Ihnen drei Monate ProvenExpert ","""Denise von ProvenExpert"" <denise@provenexpert.com>","[support@provenexpert.com]","[]","[]","2025-02-22 08:36:58","148fa96c-04ab-4f51-b1fe-309f5a0a9cde","SENT","148fa96c-04ab-4f51-b1fe-309f5a0a9cde","2025-02-22 08:36:58","<1740209818729.148fa96c-04ab-4f51-b1fe-309f5a0a9cde@smtp.hubapi.com>","","","","","","","20185","AbBatch","","","","","","","","","","","","","",""
"info@damm-legal.de","6890244","348332491","","Wir schenken Ihnen drei Monate ProvenExpert ","""Denise von ProvenExpert"" <denise@provenexpert.com>","[support@provenexpert.com]","[]","[]","2025-02-22 08:36:59","27c34854-70b3-452f-aada-aafedeb2a750","DELIVERED","19adbbda-680e-3f90-b17c-283ce281720d","2025-02-22 08:37:08","<1740209819161.27c34854-70b3-452f-aada-aafedeb2a750@smtp.hubapi.com>","","","","","","","20185","AbBatch","","","","","","","","","","","","","",""
"info@damm-legal.de","6890244","348332491","","Wir schenken Ihnen drei Monate ProvenExpert ","""Denise von ProvenExpert"" <denise@provenexpert.com>","[support@provenexpert.com]","[]","[]","2025-02-22 08:36:59","27c34854-70b3-452f-aada-aafedeb2a750","SENT","27c34854-70b3-452f-aada-aafedeb2a750","2025-02-22 08:36:59","<1740209819161.27c34854-70b3-452f-aada-aafedeb2a750@smtp.hubapi.com>","","","","","","","20185","AbBatch","","","","","","","","","","","","","",""
"info@g-wm.de","6890244","348332491","","Wir schenken Ihnen drei Monate ProvenExpert ","""Denise von ProvenExpert"" <denise@provenexpert.com>","[support@provenexpert.com]","[]","[]","2025-02-22 08:37:00","e001c096-c296-4ac7-a338-02ca248aea46","OPEN","664e5ac0-4851-3867-87c8-0a5ccd525e85","2025-02-22 09:40:17","<1740209820678.e001c096-c296-4ac7-a338-02ca248aea46@smtp.hubapi.com>","","","","","","","20185","AbBatch","Mozilla/5.0 (Linux; Android 14; SM-S928B Build/UP1A.231005.007; wv) AppleWebKit/537.36 (KHTML, like Gecko) Version/4.0 Chrome/132.0.6834.163 Mobile Safari/537.36","lisbon","lisboa","PORTUGAL","","","","0","","","","","",""
"info@g-wm.de","6890244","348332491","","Wir schenken Ihnen drei Monate ProvenExpert ","""Denise von ProvenExpert"" <denise@provenexpert.com>","[support@provenexpert.com]","[]","[]","2025-02-22 08:37:00","e001c096-c296-4ac7-a338-02ca248aea46","SENT","e001c096-c296-4ac7-a338-02ca248aea46","2025-02-22 08:37:00","<1740209820678.e001c096-c296-4ac7-a338-02ca248aea46@smtp.hubapi.com>","","","","","","","20185","AbBatch","","","","","","","","","","","","","",""
"info@g-wm.de","6890244","348332491","","Wir schenken Ihnen drei Monate ProvenExpert ","""Denise von ProvenExpert"" <denise@provenexpert.com>","[support@provenexpert.com]","[]","[]","2025-02-22 08:37:00","e001c096-c296-4ac7-a338-02ca248aea46","DELIVERED","f5665c45-6a80-3a43-8d8b-67e3231b935b","2025-02-22 08:37:02","<1740209820678.e001c096-c296-4ac7-a338-02ca248aea46@smtp.hubapi.com>","","","","","","","20185","AbBatch","","","","","","","","","","","","","",""
"info@bettina-haas.com","6890244","348332492","","299 € sparen und alle Vorteile für mehr Monate genießen!","""Denise von ProvenExpert"" <denise@provenexpert.com>","[support@provenexpert.com]","[]","[]","2025-02-22 08:37:01","246bad8c-52ca-4b38-9fae-ac23d7fbdd35","SENT","246bad8c-52ca-4b38-9fae-ac23d7fbdd35","2025-02-22 08:37:01","<1740209821963.246bad8c-52ca-4b38-9fae-ac23d7fbdd35@smtp.hubapi.com>","","","","","","","20185","AbBatch","","","","","","","","","","","","","",""
"info@bettina-haas.com","6890244","348332492","","299 € sparen und alle Vorteile für mehr Monate genießen!","""Denise von ProvenExpert"" <denise@provenexpert.com>","[support@provenexpert.com]","[]","[]","2025-02-22 08:37:01","246bad8c-52ca-4b38-9fae-ac23d7fbdd35","DELIVERED","7ffa4a4e-61a0-30d9-8311-d797126d4a56","2025-02-22 08:37:04","<1740209821963.246bad8c-52ca-4b38-9fae-ac23d7fbdd35@smtp.hubapi.com>","","","","","","","20185","AbBatch","","","","","","","","","","","","","",""
"info@hairfreebyme.de","6890244","348332492","","299 € sparen und alle Vorteile für mehr Monate genießen!","""Denise von ProvenExpert"" <denise@provenexpert.com>","[support@provenexpert.com]","[]","[]","2025-02-22 08:37:00","5c7e52db-d837-4e8d-9b66-bd7598f83d00","DELIVERED","50a859f6-7f92-39fa-9676-bb7c60b82b2c","2025-02-22 08:37:02","<1740209820200.5c7e52db-d837-4e8d-9b66-bd7598f83d00@smtp.hubapi.com>","","","","","","","20185","AbBatch","","","","","","","","","","","","","",""
"info@hairfreebyme.de","6890244","348332492","","299 € sparen und alle Vorteile für mehr Monate genießen!","""Denise von ProvenExpert"" <denise@provenexpert.com>","[support@provenexpert.com]","[]","[]","2025-02-22 08:37:00","5c7e52db-d837-4e8d-9b66-bd7598f83d00","SENT","5c7e52db-d837-4e8d-9b66-bd7598f83d00","2025-02-22 08:37:00","<1740209820200.5c7e52db-d837-4e8d-9b66-bd7598f83d00@smtp.hubapi.com>","","","","","","","20185","AbBatch","","","","","","","","","","","","","",""
"simon_mc582@freenet.de","6890244","348332492","","299 € sparen und alle Vorteile für mehr Monate genießen!","""Denise von ProvenExpert"" <denise@provenexpert.com>","[support@provenexpert.com]","[]","[]","2025-02-22 08:36:59","ed6b3bca-a95a-419f-866a-117fe723871e","DELIVERED","23993e1d-46c7-32a4-b228-9fa78df9c69e","2025-02-22 08:37:00","<1740209819083.ed6b3bca-a95a-419f-866a-117fe723871e@smtp.hubapi.com>","","","","","","","20185","AbBatch","","","","","","","","","","","","","",""
"simon_mc582@freenet.de","6890244","348332492","","299 € sparen und alle Vorteile für mehr Monate genießen!","""Denise von ProvenExpert"" <denise@provenexpert.com>","[support@provenexpert.com]","[]","[]","2025-02-22 08:36:59","ed6b3bca-a95a-419f-866a-117fe723871e","SENT","ed6b3bca-a95a-419f-866a-117fe723871e","2025-02-22 08:36:59","<1740209819083.ed6b3bca-a95a-419f-866a-117fe723871e@smtp.hubapi.com>","","","","","","","20185","AbBatch","","","","","","","","","","","","","",""
"email@digitalsuccess.eu","6890244","348332492","","299 € sparen und alle Vorteile für mehr Monate genießen!","""Denise von ProvenExpert"" <denise@provenexpert.com>","[support@provenexpert.com]","[]","[]","2025-02-22 08:36:58","d549f3cd-7028-4e12-adc3-e0227539bc57","DELIVERED","022b94be-c9e0-3538-a59e-6496e5f5dcd7","2025-02-22 08:36:59","<1740209818623.d549f3cd-7028-4e12-adc3-e0227539bc57@smtp.hubapi.com>","","","","","","","20185","AbBatch","","","","","","","","","","","","","",""
"email@digitalsuccess.eu","6890244","348332492","","299 € sparen und alle Vorteile für mehr Monate genießen!","""Denise von ProvenExpert"" <denise@provenexpert.com>","[support@provenexpert.com]","[]","[]","2025-02-22 08:36:58","d549f3cd-7028-4e12-adc3-e0227539bc57","SENT","d549f3cd-7028-4e12-adc3-e0227539bc57","2025-02-22 08:36:58","<1740209818623.d549f3cd-7028-4e12-adc3-e0227539bc57@smtp.hubapi.com>","","","","","","","20185","AbBatch","","","","","","","","","","","","","",""
"hello@finelles.com","6890244","348332492","","299 € sparen und alle Vorteile für mehr Monate genießen!","""Denise von ProvenExpert"" <denise@provenexpert.com>","[support@provenexpert.com]","[]","[]","2025-02-22 08:37:02","cc7fa792-9d7a-499c-a6a4-c840d938b788","SENT","cc7fa792-9d7a-499c-a6a4-c840d938b788","2025-02-22 08:37:02","<1740209822657.cc7fa792-9d7a-499c-a6a4-c840d938b788@smtp.hubapi.com>","","","","","","","20185","AbBatch","","","","","","","","","","","","","",""
"hello@finelles.com","6890244","348332492","","299 € sparen und alle Vorteile für mehr Monate genießen!","""Denise von ProvenExpert"" <denise@provenexpert.com>","[support@provenexpert.com]","[]","[]","2025-02-22 08:37:02","cc7fa792-9d7a-499c-a6a4-c840d938b788","DELIVERED","b2b25a76-2220-3f8a-afee-92119483e5da","2025-02-22 08:37:03","<1740209822657.cc7fa792-9d7a-499c-a6a4-c840d938b788@smtp.hubapi.com>","","","","","","","20185","AbBatch","","","","","","","","","","","","","",""
"hello@creneo.com","6890244","348332492","","299 € sparen und alle Vorteile für mehr Monate genießen!","""Denise von ProvenExpert"" <denise@provenexpert.com>","[support@provenexpert.com]","[]","[]","2025-02-22 08:37:01","5474c795-ca40-4887-a2bb-5e9b03b9e0fe","DELIVERED","4d00adbb-e7cf-3944-b8a3-760045d687eb","2025-02-22 08:37:07","<1740209821738.5474c795-ca40-4887-a2bb-5e9b03b9e0fe@smtp.hubapi.com>","","","","","","","20185","AbBatch","","","","","","","","","","","","","",""
"hello@creneo.com","6890244","348332492","","299 € sparen und alle Vorteile für mehr Monate genießen!","""Denise von ProvenExpert"" <denise@provenexpert.com>","[support@provenexpert.com]","[]","[]","2025-02-22 08:37:01","5474c795-ca40-4887-a2bb-5e9b03b9e0fe","SENT","5474c795-ca40-4887-a2bb-5e9b03b9e0fe","2025-02-22 08:37:01","<1740209821738.5474c795-ca40-4887-a2bb-5e9b03b9e0fe@smtp.hubapi.com>","","","","","","","20185","AbBatch","","","","","","","","","","","","","",""
"fairfinanz@t-online.de","6890244","348332491","","Wir schenken Ihnen drei Monate ProvenExpert ","""Denise von ProvenExpert"" <denise@provenexpert.com>","[support@provenexpert.com]","[]","[]","2025-02-22 08:35:41","252cf5d7-ca8a-404a-807f-e470e5d4a29a","SENT","252cf5d7-ca8a-404a-807f-e470e5d4a29a","2025-02-22 08:35:41","<1740209741961.252cf5d7-ca8a-404a-807f-e470e5d4a29a@smtp.hubapi.com>","","","","","","","20185","AbBatch","","","","","","","","","","","","","",""
"fairfinanz@t-online.de","6890244","348332491","","Wir schenken Ihnen drei Monate ProvenExpert ","""Denise von ProvenExpert"" <denise@provenexpert.com>","[support@provenexpert.com]","[]","[]","2025-02-22 08:35:41","252cf5d7-ca8a-404a-807f-e470e5d4a29a","DELIVERED","c4cb2dda-3713-3e12-81fa-f1d9bdd9c6a4","2025-02-22 08:35:43","<1740209741961.252cf5d7-ca8a-404a-807f-e470e5d4a29a@smtp.hubapi.com>","","","","","","","20185","AbBatch","","","","","","","","","","","","","",""
"jan.berlinecke@bettersellonline.de","6890244","348332491","","Wir schenken Ihnen drei Monate ProvenExpert ","""Denise von ProvenExpert"" <denise@provenexpert.com>","[support@provenexpert.com]","[]","[]","2025-02-22 08:36:58","298dc775-7f92-4f93-b709-1a20d1e4de10","DELIVERED","3659181a-c2dc-3374-83b9-540bbe27873f","2025-02-22 08:36:59","<1740209818205.298dc775-7f92-4f93-b709-1a20d1e4de10@smtp.hubapi.com>","","","","","","","20185","AbBatch","","","","","","","","","","","","","",""
"jan.berlinecke@bettersellonline.de","6890244","348332491","","Wir schenken Ihnen drei Monate ProvenExpert ","""Denise von ProvenExpert"" <denise@provenexpert.com>","[support@provenexpert.com]","[]","[]","2025-02-22 08:36:58","298dc775-7f92-4f93-b709-1a20d1e4de10","SENT","298dc775-7f92-4f93-b709-1a20d1e4de10","2025-02-22 08:36:58","<1740209818205.298dc775-7f92-4f93-b709-1a20d1e4de10@smtp.hubapi.com>","","","","","","","20185","AbBatch","","","","","","","","","","","","","",""
"dennis.doerr@lbs-sued.de","6890244","348332492","","299 € sparen und alle Vorteile für mehr Monate genießen!","""Denise von ProvenExpert"" <denise@provenexpert.com>","[support@provenexpert.com]","[]","[]","2025-02-22 08:37:00","203175aa-d701-487b-bd84-a853573f3c37","DELIVERED","e9677450-32e8-3cc0-9f18-05c1d8efc02b","2025-02-22 08:39:03","<1740209820741.203175aa-d701-487b-bd84-a853573f3c37@smtp.hubapi.com>","","","","","","","20185","AbBatch","","","","","","","","","","","","","",""
"dennis.doerr@lbs-sued.de","6890244","348332492","","299 € sparen und alle Vorteile für mehr Monate genießen!","""Denise von ProvenExpert"" <denise@provenexpert.com>","[support@provenexpert.com]","[]","[]","2025-02-22 08:37:00","203175aa-d701-487b-bd84-a853573f3c37","SENT","203175aa-d701-487b-bd84-a853573f3c37","2025-02-22 08:37:00","<1740209820741.203175aa-d701-487b-bd84-a853573f3c37@smtp.hubapi.com>","","","","","","","20185","AbBatch","","","","","","","","","","","","","",""
"dennis.doerr@lbs-sued.de","6890244","348332492","","299 € sparen und alle Vorteile für mehr Monate genießen!","""Denise von ProvenExpert"" <denise@provenexpert.com>","[support@provenexpert.com]","[]","[]","2025-02-22 08:37:00","203175aa-d701-487b-bd84-a853573f3c37","DEFERRED","46524322-716a-3aae-93cd-e232cc414ee7","2025-02-22 08:37:02","<1740209820741.203175aa-d701-487b-bd84-a853573f3c37@smtp.hubapi.com>","","","","","","","20185","AbBatch","","","","","","","","","","","","","",""
"hallo@aleks-wuth.de","6890244","348332492","","299 € sparen und alle Vorteile für mehr Monate genießen!","""Denise von ProvenExpert"" <denise@provenexpert.com>","[support@provenexpert.com]","[]","[]","2025-02-22 08:37:02","8696f07b-650d-49f3-9848-eb2688bc8c31","DELIVERED","237781fe-3b4c-3f83-ae3c-65a7c1d5174d","2025-02-22 08:37:04","<1740209822596.8696f07b-650d-49f3-9848-eb2688bc8c31@smtp.hubapi.com>","","","","","","","20185","AbBatch","","","","","","","","","","","","","",""
"hallo@aleks-wuth.de","6890244","348332492","","299 € sparen und alle Vorteile für mehr Monate genießen!","""Denise von ProvenExpert"" <denise@provenexpert.com>","[support@provenexpert.com]","[]","[]","2025-02-22 08:37:02","8696f07b-650d-49f3-9848-eb2688bc8c31","SENT","8696f07b-650d-49f3-9848-eb2688bc8c31","2025-02-22 08:37:02","<1740209822596.8696f07b-650d-49f3-9848-eb2688bc8c31@smtp.hubapi.com>","","","","","","","20185","AbBatch","","","","","","","","","","","","","",""
"hallo@aleks-wuth.de","6890244","348332492","","299 € sparen und alle Vorteile für mehr Monate genießen!","""Denise von ProvenExpert"" <denise@provenexpert.com>","[support@provenexpert.com]","[]","[]","2025-02-22 08:37:02","8696f07b-650d-49f3-9848-eb2688bc8c31","OPEN","02c03621-ee4b-3080-9b8f-004878760277","2025-02-22 12:11:13","<1740209822596.8696f07b-650d-49f3-9848-eb2688bc8c31@smtp.hubapi.com>","","","","","","","20185","AbBatch","Mozilla/5.0 (Linux; Android 14; SM-S911B Build/UP1A.231005.007; wv) AppleWebKit/537.36 (KHTML, like Gecko) Version/4.0 Chrome/133.0.6943.49 Mobile Safari/537.36","erzhausen","hessen","GERMANY","","","","1459","","","","","",""
"info@thur-reinigungen.ch","6890244","348332491","","Wir schenken Ihnen drei Monate ProvenExpert ","""Denise von ProvenExpert"" <denise@provenexpert.com>","[support@provenexpert.com]","[]","[]","2025-02-22 08:35:42","ffae7a90-1d0f-4daf-bddb-11d826387e7b","DELIVERED","769ce05a-b657-39aa-a5af-c6b2771a9535","2025-02-22 08:35:43","<1740209742753.ffae7a90-1d0f-4daf-bddb-11d826387e7b@smtp.hubapi.com>","","","","","","","20185","AbBatch","","","","","","","","","","","","","",""
"info@thur-reinigungen.ch","6890244","348332491","","Wir schenken Ihnen drei Monate ProvenExpert ","""Denise von ProvenExpert"" <denise@provenexpert.com>","[support@provenexpert.com]","[]","[]","2025-02-22 08:35:42","ffae7a90-1d0f-4daf-bddb-11d826387e7b","SENT","ffae7a90-1d0f-4daf-bddb-11d826387e7b","2025-02-22 08:35:42","<1740209742753.ffae7a90-1d0f-4daf-bddb-11d826387e7b@smtp.hubapi.com>","","","","","","","20185","AbBatch","","","","","","","","","","","","","",""
"info@patrickhelm.de","6890244","348332492","","299 € sparen und alle Vorteile für mehr Monate genießen!","""Denise von ProvenExpert"" <denise@provenexpert.com>","[support@provenexpert.com]","[]","[]","2025-02-22 08:37:01","9009b5fb-6ddb-4106-96b8-b52a5ce986c1","DELIVERED","aa57f0da-f33a-3934-b4db-802222ea9afb","2025-02-22 08:37:03","<1740209821144.9009b5fb-6ddb-4106-96b8-b52a5ce986c1@smtp.hubapi.com>","","","","","","","20185","AbBatch","","","","","","","","","","","","","",""
"info@patrickhelm.de","6890244","348332492","","299 € sparen und alle Vorteile für mehr Monate genießen!","""Denise von ProvenExpert"" <denise@provenexpert.com>","[support@provenexpert.com]","[]","[]","2025-02-22 08:37:01","9009b5fb-6ddb-4106-96b8-b52a5ce986c1","SENT","9009b5fb-6ddb-4106-96b8-b52a5ce986c1","2025-02-22 08:37:01","<1740209821144.9009b5fb-6ddb-4106-96b8-b52a5ce986c1@smtp.hubapi.com>","","","","","","","20185","AbBatch","","","","","","","","","","","","","",""
"simone.weier.kremer@gmail.com","6890244","348332492","","299 € sparen und alle Vorteile für mehr Monate genießen!","""Denise von ProvenExpert"" <denise@provenexpert.com>","[support@provenexpert.com]","[]","[]","2025-02-22 08:37:02","b2cf91e8-26d4-45cc-928f-df98d5baf516","DELIVERED","6e26a51a-0c78-3389-a545-a829756164d2","2025-02-22 08:37:03","<1740209822576.b2cf91e8-26d4-45cc-928f-df98d5baf516@smtp.hubapi.com>","","","","","","","20185","AbBatch","","","","","","","","","","","","","",""
"simone.weier.kremer@gmail.com","6890244","348332492","","299 € sparen und alle Vorteile für mehr Monate genießen!","""Denise von ProvenExpert"" <denise@provenexpert.com>","[support@provenexpert.com]","[]","[]","2025-02-22 08:37:02","b2cf91e8-26d4-45cc-928f-df98d5baf516","SENT","b2cf91e8-26d4-45cc-928f-df98d5baf516","2025-02-22 08:37:02","<1740209822576.b2cf91e8-26d4-45cc-928f-df98d5baf516@smtp.hubapi.com>","","","","","","","20185","AbBatch","","","","","","","","","","","","","",""
"simone.weier.kremer@gmail.com","6890244","348332492","","299 € sparen und alle Vorteile für mehr Monate genießen!","""Denise von ProvenExpert"" <denise@provenexpert.com>","[support@provenexpert.com]","[]","[]","2025-02-22 08:37:02","b2cf91e8-26d4-45cc-928f-df98d5baf516","OPEN","9ac91b93-cd2b-3ef1-a488-99ddf5380d11","2025-02-22 09:05:17","<1740209822576.b2cf91e8-26d4-45cc-928f-df98d5baf516@smtp.hubapi.com>","","","","","","","20185","AbBatch","Mozilla/5.0 (Windows NT 5.1; rv:11.0) Gecko Firefox/11.0 (via ggpht.com GoogleImageProxy)","Unknown","Unknown","Unknown","","","","0","","","","","",""
"simone.weier.kremer@gmail.com","6890244","348332492","","299 € sparen und alle Vorteile für mehr Monate genießen!","""Denise von ProvenExpert"" <denise@provenexpert.com>","[support@provenexpert.com]","[]","[]","2025-02-22 08:37:02","b2cf91e8-26d4-45cc-928f-df98d5baf516","OPEN","b9a17d6d-3229-3810-9b47-d07e24b1f76a","2025-02-22 08:37:06","<1740209822576.b2cf91e8-26d4-45cc-928f-df98d5baf516@smtp.hubapi.com>","","","","","","","20185","AbBatch","Mozilla/5.0 (Windows NT 5.1; rv:11.0) Gecko Firefox/11.0 (via ggpht.com GoogleImageProxy)","Unknown","Unknown","Unknown","","","","0","","","","","",""
"info@matthiasalbrecht.net","6890244","348332491","","Wir schenken Ihnen drei Monate ProvenExpert ","""Denise von ProvenExpert"" <denise@provenexpert.com>","[support@provenexpert.com]","[]","[]","2025-02-22 08:37:00","451d07a0-5695-431b-915e-f674c9b6188d","DELIVERED","b11a0ba7-7363-313b-bd2c-986e63f26385","2025-02-22 08:37:03","<1740209820767.451d07a0-5695-431b-915e-f674c9b6188d@smtp.hubapi.com>","","","","","","","20185","AbBatch","","","","","","","","","","","","","",""
"info@intermine-solutions.de","6890244","348332492","","299 € sparen und alle Vorteile für mehr Monate genießen!","""Denise von ProvenExpert"" <denise@provenexpert.com>","[support@provenexpert.com]","[]","[]","2025-02-22 08:37:01","ebd0ebb5-abf9-4e72-9a7a-78885428468f","DROPPED","ebd0ebb5-abf9-4e72-9a7a-78885428468f","2025-02-22 08:37:01","<1740209821832.ebd0ebb5-abf9-4e72-9a7a-78885428468f@smtp.hubapi.com>","","","83b96d6f-10a2-3bf8-997d-9585648dbbda","2025-02-11 16:58:41","PREVIOUSLY_BOUNCED","Recipient has previously bounced.","20185","AbBatch","","","","","","","","","550","550-Requested action not taken: mailbox unavailable 550 For explanation visit https://postmaster.1und1.de/en/case?c=r1601&i=ip&v=108.179.150.159&r=1M1sTO-1tfgnh2BSa-008kSg","550-Requested action not taken: mailbox unavailable 550 For explanation visit https://postmaster.1und1.de/en/case?c=r1601&i=ip&v=108.179.150.159&r=1M1sTO-1tfgnh2BSa-008kSg","","",""
"info@avina-finanz.de","6890244","348332492","","299 € sparen und alle Vorteile für mehr Monate genießen!","""Denise von ProvenExpert"" <denise@provenexpert.com>","[support@provenexpert.com]","[]","[]","2025-02-22 08:36:59","3dd0c46f-e72e-41e0-9677-cff8c9df8682","DROPPED","3dd0c46f-e72e-41e0-9677-cff8c9df8682","2025-02-22 08:36:59","<1740209819834.3dd0c46f-e72e-41e0-9677-cff8c9df8682@smtp.hubapi.com>","","","b62161fb-9c8f-3317-80d5-223f6ed119bd","2024-03-20 08:34:10","PREVIOUSLY_BOUNCED","Recipient has previously bounced.","20185","AbBatch","","","","","","","","","550","550 Requested action not taken: mailbox unavailable","550 Requested action not taken: mailbox unavailable","","",""
"info@matthiasalbrecht.net","6890244","348332491","","Wir schenken Ihnen drei Monate ProvenExpert ","""Denise von ProvenExpert"" <denise@provenexpert.com>","[support@provenexpert.com]","[]","[]","2025-02-22 08:37:00","451d07a0-5695-431b-915e-f674c9b6188d","SENT","451d07a0-5695-431b-915e-f674c9b6188d","2025-02-22 08:37:00","<1740209820767.451d07a0-5695-431b-915e-f674c9b6188d@smtp.hubapi.com>","","","","","","","20185","AbBatch","","","","","","","","","","","","","",""
"jan@upmedia.social","6890244","348332492","","299 € sparen und alle Vorteile für mehr Monate genießen!","""Denise von ProvenExpert"" <denise@provenexpert.com>","[support@provenexpert.com]","[]","[]","2025-02-22 08:37:00","c2e41390-dc3f-41ec-aa77-0e43e7b2f21e","OPEN","66d0cef5-d8fe-39a1-a45f-18d2acce32ff","2025-03-01 00:03:24","<1740209820347.c2e41390-dc3f-41ec-aa77-0e43e7b2f21e@smtp.hubapi.com>","","","","","","","20185","AbBatch","Mozilla/5.0 (Windows NT 5.1; rv:11.0) Gecko Firefox/11.0 (via ggpht.com GoogleImageProxy)","Unknown","Unknown","Unknown","","","","0","","","","","",""
"jan@upmedia.social","6890244","348332492","","299 € sparen und alle Vorteile für mehr Monate genießen!","""Denise von ProvenExpert"" <denise@provenexpert.com>","[support@provenexpert.com]","[]","[]","2025-02-22 08:37:00","c2e41390-dc3f-41ec-aa77-0e43e7b2f21e","SENT","c2e41390-dc3f-41ec-aa77-0e43e7b2f21e","2025-02-22 08:37:00","<1740209820347.c2e41390-dc3f-41ec-aa77-0e43e7b2f21e@smtp.hubapi.com>","","","","","","","20185","AbBatch","","","","","","","","","","","","","",""
"jan@upmedia.social","6890244","348332492","","299 € sparen und alle Vorteile für mehr Monate genießen!","""Denise von ProvenExpert"" <denise@provenexpert.com>","[support@provenexpert.com]","[]","[]","2025-02-22 08:37:00","c2e41390-dc3f-41ec-aa77-0e43e7b2f21e","DELIVERED","90b7a735-3d7f-3156-b206-2d43abb25d06","2025-02-22 08:37:01","<1740209820347.c2e41390-dc3f-41ec-aa77-0e43e7b2f21e@smtp.hubapi.com>","","","","","","","20185","AbBatch","","","","","","","","","","","","","",""
"he@heere-versichert.de","6890244","348332492","","299 € sparen und alle Vorteile für mehr Monate genießen!","""Denise von ProvenExpert"" <denise@provenexpert.com>","[support@provenexpert.com]","[]","[]","2025-02-22 08:36:59","19d3942d-1fd5-400c-9c26-810df2c8c5c7","DELIVERED","d7a2d837-7f29-3c46-b422-123dedc0f97a","2025-02-22 08:37:02","<1740209819195.19d3942d-1fd5-400c-9c26-810df2c8c5c7@smtp.hubapi.com>","","","","","","","20185","AbBatch","","","","","","","","","","","","","",""
"he@heere-versichert.de","6890244","348332492","","299 € sparen und alle Vorteile für mehr Monate genießen!","""Denise von ProvenExpert"" <denise@provenexpert.com>","[support@provenexpert.com]","[]","[]","2025-02-22 08:36:59","19d3942d-1fd5-400c-9c26-810df2c8c5c7","SENT","19d3942d-1fd5-400c-9c26-810df2c8c5c7","2025-02-22 08:36:59","<1740209819195.19d3942d-1fd5-400c-9c26-810df2c8c5c7@smtp.hubapi.com>","","","","","","","20185","AbBatch","","","","","","","","","","","","","",""
"bw@medam.gmbh","6890244","348332491","","Wir schenken Ihnen drei Monate ProvenExpert ","""Denise von ProvenExpert"" <denise@provenexpert.com>","[support@provenexpert.com]","[]","[]","2025-02-22 08:37:00","8b084cc4-5664-40c1-a09b-eb68936bc9a8","SENT","8b084cc4-5664-40c1-a09b-eb68936bc9a8","2025-02-22 08:37:00","<1740209820446.8b084cc4-5664-40c1-a09b-eb68936bc9a8@smtp.hubapi.com>","","","","","","","20185","AbBatch","","","","","","","","","","","","","",""
"bw@medam.gmbh","6890244","348332491","","Wir schenken Ihnen drei Monate ProvenExpert ","""Denise von ProvenExpert"" <denise@provenexpert.com>","[support@provenexpert.com]","[]","[]","2025-02-22 08:37:00","8b084cc4-5664-40c1-a09b-eb68936bc9a8","DELIVERED","6299538e-1366-3cb6-9ea8-c9dbfcbad1c5","2025-02-22 08:37:04","<1740209820446.8b084cc4-5664-40c1-a09b-eb68936bc9a8@smtp.hubapi.com>","","","","","","","20185","AbBatch","","","","","","","","","","","","","",""
"braun@starshine-emotions.com","6890244","348332492","","299 € sparen und alle Vorteile für mehr Monate genießen!","""Denise von ProvenExpert"" <denise@provenexpert.com>","[support@provenexpert.com]","[]","[]","2025-02-22 08:37:00","062ce08e-df50-4b92-9d35-ba58a3536972","DROPPED","062ce08e-df50-4b92-9d35-ba58a3536972","2025-02-22 08:37:00","<1740209820915.062ce08e-df50-4b92-9d35-ba58a3536972@smtp.hubapi.com>","","","2a6cd6e4-5344-3ad9-a610-348121d72a50","2024-12-02 09:55:47","PREVIOUSLY_BOUNCED","Recipient has previously bounced.","20185","AbBatch","","","","","","","","","450","450 4.7.1 <braun@starshine-emotions.com>: Recipient address rejected: Mail appeared to be SPAM or forged. Ask your Mail/DNS-Administrator to correct HELO and DNS MX settings or to get removed from DNSBLs","450 4.7.1 <braun@starshine-emotions.com>: Recipient address rejected: Mail appeared to be SPAM or forged. Ask your Mail/DNS-Administrator to correct HELO and DNS MX settings or to get removed from DNSBLs","","",""
"sylvia@hypnose-oy.de","6890244","348332492","","299 € sparen und alle Vorteile für mehr Monate genießen!","""Denise von ProvenExpert"" <denise@provenexpert.com>","[support@provenexpert.com]","[]","[]","2025-02-22 08:37:02","93c38b48-e893-40c4-95e0-17773b916480","SENT","93c38b48-e893-40c4-95e0-17773b916480","2025-02-22 08:37:02","<1740209822473.93c38b48-e893-40c4-95e0-17773b916480@smtp.hubapi.com>","","","","","","","20185","AbBatch","","","","","","","","","","","","","",""
"sylvia@hypnose-oy.de","6890244","348332492","","299 € sparen und alle Vorteile für mehr Monate genießen!","""Denise von ProvenExpert"" <denise@provenexpert.com>","[support@provenexpert.com]","[]","[]","2025-02-22 08:37:02","93c38b48-e893-40c4-95e0-17773b916480","DELIVERED","7830333b-f245-3ea5-b1c7-ec5c66b1aa88","2025-02-22 08:37:06","<1740209822473.93c38b48-e893-40c4-95e0-17773b916480@smtp.hubapi.com>","","","","","","","20185","AbBatch","","","","","","","","","","","","","",""
"maximilian.runge@web.de","6890244","348332491","","Wir schenken Ihnen drei Monate ProvenExpert ","""Denise von ProvenExpert"" <denise@provenexpert.com>","[support@provenexpert.com]","[]","[]","2025-02-22 08:36:59","c05dc923-7608-4655-81e7-e758fcbe6810","OPEN","69d16d6e-9492-3a0a-982c-172caf075093","2025-02-22 10:16:06","<1740209819435.c05dc923-7608-4655-81e7-e758fcbe6810@smtp.hubapi.com>","","","","","","","20185","AbBatch","Mozilla/5.0 (Windows NT 10.0; Win64; x64; rv:135.0) Gecko/20100101 Firefox/135.0","oldenburg","niedersachsen","GERMANY","","","","7314","","","","","",""
"maximilian.runge@web.de","6890244","348332491","","Wir schenken Ihnen drei Monate ProvenExpert ","""Denise von ProvenExpert"" <denise@provenexpert.com>","[support@provenexpert.com]","[]","[]","2025-02-22 08:36:59","c05dc923-7608-4655-81e7-e758fcbe6810","SENT","c05dc923-7608-4655-81e7-e758fcbe6810","2025-02-22 08:36:59","<1740209819435.c05dc923-7608-4655-81e7-e758fcbe6810@smtp.hubapi.com>","","","","","","","20185","AbBatch","","","","","","","","","","","","","",""
"maximilian.runge@web.de","6890244","348332491","","Wir schenken Ihnen drei Monate ProvenExpert ","""Denise von ProvenExpert"" <denise@provenexpert.com>","[support@provenexpert.com]","[]","[]","2025-02-22 08:36:59","c05dc923-7608-4655-81e7-e758fcbe6810","DELIVERED","2f0a0400-9ade-3968-b480-24746f0b9ca7","2025-02-22 08:37:01","<1740209819435.c05dc923-7608-4655-81e7-e758fcbe6810@smtp.hubapi.com>","","","","","","","20185","AbBatch","","","","","","","","","","","","","",""
"info@egger-training.ch","6890244","348332491","","Wir schenken Ihnen drei Monate ProvenExpert ","""Denise von ProvenExpert"" <denise@provenexpert.com>","[support@provenexpert.com]","[]","[]","2025-02-22 08:36:58","11f960fd-2201-4edb-9f65-d89d2183e470","SENT","11f960fd-2201-4edb-9f65-d89d2183e470","2025-02-22 08:36:58","<1740209818646.11f960fd-2201-4edb-9f65-d89d2183e470@smtp.hubapi.com>","","","","","","","20185","AbBatch","","","","","","","","","","","","","",""
"info@egger-training.ch","6890244","348332491","","Wir schenken Ihnen drei Monate ProvenExpert ","""Denise von ProvenExpert"" <denise@provenexpert.com>","[support@provenexpert.com]","[]","[]","2025-02-22 08:36:58","11f960fd-2201-4edb-9f65-d89d2183e470","DELIVERED","0a1ba59d-c4cb-3430-a9f8-7fa96b5a6a18","2025-02-22 08:37:02","<1740209818646.11f960fd-2201-4edb-9f65-d89d2183e470@smtp.hubapi.com>","","","","","","","20185","AbBatch","","","","","","","","","","","","","",""
"alisha@puravidahealing.de","6890244","348332492","","299 € sparen und alle Vorteile für mehr Monate genießen!","""Denise von ProvenExpert"" <denise@provenexpert.com>","[support@provenexpert.com]","[]","[]","2025-02-22 08:36:58","669a59f6-7792-4035-8021-c1152c316c4f","DELIVERED","1ec42f49-8725-3861-a0b6-e7376f99f352","2025-02-22 08:37:00","<1740209818053.669a59f6-7792-4035-8021-c1152c316c4f@smtp.hubapi.com>","","","","","","","20185","AbBatch","","","","","","","","","","","","","",""
"alisha@puravidahealing.de","6890244","348332492","","299 € sparen und alle Vorteile für mehr Monate genießen!","""Denise von ProvenExpert"" <denise@provenexpert.com>","[support@provenexpert.com]","[]","[]","2025-02-22 08:36:58","669a59f6-7792-4035-8021-c1152c316c4f","SENT","669a59f6-7792-4035-8021-c1152c316c4f","2025-02-22 08:36:58","<1740209818053.669a59f6-7792-4035-8021-c1152c316c4f@smtp.hubapi.com>","","","","","","","20185","AbBatch","","","","","","","","","","","","","",""
"alexander.cosma@gmx.de","6890244","348332492","","299 € sparen und alle Vorteile für mehr Monate genießen!","""Denise von ProvenExpert"" <denise@provenexpert.com>","[support@provenexpert.com]","[]","[]","2025-02-22 08:37:00","afb9b22d-9745-4530-a57a-f021106c75d4","DROPPED","afb9b22d-9745-4530-a57a-f021106c75d4","2025-02-22 08:37:00","<1740209820531.afb9b22d-9745-4530-a57a-f021106c75d4@smtp.hubapi.com>","","","6f394e87-7e21-3764-8256-97a9df838f1c","2021-06-09 16:22:50","PREVIOUSLY_BOUNCED","Recipient has previously bounced.","20185","AbBatch","","","","","","","","","550","550-Requested action not taken: mailbox unavailable 550 invalid DNS MX or A/AAAA resource record","550-Requested action not taken: mailbox unavailable 550 invalid DNS MX or A/AAAA resource record","","",""
"info@wohnsinnig.de","6890244","348332492","","299 € sparen und alle Vorteile für mehr Monate genießen!","""Denise von ProvenExpert"" <denise@provenexpert.com>","[support@provenexpert.com]","[]","[]","2025-02-22 08:37:01","708b9d8c-cb71-4009-83d5-d01ea7341007","DROPPED","708b9d8c-cb71-4009-83d5-d01ea7341007","2025-02-22 08:37:01","<1740209821823.708b9d8c-cb71-4009-83d5-d01ea7341007@smtp.hubapi.com>","","","557e250b-ccb2-3923-93d3-b0bc52153693","2023-03-01 07:51:38","PREVIOUSLY_BOUNCED","Recipient has previously bounced.","20185","AbBatch","","","","","","","","","499","x-unix; procmail: Quota exceeded while writing
    ""/var/www/usermail/web675p7/Maildir/tmp/1677653494.932780_0.alfa3027""","x-unix; procmail: Quota exceeded while writing
    ""/var/www/usermail/web675p7/Maildir/tmp/1677653494.932780_0.alfa3027""","","",""
"eva.sachner@qsano.de","6890244","348332492","","299 € sparen und alle Vorteile für mehr Monate genießen!","""Denise von ProvenExpert"" <denise@provenexpert.com>","[support@provenexpert.com]","[]","[]","2025-02-22 08:37:01","fc690965-f356-4b60-86b9-dbfe884c9dcc","DELIVERED","fc71501b-fc10-349d-b030-8d84ea74b17e","2025-02-22 08:37:02","<1740209821165.fc690965-f356-4b60-86b9-dbfe884c9dcc@smtp.hubapi.com>","","","","","","","20185","AbBatch","","","","","","","","","","","","","",""
"eva.sachner@qsano.de","6890244","348332492","","299 € sparen und alle Vorteile für mehr Monate genießen!","""Denise von ProvenExpert"" <denise@provenexpert.com>","[support@provenexpert.com]","[]","[]","2025-02-22 08:37:01","fc690965-f356-4b60-86b9-dbfe884c9dcc","SENT","fc690965-f356-4b60-86b9-dbfe884c9dcc","2025-02-22 08:37:01","<1740209821165.fc690965-f356-4b60-86b9-dbfe884c9dcc@smtp.hubapi.com>","","","","","","","20185","AbBatch","","","","","","","","","","","","","",""
"maresi@mitjurakannstduallesmachen.de","6890244","348332491","","Wir schenken Ihnen drei Monate ProvenExpert ","""Denise von ProvenExpert"" <denise@provenexpert.com>","[support@provenexpert.com]","[]","[]","2025-02-22 08:36:59","bd14125f-ebfb-4433-b988-f1638242510f","SENT","bd14125f-ebfb-4433-b988-f1638242510f","2025-02-22 08:36:59","<1740209819414.bd14125f-ebfb-4433-b988-f1638242510f@smtp.hubapi.com>","","","","","","","20185","AbBatch","","","","","","","","","","","","","",""
"maresi@mitjurakannstduallesmachen.de","6890244","348332491","","Wir schenken Ihnen drei Monate ProvenExpert ","""Denise von ProvenExpert"" <denise@provenexpert.com>","[support@provenexpert.com]","[]","[]","2025-02-22 08:36:59","bd14125f-ebfb-4433-b988-f1638242510f","DELIVERED","c24f3a93-8f45-341a-b558-d25a61265bba","2025-02-22 08:37:01","<1740209819414.bd14125f-ebfb-4433-b988-f1638242510f@smtp.hubapi.com>","","","","","","","20185","AbBatch","","","","","","","","","","","","","",""
"office@chartmastery.de","6890244","348332491","","Wir schenken Ihnen drei Monate ProvenExpert ","""Denise von ProvenExpert"" <denise@provenexpert.com>","[support@provenexpert.com]","[]","[]","2025-02-22 08:37:00","09806fc2-3113-4d13-ac5e-0ed0545b2cc0","DELIVERED","4a278f78-436d-3e68-ab3c-db1c4fa1d32b","2025-02-22 08:37:02","<1740209820491.09806fc2-3113-4d13-ac5e-0ed0545b2cc0@smtp.hubapi.com>","","","","","","","20185","AbBatch","","","","","","","","","","","","","",""
"office@chartmastery.de","6890244","348332491","","Wir schenken Ihnen drei Monate ProvenExpert ","""Denise von ProvenExpert"" <denise@provenexpert.com>","[support@provenexpert.com]","[]","[]","2025-02-22 08:37:00","09806fc2-3113-4d13-ac5e-0ed0545b2cc0","SENT","09806fc2-3113-4d13-ac5e-0ed0545b2cc0","2025-02-22 08:37:00","<1740209820491.09806fc2-3113-4d13-ac5e-0ed0545b2cc0@smtp.hubapi.com>","","","","","","","20185","AbBatch","","","","","","","","","","","","","",""
"info@seniorenpartner24.de","6890244","348332491","","Wir schenken Ihnen drei Monate ProvenExpert ","""Denise von ProvenExpert"" <denise@provenexpert.com>","[support@provenexpert.com]","[]","[]","2025-02-22 08:35:42","3c9eb6b2-6706-4ef1-983d-4d4594360cd1","DELIVERED","14e18426-a656-3680-b40d-dde8d5573510","2025-02-22 08:35:48","<1740209742478.3c9eb6b2-6706-4ef1-983d-4d4594360cd1@smtp.hubapi.com>","","","","","","","20185","AbBatch","","","","","","","","","","","","","",""
"info@seniorenpartner24.de","6890244","348332491","","Wir schenken Ihnen drei Monate ProvenExpert ","""Denise von ProvenExpert"" <denise@provenexpert.com>","[support@provenexpert.com]","[]","[]","2025-02-22 08:35:42","3c9eb6b2-6706-4ef1-983d-4d4594360cd1","SENT","3c9eb6b2-6706-4ef1-983d-4d4594360cd1","2025-02-22 08:35:42","<1740209742478.3c9eb6b2-6706-4ef1-983d-4d4594360cd1@smtp.hubapi.com>","","","","","","","20185","AbBatch","","","","","","","","","","","","","",""
"ea@arian-it.de","6890244","348332492","","299 € sparen und alle Vorteile für mehr Monate genießen!","""Denise von ProvenExpert"" <denise@provenexpert.com>","[support@provenexpert.com]","[]","[]","2025-02-22 08:36:58","acdc94db-dd1e-43fa-8333-0c58448d370d","SENT","acdc94db-dd1e-43fa-8333-0c58448d370d","2025-02-22 08:36:58","<1740209818032.acdc94db-dd1e-43fa-8333-0c58448d370d@smtp.hubapi.com>","","","","","","","20185","AbBatch","","","","","","","","","","","","","",""
"ea@arian-it.de","6890244","348332492","","299 € sparen und alle Vorteile für mehr Monate genießen!","""Denise von ProvenExpert"" <denise@provenexpert.com>","[support@provenexpert.com]","[]","[]","2025-02-22 08:36:58","acdc94db-dd1e-43fa-8333-0c58448d370d","DELIVERED","bcc3e557-577e-315a-bc48-25d535dc977f","2025-02-22 08:37:00","<1740209818032.acdc94db-dd1e-43fa-8333-0c58448d370d@smtp.hubapi.com>","","","","","","","20185","AbBatch","","","","","","","","","","","","","",""
"info@doneberhardo.de","6890244","348332491","","Wir schenken Ihnen drei Monate ProvenExpert ","""Denise von ProvenExpert"" <denise@provenexpert.com>","[support@provenexpert.com]","[]","[]","2025-02-22 08:37:01","9a9150c9-40b1-492c-af4e-52b468b8c2ad","SENT","9a9150c9-40b1-492c-af4e-52b468b8c2ad","2025-02-22 08:37:01","<1740209821747.9a9150c9-40b1-492c-af4e-52b468b8c2ad@smtp.hubapi.com>","","","","","","","20185","AbBatch","","","","","","","","","","","","","",""
"info@doneberhardo.de","6890244","348332491","","Wir schenken Ihnen drei Monate ProvenExpert ","""Denise von ProvenExpert"" <denise@provenexpert.com>","[support@provenexpert.com]","[]","[]","2025-02-22 08:37:01","9a9150c9-40b1-492c-af4e-52b468b8c2ad","DELIVERED","b30bc9be-b7ec-3a98-b2e9-7fa6ef6a4026","2025-02-22 08:37:07","<1740209821747.9a9150c9-40b1-492c-af4e-52b468b8c2ad@smtp.hubapi.com>","","","","","","","20185","AbBatch","","","","","","","","","","","","","",""
"mail@carinamesser-coaching.de","6890244","348332491","","Wir schenken Ihnen drei Monate ProvenExpert ","""Denise von ProvenExpert"" <denise@provenexpert.com>","[support@provenexpert.com]","[]","[]","2025-02-22 08:36:59","a7656100-eafe-456d-aafb-0ef3b73140b8","SENT","a7656100-eafe-456d-aafb-0ef3b73140b8","2025-02-22 08:36:59","<1740209819497.a7656100-eafe-456d-aafb-0ef3b73140b8@smtp.hubapi.com>","","","","","","","20185","AbBatch","","","","","","","","","","","","","",""
"mail@carinamesser-coaching.de","6890244","348332491","","Wir schenken Ihnen drei Monate ProvenExpert ","""Denise von ProvenExpert"" <denise@provenexpert.com>","[support@provenexpert.com]","[]","[]","2025-02-22 08:36:59","a7656100-eafe-456d-aafb-0ef3b73140b8","OPEN","84e70eba-ec31-37cc-999f-9f020abac522","2025-02-22 19:08:52","<1740209819497.a7656100-eafe-456d-aafb-0ef3b73140b8@smtp.hubapi.com>","","","","","","","20185","AbBatch","Mozilla/5.0 (iPhone; CPU iPhone OS 18_3_1 like Mac OS X) AppleWebKit/605.1.15 (KHTML, like Gecko) Mobile/15E148","","bayern","GERMANY","","","","19071","","","","","",""
"mail@carinamesser-coaching.de","6890244","348332491","","Wir schenken Ihnen drei Monate ProvenExpert ","""Denise von ProvenExpert"" <denise@provenexpert.com>","[support@provenexpert.com]","[]","[]","2025-02-22 08:36:59","a7656100-eafe-456d-aafb-0ef3b73140b8","OPEN","625e5565-01d8-35a0-9ee0-1231204501ee","2025-02-22 19:08:51","<1740209819497.a7656100-eafe-456d-aafb-0ef3b73140b8@smtp.hubapi.com>","","","","","","","20185","AbBatch","Mozilla/5.0 (iPhone; CPU iPhone OS 18_3_1 like Mac OS X) AppleWebKit/605.1.15 (KHTML, like Gecko) Mobile/15E148","","bayern","GERMANY","","","","21628","","","","","",""
"mail@carinamesser-coaching.de","6890244","348332491","","Wir schenken Ihnen drei Monate ProvenExpert ","""Denise von ProvenExpert"" <denise@provenexpert.com>","[support@provenexpert.com]","[]","[]","2025-02-22 08:36:59","a7656100-eafe-456d-aafb-0ef3b73140b8","DELIVERED","50eb68df-8ba6-32da-acab-d417d62d3876","2025-02-22 08:37:03","<1740209819497.a7656100-eafe-456d-aafb-0ef3b73140b8@smtp.hubapi.com>","","","","","","","20185","AbBatch","","","","","","","","","","","","","",""
"mail@dr-ludwig-partner.de","6890244","348332491","","Wir schenken Ihnen drei Monate ProvenExpert ","""Denise von ProvenExpert"" <denise@provenexpert.com>","[support@provenexpert.com]","[]","[]","2025-02-22 08:35:42","803346dc-37ec-4272-afe1-c220d20471b1","SENT","803346dc-37ec-4272-afe1-c220d20471b1","2025-02-22 08:35:42","<1740209742118.803346dc-37ec-4272-afe1-c220d20471b1@smtp.hubapi.com>","","","","","","","20185","AbBatch","","","","","","","","","","","","","",""
"mail@dr-ludwig-partner.de","6890244","348332491","","Wir schenken Ihnen drei Monate ProvenExpert ","""Denise von ProvenExpert"" <denise@provenexpert.com>","[support@provenexpert.com]","[]","[]","2025-02-22 08:35:42","803346dc-37ec-4272-afe1-c220d20471b1","DELIVERED","a2be2a79-2fe5-3146-9f83-ea3966c135a5","2025-02-22 08:35:45","<1740209742118.803346dc-37ec-4272-afe1-c220d20471b1@smtp.hubapi.com>","","","","","","","20185","AbBatch","","","","","","","","","","","","","",""
"info@quantum-finance.de","6890244","348332492","","299 € sparen und alle Vorteile für mehr Monate genießen!","""Denise von ProvenExpert"" <denise@provenexpert.com>","[support@provenexpert.com]","[]","[]","2025-02-22 08:36:58","47711a57-e002-4034-ba4a-ed4f7432ed37","SENT","47711a57-e002-4034-ba4a-ed4f7432ed37","2025-02-22 08:36:58","<1740209818582.47711a57-e002-4034-ba4a-ed4f7432ed37@smtp.hubapi.com>","","","","","","","20185","AbBatch","","","","","","","","","","","","","",""
"info@quantum-finance.de","6890244","348332492","","299 € sparen und alle Vorteile für mehr Monate genießen!","""Denise von ProvenExpert"" <denise@provenexpert.com>","[support@provenexpert.com]","[]","[]","2025-02-22 08:36:58","47711a57-e002-4034-ba4a-ed4f7432ed37","DELIVERED","9f3d72d4-3efe-3ac2-951d-7c8265190128","2025-02-22 08:37:01","<1740209818582.47711a57-e002-4034-ba4a-ed4f7432ed37@smtp.hubapi.com>","","","","","","","20185","AbBatch","","","","","","","","","","","","","",""
"sudhir@gurram.de","6890244","348332492","","299 € sparen und alle Vorteile für mehr Monate genießen!","""Denise von ProvenExpert"" <denise@provenexpert.com>","[support@provenexpert.com]","[]","[]","2025-02-22 08:36:57","8b10ca98-7746-45b9-ad94-0019d2d82932","SENT","8b10ca98-7746-45b9-ad94-0019d2d82932","2025-02-22 08:36:57","<1740209817898.8b10ca98-7746-45b9-ad94-0019d2d82932@smtp.hubapi.com>","","","","","","","20185","AbBatch","","","","","","","","","","","","","",""
"sudhir@gurram.de","6890244","348332492","","299 € sparen und alle Vorteile für mehr Monate genießen!","""Denise von ProvenExpert"" <denise@provenexpert.com>","[support@provenexpert.com]","[]","[]","2025-02-22 08:36:57","8b10ca98-7746-45b9-ad94-0019d2d82932","DELIVERED","0961a625-45d8-31fc-a546-b740d224786b","2025-02-22 08:37:00","<1740209817898.8b10ca98-7746-45b9-ad94-0019d2d82932@smtp.hubapi.com>","","","","","","","20185","AbBatch","","","","","","","","","","","","","",""
"info@entruempelungen.org","6890244","348332492","","299 € sparen und alle Vorteile für mehr Monate genießen!","""Denise von ProvenExpert"" <denise@provenexpert.com>","[support@provenexpert.com]","[]","[]","2025-02-22 08:36:59","7d69f2e4-3be5-41bc-a55b-e9df9a1ad16d","DELIVERED","7fb0ae65-a803-33ae-9829-cd89035a2cf6","2025-02-22 08:37:01","<1740209819735.7d69f2e4-3be5-41bc-a55b-e9df9a1ad16d@smtp.hubapi.com>","","","","","","","20185","AbBatch","","","","","","","","","","","","","",""
"info@entruempelungen.org","6890244","348332492","","299 € sparen und alle Vorteile für mehr Monate genießen!","""Denise von ProvenExpert"" <denise@provenexpert.com>","[support@provenexpert.com]","[]","[]","2025-02-22 08:36:59","7d69f2e4-3be5-41bc-a55b-e9df9a1ad16d","SENT","7d69f2e4-3be5-41bc-a55b-e9df9a1ad16d","2025-02-22 08:36:59","<1740209819735.7d69f2e4-3be5-41bc-a55b-e9df9a1ad16d@smtp.hubapi.com>","","","","","","","20185","AbBatch","","","","","","","","","","","","","",""
"roy.thelemann@nuevo-services.de","6890244","348332492","","299 € sparen und alle Vorteile für mehr Monate genießen!","""Denise von ProvenExpert"" <denise@provenexpert.com>","[support@provenexpert.com]","[]","[]","2025-02-22 08:36:58","bb4a37d4-ed04-424a-861f-80b0911d3ddb","SENT","bb4a37d4-ed04-424a-861f-80b0911d3ddb","2025-02-22 08:36:58","<1740209818158.bb4a37d4-ed04-424a-861f-80b0911d3ddb@smtp.hubapi.com>","","","","","","","20185","AbBatch","","","","","","","","","","","","","",""
"roy.thelemann@nuevo-services.de","6890244","348332492","","299 € sparen und alle Vorteile für mehr Monate genießen!","""Denise von ProvenExpert"" <denise@provenexpert.com>","[support@provenexpert.com]","[]","[]","2025-02-22 08:36:58","bb4a37d4-ed04-424a-861f-80b0911d3ddb","OPEN","51340837-7d37-3696-990c-3ac7d5677c35","2025-02-22 09:59:31","<1740209818158.bb4a37d4-ed04-424a-861f-80b0911d3ddb@smtp.hubapi.com>","","","","","","","20185","AbBatch","Mozilla/5.0 (iPhone; CPU iPhone OS 18_3_1 like Mac OS X) AppleWebKit/605.1.15 (KHTML, like Gecko) Mobile/15E148","nordhausen","thuringen","GERMANY","","","","14507","","","","","",""
"roy.thelemann@nuevo-services.de","6890244","348332492","","299 € sparen und alle Vorteile für mehr Monate genießen!","""Denise von ProvenExpert"" <denise@provenexpert.com>","[support@provenexpert.com]","[]","[]","2025-02-22 08:36:58","bb4a37d4-ed04-424a-861f-80b0911d3ddb","OPEN","7e0711ed-703f-3dfc-a6da-747a9d7d6014","2025-02-22 09:59:31","<1740209818158.bb4a37d4-ed04-424a-861f-80b0911d3ddb@smtp.hubapi.com>","","","","","","","20185","AbBatch","Mozilla/5.0 (iPhone; CPU iPhone OS 18_3_1 like Mac OS X) AppleWebKit/605.1.15 (KHTML, like Gecko) Mobile/15E148","nordhausen","thuringen","GERMANY","","","","32723","","","","","",""
"roy.thelemann@nuevo-services.de","6890244","348332492","","299 € sparen und alle Vorteile für mehr Monate genießen!","""Denise von ProvenExpert"" <denise@provenexpert.com>","[support@provenexpert.com]","[]","[]","2025-02-22 08:36:58","bb4a37d4-ed04-424a-861f-80b0911d3ddb","DELIVERED","81cf062e-9cef-3b82-bac7-4b5959605d7f","2025-02-22 08:37:00","<1740209818158.bb4a37d4-ed04-424a-861f-80b0911d3ddb@smtp.hubapi.com>","","","","","","","20185","AbBatch","","","","","","","","","","","","","",""
"tuna.tuncali@finsense.de","6890244","348332492","","299 € sparen und alle Vorteile für mehr Monate genießen!","""Denise von ProvenExpert"" <denise@provenexpert.com>","[support@provenexpert.com]","[]","[]","2025-02-22 08:37:00","fab333af-1366-4fdd-b3dc-43e8b820ceaa","SENT","fab333af-1366-4fdd-b3dc-43e8b820ceaa","2025-02-22 08:37:00","<1740209820804.fab333af-1366-4fdd-b3dc-43e8b820ceaa@smtp.hubapi.com>","","","","","","","20185","AbBatch","","","","","","","","","","","","","",""
"tuna.tuncali@finsense.de","6890244","348332492","","299 € sparen und alle Vorteile für mehr Monate genießen!","""Denise von ProvenExpert"" <denise@provenexpert.com>","[support@provenexpert.com]","[]","[]","2025-02-22 08:37:00","fab333af-1366-4fdd-b3dc-43e8b820ceaa","DELIVERED","d20cdc95-3358-32aa-80c1-761608ca3fc7","2025-02-22 08:37:02","<1740209820804.fab333af-1366-4fdd-b3dc-43e8b820ceaa@smtp.hubapi.com>","","","","","","","20185","AbBatch","","","","","","","","","","","","","",""
"alaadin@alaadinhamidi.com","6890244","348332492","","299 € sparen und alle Vorteile für mehr Monate genießen!","""Denise von ProvenExpert"" <denise@provenexpert.com>","[support@provenexpert.com]","[]","[]","2025-02-22 08:37:02","828f5df6-9793-4f81-87f3-0fe97d6001f4","STATUSCHANGE","bea5283c-2aa0-4b49-be96-726336d4fa3e","2025-02-23 14:16:36","<1740209822137.828f5df6-9793-4f81-87f3-0fe97d6001f4@smtp.hubapi.com>","","","","","","","20185","AbBatch","","","","","","","","","","","","","SOURCE_RECIPIENT",""
"alaadin@alaadinhamidi.com","6890244","348332492","","299 € sparen und alle Vorteile für mehr Monate genießen!","""Denise von ProvenExpert"" <denise@provenexpert.com>","[support@provenexpert.com]","[]","[]","2025-02-22 08:37:02","828f5df6-9793-4f81-87f3-0fe97d6001f4","STATUSCHANGE","e82d9fe4-3c58-4415-9c59-62d055d336f1","2025-02-23 14:16:36","<1740209822137.828f5df6-9793-4f81-87f3-0fe97d6001f4@smtp.hubapi.com>","","","","","","","20185","AbBatch","","","","","","","","","","","","","SOURCE_RECIPIENT",""
"alaadin@alaadinhamidi.com","6890244","348332492","","299 € sparen und alle Vorteile für mehr Monate genießen!","""Denise von ProvenExpert"" <denise@provenexpert.com>","[support@provenexpert.com]","[]","[]","2025-02-22 08:37:02","828f5df6-9793-4f81-87f3-0fe97d6001f4","STATUSCHANGE","92df4bd0-00a6-4f98-9d2c-b1f856f51057","2025-02-23 14:16:36","<1740209822137.828f5df6-9793-4f81-87f3-0fe97d6001f4@smtp.hubapi.com>","","","","","","","20185","AbBatch","","","","","","","","","","","","","SOURCE_RECIPIENT",""
"alaadin@alaadinhamidi.com","6890244","348332492","","299 € sparen und alle Vorteile für mehr Monate genießen!","""Denise von ProvenExpert"" <denise@provenexpert.com>","[support@provenexpert.com]","[]","[]","2025-02-22 08:37:02","828f5df6-9793-4f81-87f3-0fe97d6001f4","SENT","828f5df6-9793-4f81-87f3-0fe97d6001f4","2025-02-22 08:37:02","<1740209822137.828f5df6-9793-4f81-87f3-0fe97d6001f4@smtp.hubapi.com>","","","","","","","20185","AbBatch","","","","","","","","","","","","","",""
"alaadin@alaadinhamidi.com","6890244","348332492","","299 € sparen und alle Vorteile für mehr Monate genießen!","""Denise von ProvenExpert"" <denise@provenexpert.com>","[support@provenexpert.com]","[]","[]","2025-02-22 08:37:02","828f5df6-9793-4f81-87f3-0fe97d6001f4","STATUSCHANGE","552e739c-b5b5-45c7-b48a-3c4be552fbaa","2025-02-23 14:16:36","<1740209822137.828f5df6-9793-4f81-87f3-0fe97d6001f4@smtp.hubapi.com>","","","","","","","20185","AbBatch","","","","","","","","","","","","","SOURCE_RECIPIENT","SUBSCRIBED"
"alaadin@alaadinhamidi.com","6890244","348332492","","299 € sparen und alle Vorteile für mehr Monate genießen!","""Denise von ProvenExpert"" <denise@provenexpert.com>","[support@provenexpert.com]","[]","[]","2025-02-22 08:37:02","828f5df6-9793-4f81-87f3-0fe97d6001f4","STATUSCHANGE","501d7720-00f1-434a-81f5-4615120630ff","2025-02-23 14:16:36","<1740209822137.828f5df6-9793-4f81-87f3-0fe97d6001f4@smtp.hubapi.com>","","","","","","","20185","AbBatch","","","","","","","","","","","","","SOURCE_RECIPIENT",""
"alaadin@alaadinhamidi.com","6890244","348332492","","299 € sparen und alle Vorteile für mehr Monate genießen!","""Denise von ProvenExpert"" <denise@provenexpert.com>","[support@provenexpert.com]","[]","[]","2025-02-22 08:37:02","828f5df6-9793-4f81-87f3-0fe97d6001f4","DELIVERED","ae0e6869-69bc-344a-a94f-f99667dfe51b","2025-02-22 08:37:03","<1740209822137.828f5df6-9793-4f81-87f3-0fe97d6001f4@smtp.hubapi.com>","","","","","","","20185","AbBatch","","","","","","","","","","","","","",""
"alaadin@alaadinhamidi.com","6890244","348332492","","299 € sparen und alle Vorteile für mehr Monate genießen!","""Denise von ProvenExpert"" <denise@provenexpert.com>","[support@provenexpert.com]","[]","[]","2025-02-22 08:37:02","828f5df6-9793-4f81-87f3-0fe97d6001f4","STATUSCHANGE","86883c3f-addc-458d-bfbf-31b22183370a","2025-02-23 14:16:36","<1740209822137.828f5df6-9793-4f81-87f3-0fe97d6001f4@smtp.hubapi.com>","","","","","","","20185","AbBatch","","","","","","","","","","","","","SOURCE_RECIPIENT",""
"handwerker-power@web.de","6890244","348332492","","299 € sparen und alle Vorteile für mehr Monate genießen!","""Denise von ProvenExpert"" <denise@provenexpert.com>","[support@provenexpert.com]","[]","[]","2025-02-22 08:36:59","f39d3628-8865-499f-af3e-2446d66549e0","DROPPED","f39d3628-8865-499f-af3e-2446d66549e0","2025-02-22 08:36:59","<1740209819115.f39d3628-8865-499f-af3e-2446d66549e0@smtp.hubapi.com>","","","e5a79e87-b6bc-31da-9924-d17d60051960","2021-06-09 16:15:46","PREVIOUSLY_BOUNCED","Recipient has previously bounced.","20185","AbBatch","","","","","","","","","550","550-Requested action not taken: mailbox unavailable 550 invalid DNS MX or A/AAAA resource record","550-Requested action not taken: mailbox unavailable 550 invalid DNS MX or A/AAAA resource record","","",""
"info@hennerkes.com","6890244","348332492","","299 € sparen und alle Vorteile für mehr Monate genießen!","""Denise von ProvenExpert"" <denise@provenexpert.com>","[support@provenexpert.com]","[]","[]","2025-02-22 08:37:01","640c235b-2ee8-4488-812b-6237f9a11343","DROPPED","640c235b-2ee8-4488-812b-6237f9a11343","2025-02-22 08:37:01","<1740209821968.640c235b-2ee8-4488-812b-6237f9a11343@smtp.hubapi.com>","","","8380810d-475f-350d-a3b5-dc57fc6971b2","2021-06-09 16:16:06","PREVIOUSLY_BOUNCED","Recipient has previously bounced.","20185","AbBatch","","","","","","","","","550","550-Requested action not taken: mailbox unavailable 550 invalid DNS MX or A/AAAA resource record","550-Requested action not taken: mailbox unavailable 550 invalid DNS MX or A/AAAA resource record","","",""
"alaadin@alaadinhamidi.com","6890244","348332492","","299 € sparen und alle Vorteile für mehr Monate genießen!","""Denise von ProvenExpert"" <denise@provenexpert.com>","[support@provenexpert.com]","[]","[]","2025-02-22 08:37:02","828f5df6-9793-4f81-87f3-0fe97d6001f4","STATUSCHANGE","0eba7b9a-3015-447c-a973-6cf29848fb73","2025-02-23 14:16:36","<1740209822137.828f5df6-9793-4f81-87f3-0fe97d6001f4@smtp.hubapi.com>","","","","","","","20185","AbBatch","","","","","","","","","","","","","SOURCE_RECIPIENT",""
"springerlarsen@gmail.com","6890244","348332492","","299 € sparen und alle Vorteile für mehr Monate genießen!","""Denise von ProvenExpert"" <denise@provenexpert.com>","[support@provenexpert.com]","[]","[]","2025-02-22 08:36:58","4d28500c-c5bd-4bb4-84b4-2c0110747c3a","DELIVERED","ad77686b-9dd7-3009-a575-def473addea3","2025-02-22 08:36:59","<1740209818561.4d28500c-c5bd-4bb4-84b4-2c0110747c3a@smtp.hubapi.com>","","","","","","","20185","AbBatch","","","","","","","","","","","","","",""
"springerlarsen@gmail.com","6890244","348332492","","299 € sparen und alle Vorteile für mehr Monate genießen!","""Denise von ProvenExpert"" <denise@provenexpert.com>","[support@provenexpert.com]","[]","[]","2025-02-22 08:36:58","4d28500c-c5bd-4bb4-84b4-2c0110747c3a","OPEN","7cfb34cf-1a41-3264-92bb-be6b2861c85b","2025-02-23 12:34:36","<1740209818561.4d28500c-c5bd-4bb4-84b4-2c0110747c3a@smtp.hubapi.com>","","","","","","","20185","AbBatch","Mozilla/4.0 (compatible; ms-office; MSOffice 16)","wiesbaden","hessen","GERMANY","","","","1252","","","","","",""
"springerlarsen@gmail.com","6890244","348332492","","299 € sparen und alle Vorteile für mehr Monate genießen!","""Denise von ProvenExpert"" <denise@provenexpert.com>","[support@provenexpert.com]","[]","[]","2025-02-22 08:36:58","4d28500c-c5bd-4bb4-84b4-2c0110747c3a","SENT","4d28500c-c5bd-4bb4-84b4-2c0110747c3a","2025-02-22 08:36:58","<1740209818561.4d28500c-c5bd-4bb4-84b4-2c0110747c3a@smtp.hubapi.com>","","","","","","","20185","AbBatch","","","","","","","","","","","","","",""
"marketing@schevel.com","6890244","348332491","","Wir schenken Ihnen drei Monate ProvenExpert ","""Denise von ProvenExpert"" <denise@provenexpert.com>","[support@provenexpert.com]","[]","[]","2025-02-22 08:35:42","dbf7c7d5-1355-46c7-8601-b160c5986205","DELIVERED","86e58bd7-cfd0-3d16-8331-39897da2ca87","2025-02-22 08:35:45","<1740209742695.dbf7c7d5-1355-46c7-8601-b160c5986205@smtp.hubapi.com>","","","","","","","20185","AbBatch","","","","","","","","","","","","","",""
"marketing@schevel.com","6890244","348332491","","Wir schenken Ihnen drei Monate ProvenExpert ","""Denise von ProvenExpert"" <denise@provenexpert.com>","[support@provenexpert.com]","[]","[]","2025-02-22 08:35:42","dbf7c7d5-1355-46c7-8601-b160c5986205","SENT","dbf7c7d5-1355-46c7-8601-b160c5986205","2025-02-22 08:35:42","<1740209742695.dbf7c7d5-1355-46c7-8601-b160c5986205@smtp.hubapi.com>","","","","","","","20185","AbBatch","","","","","","","","","","","","","",""
"info@eva-breiter.de","6890244","348332492","","299 € sparen und alle Vorteile für mehr Monate genießen!","""Denise von ProvenExpert"" <denise@provenexpert.com>","[support@provenexpert.com]","[]","[]","2025-02-22 08:37:00","a195a6ad-aefe-4ff7-9da0-159c6204174b","DELIVERED","e2266191-a71c-3b3f-8375-0cf154ffc55c","2025-02-22 08:37:05","<1740209820720.a195a6ad-aefe-4ff7-9da0-159c6204174b@smtp.hubapi.com>","","","","","","","20185","AbBatch","","","","","","","","","","","","","",""
"info@eva-breiter.de","6890244","348332492","","299 € sparen und alle Vorteile für mehr Monate genießen!","""Denise von ProvenExpert"" <denise@provenexpert.com>","[support@provenexpert.com]","[]","[]","2025-02-22 08:37:00","a195a6ad-aefe-4ff7-9da0-159c6204174b","SENT","a195a6ad-aefe-4ff7-9da0-159c6204174b","2025-02-22 08:37:00","<1740209820720.a195a6ad-aefe-4ff7-9da0-159c6204174b@smtp.hubapi.com>","","","","","","","20185","AbBatch","","","","","","","","","","","","","",""
"kontakt@lightness-training.com","6890244","348332491","","Wir schenken Ihnen drei Monate ProvenExpert ","""Denise von ProvenExpert"" <denise@provenexpert.com>","[support@provenexpert.com]","[]","[]","2025-02-22 08:36:59","276d7d81-e4e9-4df4-ad20-906b16b59f63","DROPPED","276d7d81-e4e9-4df4-ad20-906b16b59f63","2025-02-22 08:36:59","<1740209819332.276d7d81-e4e9-4df4-ad20-906b16b59f63@smtp.hubapi.com>","","","2ad3e320-b137-37f7-a92d-c0901ed4f99e","2024-12-02 09:54:19","PREVIOUSLY_BOUNCED","Recipient has previously bounced.","20185","AbBatch","","","","","","","","","450","450 4.7.1 <kontakt@lightness-training.com>: Recipient address rejected: Mail appeared to be SPAM or forged. Ask your Mail/DNS-Administrator to correct HELO and DNS MX settings or to get removed from DNSBLs","450 4.7.1 <kontakt@lightness-training.com>: Recipient address rejected: Mail appeared to be SPAM or forged. Ask your Mail/DNS-Administrator to correct HELO and DNS MX settings or to get removed from DNSBLs","","",""
"info@jasmin-falch.de","6890244","348332491","","Wir schenken Ihnen drei Monate ProvenExpert ","""Denise von ProvenExpert"" <denise@provenexpert.com>","[support@provenexpert.com]","[]","[]","2025-02-22 08:37:01","6b79e49c-a959-4bc6-ac86-4ebfdd220cc2","SENT","6b79e49c-a959-4bc6-ac86-4ebfdd220cc2","2025-02-22 08:37:01","<1740209821286.6b79e49c-a959-4bc6-ac86-4ebfdd220cc2@smtp.hubapi.com>","","","","","","","20185","AbBatch","","","","","","","","","","","","","",""
"info@jasmin-falch.de","6890244","348332491","","Wir schenken Ihnen drei Monate ProvenExpert ","""Denise von ProvenExpert"" <denise@provenexpert.com>","[support@provenexpert.com]","[]","[]","2025-02-22 08:37:01","6b79e49c-a959-4bc6-ac86-4ebfdd220cc2","DELIVERED","1b5f1eda-e118-324d-b5e4-61ddb8d2ff25","2025-02-22 08:37:02","<1740209821286.6b79e49c-a959-4bc6-ac86-4ebfdd220cc2@smtp.hubapi.com>","","","","","","","20185","AbBatch","","","","","","","","","","","","","",""
"info@raffbeschattungen.com","6890244","348332492","","299 € sparen und alle Vorteile für mehr Monate genießen!","""Denise von ProvenExpert"" <denise@provenexpert.com>","[support@provenexpert.com]","[]","[]","2025-02-22 08:37:02","567829b0-072f-40f3-9513-4c6a28883f36","SENT","567829b0-072f-40f3-9513-4c6a28883f36","2025-02-22 08:37:02","<1740209822759.567829b0-072f-40f3-9513-4c6a28883f36@smtp.hubapi.com>","","","","","","","20185","AbBatch","","","","","","","","","","","","","",""
"info@raffbeschattungen.com","6890244","348332492","","299 € sparen und alle Vorteile für mehr Monate genießen!","""Denise von ProvenExpert"" <denise@provenexpert.com>","[support@provenexpert.com]","[]","[]","2025-02-22 08:37:02","567829b0-072f-40f3-9513-4c6a28883f36","DELIVERED","aeae7ece-4587-358e-a778-53f775d085b3","2025-02-22 08:37:03","<1740209822759.567829b0-072f-40f3-9513-4c6a28883f36@smtp.hubapi.com>","","","","","","","20185","AbBatch","","","","","","","","","","","","","",""
"rene@klickfreude.com","6890244","348332491","","Wir schenken Ihnen drei Monate ProvenExpert ","""Denise von ProvenExpert"" <denise@provenexpert.com>","[support@provenexpert.com]","[]","[]","2025-02-22 08:36:58","d2d304bb-15cc-4333-a992-8a42974d1cd6","DELIVERED","53317df7-753f-367c-8cdd-ff37410318b4","2025-02-22 08:37:00","<1740209818186.d2d304bb-15cc-4333-a992-8a42974d1cd6@smtp.hubapi.com>","","","","","","","20185","AbBatch","","","","","","","","","","","","","",""
"rene@klickfreude.com","6890244","348332491","","Wir schenken Ihnen drei Monate ProvenExpert ","""Denise von ProvenExpert"" <denise@provenexpert.com>","[support@provenexpert.com]","[]","[]","2025-02-22 08:36:58","d2d304bb-15cc-4333-a992-8a42974d1cd6","SENT","d2d304bb-15cc-4333-a992-8a42974d1cd6","2025-02-22 08:36:58","<1740209818186.d2d304bb-15cc-4333-a992-8a42974d1cd6@smtp.hubapi.com>","","","","","","","20185","AbBatch","","","","","","","","","","","","","",""
"riffel@immobilienwelt-riffel.at","6890244","348332492","","299 € sparen und alle Vorteile für mehr Monate genießen!","""Denise von ProvenExpert"" <denise@provenexpert.com>","[support@provenexpert.com]","[]","[]","2025-02-22 08:37:02","7efdd92f-b345-4a43-9d96-647115c41602","SENT","7efdd92f-b345-4a43-9d96-647115c41602","2025-02-22 08:37:02","<1740209822118.7efdd92f-b345-4a43-9d96-647115c41602@smtp.hubapi.com>","","","","","","","20185","AbBatch","","","","","","","","","","","","","",""
"riffel@immobilienwelt-riffel.at","6890244","348332492","","299 € sparen und alle Vorteile für mehr Monate genießen!","""Denise von ProvenExpert"" <denise@provenexpert.com>","[support@provenexpert.com]","[]","[]","2025-02-22 08:37:02","7efdd92f-b345-4a43-9d96-647115c41602","DELIVERED","7a17c074-f2ac-3729-8cd2-f6fd9c16490e","2025-02-22 08:37:04","<1740209822118.7efdd92f-b345-4a43-9d96-647115c41602@smtp.hubapi.com>","","","","","","","20185","AbBatch","","","","","","","","","","","","","",""
"contact@the-y-company.de","6890244","348332491","","Wir schenken Ihnen drei Monate ProvenExpert ","""Denise von ProvenExpert"" <denise@provenexpert.com>","[support@provenexpert.com]","[]","[]","2025-02-22 08:37:01","c2c58f76-7df0-4772-bdf1-38dc90b2dd4d","DELIVERED","49a31a0d-dd92-3f24-afc5-db9960496eb9","2025-02-22 08:37:08","<1740209821348.c2c58f76-7df0-4772-bdf1-38dc90b2dd4d@smtp.hubapi.com>","","","","","","","20185","AbBatch","","","","","","","","","","","","","",""
"contact@the-y-company.de","6890244","348332491","","Wir schenken Ihnen drei Monate ProvenExpert ","""Denise von ProvenExpert"" <denise@provenexpert.com>","[support@provenexpert.com]","[]","[]","2025-02-22 08:37:01","c2c58f76-7df0-4772-bdf1-38dc90b2dd4d","SENT","c2c58f76-7df0-4772-bdf1-38dc90b2dd4d","2025-02-22 08:37:01","<1740209821348.c2c58f76-7df0-4772-bdf1-38dc90b2dd4d@smtp.hubapi.com>","","","","","","","20185","AbBatch","","","","","","","","","","","","","",""
"danilo.nowak@allianz.de","6890244","348332492","","299 € sparen und alle Vorteile für mehr Monate genießen!","""Denise von ProvenExpert"" <denise@provenexpert.com>","[support@provenexpert.com]","[]","[]","2025-02-22 08:36:59","3ad4b2a4-3ef4-409d-bb38-ad832399324c","SENT","3ad4b2a4-3ef4-409d-bb38-ad832399324c","2025-02-22 08:36:59","<1740209819553.3ad4b2a4-3ef4-409d-bb38-ad832399324c@smtp.hubapi.com>","","","","","","","20185","AbBatch","","","","","","","","","","","","","",""
"danilo.nowak@allianz.de","6890244","348332492","","299 € sparen und alle Vorteile für mehr Monate genießen!","""Denise von ProvenExpert"" <denise@provenexpert.com>","[support@provenexpert.com]","[]","[]","2025-02-22 08:36:59","3ad4b2a4-3ef4-409d-bb38-ad832399324c","DELIVERED","313df8a7-4b61-3efd-b33e-357f2f618de4","2025-02-22 08:37:01","<1740209819553.3ad4b2a4-3ef4-409d-bb38-ad832399324c@smtp.hubapi.com>","","","","","","","20185","AbBatch","","","","","","","","","","","","","",""
"kontakt@ostseeimmobilien-elsner.de","6890244","348332491","","Wir schenken Ihnen drei Monate ProvenExpert ","""Denise von ProvenExpert"" <denise@provenexpert.com>","[support@provenexpert.com]","[]","[]","2025-02-22 08:37:00","65cbd20f-4696-466b-836f-a2eea81dd0c2","DELIVERED","c1702606-8990-3627-a76c-4b53847cde75","2025-02-22 08:37:01","<1740209820185.65cbd20f-4696-466b-836f-a2eea81dd0c2@smtp.hubapi.com>","","","","","","","20185","AbBatch","","","","","","","","","","","","","",""
"kontakt@ostseeimmobilien-elsner.de","6890244","348332491","","Wir schenken Ihnen drei Monate ProvenExpert ","""Denise von ProvenExpert"" <denise@provenexpert.com>","[support@provenexpert.com]","[]","[]","2025-02-22 08:37:00","65cbd20f-4696-466b-836f-a2eea81dd0c2","SENT","65cbd20f-4696-466b-836f-a2eea81dd0c2","2025-02-22 08:37:00","<1740209820185.65cbd20f-4696-466b-836f-a2eea81dd0c2@smtp.hubapi.com>","","","","","","","20185","AbBatch","","","","","","","","","","","","","",""
"claus.einars@online.de","6890244","348332491","","Wir schenken Ihnen drei Monate ProvenExpert ","""Denise von ProvenExpert"" <denise@provenexpert.com>","[support@provenexpert.com]","[]","[]","2025-02-22 08:36:57","0993f77b-fd2d-4ede-b969-a31e68e5ecee","SENT","0993f77b-fd2d-4ede-b969-a31e68e5ecee","2025-02-22 08:36:57","<1740209817948.0993f77b-fd2d-4ede-b969-a31e68e5ecee@smtp.hubapi.com>","","","","","","","20185","AbBatch","","","","","","","","","","","","","",""
"claus.einars@online.de","6890244","348332491","","Wir schenken Ihnen drei Monate ProvenExpert ","""Denise von ProvenExpert"" <denise@provenexpert.com>","[support@provenexpert.com]","[]","[]","2025-02-22 08:36:57","0993f77b-fd2d-4ede-b969-a31e68e5ecee","DELIVERED","5b010330-22db-3025-8f02-7fb91b561b87","2025-02-22 08:36:59","<1740209817948.0993f77b-fd2d-4ede-b969-a31e68e5ecee@smtp.hubapi.com>","","","","","","","20185","AbBatch","","","","","","","","","","","","","",""
"saxophon.academy@gmail.com","6890244","348332492","","299 € sparen und alle Vorteile für mehr Monate genießen!","""Denise von ProvenExpert"" <denise@provenexpert.com>","[support@provenexpert.com]","[]","[]","2025-02-22 08:37:01","a45adbb9-8bdd-4b6f-9a12-ff4132566e1d","DELIVERED","4a487cfb-e727-3504-ad43-4001fe965f68","2025-02-22 08:37:02","<1740209821372.a45adbb9-8bdd-4b6f-9a12-ff4132566e1d@smtp.hubapi.com>","","","","","","","20185","AbBatch","","","","","","","","","","","","","",""
"saxophon.academy@gmail.com","6890244","348332492","","299 € sparen und alle Vorteile für mehr Monate genießen!","""Denise von ProvenExpert"" <denise@provenexpert.com>","[support@provenexpert.com]","[]","[]","2025-02-22 08:37:01","a45adbb9-8bdd-4b6f-9a12-ff4132566e1d","SENT","a45adbb9-8bdd-4b6f-9a12-ff4132566e1d","2025-02-22 08:37:01","<1740209821372.a45adbb9-8bdd-4b6f-9a12-ff4132566e1d@smtp.hubapi.com>","","","","","","","20185","AbBatch","","","","","","","","","","","","","",""
"schaefer.verena87@gmail.com","6890244","348332491","","Wir schenken Ihnen drei Monate ProvenExpert ","""Denise von ProvenExpert"" <denise@provenexpert.com>","[support@provenexpert.com]","[]","[]","2025-02-22 08:37:01","df878753-3581-4a9d-b4d7-32b0a3ac2eb5","DELIVERED","cc18e1b8-a441-3088-884b-0339ca4dc905","2025-02-22 08:37:02","<1740209821327.df878753-3581-4a9d-b4d7-32b0a3ac2eb5@smtp.hubapi.com>","","","","","","","20185","AbBatch","","","","","","","","","","","","","",""
"a.kehl@zeit-raum-design.de","6890244","348332492","","299 € sparen und alle Vorteile für mehr Monate genießen!","""Denise von ProvenExpert"" <denise@provenexpert.com>","[support@provenexpert.com]","[]","[]","2025-02-22 08:37:02","e1bf68f9-6426-4566-a748-f3bc674ee075","DROPPED","e1bf68f9-6426-4566-a748-f3bc674ee075","2025-02-22 08:37:02","<1740209822771.e1bf68f9-6426-4566-a748-f3bc674ee075@smtp.hubapi.com>","","","e6fcaee7-5d1a-3b36-aa84-abf6574f57c5","2025-01-14 08:06:58","PREVIOUSLY_BOUNCED","Recipient has previously bounced.","20185","AbBatch","","","","","","","","","550","550 5.1.1 <a.kehl@zeit-raum-design.de>: Recipient address rejected: User unknown in virtual alias table","550 5.1.1 <a.kehl@zeit-raum-design.de>: Recipient address rejected: User unknown in virtual alias table","","",""
"angela@reset-yourself.info","6890244","348332491","","Wir schenken Ihnen drei Monate ProvenExpert ","""Denise von ProvenExpert"" <denise@provenexpert.com>","[support@provenexpert.com]","[]","[]","2025-02-22 08:36:59","2992aa35-3b82-49f6-997d-0e4f33a680e1","DROPPED","2992aa35-3b82-49f6-997d-0e4f33a680e1","2025-02-22 08:36:59","<1740209819531.2992aa35-3b82-49f6-997d-0e4f33a680e1@smtp.hubapi.com>","","","df60986e-6578-39cb-ae60-bda0c7216c70","2024-12-05 07:42:20","PREVIOUSLY_BOUNCED","Recipient has previously bounced.","20185","AbBatch","","","","","","","","","552","552-Requested mail action aborted: exceeded storage allocation 552-Quota exceeded. 552 For explanation visit https://postmaster.1und1.de/en/case?c=r1503&i=ip&v=143.244.91.70&r=1Mmirw-1u2uVu3BVG-00pJBU","552-Requested mail action aborted: exceeded storage allocation 552-Quota exceeded. 552 For explanation visit https://postmaster.1und1.de/en/case?c=r1503&i=ip&v=143.244.91.70&r=1Mmirw-1u2uVu3BVG-00pJBU","","",""
"schaefer.verena87@gmail.com","6890244","348332491","","Wir schenken Ihnen drei Monate ProvenExpert ","""Denise von ProvenExpert"" <denise@provenexpert.com>","[support@provenexpert.com]","[]","[]","2025-02-22 08:37:01","df878753-3581-4a9d-b4d7-32b0a3ac2eb5","SENT","df878753-3581-4a9d-b4d7-32b0a3ac2eb5","2025-02-22 08:37:01","<1740209821327.df878753-3581-4a9d-b4d7-32b0a3ac2eb5@smtp.hubapi.com>","","","","","","","20185","AbBatch","","","","","","","","","","","","","",""
"hello@livifull.com","6890244","348332492","","299 € sparen und alle Vorteile für mehr Monate genießen!","""Denise von ProvenExpert"" <denise@provenexpert.com>","[support@provenexpert.com]","[]","[]","2025-02-22 08:37:02","551096ea-119b-4f07-ad22-c63e8a19c388","DELIVERED","8b99dc77-cb32-3a31-a6e3-1df88bdea75b","2025-02-22 08:37:05","<1740209822925.551096ea-119b-4f07-ad22-c63e8a19c388@smtp.hubapi.com>","","","","","","","20185","AbBatch","","","","","","","","","","","","","",""
"hello@livifull.com","6890244","348332492","","299 € sparen und alle Vorteile für mehr Monate genießen!","""Denise von ProvenExpert"" <denise@provenexpert.com>","[support@provenexpert.com]","[]","[]","2025-02-22 08:37:02","551096ea-119b-4f07-ad22-c63e8a19c388","SENT","551096ea-119b-4f07-ad22-c63e8a19c388","2025-02-22 08:37:02","<1740209822925.551096ea-119b-4f07-ad22-c63e8a19c388@smtp.hubapi.com>","","","","","","","20185","AbBatch","","","","","","","","","","","","","",""
"hello@schoofsartig.de","6890244","348332492","","299 € sparen und alle Vorteile für mehr Monate genießen!","""Denise von ProvenExpert"" <denise@provenexpert.com>","[support@provenexpert.com]","[]","[]","2025-02-22 08:36:59","021d29ec-a8af-4ce4-a75b-3b2a7a345359","DELIVERED","3644be2c-da8e-32d8-9ea8-85355dcd8ca8","2025-02-22 08:37:02","<1740209819614.021d29ec-a8af-4ce4-a75b-3b2a7a345359@smtp.hubapi.com>","","","","","","","20185","AbBatch","","","","","","","","","","","","","",""
"hello@schoofsartig.de","6890244","348332492","","299 € sparen und alle Vorteile für mehr Monate genießen!","""Denise von ProvenExpert"" <denise@provenexpert.com>","[support@provenexpert.com]","[]","[]","2025-02-22 08:36:59","021d29ec-a8af-4ce4-a75b-3b2a7a345359","SENT","021d29ec-a8af-4ce4-a75b-3b2a7a345359","2025-02-22 08:36:59","<1740209819614.021d29ec-a8af-4ce4-a75b-3b2a7a345359@smtp.hubapi.com>","","","","","","","20185","AbBatch","","","","","","","","","","","","","",""
"n.mittag@strukturschmiede.berlin","6890244","348332491","","Wir schenken Ihnen drei Monate ProvenExpert ","""Denise von ProvenExpert"" <denise@provenexpert.com>","[support@provenexpert.com]","[]","[]","2025-02-22 08:35:42","db405438-6722-4024-8997-fa5f34c37a68","DELIVERED","e0a053f3-c29b-3fa4-9f64-05d2a29c45fb","2025-02-22 08:35:44","<1740209742257.db405438-6722-4024-8997-fa5f34c37a68@smtp.hubapi.com>","","","","","","","20185","AbBatch","","","","","","","","","","","","","",""
"n.mittag@strukturschmiede.berlin","6890244","348332491","","Wir schenken Ihnen drei Monate ProvenExpert ","""Denise von ProvenExpert"" <denise@provenexpert.com>","[support@provenexpert.com]","[]","[]","2025-02-22 08:35:42","db405438-6722-4024-8997-fa5f34c37a68","SENT","db405438-6722-4024-8997-fa5f34c37a68","2025-02-22 08:35:42","<1740209742257.db405438-6722-4024-8997-fa5f34c37a68@smtp.hubapi.com>","","","","","","","20185","AbBatch","","","","","","","","","","","","","",""
"fw@florianwieser.com","6890244","348332492","","299 € sparen und alle Vorteile für mehr Monate genießen!","""Denise von ProvenExpert"" <denise@provenexpert.com>","[support@provenexpert.com]","[]","[]","2025-02-22 08:37:02","1628defa-2bc6-44e6-af09-7c932e59b3fd","DELIVERED","767a964f-4c97-3a1e-aef5-5110813edd63","2025-02-22 08:37:03","<1740209822045.1628defa-2bc6-44e6-af09-7c932e59b3fd@smtp.hubapi.com>","","","","","","","20185","AbBatch","","","","","","","","","","","","","",""
"fw@florianwieser.com","6890244","348332492","","299 € sparen und alle Vorteile für mehr Monate genießen!","""Denise von ProvenExpert"" <denise@provenexpert.com>","[support@provenexpert.com]","[]","[]","2025-02-22 08:37:02","1628defa-2bc6-44e6-af09-7c932e59b3fd","SENT","1628defa-2bc6-44e6-af09-7c932e59b3fd","2025-02-22 08:37:02","<1740209822045.1628defa-2bc6-44e6-af09-7c932e59b3fd@smtp.hubapi.com>","","","","","","","20185","AbBatch","","","","","","","","","","","","","",""
"webmaster@bitkollegen.de","6890244","348332492","","299 € sparen und alle Vorteile für mehr Monate genießen!","""Denise von ProvenExpert"" <denise@provenexpert.com>","[support@provenexpert.com]","[]","[]","2025-02-22 08:36:59","a0bfbb90-a9e0-4c69-915d-d612b4bd7bff","SENT","a0bfbb90-a9e0-4c69-915d-d612b4bd7bff","2025-02-22 08:36:59","<1740209819533.a0bfbb90-a9e0-4c69-915d-d612b4bd7bff@smtp.hubapi.com>","","","","","","","20185","AbBatch","","","","","","","","","","","","","",""
"webmaster@bitkollegen.de","6890244","348332492","","299 € sparen und alle Vorteile für mehr Monate genießen!","""Denise von ProvenExpert"" <denise@provenexpert.com>","[support@provenexpert.com]","[]","[]","2025-02-22 08:36:59","a0bfbb90-a9e0-4c69-915d-d612b4bd7bff","DELIVERED","349060ca-7bc1-34a8-b36b-de28c52fcb0e","2025-02-22 08:37:01","<1740209819533.a0bfbb90-a9e0-4c69-915d-d612b4bd7bff@smtp.hubapi.com>","","","","","","","20185","AbBatch","","","","","","","","","","","","","",""
"sahlersw@safe-at-work.de","6890244","348332491","","Wir schenken Ihnen drei Monate ProvenExpert ","""Denise von ProvenExpert"" <denise@provenexpert.com>","[support@provenexpert.com]","[]","[]","2025-02-22 08:36:58","c6cca571-e4d0-4f41-bab8-2098eb703631","SENT","c6cca571-e4d0-4f41-bab8-2098eb703631","2025-02-22 08:36:58","<1740209818689.c6cca571-e4d0-4f41-bab8-2098eb703631@smtp.hubapi.com>","","","","","","","20185","AbBatch","","","","","","","","","","","","","",""
"sahlersw@safe-at-work.de","6890244","348332491","","Wir schenken Ihnen drei Monate ProvenExpert ","""Denise von ProvenExpert"" <denise@provenexpert.com>","[support@provenexpert.com]","[]","[]","2025-02-22 08:36:58","c6cca571-e4d0-4f41-bab8-2098eb703631","DELIVERED","89f6adc2-cae1-3eef-a999-1f03a54fa158","2025-02-22 08:37:01","<1740209818689.c6cca571-e4d0-4f41-bab8-2098eb703631@smtp.hubapi.com>","","","","","","","20185","AbBatch","","","","","","","","","","","","","",""
"info@glamourpixel.de","6890244","348332491","","Wir schenken Ihnen drei Monate ProvenExpert ","""Denise von ProvenExpert"" <denise@provenexpert.com>","[support@provenexpert.com]","[]","[]","2025-02-22 08:35:42","800fbf03-a4fa-435b-a076-32a1d35ed89b","SENT","800fbf03-a4fa-435b-a076-32a1d35ed89b","2025-02-22 08:35:42","<1740209742534.800fbf03-a4fa-435b-a076-32a1d35ed89b@smtp.hubapi.com>","","","","","","","20185","AbBatch","","","","","","","","","","","","","",""
"info@glamourpixel.de","6890244","348332491","","Wir schenken Ihnen drei Monate ProvenExpert ","""Denise von ProvenExpert"" <denise@provenexpert.com>","[support@provenexpert.com]","[]","[]","2025-02-22 08:35:42","800fbf03-a4fa-435b-a076-32a1d35ed89b","DELIVERED","1cb8ac6f-e62a-38e0-a7ca-d56c589006bb","2025-02-22 08:35:44","<1740209742534.800fbf03-a4fa-435b-a076-32a1d35ed89b@smtp.hubapi.com>","","","","","","","20185","AbBatch","","","","","","","","","","","","","",""
"fernundaktiv@naturschule-mv.de","6890244","348332491","","Wir schenken Ihnen drei Monate ProvenExpert ","""Denise von ProvenExpert"" <denise@provenexpert.com>","[support@provenexpert.com]","[]","[]","2025-02-22 08:37:01","f5f139bd-a2bd-4f6b-bdb8-bb24eb5a7b73","SENT","f5f139bd-a2bd-4f6b-bdb8-bb24eb5a7b73","2025-02-22 08:37:01","<1740209821032.f5f139bd-a2bd-4f6b-bdb8-bb24eb5a7b73@smtp.hubapi.com>","","","","","","","20185","AbBatch","","","","","","","","","","","","","",""
"fernundaktiv@naturschule-mv.de","6890244","348332491","","Wir schenken Ihnen drei Monate ProvenExpert ","""Denise von ProvenExpert"" <denise@provenexpert.com>","[support@provenexpert.com]","[]","[]","2025-02-22 08:37:01","f5f139bd-a2bd-4f6b-bdb8-bb24eb5a7b73","DELIVERED","a1df7c75-3a18-394f-81ce-ed1954e43b91","2025-02-22 08:37:03","<1740209821032.f5f139bd-a2bd-4f6b-bdb8-bb24eb5a7b73@smtp.hubapi.com>","","","","","","","20185","AbBatch","","","","","","","","","","","","","",""
"alexander.mehnert@engelvoelkers.com","6890244","348332492","","299 € sparen und alle Vorteile für mehr Monate genießen!","""Denise von ProvenExpert"" <denise@provenexpert.com>","[support@provenexpert.com]","[]","[]","2025-02-22 08:36:59","24605c68-84d4-4070-83c5-b05abbb90b9f","DELIVERED","bc52f67c-52dc-34ab-9999-9873cd052584","2025-02-22 08:37:00","<1740209819474.24605c68-84d4-4070-83c5-b05abbb90b9f@smtp.hubapi.com>","","","","","","","20185","AbBatch","","","","","","","","","","","","","",""
"alexander.mehnert@engelvoelkers.com","6890244","348332492","","299 € sparen und alle Vorteile für mehr Monate genießen!","""Denise von ProvenExpert"" <denise@provenexpert.com>","[support@provenexpert.com]","[]","[]","2025-02-22 08:36:59","24605c68-84d4-4070-83c5-b05abbb90b9f","OPEN","e5fbb5b9-0b1c-38c4-b393-38b91ceb976a","2025-02-22 08:58:23","<1740209819474.24605c68-84d4-4070-83c5-b05abbb90b9f@smtp.hubapi.com>","","","","","","","20185","AbBatch","Mozilla/5.0 (Windows NT 5.1; rv:11.0) Gecko Firefox/11.0 (via ggpht.com GoogleImageProxy)","Unknown","Unknown","Unknown","","","","0","","","","","",""
"alexander.mehnert@engelvoelkers.com","6890244","348332492","","299 € sparen und alle Vorteile für mehr Monate genießen!","""Denise von ProvenExpert"" <denise@provenexpert.com>","[support@provenexpert.com]","[]","[]","2025-02-22 08:36:59","24605c68-84d4-4070-83c5-b05abbb90b9f","OPEN","b40d01c9-c7ee-3c76-b76a-a3cf11b573d3","2025-02-22 08:58:33","<1740209819474.24605c68-84d4-4070-83c5-b05abbb90b9f@smtp.hubapi.com>","","","","","","","20185","AbBatch","Mozilla/5.0 (Windows NT 5.1; rv:11.0) Gecko Firefox/11.0 (via ggpht.com GoogleImageProxy)","Unknown","Unknown","Unknown","","","","0","","","","","",""
"alexander.mehnert@engelvoelkers.com","6890244","348332492","","299 € sparen und alle Vorteile für mehr Monate genießen!","""Denise von ProvenExpert"" <denise@provenexpert.com>","[support@provenexpert.com]","[]","[]","2025-02-22 08:36:59","24605c68-84d4-4070-83c5-b05abbb90b9f","OPEN","9f69ce42-e71d-3b5c-acd8-e7c8a710366b","2025-02-22 08:37:04","<1740209819474.24605c68-84d4-4070-83c5-b05abbb90b9f@smtp.hubapi.com>","","","","","","","20185","AbBatch","Mozilla/5.0 (Windows NT 5.1; rv:11.0) Gecko Firefox/11.0 (via ggpht.com GoogleImageProxy)","Unknown","Unknown","Unknown","","","","0","","","","","",""
"alexander.mehnert@engelvoelkers.com","6890244","348332492","","299 € sparen und alle Vorteile für mehr Monate genießen!","""Denise von ProvenExpert"" <denise@provenexpert.com>","[support@provenexpert.com]","[]","[]","2025-02-22 08:36:59","24605c68-84d4-4070-83c5-b05abbb90b9f","SENT","24605c68-84d4-4070-83c5-b05abbb90b9f","2025-02-22 08:36:59","<1740209819474.24605c68-84d4-4070-83c5-b05abbb90b9f@smtp.hubapi.com>","","","","","","","20185","AbBatch","","","","","","","","","","","","","",""
"alexander.mehnert@engelvoelkers.com","6890244","348332492","","299 € sparen und alle Vorteile für mehr Monate genießen!","""Denise von ProvenExpert"" <denise@provenexpert.com>","[support@provenexpert.com]","[]","[]","2025-02-22 08:36:59","24605c68-84d4-4070-83c5-b05abbb90b9f","OPEN","80133143-b7dd-3ff9-8d77-1621219e6d45","2025-02-22 08:37:06","<1740209819474.24605c68-84d4-4070-83c5-b05abbb90b9f@smtp.hubapi.com>","","","","","","","20185","AbBatch","Mozilla/5.0 (Windows NT 5.1; rv:11.0) Gecko Firefox/11.0 (via ggpht.com GoogleImageProxy)","Unknown","Unknown","Unknown","","","","0","","","","","",""
"heimvorteil@markusheim.eu","6890244","348332491","","Wir schenken Ihnen drei Monate ProvenExpert ","""Denise von ProvenExpert"" <denise@provenexpert.com>","[support@provenexpert.com]","[]","[]","2025-02-22 08:35:42","441cf593-65d5-4a59-99ef-2685cc9a7a46","SENT","441cf593-65d5-4a59-99ef-2685cc9a7a46","2025-02-22 08:35:42","<1740209742277.441cf593-65d5-4a59-99ef-2685cc9a7a46@smtp.hubapi.com>","","","","","","","20185","AbBatch","","","","","","","","","","","","","",""
"heimvorteil@markusheim.eu","6890244","348332491","","Wir schenken Ihnen drei Monate ProvenExpert ","""Denise von ProvenExpert"" <denise@provenexpert.com>","[support@provenexpert.com]","[]","[]","2025-02-22 08:35:42","441cf593-65d5-4a59-99ef-2685cc9a7a46","DELIVERED","9ab11c46-3a37-3214-bb64-554ee432bc76","2025-02-22 08:35:44","<1740209742277.441cf593-65d5-4a59-99ef-2685cc9a7a46@smtp.hubapi.com>","","","","","","","20185","AbBatch","","","","","","","","","","","","","",""
"mh@nextim.de","6890244","348332492","","299 € sparen und alle Vorteile für mehr Monate genießen!","""Denise von ProvenExpert"" <denise@provenexpert.com>","[support@provenexpert.com]","[]","[]","2025-02-22 08:36:58","69ca2344-7aa9-4a56-bdfb-df239b60872d","SENT","69ca2344-7aa9-4a56-bdfb-df239b60872d","2025-02-22 08:36:58","<1740209818880.69ca2344-7aa9-4a56-bdfb-df239b60872d@smtp.hubapi.com>","","","","","","","20185","AbBatch","","","","","","","","","","","","","",""
"mh@nextim.de","6890244","348332492","","299 € sparen und alle Vorteile für mehr Monate genießen!","""Denise von ProvenExpert"" <denise@provenexpert.com>","[support@provenexpert.com]","[]","[]","2025-02-22 08:36:58","69ca2344-7aa9-4a56-bdfb-df239b60872d","DELIVERED","115b402e-2de2-321e-854b-2744d31281eb","2025-02-22 08:37:01","<1740209818880.69ca2344-7aa9-4a56-bdfb-df239b60872d@smtp.hubapi.com>","","","","","","","20185","AbBatch","","","","","","","","","","","","","",""
"silvio.dietrich@squola.ch","6890244","348332491","","Wir schenken Ihnen drei Monate ProvenExpert ","""Denise von ProvenExpert"" <denise@provenexpert.com>","[support@provenexpert.com]","[]","[]","2025-02-22 08:37:00","6c8b9273-bd5e-4e0f-a021-37c95557861a","DELIVERED","afa11838-fc21-3e15-9903-f2eed57b8243","2025-02-22 08:37:03","<1740209820426.6c8b9273-bd5e-4e0f-a021-37c95557861a@smtp.hubapi.com>","","","","","","","20185","AbBatch","","","","","","","","","","","","","",""
"schreibmir@aloha-alex.com","6890244","348332491","","Wir schenken Ihnen drei Monate ProvenExpert ","""Denise von ProvenExpert"" <denise@provenexpert.com>","[support@provenexpert.com]","[]","[]","2025-02-22 08:35:42","00810154-7472-40c3-a2da-456a98b714ef","DROPPED","00810154-7472-40c3-a2da-456a98b714ef","2025-02-22 08:35:42","<1740209742778.00810154-7472-40c3-a2da-456a98b714ef@smtp.hubapi.com>","","","8fd4585a-0b1e-32a4-a36b-1c60dc1e5c06","2023-03-12 20:59:22","PREVIOUSLY_BOUNCED","Recipient has previously bounced.","20185","AbBatch","","","","","","","","","550","550 5.2.1 Mailbox is disabled","550 5.2.1 Mailbox is disabled","","",""
"silvio.dietrich@squola.ch","6890244","348332491","","Wir schenken Ihnen drei Monate ProvenExpert ","""Denise von ProvenExpert"" <denise@provenexpert.com>","[support@provenexpert.com]","[]","[]","2025-02-22 08:37:00","6c8b9273-bd5e-4e0f-a021-37c95557861a","SENT","6c8b9273-bd5e-4e0f-a021-37c95557861a","2025-02-22 08:37:00","<1740209820426.6c8b9273-bd5e-4e0f-a021-37c95557861a@smtp.hubapi.com>","","","","","","","20185","AbBatch","","","","","","","","","","","","","",""
"kraus-haushaltsaufloesungen@t-online.de","6890244","348332492","","299 € sparen und alle Vorteile für mehr Monate genießen!","""Denise von ProvenExpert"" <denise@provenexpert.com>","[support@provenexpert.com]","[]","[]","2025-02-22 08:36:59","a316dd53-258f-4501-b80f-15f85666e405","DEFERRED","515ca034-3d29-3fdf-8b4e-7b4e7a5b5cb4","2025-02-22 08:37:21","<1740209819298.a316dd53-258f-4501-b80f-15f85666e405@smtp.hubapi.com>","","","","","","","20185","AbBatch","","","","","","","","","","","","","",""
"kraus-haushaltsaufloesungen@t-online.de","6890244","348332492","","299 € sparen und alle Vorteile für mehr Monate genießen!","""Denise von ProvenExpert"" <denise@provenexpert.com>","[support@provenexpert.com]","[]","[]","2025-02-22 08:36:59","a316dd53-258f-4501-b80f-15f85666e405","SENT","a316dd53-258f-4501-b80f-15f85666e405","2025-02-22 08:36:59","<1740209819298.a316dd53-258f-4501-b80f-15f85666e405@smtp.hubapi.com>","","","","","","","20185","AbBatch","","","","","","","","","","","","","",""
"kraus-haushaltsaufloesungen@t-online.de","6890244","348332492","","299 € sparen und alle Vorteile für mehr Monate genießen!","""Denise von ProvenExpert"" <denise@provenexpert.com>","[support@provenexpert.com]","[]","[]","2025-02-22 08:36:59","a316dd53-258f-4501-b80f-15f85666e405","DELIVERED","eaebb83c-74c6-36f9-964c-1f8bf07232c7","2025-02-22 08:37:28","<1740209819298.a316dd53-258f-4501-b80f-15f85666e405@smtp.hubapi.com>","","","","","","","20185","AbBatch","","","","","","","","","","","","","",""
"a.niemann@cologne-hosting.de","6890244","348332491","","Wir schenken Ihnen drei Monate ProvenExpert ","""Denise von ProvenExpert"" <denise@provenexpert.com>","[support@provenexpert.com]","[]","[]","2025-02-22 08:36:58","af8164d8-98e1-40c9-8198-ec7a518146b6","SENT","af8164d8-98e1-40c9-8198-ec7a518146b6","2025-02-22 08:36:58","<1740209818052.af8164d8-98e1-40c9-8198-ec7a518146b6@smtp.hubapi.com>","","","","","","","20185","AbBatch","","","","","","","","","","","","","",""
"a.niemann@cologne-hosting.de","6890244","348332491","","Wir schenken Ihnen drei Monate ProvenExpert ","""Denise von ProvenExpert"" <denise@provenexpert.com>","[support@provenexpert.com]","[]","[]","2025-02-22 08:36:58","af8164d8-98e1-40c9-8198-ec7a518146b6","DELIVERED","8bf60744-dee2-3958-a490-2d0db45f4cd2","2025-02-22 08:37:00","<1740209818052.af8164d8-98e1-40c9-8198-ec7a518146b6@smtp.hubapi.com>","","","","","","","20185","AbBatch","","","","","","","","","","","","","",""
"team@marx-ruhland.de","6890244","348332492","","299 € sparen und alle Vorteile für mehr Monate genießen!","""Denise von ProvenExpert"" <denise@provenexpert.com>","[support@provenexpert.com]","[]","[]","2025-02-22 08:37:02","4a648ce7-b6a5-4b0a-93f0-fe8b7107078d","DELIVERED","7408eb74-6324-36a9-9083-eface9ee921a","2025-02-22 08:37:05","<1740209822452.4a648ce7-b6a5-4b0a-93f0-fe8b7107078d@smtp.hubapi.com>","","","","","","","20185","AbBatch","","","","","","","","","","","","","",""
"team@marx-ruhland.de","6890244","348332492","","299 € sparen und alle Vorteile für mehr Monate genießen!","""Denise von ProvenExpert"" <denise@provenexpert.com>","[support@provenexpert.com]","[]","[]","2025-02-22 08:37:02","4a648ce7-b6a5-4b0a-93f0-fe8b7107078d","SENT","4a648ce7-b6a5-4b0a-93f0-fe8b7107078d","2025-02-22 08:37:02","<1740209822452.4a648ce7-b6a5-4b0a-93f0-fe8b7107078d@smtp.hubapi.com>","","","","","","","20185","AbBatch","","","","","","","","","","","","","",""
"team@longlifefit.de","6890244","348332491","","Wir schenken Ihnen drei Monate ProvenExpert ","""Denise von ProvenExpert"" <denise@provenexpert.com>","[support@provenexpert.com]","[]","[]","2025-02-22 08:35:42","28f23284-03b2-4b0b-9066-1cef4337af7a","SENT","28f23284-03b2-4b0b-9066-1cef4337af7a","2025-02-22 08:35:42","<1740209742337.28f23284-03b2-4b0b-9066-1cef4337af7a@smtp.hubapi.com>","","","","","","","20185","AbBatch","","","","","","","","","","","","","",""
"team@longlifefit.de","6890244","348332491","","Wir schenken Ihnen drei Monate ProvenExpert ","""Denise von ProvenExpert"" <denise@provenexpert.com>","[support@provenexpert.com]","[]","[]","2025-02-22 08:35:42","28f23284-03b2-4b0b-9066-1cef4337af7a","DELIVERED","bb24fd8a-1d4c-34ee-a731-d9ada82d0caa","2025-02-22 08:35:46","<1740209742337.28f23284-03b2-4b0b-9066-1cef4337af7a@smtp.hubapi.com>","","","","","","","20185","AbBatch","","","","","","","","","","","","","",""
"heinz-joachim.schulte@oee-institute.de","6890244","348332492","","299 € sparen und alle Vorteile für mehr Monate genießen!","""Denise von ProvenExpert"" <denise@provenexpert.com>","[support@provenexpert.com]","[]","[]","2025-02-22 08:37:01","a471dd97-9064-4aee-9bdf-72c2993f3462","SENT","a471dd97-9064-4aee-9bdf-72c2993f3462","2025-02-22 08:37:01","<1740209821080.a471dd97-9064-4aee-9bdf-72c2993f3462@smtp.hubapi.com>","","","","","","","20185","AbBatch","","","","","","","","","","","","","",""
"heinz-joachim.schulte@oee-institute.de","6890244","348332492","","299 € sparen und alle Vorteile für mehr Monate genießen!","""Denise von ProvenExpert"" <denise@provenexpert.com>","[support@provenexpert.com]","[]","[]","2025-02-22 08:37:01","a471dd97-9064-4aee-9bdf-72c2993f3462","DELIVERED","722da4e8-ac9d-38e5-8e57-e261736a657b","2025-02-22 08:37:02","<1740209821080.a471dd97-9064-4aee-9bdf-72c2993f3462@smtp.hubapi.com>","","","","","","","20185","AbBatch","","","","","","","","","","","","","",""
"verkauf@auto-ritter.de","6890244","348332492","","299 € sparen und alle Vorteile für mehr Monate genießen!","""Denise von ProvenExpert"" <denise@provenexpert.com>","[support@provenexpert.com]","[]","[]","2025-02-22 08:36:58","4813e846-e007-4965-b7f6-28da8a4bb9da","DELIVERED","1a8b0a9d-a771-34ed-99af-b5da9b003033","2025-02-22 08:37:00","<1740209818730.4813e846-e007-4965-b7f6-28da8a4bb9da@smtp.hubapi.com>","","","","","","","20185","AbBatch","","","","","","","","","","","","","",""
"verkauf@auto-ritter.de","6890244","348332492","","299 € sparen und alle Vorteile für mehr Monate genießen!","""Denise von ProvenExpert"" <denise@provenexpert.com>","[support@provenexpert.com]","[]","[]","2025-02-22 08:36:58","4813e846-e007-4965-b7f6-28da8a4bb9da","SENT","4813e846-e007-4965-b7f6-28da8a4bb9da","2025-02-22 08:36:58","<1740209818730.4813e846-e007-4965-b7f6-28da8a4bb9da@smtp.hubapi.com>","","","","","","","20185","AbBatch","","","","","","","","","","","","","",""
"info@sauberblitz.ch","6890244","348332491","","Wir schenken Ihnen drei Monate ProvenExpert ","""Denise von ProvenExpert"" <denise@provenexpert.com>","[support@provenexpert.com]","[]","[]","2025-02-22 08:36:57","1c94e170-1d25-4a92-b66e-ac7bbc1240c7","DELIVERED","078e08c5-345b-37c6-8d9b-02b241e87207","2025-02-22 08:37:00","<1740209817815.1c94e170-1d25-4a92-b66e-ac7bbc1240c7@smtp.hubapi.com>","","","","","","","20185","AbBatch","","","","","","","","","","","","","",""
"info@sauberblitz.ch","6890244","348332491","","Wir schenken Ihnen drei Monate ProvenExpert ","""Denise von ProvenExpert"" <denise@provenexpert.com>","[support@provenexpert.com]","[]","[]","2025-02-22 08:36:57","1c94e170-1d25-4a92-b66e-ac7bbc1240c7","SENT","1c94e170-1d25-4a92-b66e-ac7bbc1240c7","2025-02-22 08:36:57","<1740209817815.1c94e170-1d25-4a92-b66e-ac7bbc1240c7@smtp.hubapi.com>","","","","","","","20185","AbBatch","","","","","","","","","","","","","",""
"info@sauberblitz.ch","6890244","348332491","","Wir schenken Ihnen drei Monate ProvenExpert ","""Denise von ProvenExpert"" <denise@provenexpert.com>","[support@provenexpert.com]","[]","[]","2025-02-22 08:36:57","1c94e170-1d25-4a92-b66e-ac7bbc1240c7","OPEN","fbe201f1-cbc8-3057-a6f4-4f3760fdc716","2025-02-24 10:33:23","<1740209817815.1c94e170-1d25-4a92-b66e-ac7bbc1240c7@smtp.hubapi.com>","","","","","","","20185","AbBatch","Mozilla/5.0 (Windows NT 10.0; Win64; x64) AppleWebKit/537.36 (KHTML, like Gecko) Chrome/133.0.0.0 Safari/537.36","basel","basel-stadt","SWITZERLAND","","","","6055","","","","","",""
"mail@knigge-spirit.com","6890244","348332492","","299 € sparen und alle Vorteile für mehr Monate genießen!","""Denise von ProvenExpert"" <denise@provenexpert.com>","[support@provenexpert.com]","[]","[]","2025-02-22 08:36:58","4ff98c66-ec17-4c2e-9f72-e733fb7cee94","DELIVERED","e865f017-8158-3eca-91f3-6b87a6851438","2025-02-22 08:37:01","<1740209818968.4ff98c66-ec17-4c2e-9f72-e733fb7cee94@smtp.hubapi.com>","","","","","","","20185","AbBatch","","","","","","","","","","","","","",""
"mail@knigge-spirit.com","6890244","348332492","","299 € sparen und alle Vorteile für mehr Monate genießen!","""Denise von ProvenExpert"" <denise@provenexpert.com>","[support@provenexpert.com]","[]","[]","2025-02-22 08:36:58","4ff98c66-ec17-4c2e-9f72-e733fb7cee94","SENT","4ff98c66-ec17-4c2e-9f72-e733fb7cee94","2025-02-22 08:36:58","<1740209818968.4ff98c66-ec17-4c2e-9f72-e733fb7cee94@smtp.hubapi.com>","","","","","","","20185","AbBatch","","","","","","","","","","","","","",""
"service@eoxx.com","6890244","348332491","","Wir schenken Ihnen drei Monate ProvenExpert ","""Denise von ProvenExpert"" <denise@provenexpert.com>","[support@provenexpert.com]","[]","[]","2025-02-22 08:37:00","2586f95b-9078-4439-b856-ed5b5ee6990d","SENT","2586f95b-9078-4439-b856-ed5b5ee6990d","2025-02-22 08:37:00","<1740209820594.2586f95b-9078-4439-b856-ed5b5ee6990d@smtp.hubapi.com>","","","","","","","20185","AbBatch","","","","","","","","","","","","","",""
"service@eoxx.com","6890244","348332491","","Wir schenken Ihnen drei Monate ProvenExpert ","""Denise von ProvenExpert"" <denise@provenexpert.com>","[support@provenexpert.com]","[]","[]","2025-02-22 08:37:00","2586f95b-9078-4439-b856-ed5b5ee6990d","DELIVERED","2af8660b-227d-3e2a-9ab8-73bd0e91ccce","2025-02-22 08:37:03","<1740209820594.2586f95b-9078-4439-b856-ed5b5ee6990d@smtp.hubapi.com>","","","","","","","20185","AbBatch","","","","","","","","","","","","","",""
"team@ohne-stress-gesund.de","6890244","348332492","","299 € sparen und alle Vorteile für mehr Monate genießen!","""Denise von ProvenExpert"" <denise@provenexpert.com>","[support@provenexpert.com]","[]","[]","2025-02-22 08:36:58","99d76ba5-7085-4515-829a-118b0ae33112","DELIVERED","aa526a55-d67f-3f2d-8ed8-4e70845a2bd6","2025-02-22 08:37:00","<1740209818857.99d76ba5-7085-4515-829a-118b0ae33112@smtp.hubapi.com>","","","","","","","20185","AbBatch","","","","","","","","","","","","","",""
"team@ohne-stress-gesund.de","6890244","348332492","","299 € sparen und alle Vorteile für mehr Monate genießen!","""Denise von ProvenExpert"" <denise@provenexpert.com>","[support@provenexpert.com]","[]","[]","2025-02-22 08:36:58","99d76ba5-7085-4515-829a-118b0ae33112","SENT","99d76ba5-7085-4515-829a-118b0ae33112","2025-02-22 08:36:58","<1740209818857.99d76ba5-7085-4515-829a-118b0ae33112@smtp.hubapi.com>","","","","","","","20185","AbBatch","","","","","","","","","","","","","",""
"sonjaleitsberger@proton.me","6890244","348332491","","Wir schenken Ihnen drei Monate ProvenExpert ","""Denise von ProvenExpert"" <denise@provenexpert.com>","[support@provenexpert.com]","[]","[]","2025-02-22 08:36:58","6940dce6-aaa4-4e5e-8474-6e564b86188b","OPEN","443b6b10-c890-365e-b505-69e164f9700f","2025-02-24 09:15:09","<1740209818669.6940dce6-aaa4-4e5e-8474-6e564b86188b@smtp.hubapi.com>","","","bf83ba9e-6ff4-3e0a-b782-68c059dde9e3","2025-02-24 09:15:09","","","20185","AbBatch","Mozilla/5.0 (iPhone; CPU iPhone OS 18_1_1 like Mac OS X) AppleWebKit/605.1.15 (KHTML, like Gecko) Version/18.1.1 Mobile/15E148 Safari/604.1","","","AUSTRIA","","","","null","","","","","",""
"sonjaleitsberger@proton.me","6890244","348332491","","Wir schenken Ihnen drei Monate ProvenExpert ","""Denise von ProvenExpert"" <denise@provenexpert.com>","[support@provenexpert.com]","[]","[]","2025-02-22 08:36:58","6940dce6-aaa4-4e5e-8474-6e564b86188b","CLICK","16843f48-cf46-37e2-a61e-b2970de79392","2025-02-24 09:16:28","<1740209818669.6940dce6-aaa4-4e5e-8474-6e564b86188b@smtp.hubapi.com>","","","","","","","20185","AbBatch","Mozilla/5.0 (Macintosh; Intel Mac OS X 10_15_7) AppleWebKit/537.36 (KHTML, like Gecko) Chrome/133.0.0.0 Safari/537.36","vienna","wien","AUSTRIA","","","https://www.provenexpert.com/ca/checkoutfeb25/?utm_term=3&utm_campaign=checkoutfeb25&utm_medium=email&_hsmi=348332491&utm_content=DACH_DE_BASIC_checkoutfeb25_2A&utm_source=hubspot","","","","","","",""
"sonjaleitsberger@proton.me","6890244","348332491","","Wir schenken Ihnen drei Monate ProvenExpert ","""Denise von ProvenExpert"" <denise@provenexpert.com>","[support@provenexpert.com]","[]","[]","2025-02-22 08:36:58","6940dce6-aaa4-4e5e-8474-6e564b86188b","OPEN","798c1415-22ae-33e2-8022-f1edc19c62d4","2025-02-24 09:16:28","<1740209818669.6940dce6-aaa4-4e5e-8474-6e564b86188b@smtp.hubapi.com>","","","16843f48-cf46-37e2-a61e-b2970de79392","2025-02-24 09:16:28","","","20185","AbBatch","Mozilla/5.0 (Macintosh; Intel Mac OS X 10_15_7) AppleWebKit/537.36 (KHTML, like Gecko) Chrome/133.0.0.0 Safari/537.36","vienna","wien","AUSTRIA","","","","null","","","","","",""
"sonjaleitsberger@proton.me","6890244","348332491","","Wir schenken Ihnen drei Monate ProvenExpert ","""Denise von ProvenExpert"" <denise@provenexpert.com>","[support@provenexpert.com]","[]","[]","2025-02-22 08:36:58","6940dce6-aaa4-4e5e-8474-6e564b86188b","DELIVERED","59c52ae2-115b-3b4c-a668-6db05e16ff8e","2025-02-22 08:37:01","<1740209818669.6940dce6-aaa4-4e5e-8474-6e564b86188b@smtp.hubapi.com>","","","","","","","20185","AbBatch","","","","","","","","","","","","","",""
"sonjaleitsberger@proton.me","6890244","348332491","","Wir schenken Ihnen drei Monate ProvenExpert ","""Denise von ProvenExpert"" <denise@provenexpert.com>","[support@provenexpert.com]","[]","[]","2025-02-22 08:36:58","6940dce6-aaa4-4e5e-8474-6e564b86188b","SENT","6940dce6-aaa4-4e5e-8474-6e564b86188b","2025-02-22 08:36:58","<1740209818669.6940dce6-aaa4-4e5e-8474-6e564b86188b@smtp.hubapi.com>","","","","","","","20185","AbBatch","","","","","","","","","","","","","",""
"sonjaleitsberger@proton.me","6890244","348332491","","Wir schenken Ihnen drei Monate ProvenExpert ","""Denise von ProvenExpert"" <denise@provenexpert.com>","[support@provenexpert.com]","[]","[]","2025-02-22 08:36:58","6940dce6-aaa4-4e5e-8474-6e564b86188b","CLICK","bf83ba9e-6ff4-3e0a-b782-68c059dde9e3","2025-02-24 09:15:09","<1740209818669.6940dce6-aaa4-4e5e-8474-6e564b86188b@smtp.hubapi.com>","","","","","","","20185","AbBatch","Mozilla/5.0 (iPhone; CPU iPhone OS 18_1_1 like Mac OS X) AppleWebKit/605.1.15 (KHTML, like Gecko) Version/18.1.1 Mobile/15E148 Safari/604.1","","","AUSTRIA","","","https://www.provenexpert.com/ca/checkoutfeb25/?utm_term=3&utm_campaign=checkoutfeb25&utm_medium=email&_hsmi=348332491&utm_content=DACH_DE_BASIC_checkoutfeb25_2A&utm_source=hubspot","","","","","","",""
"beatrice-sager@bluewin.ch","6890244","348332491","","Wir schenken Ihnen drei Monate ProvenExpert ","""Denise von ProvenExpert"" <denise@provenexpert.com>","[support@provenexpert.com]","[]","[]","2025-02-22 08:37:00","325bffc9-5f71-47bd-867d-d55762217d27","DROPPED","325bffc9-5f71-47bd-867d-d55762217d27","2025-02-22 08:37:00","<1740209820950.325bffc9-5f71-47bd-867d-d55762217d27@smtp.hubapi.com>","","","4333a372-6f4b-399d-9bb5-563a07e42e7e","2025-01-16 08:33:58","PREVIOUSLY_BOUNCED","Recipient has previously bounced.","20185","AbBatch","","","","","","","","","552","smtp; 552 5.2.2 <beatrice-sager@bluewin.ch> Quota exceeded (mailbox for user is full)","smtp; 552 5.2.2 <beatrice-sager@bluewin.ch> Quota exceeded (mailbox for user is full)","","",""
"katrinverenahentschel@gmail.com","6890244","348332491","","Wir schenken Ihnen drei Monate ProvenExpert ","""Denise von ProvenExpert"" <denise@provenexpert.com>","[support@provenexpert.com]","[]","[]","2025-02-22 08:37:00","5ee8c5c3-d4e0-45d7-846b-ab69eb56cd5b","DELIVERED","1c3fd18d-8aae-38d6-b720-d2bf3ca07a05","2025-02-22 08:37:02","<1740209820744.5ee8c5c3-d4e0-45d7-846b-ab69eb56cd5b@smtp.hubapi.com>","","","","","","","20185","AbBatch","","","","","","","","","","","","","",""
"katrinverenahentschel@gmail.com","6890244","348332491","","Wir schenken Ihnen drei Monate ProvenExpert ","""Denise von ProvenExpert"" <denise@provenexpert.com>","[support@provenexpert.com]","[]","[]","2025-02-22 08:37:00","5ee8c5c3-d4e0-45d7-846b-ab69eb56cd5b","SENT","5ee8c5c3-d4e0-45d7-846b-ab69eb56cd5b","2025-02-22 08:37:00","<1740209820744.5ee8c5c3-d4e0-45d7-846b-ab69eb56cd5b@smtp.hubapi.com>","","","","","","","20185","AbBatch","","","","","","","","","","","","","",""
"forschungsprojekt.akademie@meine-dateien.info","6890244","348332491","","Wir schenken Ihnen drei Monate ProvenExpert ","""Denise von ProvenExpert"" <denise@provenexpert.com>","[support@provenexpert.com]","[]","[]","2025-02-22 08:36:58","ec5ae0a6-9b5e-41dc-8d90-a1eb6823ec3a","DELIVERED","d9175f5e-defa-308a-a5ca-c0d6b7db8712","2025-02-22 08:37:00","<1740209818290.ec5ae0a6-9b5e-41dc-8d90-a1eb6823ec3a@smtp.hubapi.com>","","","","","","","20185","AbBatch","","","","","","","","","","","","","",""
"forschungsprojekt.akademie@meine-dateien.info","6890244","348332491","","Wir schenken Ihnen drei Monate ProvenExpert ","""Denise von ProvenExpert"" <denise@provenexpert.com>","[support@provenexpert.com]","[]","[]","2025-02-22 08:36:58","ec5ae0a6-9b5e-41dc-8d90-a1eb6823ec3a","SENT","ec5ae0a6-9b5e-41dc-8d90-a1eb6823ec3a","2025-02-22 08:36:58","<1740209818290.ec5ae0a6-9b5e-41dc-8d90-a1eb6823ec3a@smtp.hubapi.com>","","","","","","","20185","AbBatch","","","","","","","","","","","","","",""
"info@seoagents.de","6890244","348332492","","299 € sparen und alle Vorteile für mehr Monate genießen!","""Denise von ProvenExpert"" <denise@provenexpert.com>","[support@provenexpert.com]","[]","[]","2025-02-22 08:37:00","5254b4c8-e2b8-4f45-ab61-9d3f9d6a0fc4","DELIVERED","08d13bb5-1412-3a40-b843-acfaf36600ef","2025-02-22 08:37:05","<1740209820857.5254b4c8-e2b8-4f45-ab61-9d3f9d6a0fc4@smtp.hubapi.com>","","","","","","","20185","AbBatch","","","","","","","","","","","","","",""
"info@seoagents.de","6890244","348332492","","299 € sparen und alle Vorteile für mehr Monate genießen!","""Denise von ProvenExpert"" <denise@provenexpert.com>","[support@provenexpert.com]","[]","[]","2025-02-22 08:37:00","5254b4c8-e2b8-4f45-ab61-9d3f9d6a0fc4","SENT","5254b4c8-e2b8-4f45-ab61-9d3f9d6a0fc4","2025-02-22 08:37:00","<1740209820857.5254b4c8-e2b8-4f45-ab61-9d3f9d6a0fc4@smtp.hubapi.com>","","","","","","","20185","AbBatch","","","","","","","","","","","","","",""
"annette.brinek@gmx.at","6890244","348332492","","299 € sparen und alle Vorteile für mehr Monate genießen!","""Denise von ProvenExpert"" <denise@provenexpert.com>","[support@provenexpert.com]","[]","[]","2025-02-22 08:37:00","3bd077d0-d16b-4130-b7de-a15af0cd95d1","SENT","3bd077d0-d16b-4130-b7de-a15af0cd95d1","2025-02-22 08:37:00","<1740209820978.3bd077d0-d16b-4130-b7de-a15af0cd95d1@smtp.hubapi.com>","","","","","","","20185","AbBatch","","","","","","","","","","","","","",""
"annette.brinek@gmx.at","6890244","348332492","","299 € sparen und alle Vorteile für mehr Monate genießen!","""Denise von ProvenExpert"" <denise@provenexpert.com>","[support@provenexpert.com]","[]","[]","2025-02-22 08:37:00","3bd077d0-d16b-4130-b7de-a15af0cd95d1","DELIVERED","56e07087-5a7f-35e0-a6db-913256a6194f","2025-02-22 08:37:01","<1740209820978.3bd077d0-d16b-4130-b7de-a15af0cd95d1@smtp.hubapi.com>","","","","","","","20185","AbBatch","","","","","","","","","","","","","",""
"kontakt@mathiaschristen.com","6890244","348332491","","Wir schenken Ihnen drei Monate ProvenExpert ","""Denise von ProvenExpert"" <denise@provenexpert.com>","[support@provenexpert.com]","[]","[]","2025-02-22 08:35:42","f8faeaf6-d46b-45d2-aba7-dfa55d0d8780","DELIVERED","274d79d8-4f97-30a3-9109-4f7a191d0990","2025-02-22 08:35:44","<1740209742554.f8faeaf6-d46b-45d2-aba7-dfa55d0d8780@smtp.hubapi.com>","","","","","","","20185","AbBatch","","","","","","","","","","","","","",""
"kontakt@mathiaschristen.com","6890244","348332491","","Wir schenken Ihnen drei Monate ProvenExpert ","""Denise von ProvenExpert"" <denise@provenexpert.com>","[support@provenexpert.com]","[]","[]","2025-02-22 08:35:42","f8faeaf6-d46b-45d2-aba7-dfa55d0d8780","SENT","f8faeaf6-d46b-45d2-aba7-dfa55d0d8780","2025-02-22 08:35:42","<1740209742554.f8faeaf6-d46b-45d2-aba7-dfa55d0d8780@smtp.hubapi.com>","","","","","","","20185","AbBatch","","","","","","","","","","","","","",""
"office@robertjahrstorfer.com","6890244","348332491","","Wir schenken Ihnen drei Monate ProvenExpert ","""Denise von ProvenExpert"" <denise@provenexpert.com>","[support@provenexpert.com]","[]","[]","2025-02-22 08:37:00","0f7c812d-8abd-4419-b2f2-0b5352783531","SENT","0f7c812d-8abd-4419-b2f2-0b5352783531","2025-02-22 08:37:00","<1740209820343.0f7c812d-8abd-4419-b2f2-0b5352783531@smtp.hubapi.com>","","","","","","","20185","AbBatch","","","","","","","","","","","","","",""
"office@robertjahrstorfer.com","6890244","348332491","","Wir schenken Ihnen drei Monate ProvenExpert ","""Denise von ProvenExpert"" <denise@provenexpert.com>","[support@provenexpert.com]","[]","[]","2025-02-22 08:37:00","0f7c812d-8abd-4419-b2f2-0b5352783531","DELIVERED","a1b7ecfa-605f-3792-b75f-6366b7bec756","2025-02-22 08:37:02","<1740209820343.0f7c812d-8abd-4419-b2f2-0b5352783531@smtp.hubapi.com>","","","","","","","20185","AbBatch","","","","","","","","","","","","","",""
"info@molekularmedizinerin.de","6890244","348332492","","299 € sparen und alle Vorteile für mehr Monate genießen!","""Denise von ProvenExpert"" <denise@provenexpert.com>","[support@provenexpert.com]","[]","[]","2025-02-22 08:36:59","890e8f7f-0d3c-46e6-8855-53e750e2177a","DELIVERED","a7b8d910-cd1a-3ba1-a06b-32c72f13bd6e","2025-02-22 08:37:01","<1740209819104.890e8f7f-0d3c-46e6-8855-53e750e2177a@smtp.hubapi.com>","","","","","","","20185","AbBatch","","","","","","","","","","","","","",""
"info@molekularmedizinerin.de","6890244","348332492","","299 € sparen und alle Vorteile für mehr Monate genießen!","""Denise von ProvenExpert"" <denise@provenexpert.com>","[support@provenexpert.com]","[]","[]","2025-02-22 08:36:59","890e8f7f-0d3c-46e6-8855-53e750e2177a","SENT","890e8f7f-0d3c-46e6-8855-53e750e2177a","2025-02-22 08:36:59","<1740209819104.890e8f7f-0d3c-46e6-8855-53e750e2177a@smtp.hubapi.com>","","","","","","","20185","AbBatch","","","","","","","","","","","","","",""
"selbst@coaching-winkler.de","6890244","348332491","","Wir schenken Ihnen drei Monate ProvenExpert ","""Denise von ProvenExpert"" <denise@provenexpert.com>","[support@provenexpert.com]","[]","[]","2025-02-22 08:35:42","d0e97fe6-5b5d-46ac-8c1c-c9adbd0043cd","SENT","d0e97fe6-5b5d-46ac-8c1c-c9adbd0043cd","2025-02-22 08:35:42","<1740209742651.d0e97fe6-5b5d-46ac-8c1c-c9adbd0043cd@smtp.hubapi.com>","","","","","","","20185","AbBatch","","","","","","","","","","","","","",""
"selbst@coaching-winkler.de","6890244","348332491","","Wir schenken Ihnen drei Monate ProvenExpert ","""Denise von ProvenExpert"" <denise@provenexpert.com>","[support@provenexpert.com]","[]","[]","2025-02-22 08:35:42","d0e97fe6-5b5d-46ac-8c1c-c9adbd0043cd","DELIVERED","3ffdbc84-55a1-3495-abbc-7695a2cc63db","2025-02-22 08:35:44","<1740209742651.d0e97fe6-5b5d-46ac-8c1c-c9adbd0043cd@smtp.hubapi.com>","","","","","","","20185","AbBatch","","","","","","","","","","","","","",""
"arohde60@gmail.com","6890244","348332492","","299 € sparen und alle Vorteile für mehr Monate genießen!","""Denise von ProvenExpert"" <denise@provenexpert.com>","[support@provenexpert.com]","[]","[]","2025-02-22 08:36:59","cb7dde32-eb27-43a1-84d1-e4e3429df00a","SENT","cb7dde32-eb27-43a1-84d1-e4e3429df00a","2025-02-22 08:36:59","<1740209819412.cb7dde32-eb27-43a1-84d1-e4e3429df00a@smtp.hubapi.com>","","","","","","","20185","AbBatch","","","","","","","","","","","","","",""
"arohde60@gmail.com","6890244","348332492","","299 € sparen und alle Vorteile für mehr Monate genießen!","""Denise von ProvenExpert"" <denise@provenexpert.com>","[support@provenexpert.com]","[]","[]","2025-02-22 08:36:59","cb7dde32-eb27-43a1-84d1-e4e3429df00a","DELIVERED","a69d6cb2-4c57-3fa1-86c9-4ca1204ffb07","2025-02-22 08:37:00","<1740209819412.cb7dde32-eb27-43a1-84d1-e4e3429df00a@smtp.hubapi.com>","","","","","","","20185","AbBatch","","","","","","","","","","","","","",""
"kontakt@thekla.de","6890244","348332492","","299 € sparen und alle Vorteile für mehr Monate genießen!","""Denise von ProvenExpert"" <denise@provenexpert.com>","[support@provenexpert.com]","[]","[]","2025-02-22 08:37:01","8f1dce1c-7ad8-4c8b-b3c0-580f4152d3b6","DELIVERED","4ddd8126-2c28-30a5-bc23-06f94f0885ea","2025-02-22 08:37:04","<1740209821902.8f1dce1c-7ad8-4c8b-b3c0-580f4152d3b6@smtp.hubapi.com>","","","","","","","20185","AbBatch","","","","","","","","","","","","","",""
"kontakt@thekla.de","6890244","348332492","","299 € sparen und alle Vorteile für mehr Monate genießen!","""Denise von ProvenExpert"" <denise@provenexpert.com>","[support@provenexpert.com]","[]","[]","2025-02-22 08:37:01","8f1dce1c-7ad8-4c8b-b3c0-580f4152d3b6","SENT","8f1dce1c-7ad8-4c8b-b3c0-580f4152d3b6","2025-02-22 08:37:01","<1740209821902.8f1dce1c-7ad8-4c8b-b3c0-580f4152d3b6@smtp.hubapi.com>","","","","","","","20185","AbBatch","","","","","","","","","","","","","",""
"info@vkdn.de","6890244","348332491","","Wir schenken Ihnen drei Monate ProvenExpert ","""Denise von ProvenExpert"" <denise@provenexpert.com>","[support@provenexpert.com]","[]","[]","2025-02-22 08:35:41","28c90489-e8fe-41ba-8f32-c88cfce9bbf6","SENT","28c90489-e8fe-41ba-8f32-c88cfce9bbf6","2025-02-22 08:35:41","<1740209741859.28c90489-e8fe-41ba-8f32-c88cfce9bbf6@smtp.hubapi.com>","","","","","","","20185","AbBatch","","","","","","","","","","","","","",""
"info@vkdn.de","6890244","348332491","","Wir schenken Ihnen drei Monate ProvenExpert ","""Denise von ProvenExpert"" <denise@provenexpert.com>","[support@provenexpert.com]","[]","[]","2025-02-22 08:35:41","28c90489-e8fe-41ba-8f32-c88cfce9bbf6","DELIVERED","bdf97cd9-b96f-344d-af18-dcca70e6ad3a","2025-02-22 08:35:43","<1740209741859.28c90489-e8fe-41ba-8f32-c88cfce9bbf6@smtp.hubapi.com>","","","","","","","20185","AbBatch","","","","","","","","","","","","","",""
"michael.mueller@baufi-vision.de","6890244","348332492","","299 € sparen und alle Vorteile für mehr Monate genießen!","""Denise von ProvenExpert"" <denise@provenexpert.com>","[support@provenexpert.com]","[]","[]","2025-02-22 08:36:58","275a71a7-efaa-4172-9e35-80fe6031c055","SENT","275a71a7-efaa-4172-9e35-80fe6031c055","2025-02-22 08:36:58","<1740209818355.275a71a7-efaa-4172-9e35-80fe6031c055@smtp.hubapi.com>","","","","","","","20185","AbBatch","","","","","","","","","","","","","",""
"michael.mueller@baufi-vision.de","6890244","348332492","","299 € sparen und alle Vorteile für mehr Monate genießen!","""Denise von ProvenExpert"" <denise@provenexpert.com>","[support@provenexpert.com]","[]","[]","2025-02-22 08:36:58","275a71a7-efaa-4172-9e35-80fe6031c055","DELIVERED","fa7fb45f-e287-3bca-80dc-566bb8418c60","2025-02-22 08:37:01","<1740209818355.275a71a7-efaa-4172-9e35-80fe6031c055@smtp.hubapi.com>","","","","","","","20185","AbBatch","","","","","","","","","","","","","",""
"bikebatteryde@gmail.com","6890244","348332491","","Wir schenken Ihnen drei Monate ProvenExpert ","""Denise von ProvenExpert"" <denise@provenexpert.com>","[support@provenexpert.com]","[]","[]","2025-02-22 08:36:58","6a06f42b-eb61-4d9d-aebb-0930c493b37c","OPEN","423e3cfe-d886-3fdf-b34d-28ce9a317367","2025-02-22 08:48:42","<1740209818811.6a06f42b-eb61-4d9d-aebb-0930c493b37c@smtp.hubapi.com>","","","","","","","20185","AbBatch","Mozilla/5.0 (Windows NT 5.1; rv:11.0) Gecko Firefox/11.0 (via ggpht.com GoogleImageProxy)","Unknown","Unknown","Unknown","","","","0","","","","","",""
"bikebatteryde@gmail.com","6890244","348332491","","Wir schenken Ihnen drei Monate ProvenExpert ","""Denise von ProvenExpert"" <denise@provenexpert.com>","[support@provenexpert.com]","[]","[]","2025-02-22 08:36:58","6a06f42b-eb61-4d9d-aebb-0930c493b37c","DELIVERED","c26728f6-06b6-33c9-8e21-ceb22b4dddbc","2025-02-22 08:36:59","<1740209818811.6a06f42b-eb61-4d9d-aebb-0930c493b37c@smtp.hubapi.com>","","","","","","","20185","AbBatch","","","","","","","","","","","","","",""
"bikebatteryde@gmail.com","6890244","348332491","","Wir schenken Ihnen drei Monate ProvenExpert ","""Denise von ProvenExpert"" <denise@provenexpert.com>","[support@provenexpert.com]","[]","[]","2025-02-22 08:36:58","6a06f42b-eb61-4d9d-aebb-0930c493b37c","SENT","6a06f42b-eb61-4d9d-aebb-0930c493b37c","2025-02-22 08:36:58","<1740209818811.6a06f42b-eb61-4d9d-aebb-0930c493b37c@smtp.hubapi.com>","","","","","","","20185","AbBatch","","","","","","","","","","","","","",""
"bikebatteryde@gmail.com","6890244","348332491","","Wir schenken Ihnen drei Monate ProvenExpert ","""Denise von ProvenExpert"" <denise@provenexpert.com>","[support@provenexpert.com]","[]","[]","2025-02-22 08:36:58","6a06f42b-eb61-4d9d-aebb-0930c493b37c","OPEN","b0f6b6d7-acea-3365-95cf-3064da90c0f3","2025-02-24 06:43:42","<1740209818811.6a06f42b-eb61-4d9d-aebb-0930c493b37c@smtp.hubapi.com>","","","","","","","20185","AbBatch","Mozilla/5.0 (Windows NT 5.1; rv:11.0) Gecko Firefox/11.0 (via ggpht.com GoogleImageProxy)","Unknown","Unknown","Unknown","","","","0","","","","","",""
"anjalaub82@googlemail.com","6890244","348332491","","Wir schenken Ihnen drei Monate ProvenExpert ","""Denise von ProvenExpert"" <denise@provenexpert.com>","[support@provenexpert.com]","[]","[]","2025-02-22 08:36:59","8c65dea3-32c2-458d-b2b2-31d0d2521256","DELIVERED","b8eebc12-a423-35b9-b173-561d99a9173c","2025-02-22 08:37:00","<1740209819121.8c65dea3-32c2-458d-b2b2-31d0d2521256@smtp.hubapi.com>","","","","","","","20185","AbBatch","","","","","","","","","","","","","",""
"anjalaub82@googlemail.com","6890244","348332491","","Wir schenken Ihnen drei Monate ProvenExpert ","""Denise von ProvenExpert"" <denise@provenexpert.com>","[support@provenexpert.com]","[]","[]","2025-02-22 08:36:59","8c65dea3-32c2-458d-b2b2-31d0d2521256","SENT","8c65dea3-32c2-458d-b2b2-31d0d2521256","2025-02-22 08:36:59","<1740209819121.8c65dea3-32c2-458d-b2b2-31d0d2521256@smtp.hubapi.com>","","","","","","","20185","AbBatch","","","","","","","","","","","","","",""
"stefanie.hess@soham-beratung.de","6890244","348332492","","299 € sparen und alle Vorteile für mehr Monate genießen!","""Denise von ProvenExpert"" <denise@provenexpert.com>","[support@provenexpert.com]","[]","[]","2025-02-22 08:37:02","8a562ca6-89f0-4b5d-98d8-a57d0199fc4c","SENT","8a562ca6-89f0-4b5d-98d8-a57d0199fc4c","2025-02-22 08:37:02","<1740209822218.8a562ca6-89f0-4b5d-98d8-a57d0199fc4c@smtp.hubapi.com>","","","","","","","20185","AbBatch","","","","","","","","","","","","","",""
"stefanie.hess@soham-beratung.de","6890244","348332492","","299 € sparen und alle Vorteile für mehr Monate genießen!","""Denise von ProvenExpert"" <denise@provenexpert.com>","[support@provenexpert.com]","[]","[]","2025-02-22 08:37:02","8a562ca6-89f0-4b5d-98d8-a57d0199fc4c","OPEN","85eab8c9-5c88-316b-893a-482e9b04a291","2025-02-22 10:17:36","<1740209822218.8a562ca6-89f0-4b5d-98d8-a57d0199fc4c@smtp.hubapi.com>","","","","","","","20185","AbBatch","Mozilla/5.0 (Windows NT 5.1; rv:11.0) Gecko Firefox/11.0 (via ggpht.com GoogleImageProxy)","Unknown","Unknown","Unknown","","","","0","","","","","",""
"stefanie.hess@soham-beratung.de","6890244","348332492","","299 € sparen und alle Vorteile für mehr Monate genießen!","""Denise von ProvenExpert"" <denise@provenexpert.com>","[support@provenexpert.com]","[]","[]","2025-02-22 08:37:02","8a562ca6-89f0-4b5d-98d8-a57d0199fc4c","DELIVERED","ffa5453d-5329-300f-8043-f485947fd7fc","2025-02-22 08:37:03","<1740209822218.8a562ca6-89f0-4b5d-98d8-a57d0199fc4c@smtp.hubapi.com>","","","","","","","20185","AbBatch","","","","","","","","","","","","","",""
"stefanie.hess@soham-beratung.de","6890244","348332492","","299 € sparen und alle Vorteile für mehr Monate genießen!","""Denise von ProvenExpert"" <denise@provenexpert.com>","[support@provenexpert.com]","[]","[]","2025-02-22 08:37:02","8a562ca6-89f0-4b5d-98d8-a57d0199fc4c","OPEN","ff76666d-9fff-3426-bb99-913c1bbf4bdf","2025-02-22 08:37:14","<1740209822218.8a562ca6-89f0-4b5d-98d8-a57d0199fc4c@smtp.hubapi.com>","","","","","","","20185","AbBatch","Mozilla/5.0 (Windows NT 5.1; rv:11.0) Gecko Firefox/11.0 (via ggpht.com GoogleImageProxy)","Unknown","Unknown","Unknown","","","","0","","","","","",""
"info@versicherungsmakler-boeckl.de","6890244","348332491","","Wir schenken Ihnen drei Monate ProvenExpert ","""Denise von ProvenExpert"" <denise@provenexpert.com>","[support@provenexpert.com]","[]","[]","2025-02-22 08:35:42","e5954808-372f-4371-a440-be11175081ed","SENT","e5954808-372f-4371-a440-be11175081ed","2025-02-22 08:35:42","<1740209742511.e5954808-372f-4371-a440-be11175081ed@smtp.hubapi.com>","","","","","","","20185","AbBatch","","","","","","","","","","","","","",""
"info@versicherungsmakler-boeckl.de","6890244","348332491","","Wir schenken Ihnen drei Monate ProvenExpert ","""Denise von ProvenExpert"" <denise@provenexpert.com>","[support@provenexpert.com]","[]","[]","2025-02-22 08:35:42","e5954808-372f-4371-a440-be11175081ed","DELIVERED","19a0fa41-772b-3143-a476-f4f28bbf9ec1","2025-02-22 08:35:44","<1740209742511.e5954808-372f-4371-a440-be11175081ed@smtp.hubapi.com>","","","","","","","20185","AbBatch","","","","","","","","","","","","","",""
"info@accept-reisen.de","6890244","348332492","","299 € sparen und alle Vorteile für mehr Monate genießen!","""Denise von ProvenExpert"" <denise@provenexpert.com>","[support@provenexpert.com]","[]","[]","2025-02-22 08:37:00","0c8b6382-5f1d-4325-9ee0-5774122d0a2e","DELIVERED","595949b0-07f3-3235-bbc7-631041276796","2025-02-22 08:37:02","<1740209820960.0c8b6382-5f1d-4325-9ee0-5774122d0a2e@smtp.hubapi.com>","","","","","","","20185","AbBatch","","","","","","","","","","","","","",""
"info@accept-reisen.de","6890244","348332492","","299 € sparen und alle Vorteile für mehr Monate genießen!","""Denise von ProvenExpert"" <denise@provenexpert.com>","[support@provenexpert.com]","[]","[]","2025-02-22 08:37:00","0c8b6382-5f1d-4325-9ee0-5774122d0a2e","SENT","0c8b6382-5f1d-4325-9ee0-5774122d0a2e","2025-02-22 08:37:00","<1740209820960.0c8b6382-5f1d-4325-9ee0-5774122d0a2e@smtp.hubapi.com>","","","","","","","20185","AbBatch","","","","","","","","","","","","","",""
"info@rominaschuck.de","6890244","348332491","","Wir schenken Ihnen drei Monate ProvenExpert ","""Denise von ProvenExpert"" <denise@provenexpert.com>","[support@provenexpert.com]","[]","[]","2025-02-22 08:36:59","aad49439-ea33-4661-bb59-2092b2125b0f","DELIVERED","ea26b7ae-e98c-39fd-ba8d-f01ded0cf675","2025-02-22 08:37:02","<1740209819666.aad49439-ea33-4661-bb59-2092b2125b0f@smtp.hubapi.com>","","","","","","","20185","AbBatch","","","","","","","","","","","","","",""
"info@rominaschuck.de","6890244","348332491","","Wir schenken Ihnen drei Monate ProvenExpert ","""Denise von ProvenExpert"" <denise@provenexpert.com>","[support@provenexpert.com]","[]","[]","2025-02-22 08:36:59","aad49439-ea33-4661-bb59-2092b2125b0f","SENT","aad49439-ea33-4661-bb59-2092b2125b0f","2025-02-22 08:36:59","<1740209819666.aad49439-ea33-4661-bb59-2092b2125b0f@smtp.hubapi.com>","","","","","","","20185","AbBatch","","","","","","","","","","","","","",""
"office@r-solutions.co.at","6890244","348332491","","Wir schenken Ihnen drei Monate ProvenExpert ","""Denise von ProvenExpert"" <denise@provenexpert.com>","[support@provenexpert.com]","[]","[]","2025-02-22 08:36:57","373ecf4c-a135-4b8e-893c-c74cf22ad7c1","DELIVERED","626a1170-5491-37fe-968c-2f036b1d8f56","2025-02-22 08:36:59","<1740209817968.373ecf4c-a135-4b8e-893c-c74cf22ad7c1@smtp.hubapi.com>","","","","","","","20185","AbBatch","","","","","","","","","","","","","",""
"office@r-solutions.co.at","6890244","348332491","","Wir schenken Ihnen drei Monate ProvenExpert ","""Denise von ProvenExpert"" <denise@provenexpert.com>","[support@provenexpert.com]","[]","[]","2025-02-22 08:36:57","373ecf4c-a135-4b8e-893c-c74cf22ad7c1","SENT","373ecf4c-a135-4b8e-893c-c74cf22ad7c1","2025-02-22 08:36:57","<1740209817968.373ecf4c-a135-4b8e-893c-c74cf22ad7c1@smtp.hubapi.com>","","","","","","","20185","AbBatch","","","","","","","","","","","","","",""
"mail@jh-mentalgesund.de","6890244","348332491","","Wir schenken Ihnen drei Monate ProvenExpert ","""Denise von ProvenExpert"" <denise@provenexpert.com>","[support@provenexpert.com]","[]","[]","2025-02-22 08:37:01","d89802d7-d80a-4469-815a-c86f8e222c68","DELIVERED","fb347996-458c-3059-9bec-a3e0ed32fad6","2025-02-22 08:37:02","<1740209821074.d89802d7-d80a-4469-815a-c86f8e222c68@smtp.hubapi.com>","","","","","","","20185","AbBatch","","","","","","","","","","","","","",""
"mail@jh-mentalgesund.de","6890244","348332491","","Wir schenken Ihnen drei Monate ProvenExpert ","""Denise von ProvenExpert"" <denise@provenexpert.com>","[support@provenexpert.com]","[]","[]","2025-02-22 08:37:01","d89802d7-d80a-4469-815a-c86f8e222c68","SENT","d89802d7-d80a-4469-815a-c86f8e222c68","2025-02-22 08:37:01","<1740209821074.d89802d7-d80a-4469-815a-c86f8e222c68@smtp.hubapi.com>","","","","","","","20185","AbBatch","","","","","","","","","","","","","",""
"debby@bildungsbusiness.de","6890244","348332491","","Wir schenken Ihnen drei Monate ProvenExpert ","""Denise von ProvenExpert"" <denise@provenexpert.com>","[support@provenexpert.com]","[]","[]","2025-02-22 08:37:00","ce73cdab-c209-4f4c-a453-faed6cc6bad3","SENT","ce73cdab-c209-4f4c-a453-faed6cc6bad3","2025-02-22 08:37:00","<1740209820123.ce73cdab-c209-4f4c-a453-faed6cc6bad3@smtp.hubapi.com>","","","","","","","20185","AbBatch","","","","","","","","","","","","","",""
"debby@bildungsbusiness.de","6890244","348332491","","Wir schenken Ihnen drei Monate ProvenExpert ","""Denise von ProvenExpert"" <denise@provenexpert.com>","[support@provenexpert.com]","[]","[]","2025-02-22 08:37:00","ce73cdab-c209-4f4c-a453-faed6cc6bad3","DELIVERED","00cd06c9-0dd4-3962-8d37-44b5d8622a16","2025-02-22 08:37:01","<1740209820123.ce73cdab-c209-4f4c-a453-faed6cc6bad3@smtp.hubapi.com>","","","","","","","20185","AbBatch","","","","","","","","","","","","","",""
"mail@beatricezahn.de","6890244","348332492","","299 € sparen und alle Vorteile für mehr Monate genießen!","""Denise von ProvenExpert"" <denise@provenexpert.com>","[support@provenexpert.com]","[]","[]","2025-02-22 08:36:59","c397ad1a-1d9b-4aa9-900c-f29ec36e0352","SENT","c397ad1a-1d9b-4aa9-900c-f29ec36e0352","2025-02-22 08:36:59","<1740209819572.c397ad1a-1d9b-4aa9-900c-f29ec36e0352@smtp.hubapi.com>","","","","","","","20185","AbBatch","","","","","","","","","","","","","",""
"mail@beatricezahn.de","6890244","348332492","","299 € sparen und alle Vorteile für mehr Monate genießen!","""Denise von ProvenExpert"" <denise@provenexpert.com>","[support@provenexpert.com]","[]","[]","2025-02-22 08:36:59","c397ad1a-1d9b-4aa9-900c-f29ec36e0352","DELIVERED","a5a3f35b-e6f3-3e5c-ace8-92591e5be7b4","2025-02-22 08:37:01","<1740209819572.c397ad1a-1d9b-4aa9-900c-f29ec36e0352@smtp.hubapi.com>","","","","","","","20185","AbBatch","","","","","","","","","","","","","",""
"info@hypnosepraxis-niederrhein.de","6890244","348332492","","299 € sparen und alle Vorteile für mehr Monate genießen!","""Denise von ProvenExpert"" <denise@provenexpert.com>","[support@provenexpert.com]","[]","[]","2025-02-22 08:37:00","188ebe7b-4f1a-4ca0-a037-2d2febb87c0c","DELIVERED","9efbc430-8d26-3f27-b020-66a52be068b9","2025-02-22 08:37:02","<1740209820285.188ebe7b-4f1a-4ca0-a037-2d2febb87c0c@smtp.hubapi.com>","","","","","","","20185","AbBatch","","","","","","","","","","","","","",""
"kontakt@nadine-stockmann.de","6890244","348332492","","299 € sparen und alle Vorteile für mehr Monate genießen!","""Denise von ProvenExpert"" <denise@provenexpert.com>","[support@provenexpert.com]","[]","[]","2025-02-22 08:36:58","42f31f0b-0165-43f6-a010-5f92743ec0ec","DROPPED","42f31f0b-0165-43f6-a010-5f92743ec0ec","2025-02-22 08:36:58","<1740209818503.42f31f0b-0165-43f6-a010-5f92743ec0ec@smtp.hubapi.com>","","","68a65b31-9cfe-3798-bf1b-af15808cb179","2021-06-09 16:14:55","PREVIOUSLY_BOUNCED","Recipient has previously bounced.","20185","AbBatch","","","","","","","","","550","550-Requested action not taken: mailbox unavailable 550 invalid DNS MX or A/AAAA resource record","550-Requested action not taken: mailbox unavailable 550 invalid DNS MX or A/AAAA resource record","","",""
"info@hypnosepraxis-niederrhein.de","6890244","348332492","","299 € sparen und alle Vorteile für mehr Monate genießen!","""Denise von ProvenExpert"" <denise@provenexpert.com>","[support@provenexpert.com]","[]","[]","2025-02-22 08:37:00","188ebe7b-4f1a-4ca0-a037-2d2febb87c0c","SENT","188ebe7b-4f1a-4ca0-a037-2d2febb87c0c","2025-02-22 08:37:00","<1740209820285.188ebe7b-4f1a-4ca0-a037-2d2febb87c0c@smtp.hubapi.com>","","","","","","","20185","AbBatch","","","","","","","","","","","","","",""
"sohrab.sayahi@ergo.de","6890244","348332491","","Wir schenken Ihnen drei Monate ProvenExpert ","""Denise von ProvenExpert"" <denise@provenexpert.com>","[support@provenexpert.com]","[]","[]","2025-02-22 08:36:57","46b34733-cb17-40cb-a929-063caf46d5ad","DELIVERED","05793703-f03e-3177-bea3-196b7f97f792","2025-02-22 08:37:04","<1740209817744.46b34733-cb17-40cb-a929-063caf46d5ad@smtp.hubapi.com>","","","","","","","20185","AbBatch","","","","","","","","","","","","","",""
"sohrab.sayahi@ergo.de","6890244","348332491","","Wir schenken Ihnen drei Monate ProvenExpert ","""Denise von ProvenExpert"" <denise@provenexpert.com>","[support@provenexpert.com]","[]","[]","2025-02-22 08:36:57","46b34733-cb17-40cb-a929-063caf46d5ad","SENT","46b34733-cb17-40cb-a929-063caf46d5ad","2025-02-22 08:36:57","<1740209817744.46b34733-cb17-40cb-a929-063caf46d5ad@smtp.hubapi.com>","","","","","","","20185","AbBatch","","","","","","","","","","","","","",""
"info@wi-maurer.de","6890244","348332492","","299 € sparen und alle Vorteile für mehr Monate genießen!","""Denise von ProvenExpert"" <denise@provenexpert.com>","[support@provenexpert.com]","[]","[]","2025-02-22 08:37:02","aba52ccd-e14c-4f5a-a227-a5a57403d972","DELIVERED","2de94e94-66a3-3ac0-8c1e-5c86b1e39362","2025-02-22 08:37:05","<1740209822239.aba52ccd-e14c-4f5a-a227-a5a57403d972@smtp.hubapi.com>","","","","","","","20185","AbBatch","","","","","","","","","","","","","",""
"info@wi-maurer.de","6890244","348332492","","299 € sparen und alle Vorteile für mehr Monate genießen!","""Denise von ProvenExpert"" <denise@provenexpert.com>","[support@provenexpert.com]","[]","[]","2025-02-22 08:37:02","aba52ccd-e14c-4f5a-a227-a5a57403d972","SENT","aba52ccd-e14c-4f5a-a227-a5a57403d972","2025-02-22 08:37:02","<1740209822239.aba52ccd-e14c-4f5a-a227-a5a57403d972@smtp.hubapi.com>","","","","","","","20185","AbBatch","","","","","","","","","","","","","",""
"kontakt@dersichtwechsel.de","6890244","348332491","","Wir schenken Ihnen drei Monate ProvenExpert ","""Denise von ProvenExpert"" <denise@provenexpert.com>","[support@provenexpert.com]","[]","[]","2025-02-22 08:35:42","6e66fc9f-bf96-4c21-8008-c424e8bf0110","SENT","6e66fc9f-bf96-4c21-8008-c424e8bf0110","2025-02-22 08:35:42","<1740209742456.6e66fc9f-bf96-4c21-8008-c424e8bf0110@smtp.hubapi.com>","","","","","","","20185","AbBatch","","","","","","","","","","","","","",""
"kontakt@dersichtwechsel.de","6890244","348332491","","Wir schenken Ihnen drei Monate ProvenExpert ","""Denise von ProvenExpert"" <denise@provenexpert.com>","[support@provenexpert.com]","[]","[]","2025-02-22 08:35:42","6e66fc9f-bf96-4c21-8008-c424e8bf0110","DELIVERED","6d6e58e4-c417-3e99-881d-a275aecc8123","2025-02-22 08:35:45","<1740209742456.6e66fc9f-bf96-4c21-8008-c424e8bf0110@smtp.hubapi.com>","","","","","","","20185","AbBatch","","","","","","","","","","","","","",""
"kontakt@caren-christians.de","6890244","348332491","","Wir schenken Ihnen drei Monate ProvenExpert ","""Denise von ProvenExpert"" <denise@provenexpert.com>","[support@provenexpert.com]","[]","[]","2025-02-22 08:36:57","49c202c7-1712-49b4-a424-7ad932b8fa8d","SENT","49c202c7-1712-49b4-a424-7ad932b8fa8d","2025-02-22 08:36:57","<1740209817676.49c202c7-1712-49b4-a424-7ad932b8fa8d@smtp.hubapi.com>","","","","","","","20185","AbBatch","","","","","","","","","","","","","",""
"kontakt@caren-christians.de","6890244","348332491","","Wir schenken Ihnen drei Monate ProvenExpert ","""Denise von ProvenExpert"" <denise@provenexpert.com>","[support@provenexpert.com]","[]","[]","2025-02-22 08:36:57","49c202c7-1712-49b4-a424-7ad932b8fa8d","DELIVERED","75f172c2-6e0f-3919-915e-95ce54cdf6d5","2025-02-22 08:36:59","<1740209817676.49c202c7-1712-49b4-a424-7ad932b8fa8d@smtp.hubapi.com>","","","","","","","20185","AbBatch","","","","","","","","","","","","","",""
"info@m-d-immobilien.de","6890244","348332491","","Wir schenken Ihnen drei Monate ProvenExpert ","""Denise von ProvenExpert"" <denise@provenexpert.com>","[support@provenexpert.com]","[]","[]","2025-02-22 08:36:58","71aaa0d0-22b4-4c89-8ae7-8d0954522583","DELIVERED","2af08834-7c27-33ed-bd87-786600e115ac","2025-02-22 08:37:01","<1740209818967.71aaa0d0-22b4-4c89-8ae7-8d0954522583@smtp.hubapi.com>","","","","","","","20185","AbBatch","","","","","","","","","","","","","",""
"info@m-d-immobilien.de","6890244","348332491","","Wir schenken Ihnen drei Monate ProvenExpert ","""Denise von ProvenExpert"" <denise@provenexpert.com>","[support@provenexpert.com]","[]","[]","2025-02-22 08:36:58","71aaa0d0-22b4-4c89-8ae7-8d0954522583","SENT","71aaa0d0-22b4-4c89-8ae7-8d0954522583","2025-02-22 08:36:58","<1740209818967.71aaa0d0-22b4-4c89-8ae7-8d0954522583@smtp.hubapi.com>","","","","","","","20185","AbBatch","","","","","","","","","","","","","",""
"ioannes@live.de","6890244","348332491","","Wir schenken Ihnen drei Monate ProvenExpert ","""Denise von ProvenExpert"" <denise@provenexpert.com>","[support@provenexpert.com]","[]","[]","2025-02-22 08:36:59","e4c41cc6-5611-42b8-92be-0e894c9ee3c1","SENT","e4c41cc6-5611-42b8-92be-0e894c9ee3c1","2025-02-22 08:36:59","<1740209819011.e4c41cc6-5611-42b8-92be-0e894c9ee3c1@smtp.hubapi.com>","","","","","","","20185","AbBatch","","","","","","","","","","","","","",""
"ioannes@live.de","6890244","348332491","","Wir schenken Ihnen drei Monate ProvenExpert ","""Denise von ProvenExpert"" <denise@provenexpert.com>","[support@provenexpert.com]","[]","[]","2025-02-22 08:36:59","e4c41cc6-5611-42b8-92be-0e894c9ee3c1","DELIVERED","68ab9a8a-c1c9-3433-a581-48e894791077","2025-02-22 08:37:01","<1740209819011.e4c41cc6-5611-42b8-92be-0e894c9ee3c1@smtp.hubapi.com>","","","","","","","20185","AbBatch","","","","","","","","","","","","","",""
"ck@movesoft.eu","6890244","348332491","","Wir schenken Ihnen drei Monate ProvenExpert ","""Denise von ProvenExpert"" <denise@provenexpert.com>","[support@provenexpert.com]","[]","[]","2025-02-22 08:35:42","f1b9dfc2-4bfd-497d-bd0d-8212d8ef8aab","SENT","f1b9dfc2-4bfd-497d-bd0d-8212d8ef8aab","2025-02-22 08:35:42","<1740209742632.f1b9dfc2-4bfd-497d-bd0d-8212d8ef8aab@smtp.hubapi.com>","","","","","","","20185","AbBatch","","","","","","","","","","","","","",""
"ck@movesoft.eu","6890244","348332491","","Wir schenken Ihnen drei Monate ProvenExpert ","""Denise von ProvenExpert"" <denise@provenexpert.com>","[support@provenexpert.com]","[]","[]","2025-02-22 08:35:42","f1b9dfc2-4bfd-497d-bd0d-8212d8ef8aab","OPEN","485629d0-b23f-3159-b67b-df8ecc2e82f5","2025-02-22 10:23:38","<1740209742632.f1b9dfc2-4bfd-497d-bd0d-8212d8ef8aab@smtp.hubapi.com>","","","","","","","20185","AbBatch","Mozilla/5.0 (iPhone; CPU iPhone OS 18_3_1 like Mac OS X) AppleWebKit/605.1.15 (KHTML, like Gecko) Mobile/15E148","dortmund","nordrhein-westfalen","GERMANY","","","","12628","","","","","",""
"ck@movesoft.eu","6890244","348332491","","Wir schenken Ihnen drei Monate ProvenExpert ","""Denise von ProvenExpert"" <denise@provenexpert.com>","[support@provenexpert.com]","[]","[]","2025-02-22 08:35:42","f1b9dfc2-4bfd-497d-bd0d-8212d8ef8aab","DELIVERED","504a1ebf-7207-30d1-b57d-ce81205503fb","2025-02-22 08:35:44","<1740209742632.f1b9dfc2-4bfd-497d-bd0d-8212d8ef8aab@smtp.hubapi.com>","","","","","","","20185","AbBatch","","","","","","","","","","","","","",""
"ck@movesoft.eu","6890244","348332491","","Wir schenken Ihnen drei Monate ProvenExpert ","""Denise von ProvenExpert"" <denise@provenexpert.com>","[support@provenexpert.com]","[]","[]","2025-02-22 08:35:42","f1b9dfc2-4bfd-497d-bd0d-8212d8ef8aab","OPEN","4cca927a-e91a-3edd-9fec-ddeeb737466a","2025-02-22 10:23:38","<1740209742632.f1b9dfc2-4bfd-497d-bd0d-8212d8ef8aab@smtp.hubapi.com>","","","","","","","20185","AbBatch","Mozilla/5.0 (iPhone; CPU iPhone OS 18_3_1 like Mac OS X) AppleWebKit/605.1.15 (KHTML, like Gecko) Mobile/15E148","dortmund","nordrhein-westfalen","GERMANY","","","","12754","","","","","",""
"jasmine.holzmann@web.de","6890244","348332492","","299 € sparen und alle Vorteile für mehr Monate genießen!","""Denise von ProvenExpert"" <denise@provenexpert.com>","[support@provenexpert.com]","[]","[]","2025-02-22 08:37:01","29b702ed-8f3f-4d0f-9654-666a2b1485a1","SENT","29b702ed-8f3f-4d0f-9654-666a2b1485a1","2025-02-22 08:37:01","<1740209821058.29b702ed-8f3f-4d0f-9654-666a2b1485a1@smtp.hubapi.com>","","","","","","","20185","AbBatch","","","","","","","","","","","","","",""
"jasmine.holzmann@web.de","6890244","348332492","","299 € sparen und alle Vorteile für mehr Monate genießen!","""Denise von ProvenExpert"" <denise@provenexpert.com>","[support@provenexpert.com]","[]","[]","2025-02-22 08:37:01","29b702ed-8f3f-4d0f-9654-666a2b1485a1","DELIVERED","268f48aa-ff1a-37da-a43e-229dde4e82a4","2025-02-22 08:37:02","<1740209821058.29b702ed-8f3f-4d0f-9654-666a2b1485a1@smtp.hubapi.com>","","","","","","","20185","AbBatch","","","","","","","","","","","","","",""
"info@vendito24.de","6890244","348332491","","Wir schenken Ihnen drei Monate ProvenExpert ","""Denise von ProvenExpert"" <denise@provenexpert.com>","[support@provenexpert.com]","[]","[]","2025-02-22 08:36:58","40c166c3-f959-4c29-bf70-f23fc781320e","OPEN","b2e9e879-b4f6-3616-a492-f1d0a105a348","2025-02-23 11:27:33","<1740209818103.40c166c3-f959-4c29-bf70-f23fc781320e@smtp.hubapi.com>","","","","","","","20185","AbBatch","Mozilla/4.0 (compatible; ms-office; MSOffice 16)","dransfeld","niedersachsen","GERMANY","","","","0","","","","","",""
"info@vendito24.de","6890244","348332491","","Wir schenken Ihnen drei Monate ProvenExpert ","""Denise von ProvenExpert"" <denise@provenexpert.com>","[support@provenexpert.com]","[]","[]","2025-02-22 08:36:58","40c166c3-f959-4c29-bf70-f23fc781320e","SENT","40c166c3-f959-4c29-bf70-f23fc781320e","2025-02-22 08:36:58","<1740209818103.40c166c3-f959-4c29-bf70-f23fc781320e@smtp.hubapi.com>","","","","","","","20185","AbBatch","","","","","","","","","","","","","",""
"info@vendito24.de","6890244","348332491","","Wir schenken Ihnen drei Monate ProvenExpert ","""Denise von ProvenExpert"" <denise@provenexpert.com>","[support@provenexpert.com]","[]","[]","2025-02-22 08:36:58","40c166c3-f959-4c29-bf70-f23fc781320e","DELIVERED","268e9cd8-eef2-356d-8deb-f3100b67b0b7","2025-02-22 08:37:00","<1740209818103.40c166c3-f959-4c29-bf70-f23fc781320e@smtp.hubapi.com>","","","","","","","20185","AbBatch","","","","","","","","","","","","","",""
"tech@dhrg.de","6890244","348332492","","299 € sparen und alle Vorteile für mehr Monate genießen!","""Denise von ProvenExpert"" <denise@provenexpert.com>","[support@provenexpert.com]","[]","[]","2025-02-22 08:36:58","90368888-6f6d-4288-8726-13d232f1882c","SENT","90368888-6f6d-4288-8726-13d232f1882c","2025-02-22 08:36:58","<1740209818311.90368888-6f6d-4288-8726-13d232f1882c@smtp.hubapi.com>","","","","","","","20185","AbBatch","","","","","","","","","","","","","",""
"tech@dhrg.de","6890244","348332492","","299 € sparen und alle Vorteile für mehr Monate genießen!","""Denise von ProvenExpert"" <denise@provenexpert.com>","[support@provenexpert.com]","[]","[]","2025-02-22 08:36:58","90368888-6f6d-4288-8726-13d232f1882c","DELIVERED","f02687c5-2ea4-328a-8a76-001a69c70848","2025-02-22 08:37:01","<1740209818311.90368888-6f6d-4288-8726-13d232f1882c@smtp.hubapi.com>","","","","","","","20185","AbBatch","","","","","","","","","","","","","",""
"info@fear-angels.de","6890244","348332491","","Wir schenken Ihnen drei Monate ProvenExpert ","""Denise von ProvenExpert"" <denise@provenexpert.com>","[support@provenexpert.com]","[]","[]","2025-02-22 08:37:01","0aa8044a-8fa5-488d-b144-d0f47b7b8703","DELIVERED","8a4845a5-1f9c-342d-8655-9305aef8ccf0","2025-02-22 08:37:05","<1740209821637.0aa8044a-8fa5-488d-b144-d0f47b7b8703@smtp.hubapi.com>","","","","","","","20185","AbBatch","","","","","","","","","","","","","",""
"info@fear-angels.de","6890244","348332491","","Wir schenken Ihnen drei Monate ProvenExpert ","""Denise von ProvenExpert"" <denise@provenexpert.com>","[support@provenexpert.com]","[]","[]","2025-02-22 08:37:01","0aa8044a-8fa5-488d-b144-d0f47b7b8703","SENT","0aa8044a-8fa5-488d-b144-d0f47b7b8703","2025-02-22 08:37:01","<1740209821637.0aa8044a-8fa5-488d-b144-d0f47b7b8703@smtp.hubapi.com>","","","","","","","20185","AbBatch","","","","","","","","","","","","","",""
"admin@guardium.de","6890244","348332491","","Wir schenken Ihnen drei Monate ProvenExpert ","""Denise von ProvenExpert"" <denise@provenexpert.com>","[support@provenexpert.com]","[]","[]","2025-02-22 08:36:59","ef987191-2e82-4766-a905-811928398e04","DELIVERED","502bcaf6-20d4-3c0e-8ca1-bf6b05469fe1","2025-02-22 08:37:01","<1740209819392.ef987191-2e82-4766-a905-811928398e04@smtp.hubapi.com>","","","","","","","20185","AbBatch","","","","","","","","","","","","","",""
"admin@guardium.de","6890244","348332491","","Wir schenken Ihnen drei Monate ProvenExpert ","""Denise von ProvenExpert"" <denise@provenexpert.com>","[support@provenexpert.com]","[]","[]","2025-02-22 08:36:59","ef987191-2e82-4766-a905-811928398e04","SENT","ef987191-2e82-4766-a905-811928398e04","2025-02-22 08:36:59","<1740209819392.ef987191-2e82-4766-a905-811928398e04@smtp.hubapi.com>","","","","","","","20185","AbBatch","","","","","","","","","","","","","",""
"hallo@souveraenfuehren.de","6890244","348332491","","Wir schenken Ihnen drei Monate ProvenExpert ","""Denise von ProvenExpert"" <denise@provenexpert.com>","[support@provenexpert.com]","[]","[]","2025-02-22 08:37:00","8ec95962-3b84-4d9b-8dc4-2202713bbdae","SENT","8ec95962-3b84-4d9b-8dc4-2202713bbdae","2025-02-22 08:37:00","<1740209820615.8ec95962-3b84-4d9b-8dc4-2202713bbdae@smtp.hubapi.com>","","","","","","","20185","AbBatch","","","","","","","","","","","","","",""
"hallo@souveraenfuehren.de","6890244","348332491","","Wir schenken Ihnen drei Monate ProvenExpert ","""Denise von ProvenExpert"" <denise@provenexpert.com>","[support@provenexpert.com]","[]","[]","2025-02-22 08:37:00","8ec95962-3b84-4d9b-8dc4-2202713bbdae","DELIVERED","10c9ed94-c449-3856-a6e8-70ff8c489cee","2025-02-22 08:37:04","<1740209820615.8ec95962-3b84-4d9b-8dc4-2202713bbdae@smtp.hubapi.com>","","","","","","","20185","AbBatch","","","","","","","","","","","","","",""
"stephanbaensch@gmail.com","6890244","348332491","","Wir schenken Ihnen drei Monate ProvenExpert ","""Denise von ProvenExpert"" <denise@provenexpert.com>","[support@provenexpert.com]","[]","[]","2025-02-22 08:37:01","b322b751-cb8e-4948-a1b2-d0af1dffbd12","SENT","b322b751-cb8e-4948-a1b2-d0af1dffbd12","2025-02-22 08:37:01","<1740209821706.b322b751-cb8e-4948-a1b2-d0af1dffbd12@smtp.hubapi.com>","","","","","","","20185","AbBatch","","","","","","","","","","","","","",""
"stephanbaensch@gmail.com","6890244","348332491","","Wir schenken Ihnen drei Monate ProvenExpert ","""Denise von ProvenExpert"" <denise@provenexpert.com>","[support@provenexpert.com]","[]","[]","2025-02-22 08:37:01","b322b751-cb8e-4948-a1b2-d0af1dffbd12","DELIVERED","ba9fac1b-c804-3168-9ba7-9a6fa3f11934","2025-02-22 08:37:03","<1740209821706.b322b751-cb8e-4948-a1b2-d0af1dffbd12@smtp.hubapi.com>","","","","","","","20185","AbBatch","","","","","","","","","","","","","",""
"leonard.cavar@financia.de","6890244","348332492","","299 € sparen und alle Vorteile für mehr Monate genießen!","""Denise von ProvenExpert"" <denise@provenexpert.com>","[support@provenexpert.com]","[]","[]","2025-02-22 08:36:58","8c8b1583-56a8-4ab9-99df-2678c6bea137","SENT","8c8b1583-56a8-4ab9-99df-2678c6bea137","2025-02-22 08:36:58","<1740209818486.8c8b1583-56a8-4ab9-99df-2678c6bea137@smtp.hubapi.com>","","","","","","","20185","AbBatch","","","","","","","","","","","","","",""
"leonard.cavar@financia.de","6890244","348332492","","299 € sparen und alle Vorteile für mehr Monate genießen!","""Denise von ProvenExpert"" <denise@provenexpert.com>","[support@provenexpert.com]","[]","[]","2025-02-22 08:36:58","8c8b1583-56a8-4ab9-99df-2678c6bea137","DELIVERED","959b5a37-b83d-3c5d-9c80-1020e40c9887","2025-02-22 08:37:00","<1740209818486.8c8b1583-56a8-4ab9-99df-2678c6bea137@smtp.hubapi.com>","","","","","","","20185","AbBatch","","","","","","","","","","","","","",""
"info@erika-coaching.com","6890244","348332491","","Wir schenken Ihnen drei Monate ProvenExpert ","""Denise von ProvenExpert"" <denise@provenexpert.com>","[support@provenexpert.com]","[]","[]","2025-02-22 08:36:59","37e6c8d1-76a2-427e-9191-469535b71da8","DEFERRED","05b03061-271b-3640-b6e7-f2b7092c59e6","2025-02-22 08:37:03","<1740209819729.37e6c8d1-76a2-427e-9191-469535b71da8@smtp.hubapi.com>","","","","","","","20185","AbBatch","","","","","","","","","","","","","",""
"info@erika-coaching.com","6890244","348332491","","Wir schenken Ihnen drei Monate ProvenExpert ","""Denise von ProvenExpert"" <denise@provenexpert.com>","[support@provenexpert.com]","[]","[]","2025-02-22 08:36:59","37e6c8d1-76a2-427e-9191-469535b71da8","SENT","37e6c8d1-76a2-427e-9191-469535b71da8","2025-02-22 08:36:59","<1740209819729.37e6c8d1-76a2-427e-9191-469535b71da8@smtp.hubapi.com>","","","","","","","20185","AbBatch","","","","","","","","","","","","","",""
"info@erika-coaching.com","6890244","348332491","","Wir schenken Ihnen drei Monate ProvenExpert ","""Denise von ProvenExpert"" <denise@provenexpert.com>","[support@provenexpert.com]","[]","[]","2025-02-22 08:36:59","37e6c8d1-76a2-427e-9191-469535b71da8","DEFERRED","39f734fb-02ab-3d6c-aa51-1f72ded265ad","2025-02-22 08:39:47","<1740209819729.37e6c8d1-76a2-427e-9191-469535b71da8@smtp.hubapi.com>","","","","","","","20185","AbBatch","","","","","","","","","","","","","",""
"info@erika-coaching.com","6890244","348332491","","Wir schenken Ihnen drei Monate ProvenExpert ","""Denise von ProvenExpert"" <denise@provenexpert.com>","[support@provenexpert.com]","[]","[]","2025-02-22 08:36:59","37e6c8d1-76a2-427e-9191-469535b71da8","DELIVERED","ab9fef0e-ca9f-32b0-b772-9aaaa654ba5d","2025-02-22 09:00:16","<1740209819729.37e6c8d1-76a2-427e-9191-469535b71da8@smtp.hubapi.com>","","","","","","","20185","AbBatch","","","","","","","","","","","","","",""
"m.michalowski@astroreading.de","6890244","348332491","","Wir schenken Ihnen drei Monate ProvenExpert ","""Denise von ProvenExpert"" <denise@provenexpert.com>","[support@provenexpert.com]","[]","[]","2025-02-22 08:37:00","d531bef4-caf6-4109-8349-f64604cd52d3","SENT","d531bef4-caf6-4109-8349-f64604cd52d3","2025-02-22 08:37:00","<1740209820144.d531bef4-caf6-4109-8349-f64604cd52d3@smtp.hubapi.com>","","","","","","","20185","AbBatch","","","","","","","","","","","","","",""
"m.michalowski@astroreading.de","6890244","348332491","","Wir schenken Ihnen drei Monate ProvenExpert ","""Denise von ProvenExpert"" <denise@provenexpert.com>","[support@provenexpert.com]","[]","[]","2025-02-22 08:37:00","d531bef4-caf6-4109-8349-f64604cd52d3","DELIVERED","2ac77442-6e66-3231-bd6f-391c628bfb5d","2025-02-22 08:37:03","<1740209820144.d531bef4-caf6-4109-8349-f64604cd52d3@smtp.hubapi.com>","","","","","","","20185","AbBatch","","","","","","","","","","","","","",""
"info@kesari.de","6890244","348332492","","299 € sparen und alle Vorteile für mehr Monate genießen!","""Denise von ProvenExpert"" <denise@provenexpert.com>","[support@provenexpert.com]","[]","[]","2025-02-22 08:37:01","adcdb916-3cfb-4427-a86b-36725b28ffcf","DELIVERED","271e85ac-f6d7-3c42-b1ae-5ac76861c79b","2025-02-22 08:37:02","<1740209821330.adcdb916-3cfb-4427-a86b-36725b28ffcf@smtp.hubapi.com>","","","","","","","20185","AbBatch","","","","","","","","","","","","","",""
"info@kesari.de","6890244","348332492","","299 € sparen und alle Vorteile für mehr Monate genießen!","""Denise von ProvenExpert"" <denise@provenexpert.com>","[support@provenexpert.com]","[]","[]","2025-02-22 08:37:01","adcdb916-3cfb-4427-a86b-36725b28ffcf","SENT","adcdb916-3cfb-4427-a86b-36725b28ffcf","2025-02-22 08:37:01","<1740209821330.adcdb916-3cfb-4427-a86b-36725b28ffcf@smtp.hubapi.com>","","","","","","","20185","AbBatch","","","","","","","","","","","","","",""
"info@kerstinliermann-backtotheroots.de","6890244","348332491","","Wir schenken Ihnen drei Monate ProvenExpert ","""Denise von ProvenExpert"" <denise@provenexpert.com>","[support@provenexpert.com]","[]","[]","2025-02-22 08:36:59","d5c17837-959a-4470-acc0-e21bfa19a7fe","SENT","d5c17837-959a-4470-acc0-e21bfa19a7fe","2025-02-22 08:36:59","<1740209819582.d5c17837-959a-4470-acc0-e21bfa19a7fe@smtp.hubapi.com>","","","","","","","20185","AbBatch","","","","","","","","","","","","","",""
"info@kerstinliermann-backtotheroots.de","6890244","348332491","","Wir schenken Ihnen drei Monate ProvenExpert ","""Denise von ProvenExpert"" <denise@provenexpert.com>","[support@provenexpert.com]","[]","[]","2025-02-22 08:36:59","d5c17837-959a-4470-acc0-e21bfa19a7fe","DELIVERED","98545bcd-3e5f-37e0-b131-aba1d380fcb8","2025-02-22 08:37:01","<1740209819582.d5c17837-959a-4470-acc0-e21bfa19a7fe@smtp.hubapi.com>","","","","","","","20185","AbBatch","","","","","","","","","","","","","",""
"mail@pferdundmenschakademie.de","6890244","348332492","","299 € sparen und alle Vorteile für mehr Monate genießen!","""Denise von ProvenExpert"" <denise@provenexpert.com>","[support@provenexpert.com]","[]","[]","2025-02-22 08:36:58","2255da55-df04-48dd-bc9b-26f6cb984f6b","DELIVERED","e4bd1084-e1b1-3536-809f-e19692edf45c","2025-02-22 08:37:03","<1740209818774.2255da55-df04-48dd-bc9b-26f6cb984f6b@smtp.hubapi.com>","","","","","","","20185","AbBatch","","","","","","","","","","","","","",""
"mail@pferdundmenschakademie.de","6890244","348332492","","299 € sparen und alle Vorteile für mehr Monate genießen!","""Denise von ProvenExpert"" <denise@provenexpert.com>","[support@provenexpert.com]","[]","[]","2025-02-22 08:36:58","2255da55-df04-48dd-bc9b-26f6cb984f6b","SENT","2255da55-df04-48dd-bc9b-26f6cb984f6b","2025-02-22 08:36:58","<1740209818774.2255da55-df04-48dd-bc9b-26f6cb984f6b@smtp.hubapi.com>","","","","","","","20185","AbBatch","","","","","","","","","","","","","",""
"niklas@salz-assekuranz.de","6890244","348332492","","299 € sparen und alle Vorteile für mehr Monate genießen!","""Denise von ProvenExpert"" <denise@provenexpert.com>","[support@provenexpert.com]","[]","[]","2025-02-22 08:37:02","b317a870-730d-434d-9207-81d030741ccd","DELIVERED","e59f36f4-ddc1-337f-be39-ded7bb74bddb","2025-02-22 08:37:04","<1740209822678.b317a870-730d-434d-9207-81d030741ccd@smtp.hubapi.com>","","","","","","","20185","AbBatch","","","","","","","","","","","","","",""
"niklas@salz-assekuranz.de","6890244","348332492","","299 € sparen und alle Vorteile für mehr Monate genießen!","""Denise von ProvenExpert"" <denise@provenexpert.com>","[support@provenexpert.com]","[]","[]","2025-02-22 08:37:02","b317a870-730d-434d-9207-81d030741ccd","SENT","b317a870-730d-434d-9207-81d030741ccd","2025-02-22 08:37:02","<1740209822678.b317a870-730d-434d-9207-81d030741ccd@smtp.hubapi.com>","","","","","","","20185","AbBatch","","","","","","","","","","","","","",""
"info@bromedia.berlin","6890244","348332492","","299 € sparen und alle Vorteile für mehr Monate genießen!","""Denise von ProvenExpert"" <denise@provenexpert.com>","[support@provenexpert.com]","[]","[]","2025-02-22 08:36:58","3744967d-98f6-40d4-9769-2ccc07ccb7c9","OPEN","3fafafa8-e10d-3b26-a40d-646e1b5f3c9a","2025-02-22 22:10:22","<1740209818178.3744967d-98f6-40d4-9769-2ccc07ccb7c9@smtp.hubapi.com>","","","","","","","20185","AbBatch","Mozilla/5.0 (Windows NT 5.1; rv:11.0) Gecko Firefox/11.0 (via ggpht.com GoogleImageProxy)","Unknown","Unknown","Unknown","","","","0","","","","","",""
"info@bromedia.berlin","6890244","348332492","","299 € sparen und alle Vorteile für mehr Monate genießen!","""Denise von ProvenExpert"" <denise@provenexpert.com>","[support@provenexpert.com]","[]","[]","2025-02-22 08:36:58","3744967d-98f6-40d4-9769-2ccc07ccb7c9","DELIVERED","062adf84-5fc9-32a4-9fb0-d70f1a241f93","2025-02-22 08:36:59","<1740209818178.3744967d-98f6-40d4-9769-2ccc07ccb7c9@smtp.hubapi.com>","","","","","","","20185","AbBatch","","","","","","","","","","","","","",""
"info@bromedia.berlin","6890244","348332492","","299 € sparen und alle Vorteile für mehr Monate genießen!","""Denise von ProvenExpert"" <denise@provenexpert.com>","[support@provenexpert.com]","[]","[]","2025-02-22 08:36:58","3744967d-98f6-40d4-9769-2ccc07ccb7c9","OPEN","e0ce79c0-e5bd-3055-9244-d2756f0f1750","2025-02-22 08:37:06","<1740209818178.3744967d-98f6-40d4-9769-2ccc07ccb7c9@smtp.hubapi.com>","","","","","","","20185","AbBatch","Mozilla/5.0 (Windows NT 5.1; rv:11.0) Gecko Firefox/11.0 (via ggpht.com GoogleImageProxy)","Unknown","Unknown","Unknown","","","","0","","","","","",""
"info@bromedia.berlin","6890244","348332492","","299 € sparen und alle Vorteile für mehr Monate genießen!","""Denise von ProvenExpert"" <denise@provenexpert.com>","[support@provenexpert.com]","[]","[]","2025-02-22 08:36:58","3744967d-98f6-40d4-9769-2ccc07ccb7c9","SENT","3744967d-98f6-40d4-9769-2ccc07ccb7c9","2025-02-22 08:36:58","<1740209818178.3744967d-98f6-40d4-9769-2ccc07ccb7c9@smtp.hubapi.com>","","","","","","","20185","AbBatch","","","","","","","","","","","","","",""
"info@bromedia.berlin","6890244","348332492","","299 € sparen und alle Vorteile für mehr Monate genießen!","""Denise von ProvenExpert"" <denise@provenexpert.com>","[support@provenexpert.com]","[]","[]","2025-02-22 08:36:58","3744967d-98f6-40d4-9769-2ccc07ccb7c9","OPEN","213e372c-dbd6-3d83-89b2-3876e3dea549","2025-02-22 08:37:05","<1740209818178.3744967d-98f6-40d4-9769-2ccc07ccb7c9@smtp.hubapi.com>","","","","","","","20185","AbBatch","Mozilla/5.0 (Windows NT 5.1; rv:11.0) Gecko Firefox/11.0 (via ggpht.com GoogleImageProxy)","Unknown","Unknown","Unknown","","","","0","","","","","",""
"luise.tiedens@gmail.com","6890244","348332492","","299 € sparen und alle Vorteile für mehr Monate genießen!","""Denise von ProvenExpert"" <denise@provenexpert.com>","[support@provenexpert.com]","[]","[]","2025-02-22 08:36:58","1e5ed0a3-cc7e-4a34-b507-4013edbcc04a","SENT","1e5ed0a3-cc7e-4a34-b507-4013edbcc04a","2025-02-22 08:36:58","<1740209818665.1e5ed0a3-cc7e-4a34-b507-4013edbcc04a@smtp.hubapi.com>","","","","","","","20185","AbBatch","","","","","","","","","","","","","",""
"luise.tiedens@gmail.com","6890244","348332492","","299 € sparen und alle Vorteile für mehr Monate genießen!","""Denise von ProvenExpert"" <denise@provenexpert.com>","[support@provenexpert.com]","[]","[]","2025-02-22 08:36:58","1e5ed0a3-cc7e-4a34-b507-4013edbcc04a","DELIVERED","b1934729-0b91-31b5-9ac4-f0302ef55019","2025-02-22 08:36:59","<1740209818665.1e5ed0a3-cc7e-4a34-b507-4013edbcc04a@smtp.hubapi.com>","","","","","","","20185","AbBatch","","","","","","","","","","","","","",""
"support@merianbecker.de","6890244","348332492","","299 € sparen und alle Vorteile für mehr Monate genießen!","""Denise von ProvenExpert"" <denise@provenexpert.com>","[support@provenexpert.com]","[]","[]","2025-02-22 08:36:59","75a192a8-9417-44e1-b1a8-ece0e68847fb","DELIVERED","21f804e4-c8f8-33b5-b083-e63aeae3deb7","2025-02-22 08:37:02","<1740209819452.75a192a8-9417-44e1-b1a8-ece0e68847fb@smtp.hubapi.com>","","","","","","","20185","AbBatch","","","","","","","","","","","","","",""
"support@merianbecker.de","6890244","348332492","","299 € sparen und alle Vorteile für mehr Monate genießen!","""Denise von ProvenExpert"" <denise@provenexpert.com>","[support@provenexpert.com]","[]","[]","2025-02-22 08:36:59","75a192a8-9417-44e1-b1a8-ece0e68847fb","SENT","75a192a8-9417-44e1-b1a8-ece0e68847fb","2025-02-22 08:36:59","<1740209819452.75a192a8-9417-44e1-b1a8-ece0e68847fb@smtp.hubapi.com>","","","","","","","20185","AbBatch","","","","","","","","","","","","","",""
"gallmetzer@respekto.de","6890244","348332491","","Wir schenken Ihnen drei Monate ProvenExpert ","""Denise von ProvenExpert"" <denise@provenexpert.com>","[support@provenexpert.com]","[]","[]","2025-02-22 08:36:59","442256c0-7fc8-4330-9d8f-a7a182558270","SENT","442256c0-7fc8-4330-9d8f-a7a182558270","2025-02-22 08:36:59","<1740209819201.442256c0-7fc8-4330-9d8f-a7a182558270@smtp.hubapi.com>","","","","","","","20185","AbBatch","","","","","","","","","","","","","",""
"gallmetzer@respekto.de","6890244","348332491","","Wir schenken Ihnen drei Monate ProvenExpert ","""Denise von ProvenExpert"" <denise@provenexpert.com>","[support@provenexpert.com]","[]","[]","2025-02-22 08:36:59","442256c0-7fc8-4330-9d8f-a7a182558270","DELIVERED","d1d2b149-9949-3e45-8894-975af042ffed","2025-02-22 08:37:00","<1740209819201.442256c0-7fc8-4330-9d8f-a7a182558270@smtp.hubapi.com>","","","","","","","20185","AbBatch","","","","","","","","","","","","","",""
"admin@lebensmeister.de","6890244","348332492","","299 € sparen und alle Vorteile für mehr Monate genießen!","""Denise von ProvenExpert"" <denise@provenexpert.com>","[support@provenexpert.com]","[]","[]","2025-02-22 08:36:58","aaa6d8c5-738a-44bc-8f10-e1e2ece0fcad","DROPPED","aaa6d8c5-738a-44bc-8f10-e1e2ece0fcad","2025-02-22 08:36:58","<1740209818291.aaa6d8c5-738a-44bc-8f10-e1e2ece0fcad@smtp.hubapi.com>","","","cae12b00-a8eb-32c1-b0d3-d93a1c52f789","2025-01-20 16:47:59","PREVIOUSLY_BOUNCED","Recipient has previously bounced.","20185","AbBatch","","","","","","","","","550","550 5.2.0 No such mailbox: <admin@lebensmeister.de>","550 5.2.0 No such mailbox: <admin@lebensmeister.de>","","",""
"frank@wolfert.eu","6890244","348332492","","299 € sparen und alle Vorteile für mehr Monate genießen!","""Denise von ProvenExpert"" <denise@provenexpert.com>","[support@provenexpert.com]","[]","[]","2025-02-22 08:37:01","07e3eaff-a918-45e3-b3cd-e7d814ef6ade","SENT","07e3eaff-a918-45e3-b3cd-e7d814ef6ade","2025-02-22 08:37:01","<1740209821817.07e3eaff-a918-45e3-b3cd-e7d814ef6ade@smtp.hubapi.com>","","","","","","","20185","AbBatch","","","","","","","","","","","","","",""
"frank@wolfert.eu","6890244","348332492","","299 € sparen und alle Vorteile für mehr Monate genießen!","""Denise von ProvenExpert"" <denise@provenexpert.com>","[support@provenexpert.com]","[]","[]","2025-02-22 08:37:01","07e3eaff-a918-45e3-b3cd-e7d814ef6ade","DELIVERED","79ff3873-4282-3021-b4d3-d6db3bfda8b5","2025-02-22 08:37:03","<1740209821817.07e3eaff-a918-45e3-b3cd-e7d814ef6ade@smtp.hubapi.com>","","","","","","","20185","AbBatch","","","","","","","","","","","","","",""
"breidenbach@frei-gestalten.com","6890244","348332492","","299 € sparen und alle Vorteile für mehr Monate genießen!","""Denise von ProvenExpert"" <denise@provenexpert.com>","[support@provenexpert.com]","[]","[]","2025-02-22 08:37:00","40d91e60-151b-46c4-8436-9ef03e9c96b6","DELIVERED","083c4ba9-c919-3a5d-a8a1-0296bc442513","2025-02-22 08:37:03","<1740209820658.40d91e60-151b-46c4-8436-9ef03e9c96b6@smtp.hubapi.com>","","","","","","","20185","AbBatch","","","","","","","","","","","","","",""
"breidenbach@frei-gestalten.com","6890244","348332492","","299 € sparen und alle Vorteile für mehr Monate genießen!","""Denise von ProvenExpert"" <denise@provenexpert.com>","[support@provenexpert.com]","[]","[]","2025-02-22 08:37:00","40d91e60-151b-46c4-8436-9ef03e9c96b6","CLICK","911385da-d080-37b3-b392-d542e05cd6d4","2025-02-22 09:06:28","<1740209820658.40d91e60-151b-46c4-8436-9ef03e9c96b6@smtp.hubapi.com>","","","","","","","20185","AbBatch","Mozilla/5.0 (Linux; Android 10; K) AppleWebKit/537.36 (KHTML, like Gecko) SamsungBrowser/27.0 Chrome/125.0.0.0 Mobile Safari/537.36","berlin","berlin","GERMANY","","","https://blog.provenexpert.com/de/welcher-provenexpert-plan-ist-der-richtige-fuer-mich?utm_term=4&utm_campaign=checkoutfeb25&utm_medium=email&_hsmi=348332492&utm_content=DACH_DE_BASIC_checkoutfeb25_2B&utm_source=hubspot","","","","","","",""
"breidenbach@frei-gestalten.com","6890244","348332492","","299 € sparen und alle Vorteile für mehr Monate genießen!","""Denise von ProvenExpert"" <denise@provenexpert.com>","[support@provenexpert.com]","[]","[]","2025-02-22 08:37:00","40d91e60-151b-46c4-8436-9ef03e9c96b6","SENT","40d91e60-151b-46c4-8436-9ef03e9c96b6","2025-02-22 08:37:00","<1740209820658.40d91e60-151b-46c4-8436-9ef03e9c96b6@smtp.hubapi.com>","","","","","","","20185","AbBatch","","","","","","","","","","","","","",""
"breidenbach@frei-gestalten.com","6890244","348332492","","299 € sparen und alle Vorteile für mehr Monate genießen!","""Denise von ProvenExpert"" <denise@provenexpert.com>","[support@provenexpert.com]","[]","[]","2025-02-22 08:37:00","40d91e60-151b-46c4-8436-9ef03e9c96b6","OPEN","bee2b096-47b9-346a-9eaa-7979f4cfe91f","2025-02-22 09:05:47","<1740209820658.40d91e60-151b-46c4-8436-9ef03e9c96b6@smtp.hubapi.com>","","","","","","","20185","AbBatch","Mozilla/5.0 (Linux; Android 14; SM-F956B Build/UP1A.231005.007; wv) AppleWebKit/537.36 (KHTML, like Gecko) Version/4.0 Chrome/133.0.6943.121 Mobile Safari/537.36","berlin","berlin","GERMANY","","","","33721","","","","","",""
"jonas@rashedi-consulting.de","6890244","348332491","","Wir schenken Ihnen drei Monate ProvenExpert ","""Denise von ProvenExpert"" <denise@provenexpert.com>","[support@provenexpert.com]","[]","[]","2025-02-22 08:36:57","cbb6abf2-fc1a-44aa-9f55-1bf87b62d671","DELIVERED","7f2b0ce6-8aca-39c2-964b-6bb6b59ce91f","2025-02-22 08:37:00","<1740209817765.cbb6abf2-fc1a-44aa-9f55-1bf87b62d671@smtp.hubapi.com>","","","","","","","20185","AbBatch","","","","","","","","","","","","","",""
"jonas@rashedi-consulting.de","6890244","348332491","","Wir schenken Ihnen drei Monate ProvenExpert ","""Denise von ProvenExpert"" <denise@provenexpert.com>","[support@provenexpert.com]","[]","[]","2025-02-22 08:36:57","cbb6abf2-fc1a-44aa-9f55-1bf87b62d671","SENT","cbb6abf2-fc1a-44aa-9f55-1bf87b62d671","2025-02-22 08:36:57","<1740209817765.cbb6abf2-fc1a-44aa-9f55-1bf87b62d671@smtp.hubapi.com>","","","","","","","20185","AbBatch","","","","","","","","","","","","","",""
"magnus@fischerfitness.de","6890244","348332492","","299 € sparen und alle Vorteile für mehr Monate genießen!","""Denise von ProvenExpert"" <denise@provenexpert.com>","[support@provenexpert.com]","[]","[]","2025-02-22 08:37:02","44ad9ac5-be25-4db4-bf94-f46810bb6943","SENT","44ad9ac5-be25-4db4-bf94-f46810bb6943","2025-02-22 08:37:02","<1740209822494.44ad9ac5-be25-4db4-bf94-f46810bb6943@smtp.hubapi.com>","","","","","","","20185","AbBatch","","","","","","","","","","","","","",""
"magnus@fischerfitness.de","6890244","348332492","","299 € sparen und alle Vorteile für mehr Monate genießen!","""Denise von ProvenExpert"" <denise@provenexpert.com>","[support@provenexpert.com]","[]","[]","2025-02-22 08:37:02","44ad9ac5-be25-4db4-bf94-f46810bb6943","DELIVERED","fdbfbda1-d9ea-381d-98ac-40d77168dc5f","2025-02-22 08:37:05","<1740209822494.44ad9ac5-be25-4db4-bf94-f46810bb6943@smtp.hubapi.com>","","","","","","","20185","AbBatch","","","","","","","","","","","","","",""
"pmg@pmg-consulting.de","6890244","348332491","","Wir schenken Ihnen drei Monate ProvenExpert ","""Denise von ProvenExpert"" <denise@provenexpert.com>","[support@provenexpert.com]","[]","[]","2025-02-22 08:37:01","74362d66-8981-446b-acaf-02b40c59f358","DELIVERED","2a059033-82c6-3bb1-a8a8-dfdf465f1869","2025-02-22 08:37:03","<1740209821472.74362d66-8981-446b-acaf-02b40c59f358@smtp.hubapi.com>","","","","","","","20185","AbBatch","","","","","","","","","","","","","",""
"pmg@pmg-consulting.de","6890244","348332491","","Wir schenken Ihnen drei Monate ProvenExpert ","""Denise von ProvenExpert"" <denise@provenexpert.com>","[support@provenexpert.com]","[]","[]","2025-02-22 08:37:01","74362d66-8981-446b-acaf-02b40c59f358","SENT","74362d66-8981-446b-acaf-02b40c59f358","2025-02-22 08:37:01","<1740209821472.74362d66-8981-446b-acaf-02b40c59f358@smtp.hubapi.com>","","","","","","","20185","AbBatch","","","","","","","","","","","","","",""
"info@moewe-gebaeudeservice.de","6890244","348332492","","299 € sparen und alle Vorteile für mehr Monate genießen!","""Denise von ProvenExpert"" <denise@provenexpert.com>","[support@provenexpert.com]","[]","[]","2025-02-22 08:36:58","71809b73-6c1f-47fa-800d-1596c67b5508","SENT","71809b73-6c1f-47fa-800d-1596c67b5508","2025-02-22 08:36:58","<1740209818509.71809b73-6c1f-47fa-800d-1596c67b5508@smtp.hubapi.com>","","","","","","","20185","AbBatch","","","","","","","","","","","","","",""
"info@moewe-gebaeudeservice.de","6890244","348332492","","299 € sparen und alle Vorteile für mehr Monate genießen!","""Denise von ProvenExpert"" <denise@provenexpert.com>","[support@provenexpert.com]","[]","[]","2025-02-22 08:36:58","71809b73-6c1f-47fa-800d-1596c67b5508","DELIVERED","e212534a-4d83-3199-be62-3c27418070af","2025-02-22 08:37:03","<1740209818509.71809b73-6c1f-47fa-800d-1596c67b5508@smtp.hubapi.com>","","","","","","","20185","AbBatch","","","","","","","","","","","","","",""
"buero@sightliving.de","6890244","348332491","","Wir schenken Ihnen drei Monate ProvenExpert ","""Denise von ProvenExpert"" <denise@provenexpert.com>","[support@provenexpert.com]","[]","[]","2025-02-22 08:37:00","689f2808-acd4-48c4-9b97-1d5abc2a093a","DELIVERED","2a673599-6e7f-3ac9-aa33-cfc8922d9266","2025-02-22 08:37:02","<1740209820239.689f2808-acd4-48c4-9b97-1d5abc2a093a@smtp.hubapi.com>","","","","","","","20185","AbBatch","","","","","","","","","","","","","",""
"buero@sightliving.de","6890244","348332491","","Wir schenken Ihnen drei Monate ProvenExpert ","""Denise von ProvenExpert"" <denise@provenexpert.com>","[support@provenexpert.com]","[]","[]","2025-02-22 08:37:00","689f2808-acd4-48c4-9b97-1d5abc2a093a","OPEN","9211d78e-0039-360f-80ff-f48096b43535","2025-02-22 08:39:06","<1740209820239.689f2808-acd4-48c4-9b97-1d5abc2a093a@smtp.hubapi.com>","","","","","","","20185","AbBatch","Mozilla/5.0 (Linux; Android 15; Pixel 8 Pro Build/AP4A.250205.002; wv) AppleWebKit/537.36 (KHTML, like Gecko) Version/4.0 Chrome/132.0.6834.166 Mobile Safari/537.36","","bayern","GERMANY","","","","32840","","","","","",""
"buero@sightliving.de","6890244","348332491","","Wir schenken Ihnen drei Monate ProvenExpert ","""Denise von ProvenExpert"" <denise@provenexpert.com>","[support@provenexpert.com]","[]","[]","2025-02-22 08:37:00","689f2808-acd4-48c4-9b97-1d5abc2a093a","SENT","689f2808-acd4-48c4-9b97-1d5abc2a093a","2025-02-22 08:37:00","<1740209820239.689f2808-acd4-48c4-9b97-1d5abc2a093a@smtp.hubapi.com>","","","","","","","20185","AbBatch","","","","","","","","","","","","","",""
"buero@sightliving.de","6890244","348332491","","Wir schenken Ihnen drei Monate ProvenExpert ","""Denise von ProvenExpert"" <denise@provenexpert.com>","[support@provenexpert.com]","[]","[]","2025-02-22 08:37:00","689f2808-acd4-48c4-9b97-1d5abc2a093a","OPEN","52e57d0d-6021-3da9-a641-fba9826037fa","2025-02-22 12:07:31","<1740209820239.689f2808-acd4-48c4-9b97-1d5abc2a093a@smtp.hubapi.com>","","","","","","","20185","AbBatch","Mozilla/5.0 (Linux; Android 15; Pixel 8 Pro Build/AP4A.250205.002; wv) AppleWebKit/537.36 (KHTML, like Gecko) Version/4.0 Chrome/132.0.6834.166 Mobile Safari/537.36","mannheim","baden-wurttemberg","GERMANY","","","","10997","","","","","",""
"buero@sightliving.de","6890244","348332491","","Wir schenken Ihnen drei Monate ProvenExpert ","""Denise von ProvenExpert"" <denise@provenexpert.com>","[support@provenexpert.com]","[]","[]","2025-02-22 08:37:00","689f2808-acd4-48c4-9b97-1d5abc2a093a","CLICK","312aa832-20be-379d-b085-17336ffe69a2","2025-02-22 12:07:38","<1740209820239.689f2808-acd4-48c4-9b97-1d5abc2a093a@smtp.hubapi.com>","","","","","","","20185","AbBatch","Mozilla/5.0 (Linux; Android 10; K) AppleWebKit/537.36 (KHTML, like Gecko) Chrome/133.0.0.0 Mobile Safari/537.36","mannheim","baden-wurttemberg","GERMANY","","","https://www.provenexpert.com/ca/checkoutfeb25/?utm_term=3&utm_campaign=checkoutfeb25&utm_medium=email&_hsmi=348332491&utm_content=DACH_DE_BASIC_checkoutfeb25_2A&utm_source=hubspot","","","","","","",""
"info@1finanz.de","6890244","348332491","","Wir schenken Ihnen drei Monate ProvenExpert ","""Denise von ProvenExpert"" <denise@provenexpert.com>","[support@provenexpert.com]","[]","[]","2025-02-22 08:37:00","df2cd981-157a-4f97-b3c0-812ef371bc8a","OPEN","8edccbf5-1c10-3484-9236-91cf22e66ffb","2025-02-24 10:03:45","<1740209820511.df2cd981-157a-4f97-b3c0-812ef371bc8a@smtp.hubapi.com>","","","","","","","20185","AbBatch","Mozilla/4.0 (compatible; MSIE 7.0; Windows NT 6.2; Win64; x64; Trident/7.0; .NET4.0C; .NET4.0E; .NET CLR 2.0.50727; .NET CLR 3.0.30729; .NET CLR 3.5.30729; SLCC2; Media Center PC 6.0; Tablet PC 2.0; LCTE; wbx 1.0.0; Zoom 3.6.0; Microsoft Outlook 14.0.7268; ms-office; MSOffice 14)","hamburg","hamburg","GERMANY","","","","0","","","","","",""
"info@1finanz.de","6890244","348332491","","Wir schenken Ihnen drei Monate ProvenExpert ","""Denise von ProvenExpert"" <denise@provenexpert.com>","[support@provenexpert.com]","[]","[]","2025-02-22 08:37:00","df2cd981-157a-4f97-b3c0-812ef371bc8a","DELIVERED","b1f27cbe-9812-344d-8707-5bbe80aefc59","2025-02-22 08:37:02","<1740209820511.df2cd981-157a-4f97-b3c0-812ef371bc8a@smtp.hubapi.com>","","","","","","","20185","AbBatch","","","","","","","","","","","","","",""
"info@1finanz.de","6890244","348332491","","Wir schenken Ihnen drei Monate ProvenExpert ","""Denise von ProvenExpert"" <denise@provenexpert.com>","[support@provenexpert.com]","[]","[]","2025-02-22 08:37:00","df2cd981-157a-4f97-b3c0-812ef371bc8a","OPEN","8255753b-08e9-36b9-9e85-ac28bea7cf33","2025-02-24 10:00:43","<1740209820511.df2cd981-157a-4f97-b3c0-812ef371bc8a@smtp.hubapi.com>","","","","","","","20185","AbBatch","Mozilla/4.0 (compatible; MSIE 7.0; Windows NT 10.0; WOW64; Trident/7.0; .NET4.0C; .NET4.0E; .NET CLR 2.0.50727; .NET CLR 3.0.30729; .NET CLR 3.5.30729; Tablet PC 2.0; LCJB; wbx 1.0.0; Zoom 3.6.0; Microsoft Outlook 16.0.5483; ms-office; MSOffice 16)","hamburg","hamburg","GERMANY","","","","1257","","","","","",""
"info@1finanz.de","6890244","348332491","","Wir schenken Ihnen drei Monate ProvenExpert ","""Denise von ProvenExpert"" <denise@provenexpert.com>","[support@provenexpert.com]","[]","[]","2025-02-22 08:37:00","df2cd981-157a-4f97-b3c0-812ef371bc8a","SENT","df2cd981-157a-4f97-b3c0-812ef371bc8a","2025-02-22 08:37:00","<1740209820511.df2cd981-157a-4f97-b3c0-812ef371bc8a@smtp.hubapi.com>","","","","","","","20185","AbBatch","","","","","","","","","","","","","",""
"office@immoprofi-neugebauer.de","6890244","348332492","","299 € sparen und alle Vorteile für mehr Monate genießen!","""Denise von ProvenExpert"" <denise@provenexpert.com>","[support@provenexpert.com]","[]","[]","2025-02-22 08:37:02","f84fb3e3-3b2f-4398-bbf8-0784531119c1","SENT","f84fb3e3-3b2f-4398-bbf8-0784531119c1","2025-02-22 08:37:02","<1740209822157.f84fb3e3-3b2f-4398-bbf8-0784531119c1@smtp.hubapi.com>","","","","","","","20185","AbBatch","","","","","","","","","","","","","",""
"office@immoprofi-neugebauer.de","6890244","348332492","","299 € sparen und alle Vorteile für mehr Monate genießen!","""Denise von ProvenExpert"" <denise@provenexpert.com>","[support@provenexpert.com]","[]","[]","2025-02-22 08:37:02","f84fb3e3-3b2f-4398-bbf8-0784531119c1","DELIVERED","801e9b43-4b2d-3054-a58b-87312959c691","2025-02-22 08:37:04","<1740209822157.f84fb3e3-3b2f-4398-bbf8-0784531119c1@smtp.hubapi.com>","","","","","","","20185","AbBatch","","","","","","","","","","","","","",""
"tools@muydozo.com","6890244","348332492","","299 € sparen und alle Vorteile für mehr Monate genießen!","""Denise von ProvenExpert"" <denise@provenexpert.com>","[support@provenexpert.com]","[]","[]","2025-02-22 08:37:01","f668d9bf-eb72-4736-877d-9fedf06807e4","DELIVERED","a47321bc-beef-3d76-a4bb-96efd669b8ae","2025-02-22 08:37:01","<1740209821038.f668d9bf-eb72-4736-877d-9fedf06807e4@smtp.hubapi.com>","","","","","","","20185","AbBatch","","","","","","","","","","","","","",""
"tools@muydozo.com","6890244","348332492","","299 € sparen und alle Vorteile für mehr Monate genießen!","""Denise von ProvenExpert"" <denise@provenexpert.com>","[support@provenexpert.com]","[]","[]","2025-02-22 08:37:01","f668d9bf-eb72-4736-877d-9fedf06807e4","SENT","f668d9bf-eb72-4736-877d-9fedf06807e4","2025-02-22 08:37:01","<1740209821038.f668d9bf-eb72-4736-877d-9fedf06807e4@smtp.hubapi.com>","","","","","","","20185","AbBatch","","","","","","","","","","","","","",""
"info@next-level-academy.com","6890244","348332491","","Wir schenken Ihnen drei Monate ProvenExpert ","""Denise von ProvenExpert"" <denise@provenexpert.com>","[support@provenexpert.com]","[]","[]","2025-02-22 08:36:58","debb8058-e2fd-4e6f-acc3-27841635443b","SENT","debb8058-e2fd-4e6f-acc3-27841635443b","2025-02-22 08:36:58","<1740209818605.debb8058-e2fd-4e6f-acc3-27841635443b@smtp.hubapi.com>","","","","","","","20185","AbBatch","","","","","","","","","","","","","",""
"info@next-level-academy.com","6890244","348332491","","Wir schenken Ihnen drei Monate ProvenExpert ","""Denise von ProvenExpert"" <denise@provenexpert.com>","[support@provenexpert.com]","[]","[]","2025-02-22 08:36:58","debb8058-e2fd-4e6f-acc3-27841635443b","DELIVERED","e4bc31b2-c6ba-3d66-8343-974b2e525cc8","2025-02-22 08:37:19","<1740209818605.debb8058-e2fd-4e6f-acc3-27841635443b@smtp.hubapi.com>","","","","","","","20185","AbBatch","","","","","","","","","","","","","",""
"service@sh-meister.de","6890244","348332492","","299 € sparen und alle Vorteile für mehr Monate genießen!","""Denise von ProvenExpert"" <denise@provenexpert.com>","[support@provenexpert.com]","[]","[]","2025-02-22 08:37:00","6f70a022-36e7-4b1b-9f96-d0e8c525228d","DROPPED","6f70a022-36e7-4b1b-9f96-d0e8c525228d","2025-02-22 08:37:00","<1740209820629.6f70a022-36e7-4b1b-9f96-d0e8c525228d@smtp.hubapi.com>","","","9af48fa8-f855-315e-87b4-4c63c7f4883c","2021-06-09 16:21:03","PREVIOUSLY_BOUNCED","Recipient has previously bounced.","20185","AbBatch","","","","","","","","","550","550-Requested action not taken: mailbox unavailable 550 invalid DNS MX or A/AAAA resource record","550-Requested action not taken: mailbox unavailable 550 invalid DNS MX or A/AAAA resource record","","",""
"alice@vintagejazz.de","6890244","348332492","","299 € sparen und alle Vorteile für mehr Monate genießen!","""Denise von ProvenExpert"" <denise@provenexpert.com>","[support@provenexpert.com]","[]","[]","2025-02-22 08:37:00","10aa0442-80a7-47cc-ae1d-5bb4af5ddd07","DROPPED","10aa0442-80a7-47cc-ae1d-5bb4af5ddd07","2025-02-22 08:37:00","<1740209820406.10aa0442-80a7-47cc-ae1d-5bb4af5ddd07@smtp.hubapi.com>","","","cd0d2b77-d9d1-3a8f-aab7-2c1394cdbe39","2021-06-09 16:19:18","PREVIOUSLY_BOUNCED","Recipient has previously bounced.","20185","AbBatch","","","","","","","","","550","550-Requested action not taken: mailbox unavailable 550 invalid DNS MX or A/AAAA resource record","550-Requested action not taken: mailbox unavailable 550 invalid DNS MX or A/AAAA resource record","","",""
"georg.faltermeier@outlook.de","6890244","348332492","","299 € sparen und alle Vorteile für mehr Monate genießen!","""Denise von ProvenExpert"" <denise@provenexpert.com>","[support@provenexpert.com]","[]","[]","2025-02-22 08:36:58","9eac9784-0734-43b2-b79a-23300180dafc","SENT","9eac9784-0734-43b2-b79a-23300180dafc","2025-02-22 08:36:58","<1740209818988.9eac9784-0734-43b2-b79a-23300180dafc@smtp.hubapi.com>","","","","","","","20185","AbBatch","","","","","","","","","","","","","",""
"georg.faltermeier@outlook.de","6890244","348332492","","299 € sparen und alle Vorteile für mehr Monate genießen!","""Denise von ProvenExpert"" <denise@provenexpert.com>","[support@provenexpert.com]","[]","[]","2025-02-22 08:36:58","9eac9784-0734-43b2-b79a-23300180dafc","DELIVERED","c5d8d82d-fa3d-383e-968a-5a807e6586ee","2025-02-22 08:37:00","<1740209818988.9eac9784-0734-43b2-b79a-23300180dafc@smtp.hubapi.com>","","","","","","","20185","AbBatch","","","","","","","","","","","","","",""
"info@maximilian-herzfeldt.de","6890244","348332492","","299 € sparen und alle Vorteile für mehr Monate genießen!","""Denise von ProvenExpert"" <denise@provenexpert.com>","[support@provenexpert.com]","[]","[]","2025-02-22 08:36:57","75be7f52-b423-4a53-a9f0-3d29539e57df","SENT","75be7f52-b423-4a53-a9f0-3d29539e57df","2025-02-22 08:36:57","<1740209817763.75be7f52-b423-4a53-a9f0-3d29539e57df@smtp.hubapi.com>","","","","","","","20185","AbBatch","","","","","","","","","","","","","",""
"info@maximilian-herzfeldt.de","6890244","348332492","","299 € sparen und alle Vorteile für mehr Monate genießen!","""Denise von ProvenExpert"" <denise@provenexpert.com>","[support@provenexpert.com]","[]","[]","2025-02-22 08:36:57","75be7f52-b423-4a53-a9f0-3d29539e57df","DELIVERED","204fe259-6dab-3ca0-92aa-c68549c77917","2025-02-22 08:37:00","<1740209817763.75be7f52-b423-4a53-a9f0-3d29539e57df@smtp.hubapi.com>","","","","","","","20185","AbBatch","","","","","","","","","","","","","",""
"info@aromaspecials.at","6890244","348332491","","Wir schenken Ihnen drei Monate ProvenExpert ","""Denise von ProvenExpert"" <denise@provenexpert.com>","[support@provenexpert.com]","[]","[]","2025-02-22 08:37:00","1122330b-d204-4d78-a8ee-94fcc2547b2f","DELIVERED","160ec95c-480c-380c-9475-2b417a3da478","2025-02-22 08:37:02","<1740209820550.1122330b-d204-4d78-a8ee-94fcc2547b2f@smtp.hubapi.com>","","","","","","","20185","AbBatch","","","","","","","","","","","","","",""
"info@aromaspecials.at","6890244","348332491","","Wir schenken Ihnen drei Monate ProvenExpert ","""Denise von ProvenExpert"" <denise@provenexpert.com>","[support@provenexpert.com]","[]","[]","2025-02-22 08:37:00","1122330b-d204-4d78-a8ee-94fcc2547b2f","SENT","1122330b-d204-4d78-a8ee-94fcc2547b2f","2025-02-22 08:37:00","<1740209820550.1122330b-d204-4d78-a8ee-94fcc2547b2f@smtp.hubapi.com>","","","","","","","20185","AbBatch","","","","","","","","","","","","","",""
"lena@vabusinessacademy.de","6890244","348332491","","Wir schenken Ihnen drei Monate ProvenExpert ","""Denise von ProvenExpert"" <denise@provenexpert.com>","[support@provenexpert.com]","[]","[]","2025-02-22 08:36:57","72fdae89-1322-48ed-a139-ce03e1e1624d","SENT","72fdae89-1322-48ed-a139-ce03e1e1624d","2025-02-22 08:36:57","<1740209817988.72fdae89-1322-48ed-a139-ce03e1e1624d@smtp.hubapi.com>","","","","","","","20185","AbBatch","","","","","","","","","","","","","",""
"lena@vabusinessacademy.de","6890244","348332491","","Wir schenken Ihnen drei Monate ProvenExpert ","""Denise von ProvenExpert"" <denise@provenexpert.com>","[support@provenexpert.com]","[]","[]","2025-02-22 08:36:57","72fdae89-1322-48ed-a139-ce03e1e1624d","DELIVERED","8999337c-6f04-3ed0-a2ec-258d1fb870dd","2025-02-22 08:37:00","<1740209817988.72fdae89-1322-48ed-a139-ce03e1e1624d@smtp.hubapi.com>","","","","","","","20185","AbBatch","","","","","","","","","","","","","",""
"ilka.poth@web.de","6890244","348332491","","Wir schenken Ihnen drei Monate ProvenExpert ","""Denise von ProvenExpert"" <denise@provenexpert.com>","[support@provenexpert.com]","[]","[]","2025-02-22 08:35:42","23825abf-5044-4a8b-a48d-5f055407b4af","SENT","23825abf-5044-4a8b-a48d-5f055407b4af","2025-02-22 08:35:42","<1740209742015.23825abf-5044-4a8b-a48d-5f055407b4af@smtp.hubapi.com>","","","","","","","20185","AbBatch","","","","","","","","","","","","","",""
"ilka.poth@web.de","6890244","348332491","","Wir schenken Ihnen drei Monate ProvenExpert ","""Denise von ProvenExpert"" <denise@provenexpert.com>","[support@provenexpert.com]","[]","[]","2025-02-22 08:35:42","23825abf-5044-4a8b-a48d-5f055407b4af","DELIVERED","4aeb0a1b-b210-3c0c-a128-63707221ffd3","2025-02-22 08:35:44","<1740209742015.23825abf-5044-4a8b-a48d-5f055407b4af@smtp.hubapi.com>","","","","","","","20185","AbBatch","","","","","","","","","","","","","",""
"kilian.gilles@caspar.art","6890244","348332492","","299 € sparen und alle Vorteile für mehr Monate genießen!","""Denise von ProvenExpert"" <denise@provenexpert.com>","[support@provenexpert.com]","[]","[]","2025-02-22 08:37:00","1e3c1206-7a84-4a9c-8829-67dfcb780e45","SENT","1e3c1206-7a84-4a9c-8829-67dfcb780e45","2025-02-22 08:37:00","<1740209820477.1e3c1206-7a84-4a9c-8829-67dfcb780e45@smtp.hubapi.com>","","","","","","","20185","AbBatch","","","","","","","","","","","","","",""
"kilian.gilles@caspar.art","6890244","348332492","","299 € sparen und alle Vorteile für mehr Monate genießen!","""Denise von ProvenExpert"" <denise@provenexpert.com>","[support@provenexpert.com]","[]","[]","2025-02-22 08:37:00","1e3c1206-7a84-4a9c-8829-67dfcb780e45","DELIVERED","c3340304-c1a8-3f0b-a62a-96c32de403db","2025-02-22 08:37:02","<1740209820477.1e3c1206-7a84-4a9c-8829-67dfcb780e45@smtp.hubapi.com>","","","","","","","20185","AbBatch","","","","","","","","","","","","","",""
"bsb-brandschutz@outlook.de","6890244","348332492","","299 € sparen und alle Vorteile für mehr Monate genießen!","""Denise von ProvenExpert"" <denise@provenexpert.com>","[support@provenexpert.com]","[]","[]","2025-02-22 08:36:57","117fc506-0e29-4232-acde-d251df6f414e","SENT","117fc506-0e29-4232-acde-d251df6f414e","2025-02-22 08:36:57","<1740209817640.117fc506-0e29-4232-acde-d251df6f414e@smtp.hubapi.com>","","","","","","","20185","AbBatch","","","","","","","","","","","","","",""
"bsb-brandschutz@outlook.de","6890244","348332492","","299 € sparen und alle Vorteile für mehr Monate genießen!","""Denise von ProvenExpert"" <denise@provenexpert.com>","[support@provenexpert.com]","[]","[]","2025-02-22 08:36:57","117fc506-0e29-4232-acde-d251df6f414e","DELIVERED","c2a91829-e844-3beb-8b46-c459907314f0","2025-02-22 08:36:59","<1740209817640.117fc506-0e29-4232-acde-d251df6f414e@smtp.hubapi.com>","","","","","","","20185","AbBatch","","","","","","","","","","","","","",""
"futuremarketing07@web.de","6890244","348332492","","299 € sparen und alle Vorteile für mehr Monate genießen!","""Denise von ProvenExpert"" <denise@provenexpert.com>","[support@provenexpert.com]","[]","[]","2025-02-22 08:37:01","a7da2917-1344-47f9-b197-4d6d71fdb40b","SENT","a7da2917-1344-47f9-b197-4d6d71fdb40b","2025-02-22 08:37:01","<1740209821289.a7da2917-1344-47f9-b197-4d6d71fdb40b@smtp.hubapi.com>","","","","","","","20185","AbBatch","","","","","","","","","","","","","",""
"futuremarketing07@web.de","6890244","348332492","","299 € sparen und alle Vorteile für mehr Monate genießen!","""Denise von ProvenExpert"" <denise@provenexpert.com>","[support@provenexpert.com]","[]","[]","2025-02-22 08:37:01","a7da2917-1344-47f9-b197-4d6d71fdb40b","DELIVERED","74b3d895-3a71-3e54-9fd3-127c75037edb","2025-02-22 08:37:02","<1740209821289.a7da2917-1344-47f9-b197-4d6d71fdb40b@smtp.hubapi.com>","","","","","","","20185","AbBatch","","","","","","","","","","","","","",""
"info@gebaeren-im-licht.de","6890244","348332492","","299 € sparen und alle Vorteile für mehr Monate genießen!","""Denise von ProvenExpert"" <denise@provenexpert.com>","[support@provenexpert.com]","[]","[]","2025-02-22 08:37:02","49a4bf2f-2c42-4fe9-b248-b2286b7994ab","DELIVERED","65f5040e-d6eb-33b6-86d2-b4e3d3ece1a9","2025-02-22 08:37:04","<1740209822024.49a4bf2f-2c42-4fe9-b248-b2286b7994ab@smtp.hubapi.com>","","","","","","","20185","AbBatch","","","","","","","","","","","","","",""
"info@gebaeren-im-licht.de","6890244","348332492","","299 € sparen und alle Vorteile für mehr Monate genießen!","""Denise von ProvenExpert"" <denise@provenexpert.com>","[support@provenexpert.com]","[]","[]","2025-02-22 08:37:02","49a4bf2f-2c42-4fe9-b248-b2286b7994ab","SENT","49a4bf2f-2c42-4fe9-b248-b2286b7994ab","2025-02-22 08:37:02","<1740209822024.49a4bf2f-2c42-4fe9-b248-b2286b7994ab@smtp.hubapi.com>","","","","","","","20185","AbBatch","","","","","","","","","","","","","",""
"buenyamin@temurlenk.de","6890244","348332492","","299 € sparen und alle Vorteile für mehr Monate genießen!","""Denise von ProvenExpert"" <denise@provenexpert.com>","[support@provenexpert.com]","[]","[]","2025-02-22 08:37:01","7b4653f2-8a5e-4ae5-9119-7189e8fd6be7","SENT","7b4653f2-8a5e-4ae5-9119-7189e8fd6be7","2025-02-22 08:37:01","<1740209821840.7b4653f2-8a5e-4ae5-9119-7189e8fd6be7@smtp.hubapi.com>","","","","","","","20185","AbBatch","","","","","","","","","","","","","",""
"buenyamin@temurlenk.de","6890244","348332492","","299 € sparen und alle Vorteile für mehr Monate genießen!","""Denise von ProvenExpert"" <denise@provenexpert.com>","[support@provenexpert.com]","[]","[]","2025-02-22 08:37:01","7b4653f2-8a5e-4ae5-9119-7189e8fd6be7","DELIVERED","791d428e-18e4-3a20-9eab-20eb95bacf86","2025-02-22 08:37:02","<1740209821840.7b4653f2-8a5e-4ae5-9119-7189e8fd6be7@smtp.hubapi.com>","","","","","","","20185","AbBatch","","","","","","","","","","","","","",""
"anny2animal@gmail.com","6890244","348332492","","299 € sparen und alle Vorteile für mehr Monate genießen!","""Denise von ProvenExpert"" <denise@provenexpert.com>","[support@provenexpert.com]","[]","[]","2025-02-22 08:37:01","faa9be92-2c12-4488-a996-772ecb8bf959","SENT","faa9be92-2c12-4488-a996-772ecb8bf959","2025-02-22 08:37:01","<1740209821185.faa9be92-2c12-4488-a996-772ecb8bf959@smtp.hubapi.com>","","","","","","","20185","AbBatch","","","","","","","","","","","","","",""
"anny2animal@gmail.com","6890244","348332492","","299 € sparen und alle Vorteile für mehr Monate genießen!","""Denise von ProvenExpert"" <denise@provenexpert.com>","[support@provenexpert.com]","[]","[]","2025-02-22 08:37:01","faa9be92-2c12-4488-a996-772ecb8bf959","DELIVERED","7460b1d2-d2d7-3b1b-8d53-d138f73b8f40","2025-02-22 08:37:02","<1740209821185.faa9be92-2c12-4488-a996-772ecb8bf959@smtp.hubapi.com>","","","","","","","20185","AbBatch","","","","","","","","","","","","","",""
"mariana@wehrhahn.consulting","6890244","348332492","","299 € sparen und alle Vorteile für mehr Monate genießen!","""Denise von ProvenExpert"" <denise@provenexpert.com>","[support@provenexpert.com]","[]","[]","2025-02-22 08:37:01","ac06f6c2-bd12-4773-ba65-22a1c3aaa0d2","SENT","ac06f6c2-bd12-4773-ba65-22a1c3aaa0d2","2025-02-22 08:37:01","<1740209821101.ac06f6c2-bd12-4773-ba65-22a1c3aaa0d2@smtp.hubapi.com>","","","","","","","20185","AbBatch","","","","","","","","","","","","","",""
"mariana@wehrhahn.consulting","6890244","348332492","","299 € sparen und alle Vorteile für mehr Monate genießen!","""Denise von ProvenExpert"" <denise@provenexpert.com>","[support@provenexpert.com]","[]","[]","2025-02-22 08:37:01","ac06f6c2-bd12-4773-ba65-22a1c3aaa0d2","DELIVERED","db06a9ce-7521-3626-88f3-b192aa24e518","2025-02-22 08:37:02","<1740209821101.ac06f6c2-bd12-4773-ba65-22a1c3aaa0d2@smtp.hubapi.com>","","","","","","","20185","AbBatch","","","","","","","","","","","","","",""
"info@mp-fensterreinigung.de","6890244","348332492","","299 € sparen und alle Vorteile für mehr Monate genießen!","""Denise von ProvenExpert"" <denise@provenexpert.com>","[support@provenexpert.com]","[]","[]","2025-02-22 08:36:58","f6750e58-1209-4544-9016-0f54639c9c47","SENT","f6750e58-1209-4544-9016-0f54639c9c47","2025-02-22 08:36:58","<1740209818399.f6750e58-1209-4544-9016-0f54639c9c47@smtp.hubapi.com>","","","","","","","20185","AbBatch","","","","","","","","","","","","","",""
"info@mp-fensterreinigung.de","6890244","348332492","","299 € sparen und alle Vorteile für mehr Monate genießen!","""Denise von ProvenExpert"" <denise@provenexpert.com>","[support@provenexpert.com]","[]","[]","2025-02-22 08:36:58","f6750e58-1209-4544-9016-0f54639c9c47","DELIVERED","18bad8f7-edcd-3657-808a-cd643c35dfe5","2025-02-22 08:37:08","<1740209818399.f6750e58-1209-4544-9016-0f54639c9c47@smtp.hubapi.com>","","","","","","","20185","AbBatch","","","","","","","","","","","","","",""
"info@bewusst-werk.de","6890244","348332492","","299 € sparen und alle Vorteile für mehr Monate genießen!","""Denise von ProvenExpert"" <denise@provenexpert.com>","[support@provenexpert.com]","[]","[]","2025-02-22 08:37:00","44804f8d-3390-4ac6-9532-4dce862d3004","SENT","44804f8d-3390-4ac6-9532-4dce862d3004","2025-02-22 08:37:00","<1740209820636.44804f8d-3390-4ac6-9532-4dce862d3004@smtp.hubapi.com>","","","","","","","20185","AbBatch","","","","","","","","","","","","","",""
"info@bewusst-werk.de","6890244","348332492","","299 € sparen und alle Vorteile für mehr Monate genießen!","""Denise von ProvenExpert"" <denise@provenexpert.com>","[support@provenexpert.com]","[]","[]","2025-02-22 08:37:00","44804f8d-3390-4ac6-9532-4dce862d3004","DELIVERED","0f98e2e3-670a-333a-a2d8-5f86f53acc24","2025-02-22 08:37:04","<1740209820636.44804f8d-3390-4ac6-9532-4dce862d3004@smtp.hubapi.com>","","","","","","","20185","AbBatch","","","","","","","","","","","","","",""
"us@webqueenz.de","6890244","348332492","","299 € sparen und alle Vorteile für mehr Monate genießen!","""Denise von ProvenExpert"" <denise@provenexpert.com>","[support@provenexpert.com]","[]","[]","2025-02-22 08:36:58","59b14fce-0171-4ad8-b267-ae0c9fc2e13c","SENT","59b14fce-0171-4ad8-b267-ae0c9fc2e13c","2025-02-22 08:36:58","<1740209818288.59b14fce-0171-4ad8-b267-ae0c9fc2e13c@smtp.hubapi.com>","","","","","","","20185","AbBatch","","","","","","","","","","","","","",""
"us@webqueenz.de","6890244","348332492","","299 € sparen und alle Vorteile für mehr Monate genießen!","""Denise von ProvenExpert"" <denise@provenexpert.com>","[support@provenexpert.com]","[]","[]","2025-02-22 08:36:58","59b14fce-0171-4ad8-b267-ae0c9fc2e13c","DELIVERED","11448587-01d0-33e6-907c-d33e5ac0e55f","2025-02-22 08:37:15","<1740209818288.59b14fce-0171-4ad8-b267-ae0c9fc2e13c@smtp.hubapi.com>","","","","","","","20185","AbBatch","","","","","","","","","","","","","",""
"m.stockinger@af.energy","6890244","348332492","","299 € sparen und alle Vorteile für mehr Monate genießen!","""Denise von ProvenExpert"" <denise@provenexpert.com>","[support@provenexpert.com]","[]","[]","2025-02-22 08:36:58","af084c01-2342-4f43-a310-1623eed7a468","DELIVERED","9a3f470d-f2c3-328b-a20f-96d1ee01fe87","2025-02-22 08:37:06","<1740209818686.af084c01-2342-4f43-a310-1623eed7a468@smtp.hubapi.com>","","","","","","","20185","AbBatch","","","","","","","","","","","","","",""
"m.stockinger@af.energy","6890244","348332492","","299 € sparen und alle Vorteile für mehr Monate genießen!","""Denise von ProvenExpert"" <denise@provenexpert.com>","[support@provenexpert.com]","[]","[]","2025-02-22 08:36:58","af084c01-2342-4f43-a310-1623eed7a468","SENT","af084c01-2342-4f43-a310-1623eed7a468","2025-02-22 08:36:58","<1740209818686.af084c01-2342-4f43-a310-1623eed7a468@smtp.hubapi.com>","","","","","","","20185","AbBatch","","","","","","","","","","","","","",""
"info@teleskophelden.com","6890244","348332491","","Wir schenken Ihnen drei Monate ProvenExpert ","""Denise von ProvenExpert"" <denise@provenexpert.com>","[support@provenexpert.com]","[]","[]","2025-02-22 08:36:58","979c18d1-e94e-4dcc-b69b-9a95d2cd8406","DELIVERED","47c4db42-4663-3aa2-b403-4679f08cdc93","2025-02-22 08:37:00","<1740209818072.979c18d1-e94e-4dcc-b69b-9a95d2cd8406@smtp.hubapi.com>","","","","","","","20185","AbBatch","","","","","","","","","","","","","",""
"info@teleskophelden.com","6890244","348332491","","Wir schenken Ihnen drei Monate ProvenExpert ","""Denise von ProvenExpert"" <denise@provenexpert.com>","[support@provenexpert.com]","[]","[]","2025-02-22 08:36:58","979c18d1-e94e-4dcc-b69b-9a95d2cd8406","SENT","979c18d1-e94e-4dcc-b69b-9a95d2cd8406","2025-02-22 08:36:58","<1740209818072.979c18d1-e94e-4dcc-b69b-9a95d2cd8406@smtp.hubapi.com>","","","","","","","20185","AbBatch","","","","","","","","","","","","","",""
"marvin.herzog@ibfinanz.de","6890244","348332491","","Wir schenken Ihnen drei Monate ProvenExpert ","""Denise von ProvenExpert"" <denise@provenexpert.com>","[support@provenexpert.com]","[]","[]","2025-02-22 08:36:59","09ecf185-65f7-47f6-b97b-f1ad9af49446","DELIVERED","599e14a2-cb2d-3eb8-bcaa-72b6b290e867","2025-02-22 08:37:08","<1740209819561.09ecf185-65f7-47f6-b97b-f1ad9af49446@smtp.hubapi.com>","","","","","","","20185","AbBatch","","","","","","","","","","","","","",""
"marvin.herzog@ibfinanz.de","6890244","348332491","","Wir schenken Ihnen drei Monate ProvenExpert ","""Denise von ProvenExpert"" <denise@provenexpert.com>","[support@provenexpert.com]","[]","[]","2025-02-22 08:36:59","09ecf185-65f7-47f6-b97b-f1ad9af49446","SENT","09ecf185-65f7-47f6-b97b-f1ad9af49446","2025-02-22 08:36:59","<1740209819561.09ecf185-65f7-47f6-b97b-f1ad9af49446@smtp.hubapi.com>","","","","","","","20185","AbBatch","","","","","","","","","","","","","",""
"info@matriximpuls.com","6890244","348332491","","Wir schenken Ihnen drei Monate ProvenExpert ","""Denise von ProvenExpert"" <denise@provenexpert.com>","[support@provenexpert.com]","[]","[]","2025-02-22 08:37:01","f697d6cf-8ff9-4f65-95b2-2ca78e405b0a","SENT","f697d6cf-8ff9-4f65-95b2-2ca78e405b0a","2025-02-22 08:37:01","<1740209821608.f697d6cf-8ff9-4f65-95b2-2ca78e405b0a@smtp.hubapi.com>","","","","","","","20185","AbBatch","","","","","","","","","","","","","",""
"info@matriximpuls.com","6890244","348332491","","Wir schenken Ihnen drei Monate ProvenExpert ","""Denise von ProvenExpert"" <denise@provenexpert.com>","[support@provenexpert.com]","[]","[]","2025-02-22 08:37:01","f697d6cf-8ff9-4f65-95b2-2ca78e405b0a","OPEN","cb93048e-f6c5-3134-9180-e88ccfef8a90","2025-02-26 21:02:04","<1740209821608.f697d6cf-8ff9-4f65-95b2-2ca78e405b0a@smtp.hubapi.com>","","","","","","","20185","AbBatch","Mozilla/4.0 (compatible; ms-office; MSOffice 16)","lindau","bayern","GERMANY","","","","5046","","","","","",""
"info@amaterasu-facility.de","6890244","348332492","","299 € sparen und alle Vorteile für mehr Monate genießen!","""Denise von ProvenExpert"" <denise@provenexpert.com>","[support@provenexpert.com]","[]","[]","2025-02-22 08:36:58","6781b17e-5bef-43d9-b90f-cd9dd14ffdff","DROPPED","6781b17e-5bef-43d9-b90f-cd9dd14ffdff","2025-02-22 08:36:58","<1740209818767.6781b17e-5bef-43d9-b90f-cd9dd14ffdff@smtp.hubapi.com>","","","69d89fe9-db00-3b8d-aed6-416670a2e524","2023-10-19 07:33:01","PREVIOUSLY_BOUNCED","Recipient has previously bounced.","20185","AbBatch","","","","","","","","","554","554 5.7.1 <info@amaterasu-facility.de>: Recipient address rejected: Mailbox disabled, not accepting message","554 5.7.1 <info@amaterasu-facility.de>: Recipient address rejected: Mailbox disabled, not accepting message","","",""
"info@matriximpuls.com","6890244","348332491","","Wir schenken Ihnen drei Monate ProvenExpert ","""Denise von ProvenExpert"" <denise@provenexpert.com>","[support@provenexpert.com]","[]","[]","2025-02-22 08:37:01","f697d6cf-8ff9-4f65-95b2-2ca78e405b0a","DELIVERED","de868551-1759-3573-8ffc-1fe78382f6d7","2025-02-22 08:37:04","<1740209821608.f697d6cf-8ff9-4f65-95b2-2ca78e405b0a@smtp.hubapi.com>","","","","","","","20185","AbBatch","","","","","","","","","","","","","",""
"kevintheuratsbacher@gmail.com","6890244","348332491","","Wir schenken Ihnen drei Monate ProvenExpert ","""Denise von ProvenExpert"" <denise@provenexpert.com>","[support@provenexpert.com]","[]","[]","2025-02-22 08:36:58","fd833331-7dda-4f7e-8fe6-a0fc78d8016d","SENT","fd833331-7dda-4f7e-8fe6-a0fc78d8016d","2025-02-22 08:36:58","<1740209818540.fd833331-7dda-4f7e-8fe6-a0fc78d8016d@smtp.hubapi.com>","","","","","","","20185","AbBatch","","","","","","","","","","","","","",""
"kevintheuratsbacher@gmail.com","6890244","348332491","","Wir schenken Ihnen drei Monate ProvenExpert ","""Denise von ProvenExpert"" <denise@provenexpert.com>","[support@provenexpert.com]","[]","[]","2025-02-22 08:36:58","fd833331-7dda-4f7e-8fe6-a0fc78d8016d","DELIVERED","534745fc-2d5b-3bac-938f-378072df6976","2025-02-22 08:36:59","<1740209818540.fd833331-7dda-4f7e-8fe6-a0fc78d8016d@smtp.hubapi.com>","","","","","","","20185","AbBatch","","","","","","","","","","","","","",""
"info@wunderfitzig-stressberatung.de","6890244","348332491","","Wir schenken Ihnen drei Monate ProvenExpert ","""Denise von ProvenExpert"" <denise@provenexpert.com>","[support@provenexpert.com]","[]","[]","2025-02-22 08:36:58","044d4dbe-9a92-4d6e-970e-3f6726e6df0f","DELIVERED","a19b51c6-d853-38db-bdc6-d4ace49ab9cb","2025-02-22 08:37:03","<1740209818947.044d4dbe-9a92-4d6e-970e-3f6726e6df0f@smtp.hubapi.com>","","","","","","","20185","AbBatch","","","","","","","","","","","","","",""
"info@wunderfitzig-stressberatung.de","6890244","348332491","","Wir schenken Ihnen drei Monate ProvenExpert ","""Denise von ProvenExpert"" <denise@provenexpert.com>","[support@provenexpert.com]","[]","[]","2025-02-22 08:36:58","044d4dbe-9a92-4d6e-970e-3f6726e6df0f","OPEN","ba56f00f-10cf-3aef-a35b-ff7f20c399be","2025-02-22 09:00:32","<1740209818947.044d4dbe-9a92-4d6e-970e-3f6726e6df0f@smtp.hubapi.com>","","","","","","","20185","AbBatch","Mozilla/5.0 (Windows NT 5.1; rv:11.0) Gecko Firefox/11.0 (via ggpht.com GoogleImageProxy)","Unknown","Unknown","Unknown","","","","0","","","","","",""
"info@wunderfitzig-stressberatung.de","6890244","348332491","","Wir schenken Ihnen drei Monate ProvenExpert ","""Denise von ProvenExpert"" <denise@provenexpert.com>","[support@provenexpert.com]","[]","[]","2025-02-22 08:36:58","044d4dbe-9a92-4d6e-970e-3f6726e6df0f","SENT","044d4dbe-9a92-4d6e-970e-3f6726e6df0f","2025-02-22 08:36:58","<1740209818947.044d4dbe-9a92-4d6e-970e-3f6726e6df0f@smtp.hubapi.com>","","","","","","","20185","AbBatch","","","","","","","","","","","","","",""
"kontakt@annikaklaus.de","6890244","348332492","","299 € sparen und alle Vorteile für mehr Monate genießen!","""Denise von ProvenExpert"" <denise@provenexpert.com>","[support@provenexpert.com]","[]","[]","2025-02-22 08:37:00","f46ee3e7-8833-4ab8-9a8b-3f5be12175c5","DELIVERED","f1c0d77c-f1bb-3694-a576-a68a83622db6","2025-02-22 08:37:02","<1740209820899.f46ee3e7-8833-4ab8-9a8b-3f5be12175c5@smtp.hubapi.com>","","","","","","","20185","AbBatch","","","","","","","","","","","","","",""
"kontakt@annikaklaus.de","6890244","348332492","","299 € sparen und alle Vorteile für mehr Monate genießen!","""Denise von ProvenExpert"" <denise@provenexpert.com>","[support@provenexpert.com]","[]","[]","2025-02-22 08:37:00","f46ee3e7-8833-4ab8-9a8b-3f5be12175c5","SENT","f46ee3e7-8833-4ab8-9a8b-3f5be12175c5","2025-02-22 08:37:00","<1740209820899.f46ee3e7-8833-4ab8-9a8b-3f5be12175c5@smtp.hubapi.com>","","","","","","","20185","AbBatch","","","","","","","","","","","","","",""
"gattringerbirgit@gmail.com","6890244","348332491","","Wir schenken Ihnen drei Monate ProvenExpert ","""Denise von ProvenExpert"" <denise@provenexpert.com>","[support@provenexpert.com]","[]","[]","2025-02-22 08:37:00","58a63145-226b-4c2b-bbc8-b1a9a2eb67c1","OPEN","db19ac56-d0c4-341f-9ee9-282389930f28","2025-02-22 12:55:29","<1740209820699.58a63145-226b-4c2b-bbc8-b1a9a2eb67c1@smtp.hubapi.com>","","","","","","","20185","AbBatch","Mozilla/5.0 (Windows NT 5.1; rv:11.0) Gecko Firefox/11.0 (via ggpht.com GoogleImageProxy)","Unknown","Unknown","Unknown","","","","0","","","","","",""
"gattringerbirgit@gmail.com","6890244","348332491","","Wir schenken Ihnen drei Monate ProvenExpert ","""Denise von ProvenExpert"" <denise@provenexpert.com>","[support@provenexpert.com]","[]","[]","2025-02-22 08:37:00","58a63145-226b-4c2b-bbc8-b1a9a2eb67c1","SENT","58a63145-226b-4c2b-bbc8-b1a9a2eb67c1","2025-02-22 08:37:00","<1740209820699.58a63145-226b-4c2b-bbc8-b1a9a2eb67c1@smtp.hubapi.com>","","","","","","","20185","AbBatch","","","","","","","","","","","","","",""
"gattringerbirgit@gmail.com","6890244","348332491","","Wir schenken Ihnen drei Monate ProvenExpert ","""Denise von ProvenExpert"" <denise@provenexpert.com>","[support@provenexpert.com]","[]","[]","2025-02-22 08:37:00","58a63145-226b-4c2b-bbc8-b1a9a2eb67c1","DELIVERED","7e00fc77-39e2-33a5-9ad3-6f08f9d912ec","2025-02-22 08:37:01","<1740209820699.58a63145-226b-4c2b-bbc8-b1a9a2eb67c1@smtp.hubapi.com>","","","","","","","20185","AbBatch","","","","","","","","","","","","","",""
"surab.krieg@gmail.com","6890244","348332492","","299 € sparen und alle Vorteile für mehr Monate genießen!","""Denise von ProvenExpert"" <denise@provenexpert.com>","[support@provenexpert.com]","[]","[]","2025-02-22 08:36:59","5eb5be64-b59f-49f0-b56c-f36253cf95fc","SENT","5eb5be64-b59f-49f0-b56c-f36253cf95fc","2025-02-22 08:36:59","<1740209819692.5eb5be64-b59f-49f0-b56c-f36253cf95fc@smtp.hubapi.com>","","","","","","","20185","AbBatch","","","","","","","","","","","","","",""
"surab.krieg@gmail.com","6890244","348332492","","299 € sparen und alle Vorteile für mehr Monate genießen!","""Denise von ProvenExpert"" <denise@provenexpert.com>","[support@provenexpert.com]","[]","[]","2025-02-22 08:36:59","5eb5be64-b59f-49f0-b56c-f36253cf95fc","DELIVERED","6a9cd017-1a78-336e-ba9f-ffc0366c71b8","2025-02-22 08:37:00","<1740209819692.5eb5be64-b59f-49f0-b56c-f36253cf95fc@smtp.hubapi.com>","","","","","","","20185","AbBatch","","","","","","","","","","","","","",""
"p.wetzstein@life-fitness-ol.de","6890244","348332491","","Wir schenken Ihnen drei Monate ProvenExpert ","""Denise von ProvenExpert"" <denise@provenexpert.com>","[support@provenexpert.com]","[]","[]","2025-02-22 08:37:00","d2690b02-0e11-4243-b579-241a9f7068eb","DELIVERED","58803d56-1a54-3dd0-b7ec-1d3b79759015","2025-02-22 08:37:02","<1740209820301.d2690b02-0e11-4243-b579-241a9f7068eb@smtp.hubapi.com>","","","","","","","20185","AbBatch","","","","","","","","","","","","","",""
"p.wetzstein@life-fitness-ol.de","6890244","348332491","","Wir schenken Ihnen drei Monate ProvenExpert ","""Denise von ProvenExpert"" <denise@provenexpert.com>","[support@provenexpert.com]","[]","[]","2025-02-22 08:37:00","d2690b02-0e11-4243-b579-241a9f7068eb","SENT","d2690b02-0e11-4243-b579-241a9f7068eb","2025-02-22 08:37:00","<1740209820301.d2690b02-0e11-4243-b579-241a9f7068eb@smtp.hubapi.com>","","","","","","","20185","AbBatch","","","","","","","","","","","","","",""
"office@business-db.com","6890244","348332491","","Wir schenken Ihnen drei Monate ProvenExpert ","""Denise von ProvenExpert"" <denise@provenexpert.com>","[support@provenexpert.com]","[]","[]","2025-02-22 08:36:59","f2dabf33-5fb2-40c6-b0d8-dfa5c53b3ca4","DELIVERED","17b6a2de-e259-3642-8e86-a360a0cccc0f","2025-02-22 08:37:02","<1740209819182.f2dabf33-5fb2-40c6-b0d8-dfa5c53b3ca4@smtp.hubapi.com>","","","","","","","20185","AbBatch","","","","","","","","","","","","","",""
"office@business-db.com","6890244","348332491","","Wir schenken Ihnen drei Monate ProvenExpert ","""Denise von ProvenExpert"" <denise@provenexpert.com>","[support@provenexpert.com]","[]","[]","2025-02-22 08:36:59","f2dabf33-5fb2-40c6-b0d8-dfa5c53b3ca4","SENT","f2dabf33-5fb2-40c6-b0d8-dfa5c53b3ca4","2025-02-22 08:36:59","<1740209819182.f2dabf33-5fb2-40c6-b0d8-dfa5c53b3ca4@smtp.hubapi.com>","","","","","","","20185","AbBatch","","","","","","","","","","","","","",""
"jc@jci.de","6890244","348332492","","299 € sparen und alle Vorteile für mehr Monate genießen!","""Denise von ProvenExpert"" <denise@provenexpert.com>","[support@provenexpert.com]","[]","[]","2025-02-22 08:36:59","05be01d5-622f-40b2-9c6c-ad8699af2d55","SENT","05be01d5-622f-40b2-9c6c-ad8699af2d55","2025-02-22 08:36:59","<1740209819236.05be01d5-622f-40b2-9c6c-ad8699af2d55@smtp.hubapi.com>","","","","","","","20185","AbBatch","","","","","","","","","","","","","",""
"jc@jci.de","6890244","348332492","","299 € sparen und alle Vorteile für mehr Monate genießen!","""Denise von ProvenExpert"" <denise@provenexpert.com>","[support@provenexpert.com]","[]","[]","2025-02-22 08:36:59","05be01d5-622f-40b2-9c6c-ad8699af2d55","DELIVERED","50d33f07-ea19-3287-88d4-ad0e2e09f371","2025-02-22 08:37:03","<1740209819236.05be01d5-622f-40b2-9c6c-ad8699af2d55@smtp.hubapi.com>","","","","","","","20185","AbBatch","","","","","","","","","","","","","",""
"info@4h-digital.de","6890244","348332491","","Wir schenken Ihnen drei Monate ProvenExpert ","""Denise von ProvenExpert"" <denise@provenexpert.com>","[support@provenexpert.com]","[]","[]","2025-02-22 08:37:00","9331e03d-bdd2-40ad-85d0-823bde482f40","SENT","9331e03d-bdd2-40ad-85d0-823bde482f40","2025-02-22 08:37:00","<1740209820207.9331e03d-bdd2-40ad-85d0-823bde482f40@smtp.hubapi.com>","","","","","","","20185","AbBatch","","","","","","","","","","","","","",""
"info@4h-digital.de","6890244","348332491","","Wir schenken Ihnen drei Monate ProvenExpert ","""Denise von ProvenExpert"" <denise@provenexpert.com>","[support@provenexpert.com]","[]","[]","2025-02-22 08:37:00","9331e03d-bdd2-40ad-85d0-823bde482f40","DELIVERED","6681d86c-6ae1-33e0-a39e-28f4ef1ef0b4","2025-02-22 08:37:02","<1740209820207.9331e03d-bdd2-40ad-85d0-823bde482f40@smtp.hubapi.com>","","","","","","","20185","AbBatch","","","","","","","","","","","","","",""
"mail@theresakoeckeritz.de","6890244","348332492","","299 € sparen und alle Vorteile für mehr Monate genießen!","""Denise von ProvenExpert"" <denise@provenexpert.com>","[support@provenexpert.com]","[]","[]","2025-02-22 08:36:59","61c27219-a7b8-490c-a5dc-48245cec85c9","SENT","61c27219-a7b8-490c-a5dc-48245cec85c9","2025-02-22 08:36:59","<1740209819822.61c27219-a7b8-490c-a5dc-48245cec85c9@smtp.hubapi.com>","","","","","","","20185","AbBatch","","","","","","","","","","","","","",""
"mail@theresakoeckeritz.de","6890244","348332492","","299 € sparen und alle Vorteile für mehr Monate genießen!","""Denise von ProvenExpert"" <denise@provenexpert.com>","[support@provenexpert.com]","[]","[]","2025-02-22 08:36:59","61c27219-a7b8-490c-a5dc-48245cec85c9","DELIVERED","6e335867-c824-3a24-991c-b2c15e8432bb","2025-02-22 08:37:03","<1740209819822.61c27219-a7b8-490c-a5dc-48245cec85c9@smtp.hubapi.com>","","","","","","","20185","AbBatch","","","","","","","","","","","","","",""
"info@michael-rasimus.de","6890244","348332491","","Wir schenken Ihnen drei Monate ProvenExpert ","""Denise von ProvenExpert"" <denise@provenexpert.com>","[support@provenexpert.com]","[]","[]","2025-02-22 08:37:01","9fab24fc-19c0-4aad-899a-66628b0b58b0","SENT","9fab24fc-19c0-4aad-899a-66628b0b58b0","2025-02-22 08:37:01","<1740209821410.9fab24fc-19c0-4aad-899a-66628b0b58b0@smtp.hubapi.com>","","","","","","","20185","AbBatch","","","","","","","","","","","","","",""
"info@michael-rasimus.de","6890244","348332491","","Wir schenken Ihnen drei Monate ProvenExpert ","""Denise von ProvenExpert"" <denise@provenexpert.com>","[support@provenexpert.com]","[]","[]","2025-02-22 08:37:01","9fab24fc-19c0-4aad-899a-66628b0b58b0","DELIVERED","c714b1ab-8515-3a2d-b27b-37a69714cad1","2025-02-22 08:37:05","<1740209821410.9fab24fc-19c0-4aad-899a-66628b0b58b0@smtp.hubapi.com>","","","","","","","20185","AbBatch","","","","","","","","","","","","","",""
"info@amerika-motorcycle-tours.com","6890244","348332492","","299 € sparen und alle Vorteile für mehr Monate genießen!","""Denise von ProvenExpert"" <denise@provenexpert.com>","[support@provenexpert.com]","[]","[]","2025-02-22 08:37:01","52330ce8-101f-4d27-95cf-f1001ffbdd04","DELIVERED","486dde20-3a1c-3e1d-b8aa-ee7c951de569","2025-02-22 08:37:04","<1740209821123.52330ce8-101f-4d27-95cf-f1001ffbdd04@smtp.hubapi.com>","","","","","","","20185","AbBatch","","","","","","","","","","","","","",""
"info@amerika-motorcycle-tours.com","6890244","348332492","","299 € sparen und alle Vorteile für mehr Monate genießen!","""Denise von ProvenExpert"" <denise@provenexpert.com>","[support@provenexpert.com]","[]","[]","2025-02-22 08:37:01","52330ce8-101f-4d27-95cf-f1001ffbdd04","SENT","52330ce8-101f-4d27-95cf-f1001ffbdd04","2025-02-22 08:37:01","<1740209821123.52330ce8-101f-4d27-95cf-f1001ffbdd04@smtp.hubapi.com>","","","","","","","20185","AbBatch","","","","","","","","","","","","","",""
"t.jornitz@brinell-finance.de","6890244","348332492","","299 € sparen und alle Vorteile für mehr Monate genießen!","""Denise von ProvenExpert"" <denise@provenexpert.com>","[support@provenexpert.com]","[]","[]","2025-02-22 08:37:01","2effc600-281f-4866-a0b3-1f71285d2783","SENT","2effc600-281f-4866-a0b3-1f71285d2783","2025-02-22 08:37:01","<1740209821456.2effc600-281f-4866-a0b3-1f71285d2783@smtp.hubapi.com>","","","","","","","20185","AbBatch","","","","","","","","","","","","","",""
"t.jornitz@brinell-finance.de","6890244","348332492","","299 € sparen und alle Vorteile für mehr Monate genießen!","""Denise von ProvenExpert"" <denise@provenexpert.com>","[support@provenexpert.com]","[]","[]","2025-02-22 08:37:01","2effc600-281f-4866-a0b3-1f71285d2783","DELIVERED","5305299e-c0d2-3dea-9014-22e6cf37e392","2025-02-22 08:37:02","<1740209821456.2effc600-281f-4866-a0b3-1f71285d2783@smtp.hubapi.com>","","","","","","","20185","AbBatch","","","","","","","","","","","","","",""
"info@oase-hammelburg.de","6890244","348332492","","299 € sparen und alle Vorteile für mehr Monate genießen!","""Denise von ProvenExpert"" <denise@provenexpert.com>","[support@provenexpert.com]","[]","[]","2025-02-22 08:37:00","6f3d427c-2e7c-4977-82eb-c1a57e45c470","DELIVERED","b6f67de5-ddd2-3915-b17f-004a8b8a9232","2025-02-22 08:37:03","<1740209820326.6f3d427c-2e7c-4977-82eb-c1a57e45c470@smtp.hubapi.com>","","","","","","","20185","AbBatch","","","","","","","","","","","","","",""
"info@oase-hammelburg.de","6890244","348332492","","299 € sparen und alle Vorteile für mehr Monate genießen!","""Denise von ProvenExpert"" <denise@provenexpert.com>","[support@provenexpert.com]","[]","[]","2025-02-22 08:37:00","6f3d427c-2e7c-4977-82eb-c1a57e45c470","SENT","6f3d427c-2e7c-4977-82eb-c1a57e45c470","2025-02-22 08:37:00","<1740209820326.6f3d427c-2e7c-4977-82eb-c1a57e45c470@smtp.hubapi.com>","","","","","","","20185","AbBatch","","","","","","","","","","","","","",""
"silvia.braun.1@gmx.de","6890244","348332491","","Wir schenken Ihnen drei Monate ProvenExpert ","""Denise von ProvenExpert"" <denise@provenexpert.com>","[support@provenexpert.com]","[]","[]","2025-02-22 08:37:01","638812fd-c8c1-4494-84d5-38b3f44db977","DELIVERED","c0d2c944-06fb-3271-8bbb-56296e4cc434","2025-02-22 08:37:02","<1740209821452.638812fd-c8c1-4494-84d5-38b3f44db977@smtp.hubapi.com>","","","","","","","20185","AbBatch","","","","","","","","","","","","","",""
"silvia.braun.1@gmx.de","6890244","348332491","","Wir schenken Ihnen drei Monate ProvenExpert ","""Denise von ProvenExpert"" <denise@provenexpert.com>","[support@provenexpert.com]","[]","[]","2025-02-22 08:37:01","638812fd-c8c1-4494-84d5-38b3f44db977","SENT","638812fd-c8c1-4494-84d5-38b3f44db977","2025-02-22 08:37:01","<1740209821452.638812fd-c8c1-4494-84d5-38b3f44db977@smtp.hubapi.com>","","","","","","","20185","AbBatch","","","","","","","","","","","","","",""
"immobilienservice@matzanke.net","6890244","348332492","","299 € sparen und alle Vorteile für mehr Monate genießen!","""Denise von ProvenExpert"" <denise@provenexpert.com>","[support@provenexpert.com]","[]","[]","2025-02-22 08:37:02","5d70e135-4bad-4272-9843-aa53a5083800","SENT","5d70e135-4bad-4272-9843-aa53a5083800","2025-02-22 08:37:02","<1740209822636.5d70e135-4bad-4272-9843-aa53a5083800@smtp.hubapi.com>","","","","","","","20185","AbBatch","","","","","","","","","","","","","",""
"immobilienservice@matzanke.net","6890244","348332492","","299 € sparen und alle Vorteile für mehr Monate genießen!","""Denise von ProvenExpert"" <denise@provenexpert.com>","[support@provenexpert.com]","[]","[]","2025-02-22 08:37:02","5d70e135-4bad-4272-9843-aa53a5083800","DELIVERED","cb78696e-a69e-3b9f-94cf-679fd6afb77b","2025-02-22 08:37:06","<1740209822636.5d70e135-4bad-4272-9843-aa53a5083800@smtp.hubapi.com>","","","","","","","20185","AbBatch","","","","","","","","","","","","","",""
"kontakt@lhi.immo","6890244","348332492","","299 € sparen und alle Vorteile für mehr Monate genießen!","""Denise von ProvenExpert"" <denise@provenexpert.com>","[support@provenexpert.com]","[]","[]","2025-02-22 08:36:58","d73e51db-017b-434c-a6d2-8c8a918f2cd7","DELIVERED","bc11eea9-d158-396d-b6e1-81bb360631b2","2025-02-22 08:37:02","<1740209818946.d73e51db-017b-434c-a6d2-8c8a918f2cd7@smtp.hubapi.com>","","","","","","","20185","AbBatch","","","","","","","","","","","","","",""
"kontakt@lhi.immo","6890244","348332492","","299 € sparen und alle Vorteile für mehr Monate genießen!","""Denise von ProvenExpert"" <denise@provenexpert.com>","[support@provenexpert.com]","[]","[]","2025-02-22 08:36:58","d73e51db-017b-434c-a6d2-8c8a918f2cd7","SENT","d73e51db-017b-434c-a6d2-8c8a918f2cd7","2025-02-22 08:36:58","<1740209818946.d73e51db-017b-434c-a6d2-8c8a918f2cd7@smtp.hubapi.com>","","","","","","","20185","AbBatch","","","","","","","","","","","","","",""
"polz@polz-fuhr.de","6890244","348332492","","299 € sparen und alle Vorteile für mehr Monate genießen!","""Denise von ProvenExpert"" <denise@provenexpert.com>","[support@provenexpert.com]","[]","[]","2025-02-22 08:37:01","a0ebb950-e413-43fc-9186-79822d8cf324","SENT","a0ebb950-e413-43fc-9186-79822d8cf324","2025-02-22 08:37:01","<1740209821674.a0ebb950-e413-43fc-9186-79822d8cf324@smtp.hubapi.com>","","","","","","","20185","AbBatch","","","","","","","","","","","","","",""
"polz@polz-fuhr.de","6890244","348332492","","299 € sparen und alle Vorteile für mehr Monate genießen!","""Denise von ProvenExpert"" <denise@provenexpert.com>","[support@provenexpert.com]","[]","[]","2025-02-22 08:37:01","a0ebb950-e413-43fc-9186-79822d8cf324","DELIVERED","d5254096-b1ce-3e3d-9d60-c78c9085b71b","2025-02-22 08:37:04","<1740209821674.a0ebb950-e413-43fc-9186-79822d8cf324@smtp.hubapi.com>","","","","","","","20185","AbBatch","","","","","","","","","","","","","",""
"info@wp-bistro.de","6890244","348332491","","Wir schenken Ihnen drei Monate ProvenExpert ","""Denise von ProvenExpert"" <denise@provenexpert.com>","[support@provenexpert.com]","[]","[]","2025-02-22 08:36:57","28e402f3-5de5-4886-99c8-0ae3c9e14394","SENT","28e402f3-5de5-4886-99c8-0ae3c9e14394","2025-02-22 08:36:57","<1740209817794.28e402f3-5de5-4886-99c8-0ae3c9e14394@smtp.hubapi.com>","","","","","","","20185","AbBatch","","","","","","","","","","","","","",""
"info@wp-bistro.de","6890244","348332491","","Wir schenken Ihnen drei Monate ProvenExpert ","""Denise von ProvenExpert"" <denise@provenexpert.com>","[support@provenexpert.com]","[]","[]","2025-02-22 08:36:57","28e402f3-5de5-4886-99c8-0ae3c9e14394","DELIVERED","12fc5649-e794-3ae8-80cd-18ce5a9a3aee","2025-02-22 08:36:59","<1740209817794.28e402f3-5de5-4886-99c8-0ae3c9e14394@smtp.hubapi.com>","","","","","","","20185","AbBatch","","","","","","","","","","","","","",""
"info@suaheli-sprachmittlung.de","6890244","348332492","","299 € sparen und alle Vorteile für mehr Monate genießen!","""Denise von ProvenExpert"" <denise@provenexpert.com>","[support@provenexpert.com]","[]","[]","2025-02-22 08:36:57","44dae8b2-6d6a-45d8-a5c8-41c4a7269ed9","SENT","44dae8b2-6d6a-45d8-a5c8-41c4a7269ed9","2025-02-22 08:36:57","<1740209817965.44dae8b2-6d6a-45d8-a5c8-41c4a7269ed9@smtp.hubapi.com>","","","","","","","20185","AbBatch","","","","","","","","","","","","","",""
"info@suaheli-sprachmittlung.de","6890244","348332492","","299 € sparen und alle Vorteile für mehr Monate genießen!","""Denise von ProvenExpert"" <denise@provenexpert.com>","[support@provenexpert.com]","[]","[]","2025-02-22 08:36:57","44dae8b2-6d6a-45d8-a5c8-41c4a7269ed9","DELIVERED","dba400cc-a9d9-3603-a0f8-d1c8bda42a7a","2025-02-22 08:36:59","<1740209817965.44dae8b2-6d6a-45d8-a5c8-41c4a7269ed9@smtp.hubapi.com>","","","","","","","20185","AbBatch","","","","","","","","","","","","","",""
"host@carinahillenbrand.com","6890244","348332492","","299 € sparen und alle Vorteile für mehr Monate genießen!","""Denise von ProvenExpert"" <denise@provenexpert.com>","[support@provenexpert.com]","[]","[]","2025-02-22 08:36:59","c4a50e71-beea-443b-9e1f-3fd521b93fbb","DELIVERED","9de0ab08-921b-349f-b680-94ec26fac5a0","2025-02-22 08:37:43","<1740209819367.c4a50e71-beea-443b-9e1f-3fd521b93fbb@smtp.hubapi.com>","","","","","","","20185","AbBatch","","","","","","","","","","","","","",""
"host@carinahillenbrand.com","6890244","348332492","","299 € sparen und alle Vorteile für mehr Monate genießen!","""Denise von ProvenExpert"" <denise@provenexpert.com>","[support@provenexpert.com]","[]","[]","2025-02-22 08:36:59","c4a50e71-beea-443b-9e1f-3fd521b93fbb","SENT","c4a50e71-beea-443b-9e1f-3fd521b93fbb","2025-02-22 08:36:59","<1740209819367.c4a50e71-beea-443b-9e1f-3fd521b93fbb@smtp.hubapi.com>","","","","","","","20185","AbBatch","","","","","","","","","","","","","",""
"anfrage@alphamen-mentoring.com","6890244","348332491","","Wir schenken Ihnen drei Monate ProvenExpert ","""Denise von ProvenExpert"" <denise@provenexpert.com>","[support@provenexpert.com]","[]","[]","2025-02-22 08:36:59","c52d4b8d-1e9a-4ea9-8c26-f48659812569","SENT","c52d4b8d-1e9a-4ea9-8c26-f48659812569","2025-02-22 08:36:59","<1740209819602.c52d4b8d-1e9a-4ea9-8c26-f48659812569@smtp.hubapi.com>","","","","","","","20185","AbBatch","","","","","","","","","","","","","",""
"anfrage@alphamen-mentoring.com","6890244","348332491","","Wir schenken Ihnen drei Monate ProvenExpert ","""Denise von ProvenExpert"" <denise@provenexpert.com>","[support@provenexpert.com]","[]","[]","2025-02-22 08:36:59","c52d4b8d-1e9a-4ea9-8c26-f48659812569","DELIVERED","d26bbac6-7da7-39c4-9f90-9fff80a7401c","2025-02-22 08:37:01","<1740209819602.c52d4b8d-1e9a-4ea9-8c26-f48659812569@smtp.hubapi.com>","","","","","","","20185","AbBatch","","","","","","","","","","","","","",""
"thomas.scholz@safe-versicherungsmakler.de","6890244","348332492","","299 € sparen und alle Vorteile für mehr Monate genießen!","""Denise von ProvenExpert"" <denise@provenexpert.com>","[support@provenexpert.com]","[]","[]","2025-02-22 08:36:59","ddf9a7e3-64c6-446b-a381-2c60d7a06b1b","DELIVERED","08ed547e-1b73-3147-b84d-175c94c098bf","2025-02-22 08:37:01","<1740209819318.ddf9a7e3-64c6-446b-a381-2c60d7a06b1b@smtp.hubapi.com>","","","","","","","20185","AbBatch","","","","","","","","","","","","","",""
"thomas.scholz@safe-versicherungsmakler.de","6890244","348332492","","299 € sparen und alle Vorteile für mehr Monate genießen!","""Denise von ProvenExpert"" <denise@provenexpert.com>","[support@provenexpert.com]","[]","[]","2025-02-22 08:36:59","ddf9a7e3-64c6-446b-a381-2c60d7a06b1b","SENT","ddf9a7e3-64c6-446b-a381-2c60d7a06b1b","2025-02-22 08:36:59","<1740209819318.ddf9a7e3-64c6-446b-a381-2c60d7a06b1b@smtp.hubapi.com>","","","","","","","20185","AbBatch","","","","","","","","","","","","","",""
"info@jan-preuss.de","6890244","348332492","","299 € sparen und alle Vorteile für mehr Monate genießen!","""Denise von ProvenExpert"" <denise@provenexpert.com>","[support@provenexpert.com]","[]","[]","2025-02-22 08:37:00","ddca2753-169d-47c6-b449-d7956867a5c6","SENT","ddca2753-169d-47c6-b449-d7956867a5c6","2025-02-22 08:37:00","<1740209820939.ddca2753-169d-47c6-b449-d7956867a5c6@smtp.hubapi.com>","","","","","","","20185","AbBatch","","","","","","","","","","","","","",""
"info@jan-preuss.de","6890244","348332492","","299 € sparen und alle Vorteile für mehr Monate genießen!","""Denise von ProvenExpert"" <denise@provenexpert.com>","[support@provenexpert.com]","[]","[]","2025-02-22 08:37:00","ddca2753-169d-47c6-b449-d7956867a5c6","OPEN","94077231-5cc1-3046-b343-460024af7658","2025-02-23 11:10:02","<1740209820939.ddca2753-169d-47c6-b449-d7956867a5c6@smtp.hubapi.com>","","","","","","","20185","AbBatch","Mozilla/5.0 (compatible; MSIE 10.0; Windows NT 10.0; Win64; x64; Trident/7.0; Microsoft Outlook 16.0.10416; ms-office; MSOffice 16)","jesteburg","niedersachsen","GERMANY","","","","5138","","","","","",""
"info@jan-preuss.de","6890244","348332492","","299 € sparen und alle Vorteile für mehr Monate genießen!","""Denise von ProvenExpert"" <denise@provenexpert.com>","[support@provenexpert.com]","[]","[]","2025-02-22 08:37:00","ddca2753-169d-47c6-b449-d7956867a5c6","DELIVERED","8bfd7172-aeaa-372e-bd96-8a35b0064b04","2025-02-22 08:37:02","<1740209820939.ddca2753-169d-47c6-b449-d7956867a5c6@smtp.hubapi.com>","","","","","","","20185","AbBatch","","","","","","","","","","","","","",""
"info@jan-preuss.de","6890244","348332492","","299 € sparen und alle Vorteile für mehr Monate genießen!","""Denise von ProvenExpert"" <denise@provenexpert.com>","[support@provenexpert.com]","[]","[]","2025-02-22 08:37:00","ddca2753-169d-47c6-b449-d7956867a5c6","OPEN","7abb90ba-2390-3d67-9494-14063e1a6328","2025-02-22 11:16:09","<1740209820939.ddca2753-169d-47c6-b449-d7956867a5c6@smtp.hubapi.com>","","","","","","","20185","AbBatch","Mozilla/5.0 (compatible; MSIE 10.0; Windows NT 10.0; Win64; x64; Trident/7.0; Microsoft Outlook 16.0.10416; ms-office; MSOffice 16)","jesteburg","niedersachsen","GERMANY","","","","1304","","","","","",""
"info@jan-preuss.de","6890244","348332492","","299 € sparen und alle Vorteile für mehr Monate genießen!","""Denise von ProvenExpert"" <denise@provenexpert.com>","[support@provenexpert.com]","[]","[]","2025-02-22 08:37:00","ddca2753-169d-47c6-b449-d7956867a5c6","OPEN","d5ee1555-a45f-3873-956e-15fe829926c3","2025-02-22 11:17:51","<1740209820939.ddca2753-169d-47c6-b449-d7956867a5c6@smtp.hubapi.com>","","","","","","","20185","AbBatch","Mozilla/5.0 (compatible; MSIE 10.0; Windows NT 10.0; Win64; x64; Trident/7.0; Microsoft Outlook 16.0.10416; ms-office; MSOffice 16)","jesteburg","niedersachsen","GERMANY","","","","3747","","","","","",""
"info@digitalisman.de","6890244","348332492","","299 € sparen und alle Vorteile für mehr Monate genießen!","""Denise von ProvenExpert"" <denise@provenexpert.com>","[support@provenexpert.com]","[]","[]","2025-02-22 08:37:02","90cfba3f-5e53-4678-a79e-427a201d3960","SENT","90cfba3f-5e53-4678-a79e-427a201d3960","2025-02-22 08:37:02","<1740209822098.90cfba3f-5e53-4678-a79e-427a201d3960@smtp.hubapi.com>","","","","","","","20185","AbBatch","","","","","","","","","","","","","",""
"info@digitalisman.de","6890244","348332492","","299 € sparen und alle Vorteile für mehr Monate genießen!","""Denise von ProvenExpert"" <denise@provenexpert.com>","[support@provenexpert.com]","[]","[]","2025-02-22 08:37:02","90cfba3f-5e53-4678-a79e-427a201d3960","DELIVERED","ab0350c5-c7ba-3958-9da0-6f1e4e69de22","2025-02-22 08:37:04","<1740209822098.90cfba3f-5e53-4678-a79e-427a201d3960@smtp.hubapi.com>","","","","","","","20185","AbBatch","","","","","","","","","","","","","",""
"info@digitalisman.de","6890244","348332492","","299 € sparen und alle Vorteile für mehr Monate genießen!","""Denise von ProvenExpert"" <denise@provenexpert.com>","[support@provenexpert.com]","[]","[]","2025-02-22 08:37:02","90cfba3f-5e53-4678-a79e-427a201d3960","OPEN","c0863c76-ac9e-30f2-86ff-449829d40710","2025-02-22 18:14:28","<1740209822098.90cfba3f-5e53-4678-a79e-427a201d3960@smtp.hubapi.com>","","","","","","","20185","AbBatch","Mozilla/5.0 (iPhone; CPU iPhone OS 18_2_1 like Mac OS X) AppleWebKit/605.1.15 (KHTML, like Gecko) Mobile/15E148","","hessen","GERMANY","","","","19828","","","","","",""
"info@digitalisman.de","6890244","348332492","","299 € sparen und alle Vorteile für mehr Monate genießen!","""Denise von ProvenExpert"" <denise@provenexpert.com>","[support@provenexpert.com]","[]","[]","2025-02-22 08:37:02","90cfba3f-5e53-4678-a79e-427a201d3960","OPEN","31cdfd0b-cac4-393c-a644-de1f462192a4","2025-02-22 18:14:29","<1740209822098.90cfba3f-5e53-4678-a79e-427a201d3960@smtp.hubapi.com>","","","","","","","20185","AbBatch","Mozilla/5.0 (iPhone; CPU iPhone OS 18_2_1 like Mac OS X) AppleWebKit/605.1.15 (KHTML, like Gecko) Mobile/15E148","","hessen","GERMANY","","","","15242","","","","","",""
"info@sportlichversichert.de","6890244","348332491","","Wir schenken Ihnen drei Monate ProvenExpert ","""Denise von ProvenExpert"" <denise@provenexpert.com>","[support@provenexpert.com]","[]","[]","2025-02-22 08:37:00","882ee1a5-0671-4dc9-a52c-fa467e6f01d3","SENT","882ee1a5-0671-4dc9-a52c-fa467e6f01d3","2025-02-22 08:37:00","<1740209820280.882ee1a5-0671-4dc9-a52c-fa467e6f01d3@smtp.hubapi.com>","","","","","","","20185","AbBatch","","","","","","","","","","","","","",""
"info@sportlichversichert.de","6890244","348332491","","Wir schenken Ihnen drei Monate ProvenExpert ","""Denise von ProvenExpert"" <denise@provenexpert.com>","[support@provenexpert.com]","[]","[]","2025-02-22 08:37:00","882ee1a5-0671-4dc9-a52c-fa467e6f01d3","DELIVERED","11b8111e-622a-3f69-a029-3493b5f1495f","2025-02-22 08:37:03","<1740209820280.882ee1a5-0671-4dc9-a52c-fa467e6f01d3@smtp.hubapi.com>","","","","","","","20185","AbBatch","","","","","","","","","","","","","",""
"info@secret-healing.com","6890244","348332492","","299 € sparen und alle Vorteile für mehr Monate genießen!","""Denise von ProvenExpert"" <denise@provenexpert.com>","[support@provenexpert.com]","[]","[]","2025-02-22 08:37:01","bed27eb5-594d-4812-b7f6-106ced701a32","SENT","bed27eb5-594d-4812-b7f6-106ced701a32","2025-02-22 08:37:01","<1740209821477.bed27eb5-594d-4812-b7f6-106ced701a32@smtp.hubapi.com>","","","","","","","20185","AbBatch","","","","","","","","","","","","","",""
"info@secret-healing.com","6890244","348332492","","299 € sparen und alle Vorteile für mehr Monate genießen!","""Denise von ProvenExpert"" <denise@provenexpert.com>","[support@provenexpert.com]","[]","[]","2025-02-22 08:37:01","bed27eb5-594d-4812-b7f6-106ced701a32","DELIVERED","8bc73880-38d0-357d-8063-1e31090fd63e","2025-02-22 08:37:06","<1740209821477.bed27eb5-594d-4812-b7f6-106ced701a32@smtp.hubapi.com>","","","","","","","20185","AbBatch","","","","","","","","","","","","","",""
"ulrike-braak@wohlfuehlzeit-verl.de","6890244","348332491","","Wir schenken Ihnen drei Monate ProvenExpert ","""Denise von ProvenExpert"" <denise@provenexpert.com>","[support@provenexpert.com]","[]","[]","2025-02-22 08:37:01","1c978bb7-9ed7-4bab-976d-02db08fb56f2","OPEN","d095c20b-85a9-3901-a107-c91c4c71f871","2025-02-22 08:47:14","<1740209821493.1c978bb7-9ed7-4bab-976d-02db08fb56f2@smtp.hubapi.com>","","","","","","","20185","AbBatch","Mozilla/5.0 (Windows NT 5.1; rv:11.0) Gecko Firefox/11.0 (via ggpht.com GoogleImageProxy)","Unknown","Unknown","Unknown","","","","0","","","","","",""
"ulrike-braak@wohlfuehlzeit-verl.de","6890244","348332491","","Wir schenken Ihnen drei Monate ProvenExpert ","""Denise von ProvenExpert"" <denise@provenexpert.com>","[support@provenexpert.com]","[]","[]","2025-02-22 08:37:01","1c978bb7-9ed7-4bab-976d-02db08fb56f2","OPEN","01fef340-4a95-386f-9602-f6cbf8060e50","2025-05-14 11:51:12","<1740209821493.1c978bb7-9ed7-4bab-976d-02db08fb56f2@smtp.hubapi.com>","","","","","","","20185","AbBatch","Mozilla/5.0 (Windows NT 5.1; rv:11.0) Gecko Firefox/11.0 (via ggpht.com GoogleImageProxy)","Unknown","Unknown","Unknown","","","","0","","","","","",""
"ulrike-braak@wohlfuehlzeit-verl.de","6890244","348332491","","Wir schenken Ihnen drei Monate ProvenExpert ","""Denise von ProvenExpert"" <denise@provenexpert.com>","[support@provenexpert.com]","[]","[]","2025-02-22 08:37:01","1c978bb7-9ed7-4bab-976d-02db08fb56f2","DELIVERED","53debf2e-a3d5-3da7-b721-8b4c302da26d","2025-02-22 08:37:03","<1740209821493.1c978bb7-9ed7-4bab-976d-02db08fb56f2@smtp.hubapi.com>","","","","","","","20185","AbBatch","","","","","","","","","","","","","",""
"ulrike-braak@wohlfuehlzeit-verl.de","6890244","348332491","","Wir schenken Ihnen drei Monate ProvenExpert ","""Denise von ProvenExpert"" <denise@provenexpert.com>","[support@provenexpert.com]","[]","[]","2025-02-22 08:37:01","1c978bb7-9ed7-4bab-976d-02db08fb56f2","SENT","1c978bb7-9ed7-4bab-976d-02db08fb56f2","2025-02-22 08:37:01","<1740209821493.1c978bb7-9ed7-4bab-976d-02db08fb56f2@smtp.hubapi.com>","","","","","","","20185","AbBatch","","","","","","","","","","","","","",""
"ulrike-braak@wohlfuehlzeit-verl.de","6890244","348332491","","Wir schenken Ihnen drei Monate ProvenExpert ","""Denise von ProvenExpert"" <denise@provenexpert.com>","[support@provenexpert.com]","[]","[]","2025-02-22 08:37:01","1c978bb7-9ed7-4bab-976d-02db08fb56f2","OPEN","a9faa9ab-12c0-3239-9aa8-9a429a2dca28","2025-03-24 10:36:20","<1740209821493.1c978bb7-9ed7-4bab-976d-02db08fb56f2@smtp.hubapi.com>","","","","","","","20185","AbBatch","Mozilla/5.0 (Windows NT 5.1; rv:11.0) Gecko Firefox/11.0 (via ggpht.com GoogleImageProxy)","Unknown","Unknown","Unknown","","","","0","","","","","",""
"ulrike-braak@wohlfuehlzeit-verl.de","6890244","348332491","","Wir schenken Ihnen drei Monate ProvenExpert ","""Denise von ProvenExpert"" <denise@provenexpert.com>","[support@provenexpert.com]","[]","[]","2025-02-22 08:37:01","1c978bb7-9ed7-4bab-976d-02db08fb56f2","OPEN","3d882732-53e2-39f9-92b4-67bed8f0b1f8","2025-02-22 08:47:14","<1740209821493.1c978bb7-9ed7-4bab-976d-02db08fb56f2@smtp.hubapi.com>","","","","","","","20185","AbBatch","Mozilla/5.0 (Windows NT 5.1; rv:11.0) Gecko Firefox/11.0 (via ggpht.com GoogleImageProxy)","Unknown","Unknown","Unknown","","","","0","","","","","",""
"info@my-heartland.de","6890244","348332492","","299 € sparen und alle Vorteile für mehr Monate genießen!","""Denise von ProvenExpert"" <denise@provenexpert.com>","[support@provenexpert.com]","[]","[]","2025-02-22 08:36:58","f1a59bff-22c2-43df-a4b7-72b094c3c673","SENT","f1a59bff-22c2-43df-a4b7-72b094c3c673","2025-02-22 08:36:58","<1740209818203.f1a59bff-22c2-43df-a4b7-72b094c3c673@smtp.hubapi.com>","","","","","","","20185","AbBatch","","","","","","","","","","","","","",""
"info@goalsandconcepts.de","6890244","348332492","","299 € sparen und alle Vorteile für mehr Monate genießen!","""Denise von ProvenExpert"" <denise@provenexpert.com>","[support@provenexpert.com]","[]","[]","2025-02-22 08:36:58","2ffa3616-0277-4879-86a0-c3177a99e4b1","DROPPED","2ffa3616-0277-4879-86a0-c3177a99e4b1","2025-02-22 08:36:58","<1740209818451.2ffa3616-0277-4879-86a0-c3177a99e4b1@smtp.hubapi.com>","","","b1018918-d62a-3d89-aca7-df752ebe81c5","2024-12-17 15:34:46","PREVIOUSLY_BOUNCED","Recipient has previously bounced.","20185","AbBatch","","","","","","","","","550","550-5.1.1 The email account that you tried to reach does not exist. Please try 550-5.1.1 double-checking the recipient's email address for typos or 550-5.1.1 unnecessary spaces. For more information, go to 550 5.1.1  https://support.google.com/mail/?p=NoSuchUser d75a77b69052e-467b2e9a72bsi95781011cf.339 - gsmtp","550-5.1.1 The email account that you tried to reach does not exist. Please try 550-5.1.1 double-checking the recipient's email address for typos or 550-5.1.1 unnecessary spaces. For more information, go to 550 5.1.1  https://support.google.com/mail/?p=NoSuchUser d75a77b69052e-467b2e9a72bsi95781011cf.339 - gsmtp","","",""
"info@my-heartland.de","6890244","348332492","","299 € sparen und alle Vorteile für mehr Monate genießen!","""Denise von ProvenExpert"" <denise@provenexpert.com>","[support@provenexpert.com]","[]","[]","2025-02-22 08:36:58","f1a59bff-22c2-43df-a4b7-72b094c3c673","DELIVERED","a1bd6073-9782-38d4-bcf1-e077fff86d50","2025-02-22 08:37:00","<1740209818203.f1a59bff-22c2-43df-a4b7-72b094c3c673@smtp.hubapi.com>","","","","","","","20185","AbBatch","","","","","","","","","","","","","",""
"provenexpert@veecom.one","6890244","348332491","","Wir schenken Ihnen drei Monate ProvenExpert ","""Denise von ProvenExpert"" <denise@provenexpert.com>","[support@provenexpert.com]","[]","[]","2025-02-22 08:35:42","037f4112-88d4-4455-be79-a6901893ade6","SENT","037f4112-88d4-4455-be79-a6901893ade6","2025-02-22 08:35:42","<1740209742237.037f4112-88d4-4455-be79-a6901893ade6@smtp.hubapi.com>","","","","","","","20185","AbBatch","","","","","","","","","","","","","",""
"provenexpert@veecom.one","6890244","348332491","","Wir schenken Ihnen drei Monate ProvenExpert ","""Denise von ProvenExpert"" <denise@provenexpert.com>","[support@provenexpert.com]","[]","[]","2025-02-22 08:35:42","037f4112-88d4-4455-be79-a6901893ade6","DELIVERED","11f23533-196b-36e7-8c51-a3be009de176","2025-02-22 08:35:44","<1740209742237.037f4112-88d4-4455-be79-a6901893ade6@smtp.hubapi.com>","","","","","","","20185","AbBatch","","","","","","","","","","","","","",""
"oskar.berlin@googlemail.com","6890244","348332491","","Wir schenken Ihnen drei Monate ProvenExpert ","""Denise von ProvenExpert"" <denise@provenexpert.com>","[support@provenexpert.com]","[]","[]","2025-02-22 08:37:01","e6de5cfe-0546-4d75-bc95-0e4ea052cea0","SENT","e6de5cfe-0546-4d75-bc95-0e4ea052cea0","2025-02-22 08:37:01","<1740209821431.e6de5cfe-0546-4d75-bc95-0e4ea052cea0@smtp.hubapi.com>","","","","","","","20185","AbBatch","","","","","","","","","","","","","",""
"oskar.berlin@googlemail.com","6890244","348332491","","Wir schenken Ihnen drei Monate ProvenExpert ","""Denise von ProvenExpert"" <denise@provenexpert.com>","[support@provenexpert.com]","[]","[]","2025-02-22 08:37:01","e6de5cfe-0546-4d75-bc95-0e4ea052cea0","DELIVERED","e906a4cd-0622-380c-a230-004c147937d4","2025-02-22 08:37:02","<1740209821431.e6de5cfe-0546-4d75-bc95-0e4ea052cea0@smtp.hubapi.com>","","","","","","","20185","AbBatch","","","","","","","","","","","","","",""
"info@vegan-vikings-marketing.com","6890244","348332491","","Wir schenken Ihnen drei Monate ProvenExpert ","""Denise von ProvenExpert"" <denise@provenexpert.com>","[support@provenexpert.com]","[]","[]","2025-02-22 08:36:58","97384c40-1a40-4839-9c19-ae343f166cb6","DELIVERED","6f41b425-5b67-3167-a370-f8cdc38b4a65","2025-02-22 08:37:00","<1740209818874.97384c40-1a40-4839-9c19-ae343f166cb6@smtp.hubapi.com>","","","","","","","20185","AbBatch","","","","","","","","","","","","","",""
"info@vegan-vikings-marketing.com","6890244","348332491","","Wir schenken Ihnen drei Monate ProvenExpert ","""Denise von ProvenExpert"" <denise@provenexpert.com>","[support@provenexpert.com]","[]","[]","2025-02-22 08:36:58","97384c40-1a40-4839-9c19-ae343f166cb6","SENT","97384c40-1a40-4839-9c19-ae343f166cb6","2025-02-22 08:36:58","<1740209818874.97384c40-1a40-4839-9c19-ae343f166cb6@smtp.hubapi.com>","","","","","","","20185","AbBatch","","","","","","","","","","","","","",""
"desilva.andrea@gmail.com","6890244","348332491","","Wir schenken Ihnen drei Monate ProvenExpert ","""Denise von ProvenExpert"" <denise@provenexpert.com>","[support@provenexpert.com]","[]","[]","2025-02-22 08:36:58","ac0f3167-8d55-48b7-90b4-cecbbafbea0f","SENT","ac0f3167-8d55-48b7-90b4-cecbbafbea0f","2025-02-22 08:36:58","<1740209818383.ac0f3167-8d55-48b7-90b4-cecbbafbea0f@smtp.hubapi.com>","","","","","","","20185","AbBatch","","","","","","","","","","","","","",""
"desilva.andrea@gmail.com","6890244","348332491","","Wir schenken Ihnen drei Monate ProvenExpert ","""Denise von ProvenExpert"" <denise@provenexpert.com>","[support@provenexpert.com]","[]","[]","2025-02-22 08:36:58","ac0f3167-8d55-48b7-90b4-cecbbafbea0f","DELIVERED","ffb092f1-bc8f-3f6f-9cf7-990f51c6c509","2025-02-22 08:36:59","<1740209818383.ac0f3167-8d55-48b7-90b4-cecbbafbea0f@smtp.hubapi.com>","","","","","","","20185","AbBatch","","","","","","","","","","","","","",""
"kaminskimario@icloud.com","6890244","348332491","","Wir schenken Ihnen drei Monate ProvenExpert ","""Denise von ProvenExpert"" <denise@provenexpert.com>","[support@provenexpert.com]","[]","[]","2025-02-22 08:36:59","b9a058d2-3e7e-4ee4-85e0-fd2c690b6c18","SENT","b9a058d2-3e7e-4ee4-85e0-fd2c690b6c18","2025-02-22 08:36:59","<1740209819623.b9a058d2-3e7e-4ee4-85e0-fd2c690b6c18@smtp.hubapi.com>","","","","","","","20185","AbBatch","","","","","","","","","","","","","",""
"kaminskimario@icloud.com","6890244","348332491","","Wir schenken Ihnen drei Monate ProvenExpert ","""Denise von ProvenExpert"" <denise@provenexpert.com>","[support@provenexpert.com]","[]","[]","2025-02-22 08:36:59","b9a058d2-3e7e-4ee4-85e0-fd2c690b6c18","DELIVERED","3832b36f-75ad-3555-8261-935cb2fb138d","2025-02-22 08:37:02","<1740209819623.b9a058d2-3e7e-4ee4-85e0-fd2c690b6c18@smtp.hubapi.com>","","","","","","","20185","AbBatch","","","","","","","","","","","","","",""
"kaminskimario@icloud.com","6890244","348332491","","Wir schenken Ihnen drei Monate ProvenExpert ","""Denise von ProvenExpert"" <denise@provenexpert.com>","[support@provenexpert.com]","[]","[]","2025-02-22 08:36:59","b9a058d2-3e7e-4ee4-85e0-fd2c690b6c18","OPEN","640202db-057e-3395-afb0-d80f16959df8","2025-02-25 10:31:16","<1740209819623.b9a058d2-3e7e-4ee4-85e0-fd2c690b6c18@smtp.hubapi.com>","","","bb668840-dc1f-3b73-b4eb-c9e967dd62ca","2025-02-25 10:31:16","","","20185","AbBatch","Mozilla/5.0 (Macintosh; Intel Mac OS X 10_15_7) AppleWebKit/537.36 (KHTML, like Gecko) Chrome/133.0.0.0 Safari/537.36","sofia","sofia-grad","BULGARIA","","","","null","","","","","",""
"kaminskimario@icloud.com","6890244","348332491","","Wir schenken Ihnen drei Monate ProvenExpert ","""Denise von ProvenExpert"" <denise@provenexpert.com>","[support@provenexpert.com]","[]","[]","2025-02-22 08:36:59","b9a058d2-3e7e-4ee4-85e0-fd2c690b6c18","CLICK","bb668840-dc1f-3b73-b4eb-c9e967dd62ca","2025-02-25 10:31:16","<1740209819623.b9a058d2-3e7e-4ee4-85e0-fd2c690b6c18@smtp.hubapi.com>","","","","","","","20185","AbBatch","Mozilla/5.0 (Macintosh; Intel Mac OS X 10_15_7) AppleWebKit/537.36 (KHTML, like Gecko) Chrome/133.0.0.0 Safari/537.36","sofia","sofia-grad","BULGARIA","","","https://www.provenexpert.com/ca/checkoutfeb25/?utm_term=3&utm_campaign=checkoutfeb25&utm_medium=email&_hsmi=348332491&utm_content=DACH_DE_BASIC_checkoutfeb25_2A&utm_source=hubspot","","","","","","",""
"Contact hidden","6890244","348332491","","Wir schenken Ihnen drei Monate ProvenExpert ","""Denise von ProvenExpert"" <denise@provenexpert.com>","[support@provenexpert.com]","[]","[]","2025-02-22 08:37:01","2a05dd9e-01ce-428e-aa77-4dced6f77403","OPEN","9df623f4-dc21-38e1-acf0-62cfb820e59a","2025-02-22 11:19:03","<1740209821562.2a05dd9e-01ce-428e-aa77-4dced6f77403@smtp.hubapi.com>","","","","","","","20185","AbBatch","Mozilla/5.0 (Windows NT 5.1; rv:11.0) Gecko Firefox/11.0 (via ggpht.com GoogleImageProxy)","Unknown","Unknown","Unknown","","","","0","","","","","",""
"Contact hidden","6890244","348332491","","Wir schenken Ihnen drei Monate ProvenExpert ","""Denise von ProvenExpert"" <denise@provenexpert.com>","[support@provenexpert.com]","[]","[]","2025-02-22 08:37:01","2a05dd9e-01ce-428e-aa77-4dced6f77403","OPEN","9a669e40-c33a-3169-8e0b-72a7477e052c","2025-02-22 11:19:02","<1740209821562.2a05dd9e-01ce-428e-aa77-4dced6f77403@smtp.hubapi.com>","","","","","","","20185","AbBatch","Mozilla/5.0 (Windows NT 5.1; rv:11.0) Gecko Firefox/11.0 (via ggpht.com GoogleImageProxy)","Unknown","Unknown","Unknown","","","","0","","","","","",""
"Contact hidden","6890244","348332491","","Wir schenken Ihnen drei Monate ProvenExpert ","""Denise von ProvenExpert"" <denise@provenexpert.com>","[support@provenexpert.com]","[]","[]","2025-02-22 08:37:01","2a05dd9e-01ce-428e-aa77-4dced6f77403","SENT","2a05dd9e-01ce-428e-aa77-4dced6f77403","2025-02-22 08:37:01","<1740209821562.2a05dd9e-01ce-428e-aa77-4dced6f77403@smtp.hubapi.com>","","","","","","","20185","AbBatch","","","","","","","","","","","","","",""
"Contact hidden","6890244","348332491","","Wir schenken Ihnen drei Monate ProvenExpert ","""Denise von ProvenExpert"" <denise@provenexpert.com>","[support@provenexpert.com]","[]","[]","2025-02-22 08:37:01","2a05dd9e-01ce-428e-aa77-4dced6f77403","DELIVERED","36021917-3f90-3419-ad0b-2fc3553fd7b5","2025-02-22 08:37:02","<1740209821562.2a05dd9e-01ce-428e-aa77-4dced6f77403@smtp.hubapi.com>","","","","","","","20185","AbBatch","","","","","","","","","","","","","",""
"Contact hidden","6890244","348332491","","Wir schenken Ihnen drei Monate ProvenExpert ","""Denise von ProvenExpert"" <denise@provenexpert.com>","[support@provenexpert.com]","[]","[]","2025-02-22 08:37:01","2a05dd9e-01ce-428e-aa77-4dced6f77403","OPEN","db5f9efc-5c98-39a2-8fbf-fb2a101ac4db","2025-02-22 10:58:23","<1740209821562.2a05dd9e-01ce-428e-aa77-4dced6f77403@smtp.hubapi.com>","","","","","","","20185","AbBatch","Mozilla/5.0 (Windows NT 5.1; rv:11.0) Gecko Firefox/11.0 (via ggpht.com GoogleImageProxy)","Unknown","Unknown","Unknown","","","","0","","","","","",""
"Contact hidden","6890244","348332491","","Wir schenken Ihnen drei Monate ProvenExpert ","""Denise von ProvenExpert"" <denise@provenexpert.com>","[support@provenexpert.com]","[]","[]","2025-02-22 08:37:01","2a05dd9e-01ce-428e-aa77-4dced6f77403","OPEN","cbab4246-bcaf-320a-a764-400e5ae8f6ce","2025-02-22 23:27:00","<1740209821562.2a05dd9e-01ce-428e-aa77-4dced6f77403@smtp.hubapi.com>","","","","","","","20185","AbBatch","Mozilla/5.0 (Windows NT 5.1; rv:11.0) Gecko Firefox/11.0 (via ggpht.com GoogleImageProxy)","Unknown","Unknown","Unknown","","","","0","","","","","",""
"to.rigger@dj-rigger.de","6890244","348332492","","299 € sparen und alle Vorteile für mehr Monate genießen!","""Denise von ProvenExpert"" <denise@provenexpert.com>","[support@provenexpert.com]","[]","[]","2025-02-22 08:36:58","9a88f098-f6df-4419-a024-498c0cd9c7d7","DELIVERED","6b4325ed-9261-3257-b6be-33302e169180","2025-02-22 08:37:04","<1740209818835.9a88f098-f6df-4419-a024-498c0cd9c7d7@smtp.hubapi.com>","","","","","","","20185","AbBatch","","","","","","","","","","","","","",""
"to.rigger@dj-rigger.de","6890244","348332492","","299 € sparen und alle Vorteile für mehr Monate genießen!","""Denise von ProvenExpert"" <denise@provenexpert.com>","[support@provenexpert.com]","[]","[]","2025-02-22 08:36:58","9a88f098-f6df-4419-a024-498c0cd9c7d7","SENT","9a88f098-f6df-4419-a024-498c0cd9c7d7","2025-02-22 08:36:58","<1740209818835.9a88f098-f6df-4419-a024-498c0cd9c7d7@smtp.hubapi.com>","","","","","","","20185","AbBatch","","","","","","","","","","","","","",""
"tanja@die-seo-texterin.de","6890244","348332492","","299 € sparen und alle Vorteile für mehr Monate genießen!","""Denise von ProvenExpert"" <denise@provenexpert.com>","[support@provenexpert.com]","[]","[]","2025-02-22 08:37:01","06b15689-ef31-4cdb-ae1a-73fb2a34f5f0","SENT","06b15689-ef31-4cdb-ae1a-73fb2a34f5f0","2025-02-22 08:37:01","<1740209821249.06b15689-ef31-4cdb-ae1a-73fb2a34f5f0@smtp.hubapi.com>","","","","","","","20185","AbBatch","","","","","","","","","","","","","",""
"tanja@die-seo-texterin.de","6890244","348332492","","299 € sparen und alle Vorteile für mehr Monate genießen!","""Denise von ProvenExpert"" <denise@provenexpert.com>","[support@provenexpert.com]","[]","[]","2025-02-22 08:37:01","06b15689-ef31-4cdb-ae1a-73fb2a34f5f0","OPEN","53b655ce-05a2-37e6-875e-e48c68b61b96","2025-02-22 11:07:55","<1740209821249.06b15689-ef31-4cdb-ae1a-73fb2a34f5f0@smtp.hubapi.com>","","","","","","","20185","AbBatch","Mozilla/5.0 (Linux; Android 14; SM-F741B Build/UP1A.231005.007; wv) AppleWebKit/537.36 (KHTML, like Gecko) Version/4.0 Chrome/132.0.6834.163 Mobile Safari/537.36","","baden-wurttemberg","GERMANY","","","","33096","","","","","",""
"tanja@die-seo-texterin.de","6890244","348332492","","299 € sparen und alle Vorteile für mehr Monate genießen!","""Denise von ProvenExpert"" <denise@provenexpert.com>","[support@provenexpert.com]","[]","[]","2025-02-22 08:37:01","06b15689-ef31-4cdb-ae1a-73fb2a34f5f0","DELIVERED","e33e1b07-c26c-39ad-9f22-16f29e30242b","2025-02-22 08:37:02","<1740209821249.06b15689-ef31-4cdb-ae1a-73fb2a34f5f0@smtp.hubapi.com>","","","","","","","20185","AbBatch","","","","","","","","","","","","","",""
"kontakt@eberle-training.de","6890244","348332491","","Wir schenken Ihnen drei Monate ProvenExpert ","""Denise von ProvenExpert"" <denise@provenexpert.com>","[support@provenexpert.com]","[]","[]","2025-02-22 08:35:42","26c95b19-2bf6-4635-8265-a6869fb768fe","SENT","26c95b19-2bf6-4635-8265-a6869fb768fe","2025-02-22 08:35:42","<1740209742097.26c95b19-2bf6-4635-8265-a6869fb768fe@smtp.hubapi.com>","","","","","","","20185","AbBatch","","","","","","","","","","","","","",""
"kontakt@eberle-training.de","6890244","348332491","","Wir schenken Ihnen drei Monate ProvenExpert ","""Denise von ProvenExpert"" <denise@provenexpert.com>","[support@provenexpert.com]","[]","[]","2025-02-22 08:35:42","26c95b19-2bf6-4635-8265-a6869fb768fe","DELIVERED","1d821151-22a0-30f6-a711-15921813f09e","2025-02-22 08:35:44","<1740209742097.26c95b19-2bf6-4635-8265-a6869fb768fe@smtp.hubapi.com>","","","","","","","20185","AbBatch","","","","","","","","","","","","","",""
"ulrich.ege@gmail.com","6890244","348332492","","299 € sparen und alle Vorteile für mehr Monate genießen!","""Denise von ProvenExpert"" <denise@provenexpert.com>","[support@provenexpert.com]","[]","[]","2025-02-22 08:37:00","2b769644-c9e1-4bf4-b0e6-2ef53caffb7c","SENT","2b769644-c9e1-4bf4-b0e6-2ef53caffb7c","2025-02-22 08:37:00","<1740209820784.2b769644-c9e1-4bf4-b0e6-2ef53caffb7c@smtp.hubapi.com>","","","","","","","20185","AbBatch","","","","","","","","","","","","","",""
"ulrich.ege@gmail.com","6890244","348332492","","299 € sparen und alle Vorteile für mehr Monate genießen!","""Denise von ProvenExpert"" <denise@provenexpert.com>","[support@provenexpert.com]","[]","[]","2025-02-22 08:37:00","2b769644-c9e1-4bf4-b0e6-2ef53caffb7c","DELIVERED","dd403af3-fc67-3a69-bd7c-1352e6f674ca","2025-02-22 08:37:01","<1740209820784.2b769644-c9e1-4bf4-b0e6-2ef53caffb7c@smtp.hubapi.com>","","","","","","","20185","AbBatch","","","","","","","","","","","","","",""
"team@adkochmarketing.de","6890244","348332491","","Wir schenken Ihnen drei Monate ProvenExpert ","""Denise von ProvenExpert"" <denise@provenexpert.com>","[support@provenexpert.com]","[]","[]","2025-02-22 08:37:01","2bb7ee28-d8e2-47d7-9fb5-47bbe31c6e7f","SENT","2bb7ee28-d8e2-47d7-9fb5-47bbe31c6e7f","2025-02-22 08:37:01","<1740209821390.2bb7ee28-d8e2-47d7-9fb5-47bbe31c6e7f@smtp.hubapi.com>","","","","","","","20185","AbBatch","","","","","","","","","","","","","",""
"team@adkochmarketing.de","6890244","348332491","","Wir schenken Ihnen drei Monate ProvenExpert ","""Denise von ProvenExpert"" <denise@provenexpert.com>","[support@provenexpert.com]","[]","[]","2025-02-22 08:37:01","2bb7ee28-d8e2-47d7-9fb5-47bbe31c6e7f","DELIVERED","0836b36f-8e7c-322c-b9c3-b7a672ffe888","2025-02-22 08:37:03","<1740209821390.2bb7ee28-d8e2-47d7-9fb5-47bbe31c6e7f@smtp.hubapi.com>","","","","","","","20185","AbBatch","","","","","","","","","","","","","",""
"info@finanzkanzlei.biz","6890244","348332492","","299 € sparen und alle Vorteile für mehr Monate genießen!","""Denise von ProvenExpert"" <denise@provenexpert.com>","[support@provenexpert.com]","[]","[]","2025-02-22 08:37:01","6b5bd5d7-26e2-46b3-ba82-f44a2b1685a8","SENT","6b5bd5d7-26e2-46b3-ba82-f44a2b1685a8","2025-02-22 08:37:01","<1740209821351.6b5bd5d7-26e2-46b3-ba82-f44a2b1685a8@smtp.hubapi.com>","","","","","","","20185","AbBatch","","","","","","","","","","","","","",""
"info@finanzkanzlei.biz","6890244","348332492","","299 € sparen und alle Vorteile für mehr Monate genießen!","""Denise von ProvenExpert"" <denise@provenexpert.com>","[support@provenexpert.com]","[]","[]","2025-02-22 08:37:01","6b5bd5d7-26e2-46b3-ba82-f44a2b1685a8","DELIVERED","504be22c-c908-365d-b590-20991c5435bd","2025-02-22 08:37:03","<1740209821351.6b5bd5d7-26e2-46b3-ba82-f44a2b1685a8@smtp.hubapi.com>","","","","","","","20185","AbBatch","","","","","","","","","","","","","",""
"order@sabinelindau.de","6890244","348332492","","299 € sparen und alle Vorteile für mehr Monate genießen!","""Denise von ProvenExpert"" <denise@provenexpert.com>","[support@provenexpert.com]","[]","[]","2025-02-22 08:36:57","b2dcb583-a0cb-4344-ac86-48d7fa21191b","DELIVERED","4ace7f0f-e7d4-38bb-bc54-e4608db69b6c","2025-02-22 08:37:00","<1740209817795.b2dcb583-a0cb-4344-ac86-48d7fa21191b@smtp.hubapi.com>","","","","","","","20185","AbBatch","","","","","","","","","","","","","",""
"order@sabinelindau.de","6890244","348332492","","299 € sparen und alle Vorteile für mehr Monate genießen!","""Denise von ProvenExpert"" <denise@provenexpert.com>","[support@provenexpert.com]","[]","[]","2025-02-22 08:36:57","b2dcb583-a0cb-4344-ac86-48d7fa21191b","SENT","b2dcb583-a0cb-4344-ac86-48d7fa21191b","2025-02-22 08:36:57","<1740209817795.b2dcb583-a0cb-4344-ac86-48d7fa21191b@smtp.hubapi.com>","","","","","","","20185","AbBatch","","","","","","","","","","","","","",""
"romina@diedenkweisen.de","6890244","348332491","","Wir schenken Ihnen drei Monate ProvenExpert ","""Denise von ProvenExpert"" <denise@provenexpert.com>","[support@provenexpert.com]","[]","[]","2025-02-22 08:36:58","18cb31d4-eac7-4091-a0ab-c41852ffba6e","SENT","18cb31d4-eac7-4091-a0ab-c41852ffba6e","2025-02-22 08:36:58","<1740209818925.18cb31d4-eac7-4091-a0ab-c41852ffba6e@smtp.hubapi.com>","","","","","","","20185","AbBatch","","","","","","","","","","","","","",""
"romina@diedenkweisen.de","6890244","348332491","","Wir schenken Ihnen drei Monate ProvenExpert ","""Denise von ProvenExpert"" <denise@provenexpert.com>","[support@provenexpert.com]","[]","[]","2025-02-22 08:36:58","18cb31d4-eac7-4091-a0ab-c41852ffba6e","DELIVERED","3f45d905-95f7-3fc3-870f-892f4022931b","2025-02-22 08:37:00","<1740209818925.18cb31d4-eac7-4091-a0ab-c41852ffba6e@smtp.hubapi.com>","","","","","","","20185","AbBatch","","","","","","","","","","","","","",""
"info@mybusiness.eco","6890244","348332491","","Wir schenken Ihnen drei Monate ProvenExpert ","""Denise von ProvenExpert"" <denise@provenexpert.com>","[support@provenexpert.com]","[]","[]","2025-02-22 08:37:00","b98584c0-e170-42ed-97a9-01d778629fe6","DELIVERED","6d69c026-7b64-31b6-8083-3635aebcac26","2025-02-22 08:37:01","<1740209820572.b98584c0-e170-42ed-97a9-01d778629fe6@smtp.hubapi.com>","","","","","","","20185","AbBatch","","","","","","","","","","","","","",""
"info@mybusiness.eco","6890244","348332491","","Wir schenken Ihnen drei Monate ProvenExpert ","""Denise von ProvenExpert"" <denise@provenexpert.com>","[support@provenexpert.com]","[]","[]","2025-02-22 08:37:00","b98584c0-e170-42ed-97a9-01d778629fe6","SENT","b98584c0-e170-42ed-97a9-01d778629fe6","2025-02-22 08:37:00","<1740209820572.b98584c0-e170-42ed-97a9-01d778629fe6@smtp.hubapi.com>","","","","","","","20185","AbBatch","","","","","","","","","","","","","",""
"info@ebonyfagbuyi.com","6890244","348332491","","Wir schenken Ihnen drei Monate ProvenExpert ","""Denise von ProvenExpert"" <denise@provenexpert.com>","[support@provenexpert.com]","[]","[]","2025-02-22 08:36:59","0baf55bc-32e3-4c6c-b611-731a1e87e443","SENT","0baf55bc-32e3-4c6c-b611-731a1e87e443","2025-02-22 08:36:59","<1740209819644.0baf55bc-32e3-4c6c-b611-731a1e87e443@smtp.hubapi.com>","","","","","","","20185","AbBatch","","","","","","","","","","","","","",""
"info@ebonyfagbuyi.com","6890244","348332491","","Wir schenken Ihnen drei Monate ProvenExpert ","""Denise von ProvenExpert"" <denise@provenexpert.com>","[support@provenexpert.com]","[]","[]","2025-02-22 08:36:59","0baf55bc-32e3-4c6c-b611-731a1e87e443","DELIVERED","d02e3bc9-c797-3926-9015-7c15d9228398","2025-02-22 08:37:02","<1740209819644.0baf55bc-32e3-4c6c-b611-731a1e87e443@smtp.hubapi.com>","","","","","","","20185","AbBatch","","","","","","","","","","","","","",""
"hi@annikareiss.de","6890244","348332491","","Wir schenken Ihnen drei Monate ProvenExpert ","""Denise von ProvenExpert"" <denise@provenexpert.com>","[support@provenexpert.com]","[]","[]","2025-02-22 08:35:42","60508557-a4f1-4434-a74c-72c8ea6cd7bb","SENT","60508557-a4f1-4434-a74c-72c8ea6cd7bb","2025-02-22 08:35:42","<1740209742613.60508557-a4f1-4434-a74c-72c8ea6cd7bb@smtp.hubapi.com>","","","","","","","20185","AbBatch","","","","","","","","","","","","","",""
"hi@annikareiss.de","6890244","348332491","","Wir schenken Ihnen drei Monate ProvenExpert ","""Denise von ProvenExpert"" <denise@provenexpert.com>","[support@provenexpert.com]","[]","[]","2025-02-22 08:35:42","60508557-a4f1-4434-a74c-72c8ea6cd7bb","DELIVERED","820e2dca-500e-3eda-8722-2ab79857f56f","2025-02-22 08:35:44","<1740209742613.60508557-a4f1-4434-a74c-72c8ea6cd7bb@smtp.hubapi.com>","","","","","","","20185","AbBatch","","","","","","","","","","","","","",""
"hi@annikareiss.de","6890244","348332491","","Wir schenken Ihnen drei Monate ProvenExpert ","""Denise von ProvenExpert"" <denise@provenexpert.com>","[support@provenexpert.com]","[]","[]","2025-02-22 08:35:42","60508557-a4f1-4434-a74c-72c8ea6cd7bb","OPEN","d9cb4d16-e125-3908-83a8-b762882a61b6","2025-02-22 20:21:11","<1740209742613.60508557-a4f1-4434-a74c-72c8ea6cd7bb@smtp.hubapi.com>","","","","","","","20185","AbBatch","Mozilla/5.0 (Macintosh; Intel Mac OS X 10_15_6) AppleWebKit/605.1.15 (KHTML, like Gecko)","hamburg","hamburg","GERMANY","","","","1228","","","","","",""
"info@dagmarjung.de","6890244","348332492","","299 € sparen und alle Vorteile für mehr Monate genießen!","""Denise von ProvenExpert"" <denise@provenexpert.com>","[support@provenexpert.com]","[]","[]","2025-02-22 08:36:59","a32fe0af-c51d-4961-96a6-3b8b09cd0016","SENT","a32fe0af-c51d-4961-96a6-3b8b09cd0016","2025-02-22 08:36:59","<1740209819339.a32fe0af-c51d-4961-96a6-3b8b09cd0016@smtp.hubapi.com>","","","","","","","20185","AbBatch","","","","","","","","","","","","","",""
"info@dagmarjung.de","6890244","348332492","","299 € sparen und alle Vorteile für mehr Monate genießen!","""Denise von ProvenExpert"" <denise@provenexpert.com>","[support@provenexpert.com]","[]","[]","2025-02-22 08:36:59","a32fe0af-c51d-4961-96a6-3b8b09cd0016","DELIVERED","46eaac35-02b3-39cc-bba6-81b44ee13bc3","2025-02-22 08:37:16","<1740209819339.a32fe0af-c51d-4961-96a6-3b8b09cd0016@smtp.hubapi.com>","","","","","","","20185","AbBatch","","","","","","","","","","","","","",""
"lauraleitzig@yahoo.com","6890244","348332492","","299 € sparen und alle Vorteile für mehr Monate genießen!","""Denise von ProvenExpert"" <denise@provenexpert.com>","[support@provenexpert.com]","[]","[]","2025-02-22 08:36:59","c3551851-8033-4f30-9f40-f319869a1699","DELIVERED","cec54cf4-7484-3625-9522-6549002a6d81","2025-02-22 08:37:02","<1740209819513.c3551851-8033-4f30-9f40-f319869a1699@smtp.hubapi.com>","","","","","","","20185","AbBatch","","","","","","","","","","","","","",""
"lauraleitzig@yahoo.com","6890244","348332492","","299 € sparen und alle Vorteile für mehr Monate genießen!","""Denise von ProvenExpert"" <denise@provenexpert.com>","[support@provenexpert.com]","[]","[]","2025-02-22 08:36:59","c3551851-8033-4f30-9f40-f319869a1699","SENT","c3551851-8033-4f30-9f40-f319869a1699","2025-02-22 08:36:59","<1740209819513.c3551851-8033-4f30-9f40-f319869a1699@smtp.hubapi.com>","","","","","","","20185","AbBatch","","","","","","","","","","","","","",""
"team@flowacademy.online","6890244","348332492","","299 € sparen und alle Vorteile für mehr Monate genießen!","""Denise von ProvenExpert"" <denise@provenexpert.com>","[support@provenexpert.com]","[]","[]","2025-02-22 08:36:59","d65cc622-a0c2-42b9-8052-c12276802db5","SENT","d65cc622-a0c2-42b9-8052-c12276802db5","2025-02-22 08:36:59","<1740209819276.d65cc622-a0c2-42b9-8052-c12276802db5@smtp.hubapi.com>","","","","","","","20185","AbBatch","","","","","","","","","","","","","",""
"team@flowacademy.online","6890244","348332492","","299 € sparen und alle Vorteile für mehr Monate genießen!","""Denise von ProvenExpert"" <denise@provenexpert.com>","[support@provenexpert.com]","[]","[]","2025-02-22 08:36:59","d65cc622-a0c2-42b9-8052-c12276802db5","DELIVERED","e97d3ca3-57d7-3b8b-8a4c-1f5ad076a6a8","2025-02-22 08:37:03","<1740209819276.d65cc622-a0c2-42b9-8052-c12276802db5@smtp.hubapi.com>","","","","","","","20185","AbBatch","","","","","","","","","","","","","",""
"info@rettediewelt.com","6890244","348332492","","299 € sparen und alle Vorteile für mehr Monate genießen!","""Denise von ProvenExpert"" <denise@provenexpert.com>","[support@provenexpert.com]","[]","[]","2025-02-22 08:37:02","9c26288d-3f90-4cc6-a7d5-ecbed4f5cc1e","DROPPED","9c26288d-3f90-4cc6-a7d5-ecbed4f5cc1e","2025-02-22 08:37:02","<1740209822861.9c26288d-3f90-4cc6-a7d5-ecbed4f5cc1e@smtp.hubapi.com>","","","c1c7f382-c7c1-3a86-acb8-a53b5db639ae","2024-12-19 08:20:13","PREVIOUSLY_BOUNCED","Recipient has previously bounced.","20185","AbBatch","","","","","","","","","550","550-Requested action not taken: mailbox unavailable 550 For explanation visit https://postmaster.1und1.de/en/case?c=r1601&i=ip&v=54.174.52.223&r=1MEku3-1tLC100gVH-00BV44","550-Requested action not taken: mailbox unavailable 550 For explanation visit https://postmaster.1und1.de/en/case?c=r1601&i=ip&v=54.174.52.223&r=1MEku3-1tLC100gVH-00BV44","","",""
"kontakt@floralumma.de","6890244","348332491","","Wir schenken Ihnen drei Monate ProvenExpert ","""Denise von ProvenExpert"" <denise@provenexpert.com>","[support@provenexpert.com]","[]","[]","2025-02-22 08:35:42","bd3a1e66-9df3-4a06-b7b4-93b5339b121a","DROPPED","bd3a1e66-9df3-4a06-b7b4-93b5339b121a","2025-02-22 08:35:42","<1740209742349.bd3a1e66-9df3-4a06-b7b4-93b5339b121a@smtp.hubapi.com>","","","361511bb-03af-3582-941f-e1a4dd3aac1e","2024-11-29 07:55:52","PREVIOUSLY_BOUNCED","Recipient has previously bounced.","20185","AbBatch","","","","","","","","","550","smtp; 550 5.1.1 <f.lumma@web.de> User doesn't exist:
    f.lumma@web.de","smtp; 550 5.1.1 <f.lumma@web.de> User doesn't exist:
    f.lumma@web.de","","",""
"dj-berny@web.de","6890244","348332491","","Wir schenken Ihnen drei Monate ProvenExpert ","""Denise von ProvenExpert"" <denise@provenexpert.com>","[support@provenexpert.com]","[]","[]","2025-02-22 08:37:00","903d937b-e548-46c8-9ca2-e111e9d1d2ab","SENT","903d937b-e548-46c8-9ca2-e111e9d1d2ab","2025-02-22 08:37:00","<1740209820902.903d937b-e548-46c8-9ca2-e111e9d1d2ab@smtp.hubapi.com>","","","","","","","20185","AbBatch","","","","","","","","","","","","","",""
"dj-berny@web.de","6890244","348332491","","Wir schenken Ihnen drei Monate ProvenExpert ","""Denise von ProvenExpert"" <denise@provenexpert.com>","[support@provenexpert.com]","[]","[]","2025-02-22 08:37:00","903d937b-e548-46c8-9ca2-e111e9d1d2ab","DELIVERED","126be786-a122-32d9-a372-a9f42085569e","2025-02-22 08:37:02","<1740209820902.903d937b-e548-46c8-9ca2-e111e9d1d2ab@smtp.hubapi.com>","","","","","","","20185","AbBatch","","","","","","","","","","","","","",""
"thomas.schrempp@schwaebisch-hall.de","6890244","348332492","","299 € sparen und alle Vorteile für mehr Monate genießen!","""Denise von ProvenExpert"" <denise@provenexpert.com>","[support@provenexpert.com]","[]","[]","2025-02-22 08:37:01","1a04c989-e3f5-49f5-ad21-e3ea59fc6552","SENT","1a04c989-e3f5-49f5-ad21-e3ea59fc6552","2025-02-22 08:37:01","<1740209821630.1a04c989-e3f5-49f5-ad21-e3ea59fc6552@smtp.hubapi.com>","","","","","","","20185","AbBatch","","","","","","","","","","","","","",""
"thomas.schrempp@schwaebisch-hall.de","6890244","348332492","","299 € sparen und alle Vorteile für mehr Monate genießen!","""Denise von ProvenExpert"" <denise@provenexpert.com>","[support@provenexpert.com]","[]","[]","2025-02-22 08:37:01","1a04c989-e3f5-49f5-ad21-e3ea59fc6552","DELIVERED","be79bdaa-d164-35fa-a805-aed6aec35e99","2025-02-22 08:37:04","<1740209821630.1a04c989-e3f5-49f5-ad21-e3ea59fc6552@smtp.hubapi.com>","","","","","","","20185","AbBatch","","","","","","","","","","","","","",""
"kontakt@dr-haller-lamellen.de","6890244","348332491","","Wir schenken Ihnen drei Monate ProvenExpert ","""Denise von ProvenExpert"" <denise@provenexpert.com>","[support@provenexpert.com]","[]","[]","2025-02-22 08:35:42","ebf57442-aaa9-40f8-b1e5-39a298f9e610","DELIVERED","a3dc72a1-a078-3436-b431-1d58a09e99f8","2025-02-22 08:35:51","<1740209742157.ebf57442-aaa9-40f8-b1e5-39a298f9e610@smtp.hubapi.com>","","","","","","","20185","AbBatch","","","","","","","","","","","","","",""
"kontakt@dr-haller-lamellen.de","6890244","348332491","","Wir schenken Ihnen drei Monate ProvenExpert ","""Denise von ProvenExpert"" <denise@provenexpert.com>","[support@provenexpert.com]","[]","[]","2025-02-22 08:35:42","ebf57442-aaa9-40f8-b1e5-39a298f9e610","SENT","ebf57442-aaa9-40f8-b1e5-39a298f9e610","2025-02-22 08:35:42","<1740209742157.ebf57442-aaa9-40f8-b1e5-39a298f9e610@smtp.hubapi.com>","","","","","","","20185","AbBatch","","","","","","","","","","","","","",""
"marketing@roeders-textiles.com","6890244","348332492","","299 € sparen und alle Vorteile für mehr Monate genießen!","""Denise von ProvenExpert"" <denise@provenexpert.com>","[support@provenexpert.com]","[]","[]","2025-02-22 08:36:59","b3663227-adbe-4fb9-a00c-2ea07a26ac4b","DELIVERED","ac50174c-932f-3743-a735-fb9572b1fad2","2025-02-22 08:37:14","<1740209819432.b3663227-adbe-4fb9-a00c-2ea07a26ac4b@smtp.hubapi.com>","","","","","","","20185","AbBatch","","","","","","","","","","","","","",""
"marketing@roeders-textiles.com","6890244","348332492","","299 € sparen und alle Vorteile für mehr Monate genießen!","""Denise von ProvenExpert"" <denise@provenexpert.com>","[support@provenexpert.com]","[]","[]","2025-02-22 08:36:59","b3663227-adbe-4fb9-a00c-2ea07a26ac4b","SENT","b3663227-adbe-4fb9-a00c-2ea07a26ac4b","2025-02-22 08:36:59","<1740209819432.b3663227-adbe-4fb9-a00c-2ea07a26ac4b@smtp.hubapi.com>","","","","","","","20185","AbBatch","","","","","","","","","","","","","",""
"r.w@raphael-westner.com","6890244","348332491","","Wir schenken Ihnen drei Monate ProvenExpert ","""Denise von ProvenExpert"" <denise@provenexpert.com>","[support@provenexpert.com]","[]","[]","2025-02-22 08:37:00","93c362b7-110f-4444-a824-965797693624","DROPPED","93c362b7-110f-4444-a824-965797693624","2025-02-22 08:37:00","<1740209820924.93c362b7-110f-4444-a824-965797693624@smtp.hubapi.com>","","","9151ac64-0402-348a-b7f0-ce43fccc5f83","2024-07-16 18:36:03","PREVIOUSLY_BOUNCED","Recipient has previously bounced.","20185","AbBatch","","","","","","","","","550","550-5.1.1 The email account that you tried to reach does not exist. Please try 550-5.1.1 double-checking the recipient's email address for typos or 550-5.1.1 unnecessary spaces. For more information, go to 550 5.1.1  https://support.google.com/mail/?p=NoSuchUser 6a1803df08f44-6b761a04b41si78678616d6.240 - gsmtp","550-5.1.1 The email account that you tried to reach does not exist. Please try 550-5.1.1 double-checking the recipient's email address for typos or 550-5.1.1 unnecessary spaces. For more information, go to 550 5.1.1  https://support.google.com/mail/?p=NoSuchUser 6a1803df08f44-6b761a04b41si78678616d6.240 - gsmtp","","",""
"julia.mattes@gmx.de","6890244","348332492","","299 € sparen und alle Vorteile für mehr Monate genießen!","""Denise von ProvenExpert"" <denise@provenexpert.com>","[support@provenexpert.com]","[]","[]","2025-02-22 08:37:01","05a5d34b-142c-49da-b2e8-12745fe694dc","DELIVERED","8d6a1ac1-0ead-3eaa-a693-942d3c6bbfc3","2025-02-22 08:37:03","<1740209821943.05a5d34b-142c-49da-b2e8-12745fe694dc@smtp.hubapi.com>","","","","","","","20185","AbBatch","","","","","","","","","","","","","",""
"julia.mattes@gmx.de","6890244","348332492","","299 € sparen und alle Vorteile für mehr Monate genießen!","""Denise von ProvenExpert"" <denise@provenexpert.com>","[support@provenexpert.com]","[]","[]","2025-02-22 08:37:01","05a5d34b-142c-49da-b2e8-12745fe694dc","SENT","05a5d34b-142c-49da-b2e8-12745fe694dc","2025-02-22 08:37:01","<1740209821943.05a5d34b-142c-49da-b2e8-12745fe694dc@smtp.hubapi.com>","","","","","","","20185","AbBatch","","","","","","","","","","","","","",""
"info@ontour-solar.de","6890244","348332491","","Wir schenken Ihnen drei Monate ProvenExpert ","""Denise von ProvenExpert"" <denise@provenexpert.com>","[support@provenexpert.com]","[]","[]","2025-02-22 08:36:58","6b8a74ed-79fa-4aba-bb09-954701394bba","DELIVERED","f15afcc6-3bbe-37a5-9efe-a1f977323f19","2025-02-22 08:37:00","<1740209818471.6b8a74ed-79fa-4aba-bb09-954701394bba@smtp.hubapi.com>","","","","","","","20185","AbBatch","","","","","","","","","","","","","",""
"info@ontour-solar.de","6890244","348332491","","Wir schenken Ihnen drei Monate ProvenExpert ","""Denise von ProvenExpert"" <denise@provenexpert.com>","[support@provenexpert.com]","[]","[]","2025-02-22 08:36:58","6b8a74ed-79fa-4aba-bb09-954701394bba","SENT","6b8a74ed-79fa-4aba-bb09-954701394bba","2025-02-22 08:36:58","<1740209818471.6b8a74ed-79fa-4aba-bb09-954701394bba@smtp.hubapi.com>","","","","","","","20185","AbBatch","","","","","","","","","","","","","",""
"kontakt@michael-franke.de","6890244","348332492","","299 € sparen und alle Vorteile für mehr Monate genießen!","""Denise von ProvenExpert"" <denise@provenexpert.com>","[support@provenexpert.com]","[]","[]","2025-02-22 08:37:01","932ff3ed-c362-49b7-acd6-426a5f09139c","SENT","932ff3ed-c362-49b7-acd6-426a5f09139c","2025-02-22 08:37:01","<1740209821413.932ff3ed-c362-49b7-acd6-426a5f09139c@smtp.hubapi.com>","","","","","","","20185","AbBatch","","","","","","","","","","","","","",""
"kontakt@michael-franke.de","6890244","348332492","","299 € sparen und alle Vorteile für mehr Monate genießen!","""Denise von ProvenExpert"" <denise@provenexpert.com>","[support@provenexpert.com]","[]","[]","2025-02-22 08:37:01","932ff3ed-c362-49b7-acd6-426a5f09139c","DELIVERED","134546f3-fdd2-3953-a117-fc516eac4724","2025-02-22 08:37:04","<1740209821413.932ff3ed-c362-49b7-acd6-426a5f09139c@smtp.hubapi.com>","","","","","","","20185","AbBatch","","","","","","","","","","","","","",""
"provenexpert@mail.netztaucher.com","6890244","348332492","","299 € sparen und alle Vorteile für mehr Monate genießen!","""Denise von ProvenExpert"" <denise@provenexpert.com>","[support@provenexpert.com]","[]","[]","2025-02-22 08:37:01","052b98a2-2f66-462c-b239-771f6f945c9e","DELIVERED","07b6fcf0-0e35-3f81-b8f7-ab956f9a4e10","2025-02-22 08:37:05","<1740209821881.052b98a2-2f66-462c-b239-771f6f945c9e@smtp.hubapi.com>","","","","","","","20185","AbBatch","","","","","","","","","","","","","",""
"provenexpert@mail.netztaucher.com","6890244","348332492","","299 € sparen und alle Vorteile für mehr Monate genießen!","""Denise von ProvenExpert"" <denise@provenexpert.com>","[support@provenexpert.com]","[]","[]","2025-02-22 08:37:01","052b98a2-2f66-462c-b239-771f6f945c9e","SENT","052b98a2-2f66-462c-b239-771f6f945c9e","2025-02-22 08:37:01","<1740209821881.052b98a2-2f66-462c-b239-771f6f945c9e@smtp.hubapi.com>","","","","","","","20185","AbBatch","","","","","","","","","","","","","",""
"reservation@fewo-neckargemuend.de","6890244","348332492","","299 € sparen und alle Vorteile für mehr Monate genießen!","""Denise von ProvenExpert"" <denise@provenexpert.com>","[support@provenexpert.com]","[]","[]","2025-02-22 08:37:01","26f594db-fd18-4726-acb2-a607cc8cdf0e","SENT","26f594db-fd18-4726-acb2-a607cc8cdf0e","2025-02-22 08:37:01","<1740209821500.26f594db-fd18-4726-acb2-a607cc8cdf0e@smtp.hubapi.com>","","","","","","","20185","AbBatch","","","","","","","","","","","","","",""
"reservation@fewo-neckargemuend.de","6890244","348332492","","299 € sparen und alle Vorteile für mehr Monate genießen!","""Denise von ProvenExpert"" <denise@provenexpert.com>","[support@provenexpert.com]","[]","[]","2025-02-22 08:37:01","26f594db-fd18-4726-acb2-a607cc8cdf0e","DELIVERED","7ccffcd0-870c-33c6-b471-610debde60e0","2025-02-22 08:37:04","<1740209821500.26f594db-fd18-4726-acb2-a607cc8cdf0e@smtp.hubapi.com>","","","","","","","20185","AbBatch","","","","","","","","","","","","","",""
"info@birgitburgemeister.com","6890244","348332492","","299 € sparen und alle Vorteile für mehr Monate genießen!","""Denise von ProvenExpert"" <denise@provenexpert.com>","[support@provenexpert.com]","[]","[]","2025-02-22 08:37:02","5e0a1a9e-b56d-4758-803a-af15a8986c54","DELIVERED","33773e49-cda3-32a5-b552-51122e6c590b","2025-02-22 08:37:05","<1740209822411.5e0a1a9e-b56d-4758-803a-af15a8986c54@smtp.hubapi.com>","","","","","","","20185","AbBatch","","","","","","","","","","","","","",""
"info@birgitburgemeister.com","6890244","348332492","","299 € sparen und alle Vorteile für mehr Monate genießen!","""Denise von ProvenExpert"" <denise@provenexpert.com>","[support@provenexpert.com]","[]","[]","2025-02-22 08:37:02","5e0a1a9e-b56d-4758-803a-af15a8986c54","SENT","5e0a1a9e-b56d-4758-803a-af15a8986c54","2025-02-22 08:37:02","<1740209822411.5e0a1a9e-b56d-4758-803a-af15a8986c54@smtp.hubapi.com>","","","","","","","20185","AbBatch","","","","","","","","","","","","","",""
"janko@arthead-immo.de","6890244","348332492","","299 € sparen und alle Vorteile für mehr Monate genießen!","""Denise von ProvenExpert"" <denise@provenexpert.com>","[support@provenexpert.com]","[]","[]","2025-02-22 08:37:02","c8a7e717-47f7-403b-9575-f6256e71117a","SENT","c8a7e717-47f7-403b-9575-f6256e71117a","2025-02-22 08:37:02","<1740209822842.c8a7e717-47f7-403b-9575-f6256e71117a@smtp.hubapi.com>","","","","","","","20185","AbBatch","","","","","","","","","","","","","",""
"janko@arthead-immo.de","6890244","348332492","","299 € sparen und alle Vorteile für mehr Monate genießen!","""Denise von ProvenExpert"" <denise@provenexpert.com>","[support@provenexpert.com]","[]","[]","2025-02-22 08:37:02","c8a7e717-47f7-403b-9575-f6256e71117a","DELIVERED","455abeba-a52d-3232-b96d-e305d269faa0","2025-02-22 08:37:03","<1740209822842.c8a7e717-47f7-403b-9575-f6256e71117a@smtp.hubapi.com>","","","","","","","20185","AbBatch","","","","","","","","","","","","","",""
"info@isarestate.de","6890244","348332491","","Wir schenken Ihnen drei Monate ProvenExpert ","""Denise von ProvenExpert"" <denise@provenexpert.com>","[support@provenexpert.com]","[]","[]","2025-02-22 08:36:59","b3951610-4e01-4144-8745-e66b47494da9","SENT","b3951610-4e01-4144-8745-e66b47494da9","2025-02-22 08:36:59","<1740209819708.b3951610-4e01-4144-8745-e66b47494da9@smtp.hubapi.com>","","","","","","","20185","AbBatch","","","","","","","","","","","","","",""
"info@isarestate.de","6890244","348332491","","Wir schenken Ihnen drei Monate ProvenExpert ","""Denise von ProvenExpert"" <denise@provenexpert.com>","[support@provenexpert.com]","[]","[]","2025-02-22 08:36:59","b3951610-4e01-4144-8745-e66b47494da9","DELIVERED","4ebc6866-78af-376c-81c0-c5e7e0465bb5","2025-02-22 08:37:02","<1740209819708.b3951610-4e01-4144-8745-e66b47494da9@smtp.hubapi.com>","","","","","","","20185","AbBatch","","","","","","","","","","","","","",""
"flogeis@gmx.net","6890244","348332492","","299 € sparen und alle Vorteile für mehr Monate genießen!","""Denise von ProvenExpert"" <denise@provenexpert.com>","[support@provenexpert.com]","[]","[]","2025-02-22 08:37:01","410438be-4a0b-41cf-a80b-5a594001a589","SENT","410438be-4a0b-41cf-a80b-5a594001a589","2025-02-22 08:37:01","<1740209821983.410438be-4a0b-41cf-a80b-5a594001a589@smtp.hubapi.com>","","","","","","","20185","AbBatch","","","","","","","","","","","","","",""
"flogeis@gmx.net","6890244","348332492","","299 € sparen und alle Vorteile für mehr Monate genießen!","""Denise von ProvenExpert"" <denise@provenexpert.com>","[support@provenexpert.com]","[]","[]","2025-02-22 08:37:01","410438be-4a0b-41cf-a80b-5a594001a589","DELIVERED","48a4ad38-491b-3192-9e03-d248776216b7","2025-02-22 08:37:03","<1740209821983.410438be-4a0b-41cf-a80b-5a594001a589@smtp.hubapi.com>","","","","","","","20185","AbBatch","","","","","","","","","","","","","",""
"fabian.sandforth@swisslife-select.de","6890244","348332491","","Wir schenken Ihnen drei Monate ProvenExpert ","""Denise von ProvenExpert"" <denise@provenexpert.com>","[support@provenexpert.com]","[]","[]","2025-02-22 08:36:58","fdb5730a-da31-4336-9350-91f1c544d605","SENT","fdb5730a-da31-4336-9350-91f1c544d605","2025-02-22 08:36:58","<1740209818425.fdb5730a-da31-4336-9350-91f1c544d605@smtp.hubapi.com>","","","","","","","20185","AbBatch","","","","","","","","","","","","","",""
"fabian.sandforth@swisslife-select.de","6890244","348332491","","Wir schenken Ihnen drei Monate ProvenExpert ","""Denise von ProvenExpert"" <denise@provenexpert.com>","[support@provenexpert.com]","[]","[]","2025-02-22 08:36:58","fdb5730a-da31-4336-9350-91f1c544d605","DELIVERED","6e894a6b-64eb-35dd-8e45-372b69d072a2","2025-02-22 08:37:04","<1740209818425.fdb5730a-da31-4336-9350-91f1c544d605@smtp.hubapi.com>","","","","","","","20185","AbBatch","","","","","","","","","","","","","",""
"cg@glade-institut.de","6890244","348332491","","Wir schenken Ihnen drei Monate ProvenExpert ","""Denise von ProvenExpert"" <denise@provenexpert.com>","[support@provenexpert.com]","[]","[]","2025-02-22 08:37:00","97b42c8e-695a-458e-b518-335c842d9520","SENT","97b42c8e-695a-458e-b518-335c842d9520","2025-02-22 08:37:00","<1740209820081.97b42c8e-695a-458e-b518-335c842d9520@smtp.hubapi.com>","","","","","","","20185","AbBatch","","","","","","","","","","","","","",""
"cg@glade-institut.de","6890244","348332491","","Wir schenken Ihnen drei Monate ProvenExpert ","""Denise von ProvenExpert"" <denise@provenexpert.com>","[support@provenexpert.com]","[]","[]","2025-02-22 08:37:00","97b42c8e-695a-458e-b518-335c842d9520","OPEN","fdafa07e-3d29-35f1-82bf-765c99074796","2025-02-23 11:25:48","<1740209820081.97b42c8e-695a-458e-b518-335c842d9520@smtp.hubapi.com>","","","","","","","20185","AbBatch","Mozilla/5.0 (Macintosh; Intel Mac OS X 10_15_7) AppleWebKit/605.1.15 (KHTML, like Gecko)","","nordrhein-westfalen","GERMANY","","","","0","","","","","",""
"cg@glade-institut.de","6890244","348332491","","Wir schenken Ihnen drei Monate ProvenExpert ","""Denise von ProvenExpert"" <denise@provenexpert.com>","[support@provenexpert.com]","[]","[]","2025-02-22 08:37:00","97b42c8e-695a-458e-b518-335c842d9520","DELIVERED","1ea494d6-ff44-31e9-bf72-d8cb20e09e39","2025-02-22 08:37:01","<1740209820081.97b42c8e-695a-458e-b518-335c842d9520@smtp.hubapi.com>","","","","","","","20185","AbBatch","","","","","","","","","","","","","",""
"tobias.kroes@allianz.de","6890244","348332491","","Wir schenken Ihnen drei Monate ProvenExpert ","""Denise von ProvenExpert"" <denise@provenexpert.com>","[support@provenexpert.com]","[]","[]","2025-02-22 08:36:58","7c2e90bc-e8eb-4628-af49-e9c52128eb3e","DELIVERED","1b2364e3-b853-36a5-a011-056da3d11737","2025-02-22 08:37:00","<1740209818792.7c2e90bc-e8eb-4628-af49-e9c52128eb3e@smtp.hubapi.com>","","","","","","","20185","AbBatch","","","","","","","","","","","","","",""
"tobias.kroes@allianz.de","6890244","348332491","","Wir schenken Ihnen drei Monate ProvenExpert ","""Denise von ProvenExpert"" <denise@provenexpert.com>","[support@provenexpert.com]","[]","[]","2025-02-22 08:36:58","7c2e90bc-e8eb-4628-af49-e9c52128eb3e","SENT","7c2e90bc-e8eb-4628-af49-e9c52128eb3e","2025-02-22 08:36:58","<1740209818792.7c2e90bc-e8eb-4628-af49-e9c52128eb3e@smtp.hubapi.com>","","","","","","","20185","AbBatch","","","","","","","","","","","","","",""
"tobias.kroes@allianz.de","6890244","348332491","","Wir schenken Ihnen drei Monate ProvenExpert ","""Denise von ProvenExpert"" <denise@provenexpert.com>","[support@provenexpert.com]","[]","[]","2025-02-22 08:36:58","7c2e90bc-e8eb-4628-af49-e9c52128eb3e","OPEN","3123de12-eae9-35aa-a81c-835c83af4cd4","2025-02-26 13:04:17","<1740209818792.7c2e90bc-e8eb-4628-af49-e9c52128eb3e@smtp.hubapi.com>","","","","","","","20185","AbBatch","Mozilla/4.0 (compatible; MSIE 7.0; Windows NT 10.0; WOW64; Trident/7.0; .NET4.0C; .NET4.0E; .NET CLR 2.0.50727; .NET CLR 3.0.30729; .NET CLR 3.5.30729; Tablet PC 2.0; GetGoLauncher; wbxapp 1.0.0; wbx 1.0.0; Zoom 3.6.0; Microsoft Outlook 16.0.5483; ms-office; MSOffice 16)","halle","sachsen-anhalt","GERMANY","","","","5506","","","","","",""
"info@luene-elektro.de","6890244","348332492","","299 € sparen und alle Vorteile für mehr Monate genießen!","""Denise von ProvenExpert"" <denise@provenexpert.com>","[support@provenexpert.com]","[]","[]","2025-02-22 08:37:01","11a7af72-280e-4364-b439-d6f4b77d634b","SENT","11a7af72-280e-4364-b439-d6f4b77d634b","2025-02-22 08:37:01","<1740209821798.11a7af72-280e-4364-b439-d6f4b77d634b@smtp.hubapi.com>","","","","","","","20185","AbBatch","","","","","","","","","","","","","",""
"info@luene-elektro.de","6890244","348332492","","299 € sparen und alle Vorteile für mehr Monate genießen!","""Denise von ProvenExpert"" <denise@provenexpert.com>","[support@provenexpert.com]","[]","[]","2025-02-22 08:37:01","11a7af72-280e-4364-b439-d6f4b77d634b","DELIVERED","b0a5b800-405c-3862-83ad-310cc6adc631","2025-02-22 08:37:04","<1740209821798.11a7af72-280e-4364-b439-d6f4b77d634b@smtp.hubapi.com>","","","","","","","20185","AbBatch","","","","","","","","","","","","","",""
"info@coaching-ludwig.com","6890244","348332491","","Wir schenken Ihnen drei Monate ProvenExpert ","""Denise von ProvenExpert"" <denise@provenexpert.com>","[support@provenexpert.com]","[]","[]","2025-02-22 08:36:59","8defe997-8bb5-4ea2-b3d1-8c913b9a00be","DELIVERED","7f9f08fa-5543-3170-a5c2-2bc9ce24cdaa","2025-02-22 08:37:01","<1740209819771.8defe997-8bb5-4ea2-b3d1-8c913b9a00be@smtp.hubapi.com>","","","","","","","20185","AbBatch","","","","","","","","","","","","","",""
"info@fcw-holzminden.de","6890244","348332491","","Wir schenken Ihnen drei Monate ProvenExpert ","""Denise von ProvenExpert"" <denise@provenexpert.com>","[support@provenexpert.com]","[]","[]","2025-02-22 08:37:01","4c545313-a340-4483-8c6c-ee55431e9731","DROPPED","4c545313-a340-4483-8c6c-ee55431e9731","2025-02-22 08:37:01","<1740209821304.4c545313-a340-4483-8c6c-ee55431e9731@smtp.hubapi.com>","","","113bccf8-d860-321a-b3d5-c73180c00d22","2022-10-26 07:46:55","PREVIOUSLY_BOUNCED","Recipient has previously bounced.","20185","AbBatch","","","","","","","","","550","smtp;550 5.1.10 RESOLVER.ADR.RecipientNotFound; Recipient info@fcw-holzminden.de not found by SMTP address lookup","smtp;550 5.1.10 RESOLVER.ADR.RecipientNotFound; Recipient info@fcw-holzminden.de not found by SMTP address lookup","","",""
"info@coaching-ludwig.com","6890244","348332491","","Wir schenken Ihnen drei Monate ProvenExpert ","""Denise von ProvenExpert"" <denise@provenexpert.com>","[support@provenexpert.com]","[]","[]","2025-02-22 08:36:59","8defe997-8bb5-4ea2-b3d1-8c913b9a00be","SENT","8defe997-8bb5-4ea2-b3d1-8c913b9a00be","2025-02-22 08:36:59","<1740209819771.8defe997-8bb5-4ea2-b3d1-8c913b9a00be@smtp.hubapi.com>","","","","","","","20185","AbBatch","","","","","","","","","","","","","",""
"ms@elbklinik-hamburg.de","6890244","348332492","","299 € sparen und alle Vorteile für mehr Monate genießen!","""Denise von ProvenExpert"" <denise@provenexpert.com>","[support@provenexpert.com]","[]","[]","2025-02-22 08:37:01","4f899c9d-5d2c-499c-bd97-098ce61ab390","SENT","4f899c9d-5d2c-499c-bd97-098ce61ab390","2025-02-22 08:37:01","<1740209821523.4f899c9d-5d2c-499c-bd97-098ce61ab390@smtp.hubapi.com>","","","","","","","20185","AbBatch","","","","","","","","","","","","","",""
"ms@elbklinik-hamburg.de","6890244","348332492","","299 € sparen und alle Vorteile für mehr Monate genießen!","""Denise von ProvenExpert"" <denise@provenexpert.com>","[support@provenexpert.com]","[]","[]","2025-02-22 08:37:01","4f899c9d-5d2c-499c-bd97-098ce61ab390","DELIVERED","51564146-44c8-3447-9732-729aee5dddd6","2025-02-22 08:37:03","<1740209821523.4f899c9d-5d2c-499c-bd97-098ce61ab390@smtp.hubapi.com>","","","","","","","20185","AbBatch","","","","","","","","","","","","","",""
"winnexx69@gmail.com","6890244","348332492","","299 € sparen und alle Vorteile für mehr Monate genießen!","""Denise von ProvenExpert"" <denise@provenexpert.com>","[support@provenexpert.com]","[]","[]","2025-02-22 08:36:58","94854908-ee85-4412-ae3b-7595a2d4e853","OPEN","5c853dff-9e77-385f-ae7d-e422d0f3fc29","2025-02-22 11:44:53","<1740209818095.94854908-ee85-4412-ae3b-7595a2d4e853@smtp.hubapi.com>","","","","","","","20185","AbBatch","Mozilla/5.0 (Windows NT 5.1; rv:11.0) Gecko Firefox/11.0 (via ggpht.com GoogleImageProxy)","Unknown","Unknown","Unknown","","","","0","","","","","",""
"winnexx69@gmail.com","6890244","348332492","","299 € sparen und alle Vorteile für mehr Monate genießen!","""Denise von ProvenExpert"" <denise@provenexpert.com>","[support@provenexpert.com]","[]","[]","2025-02-22 08:36:58","94854908-ee85-4412-ae3b-7595a2d4e853","OPEN","50cb30e8-ba22-302e-8b92-d5522c41d522","2025-02-22 11:44:52","<1740209818095.94854908-ee85-4412-ae3b-7595a2d4e853@smtp.hubapi.com>","","","","","","","20185","AbBatch","Mozilla/5.0 (Windows NT 5.1; rv:11.0) Gecko Firefox/11.0 (via ggpht.com GoogleImageProxy)","Unknown","Unknown","Unknown","","","","0","","","","","",""
"winnexx69@gmail.com","6890244","348332492","","299 € sparen und alle Vorteile für mehr Monate genießen!","""Denise von ProvenExpert"" <denise@provenexpert.com>","[support@provenexpert.com]","[]","[]","2025-02-22 08:36:58","94854908-ee85-4412-ae3b-7595a2d4e853","SENT","94854908-ee85-4412-ae3b-7595a2d4e853","2025-02-22 08:36:58","<1740209818095.94854908-ee85-4412-ae3b-7595a2d4e853@smtp.hubapi.com>","","","","","","","20185","AbBatch","","","","","","","","","","","","","",""
"winnexx69@gmail.com","6890244","348332492","","299 € sparen und alle Vorteile für mehr Monate genießen!","""Denise von ProvenExpert"" <denise@provenexpert.com>","[support@provenexpert.com]","[]","[]","2025-02-22 08:36:58","94854908-ee85-4412-ae3b-7595a2d4e853","DELIVERED","cdf4d3f8-606e-3396-aa1e-cec53d282441","2025-02-22 08:36:58","<1740209818095.94854908-ee85-4412-ae3b-7595a2d4e853@smtp.hubapi.com>","","","","","","","20185","AbBatch","","","","","","","","","","","","","",""
"petra.hromatka@verjuengungsverein.eu","6890244","348332491","","Wir schenken Ihnen drei Monate ProvenExpert ","""Denise von ProvenExpert"" <denise@provenexpert.com>","[support@provenexpert.com]","[]","[]","2025-02-22 08:35:42","c8fe1df9-ab40-4643-9d7c-1e796ec6ec8d","SENT","c8fe1df9-ab40-4643-9d7c-1e796ec6ec8d","2025-02-22 08:35:42","<1740209742375.c8fe1df9-ab40-4643-9d7c-1e796ec6ec8d@smtp.hubapi.com>","","","","","","","20185","AbBatch","","","","","","","","","","","","","",""
"petra.hromatka@verjuengungsverein.eu","6890244","348332491","","Wir schenken Ihnen drei Monate ProvenExpert ","""Denise von ProvenExpert"" <denise@provenexpert.com>","[support@provenexpert.com]","[]","[]","2025-02-22 08:35:42","c8fe1df9-ab40-4643-9d7c-1e796ec6ec8d","DELIVERED","0350217b-441d-3aea-ab7b-e21ca20a2f0c","2025-02-22 08:35:53","<1740209742375.c8fe1df9-ab40-4643-9d7c-1e796ec6ec8d@smtp.hubapi.com>","","","","","","","20185","AbBatch","","","","","","","","","","","","","",""
"debbie.klijn@evernest.com","6890244","348332491","","Wir schenken Ihnen drei Monate ProvenExpert ","""Denise von ProvenExpert"" <denise@provenexpert.com>","[support@provenexpert.com]","[]","[]","2025-02-22 08:36:57","598fd68f-1763-468b-a273-049c9c97be7b","SENT","598fd68f-1763-468b-a273-049c9c97be7b","2025-02-22 08:36:57","<1740209817709.598fd68f-1763-468b-a273-049c9c97be7b@smtp.hubapi.com>","","","","","","","20185","AbBatch","","","","","","","","","","","","","",""
"debbie.klijn@evernest.com","6890244","348332491","","Wir schenken Ihnen drei Monate ProvenExpert ","""Denise von ProvenExpert"" <denise@provenexpert.com>","[support@provenexpert.com]","[]","[]","2025-02-22 08:36:57","598fd68f-1763-468b-a273-049c9c97be7b","DELIVERED","0f68008a-c7e4-3d85-91d7-674e8fd279d8","2025-02-22 08:36:58","<1740209817709.598fd68f-1763-468b-a273-049c9c97be7b@smtp.hubapi.com>","","","","","","","20185","AbBatch","","","","","","","","","","","","","",""
"info@wombagee.de","6890244","348332491","","Wir schenken Ihnen drei Monate ProvenExpert ","""Denise von ProvenExpert"" <denise@provenexpert.com>","[support@provenexpert.com]","[]","[]","2025-02-22 08:36:58","ba9efd4b-ee38-46f2-b6d0-5b48f8903b54","SENT","ba9efd4b-ee38-46f2-b6d0-5b48f8903b54","2025-02-22 08:36:58","<1740209818833.ba9efd4b-ee38-46f2-b6d0-5b48f8903b54@smtp.hubapi.com>","","","","","","","20185","AbBatch","","","","","","","","","","","","","",""
"info@wombagee.de","6890244","348332491","","Wir schenken Ihnen drei Monate ProvenExpert ","""Denise von ProvenExpert"" <denise@provenexpert.com>","[support@provenexpert.com]","[]","[]","2025-02-22 08:36:58","ba9efd4b-ee38-46f2-b6d0-5b48f8903b54","DELIVERED","59ff4c67-32a9-3615-a0fb-5c606c741c94","2025-02-22 08:37:00","<1740209818833.ba9efd4b-ee38-46f2-b6d0-5b48f8903b54@smtp.hubapi.com>","","","","","","","20185","AbBatch","","","","","","","","","","","","","",""
"info@herzraum-mg.de","6890244","348332491","","Wir schenken Ihnen drei Monate ProvenExpert ","""Denise von ProvenExpert"" <denise@provenexpert.com>","[support@provenexpert.com]","[]","[]","2025-02-22 08:37:00","af5ab292-210f-47ea-9327-9949378f4de4","DELIVERED","faa95e92-8883-336f-8c75-120f678efa77","2025-02-22 08:37:02","<1740209820945.af5ab292-210f-47ea-9327-9949378f4de4@smtp.hubapi.com>","","","","","","","20185","AbBatch","","","","","","","","","","","","","",""
"info@herzraum-mg.de","6890244","348332491","","Wir schenken Ihnen drei Monate ProvenExpert ","""Denise von ProvenExpert"" <denise@provenexpert.com>","[support@provenexpert.com]","[]","[]","2025-02-22 08:37:00","af5ab292-210f-47ea-9327-9949378f4de4","SENT","af5ab292-210f-47ea-9327-9949378f4de4","2025-02-22 08:37:00","<1740209820945.af5ab292-210f-47ea-9327-9949378f4de4@smtp.hubapi.com>","","","","","","","20185","AbBatch","","","","","","","","","","","","","",""
"backoffice@manuelwirtz.de","6890244","348332491","","Wir schenken Ihnen drei Monate ProvenExpert ","""Denise von ProvenExpert"" <denise@provenexpert.com>","[support@provenexpert.com]","[]","[]","2025-02-22 08:36:58","863e9593-5bc1-4ff1-9e71-7eebfae5d063","SENT","863e9593-5bc1-4ff1-9e71-7eebfae5d063","2025-02-22 08:36:58","<1740209818125.863e9593-5bc1-4ff1-9e71-7eebfae5d063@smtp.hubapi.com>","","","","","","","20185","AbBatch","","","","","","","","","","","","","",""
"backoffice@manuelwirtz.de","6890244","348332491","","Wir schenken Ihnen drei Monate ProvenExpert ","""Denise von ProvenExpert"" <denise@provenexpert.com>","[support@provenexpert.com]","[]","[]","2025-02-22 08:36:58","863e9593-5bc1-4ff1-9e71-7eebfae5d063","DELIVERED","0234ff6f-8989-3e82-8ba8-39de2f22351e","2025-02-22 08:37:01","<1740209818125.863e9593-5bc1-4ff1-9e71-7eebfae5d063@smtp.hubapi.com>","","","","","","","20185","AbBatch","","","","","","","","","","","","","",""
"schmidt@frankfurt-invest.de","6890244","348332491","","Wir schenken Ihnen drei Monate ProvenExpert ","""Denise von ProvenExpert"" <denise@provenexpert.com>","[support@provenexpert.com]","[]","[]","2025-02-22 08:36:58","5442c24e-01e2-451e-90ae-205a79d89c12","DELIVERED","1746ed44-db9f-3b1c-a8eb-987d109c53b0","2025-02-22 08:37:03","<1740209818563.5442c24e-01e2-451e-90ae-205a79d89c12@smtp.hubapi.com>","","","","","","","20185","AbBatch","","","","","","","","","","","","","",""
"schmidt@frankfurt-invest.de","6890244","348332491","","Wir schenken Ihnen drei Monate ProvenExpert ","""Denise von ProvenExpert"" <denise@provenexpert.com>","[support@provenexpert.com]","[]","[]","2025-02-22 08:36:58","5442c24e-01e2-451e-90ae-205a79d89c12","SENT","5442c24e-01e2-451e-90ae-205a79d89c12","2025-02-22 08:36:58","<1740209818563.5442c24e-01e2-451e-90ae-205a79d89c12@smtp.hubapi.com>","","","","","","","20185","AbBatch","","","","","","","","","","","","","",""
"mfeuchter@gmx.net","6890244","348332492","","299 € sparen und alle Vorteile für mehr Monate genießen!","""Denise von ProvenExpert"" <denise@provenexpert.com>","[support@provenexpert.com]","[]","[]","2025-02-22 08:36:59","342754f8-d24b-45dc-9d27-c49d93b3769a","DROPPED","342754f8-d24b-45dc-9d27-c49d93b3769a","2025-02-22 08:36:59","<1740209819538.342754f8-d24b-45dc-9d27-c49d93b3769a@smtp.hubapi.com>","","","c876c667-4a2b-3ff3-93a9-86aa09cf9f59","2021-06-09 16:16:09","PREVIOUSLY_BOUNCED","Recipient has previously bounced.","20185","AbBatch","","","","","","","","","550","550-Requested action not taken: mailbox unavailable 550 invalid DNS MX or A/AAAA resource record","550-Requested action not taken: mailbox unavailable 550 invalid DNS MX or A/AAAA resource record","","",""
"office@transformationundheilung.com","6890244","348332491","","Wir schenken Ihnen drei Monate ProvenExpert ","""Denise von ProvenExpert"" <denise@provenexpert.com>","[support@provenexpert.com]","[]","[]","2025-02-22 08:36:58","749a6e83-b0bc-46bb-95a4-e80a641ddb95","SENT","749a6e83-b0bc-46bb-95a4-e80a641ddb95","2025-02-22 08:36:58","<1740209818332.749a6e83-b0bc-46bb-95a4-e80a641ddb95@smtp.hubapi.com>","","","","","","","20185","AbBatch","","","","","","","","","","","","","",""
"office@transformationundheilung.com","6890244","348332491","","Wir schenken Ihnen drei Monate ProvenExpert ","""Denise von ProvenExpert"" <denise@provenexpert.com>","[support@provenexpert.com]","[]","[]","2025-02-22 08:36:58","749a6e83-b0bc-46bb-95a4-e80a641ddb95","DELIVERED","d7ec35ec-5e41-3c10-a5eb-559e16576ada","2025-02-22 08:37:00","<1740209818332.749a6e83-b0bc-46bb-95a4-e80a641ddb95@smtp.hubapi.com>","","","","","","","20185","AbBatch","","","","","","","","","","","","","",""
"info@network4wellness.de","6890244","348332492","","299 € sparen und alle Vorteile für mehr Monate genießen!","""Denise von ProvenExpert"" <denise@provenexpert.com>","[support@provenexpert.com]","[]","[]","2025-02-22 08:37:00","d9ff611a-63af-48f8-964e-7ab07208fd14","SENT","d9ff611a-63af-48f8-964e-7ab07208fd14","2025-02-22 08:37:00","<1740209820307.d9ff611a-63af-48f8-964e-7ab07208fd14@smtp.hubapi.com>","","","","","","","20185","AbBatch","","","","","","","","","","","","","",""
"info@network4wellness.de","6890244","348332492","","299 € sparen und alle Vorteile für mehr Monate genießen!","""Denise von ProvenExpert"" <denise@provenexpert.com>","[support@provenexpert.com]","[]","[]","2025-02-22 08:37:00","d9ff611a-63af-48f8-964e-7ab07208fd14","DELIVERED","49e1263d-443a-3445-bf6c-9c90b25e2c2a","2025-02-22 08:37:02","<1740209820307.d9ff611a-63af-48f8-964e-7ab07208fd14@smtp.hubapi.com>","","","","","","","20185","AbBatch","","","","","","","","","","","","","",""
"info@hund-naturpur.de","6890244","348332492","","299 € sparen und alle Vorteile für mehr Monate genießen!","""Denise von ProvenExpert"" <denise@provenexpert.com>","[support@provenexpert.com]","[]","[]","2025-02-22 08:37:02","6ab90c1a-9edb-4346-9618-1cee1a95b703","OPEN","face036a-ba68-33a7-9675-b60910e256fd","2025-02-22 09:53:53","<1740209822968.6ab90c1a-9edb-4346-9618-1cee1a95b703@smtp.hubapi.com>","","","","","","","20185","AbBatch","Mozilla/5.0 (iPhone; CPU iPhone OS 18_3_1 like Mac OS X) AppleWebKit/605.1.15 (KHTML, like Gecko) Version/18.3 Mobile/15E148 Safari/604.1","frankfurt am main","hessen","GERMANY","","","","19041","","","","","",""
"info@hund-naturpur.de","6890244","348332492","","299 € sparen und alle Vorteile für mehr Monate genießen!","""Denise von ProvenExpert"" <denise@provenexpert.com>","[support@provenexpert.com]","[]","[]","2025-02-22 08:37:02","6ab90c1a-9edb-4346-9618-1cee1a95b703","DELIVERED","2443eb54-df97-3ae9-b4ae-6612c4e58e93","2025-02-22 08:37:04","<1740209822968.6ab90c1a-9edb-4346-9618-1cee1a95b703@smtp.hubapi.com>","","","","","","","20185","AbBatch","","","","","","","","","","","","","",""
"info@hund-naturpur.de","6890244","348332492","","299 € sparen und alle Vorteile für mehr Monate genießen!","""Denise von ProvenExpert"" <denise@provenexpert.com>","[support@provenexpert.com]","[]","[]","2025-02-22 08:37:02","6ab90c1a-9edb-4346-9618-1cee1a95b703","SENT","6ab90c1a-9edb-4346-9618-1cee1a95b703","2025-02-22 08:37:02","<1740209822968.6ab90c1a-9edb-4346-9618-1cee1a95b703@smtp.hubapi.com>","","","","","","","20185","AbBatch","","","","","","","","","","","","","",""
"mtu@michaelturbanisch.de","6890244","348332492","","299 € sparen und alle Vorteile für mehr Monate genießen!","""Denise von ProvenExpert"" <denise@provenexpert.com>","[support@provenexpert.com]","[]","[]","2025-02-22 08:37:00","d2a72c4b-8357-4b67-a68d-cb931dcea532","SENT","d2a72c4b-8357-4b67-a68d-cb931dcea532","2025-02-22 08:37:00","<1740209820570.d2a72c4b-8357-4b67-a68d-cb931dcea532@smtp.hubapi.com>","","","","","","","20185","AbBatch","","","","","","","","","","","","","",""
"mtu@michaelturbanisch.de","6890244","348332492","","299 € sparen und alle Vorteile für mehr Monate genießen!","""Denise von ProvenExpert"" <denise@provenexpert.com>","[support@provenexpert.com]","[]","[]","2025-02-22 08:37:00","d2a72c4b-8357-4b67-a68d-cb931dcea532","DELIVERED","5b4829d0-075e-3524-a1b0-934e70a51cae","2025-02-22 08:37:03","<1740209820570.d2a72c4b-8357-4b67-a68d-cb931dcea532@smtp.hubapi.com>","","","","","","","20185","AbBatch","","","","","","","","","","","","","",""
"me.allyvator@gmail.com","6890244","348332491","","Wir schenken Ihnen drei Monate ProvenExpert ","""Denise von ProvenExpert"" <denise@provenexpert.com>","[support@provenexpert.com]","[]","[]","2025-02-22 08:36:59","b887d1d9-83a8-43ad-9dab-916811ef87ae","SENT","b887d1d9-83a8-43ad-9dab-916811ef87ae","2025-02-22 08:36:59","<1740209819328.b887d1d9-83a8-43ad-9dab-916811ef87ae@smtp.hubapi.com>","","","","","","","20185","AbBatch","","","","","","","","","","","","","",""
"me.allyvator@gmail.com","6890244","348332491","","Wir schenken Ihnen drei Monate ProvenExpert ","""Denise von ProvenExpert"" <denise@provenexpert.com>","[support@provenexpert.com]","[]","[]","2025-02-22 08:36:59","b887d1d9-83a8-43ad-9dab-916811ef87ae","DELIVERED","57ffe6ac-86a0-3945-b8ba-83aaa46c417b","2025-02-22 08:37:00","<1740209819328.b887d1d9-83a8-43ad-9dab-916811ef87ae@smtp.hubapi.com>","","","","","","","20185","AbBatch","","","","","","","","","","","","","",""
"info@itcon.consulting","6890244","348332492","","299 € sparen und alle Vorteile für mehr Monate genießen!","""Denise von ProvenExpert"" <denise@provenexpert.com>","[support@provenexpert.com]","[]","[]","2025-02-22 08:37:00","5d6cfedc-0692-43bb-9ebe-4f25a6133cd8","OPEN","4b7cfb08-a366-3d2a-bf3c-c590ffa74235","2025-02-22 09:08:09","<1740209820243.5d6cfedc-0692-43bb-9ebe-4f25a6133cd8@smtp.hubapi.com>","","","","","","","20185","AbBatch","Mozilla/5.0 (Windows NT 10.0; Win64; x64) AppleWebKit/537.36 (KHTML, like Gecko) Chrome/133.0.0.0 Safari/537.36 Edg/133.0.0.0 OneOutlook/1.2025.213.300","innsbruck","tirol","AUSTRIA","","","","4888","","","","","",""
"info@itcon.consulting","6890244","348332492","","299 € sparen und alle Vorteile für mehr Monate genießen!","""Denise von ProvenExpert"" <denise@provenexpert.com>","[support@provenexpert.com]","[]","[]","2025-02-22 08:37:00","5d6cfedc-0692-43bb-9ebe-4f25a6133cd8","DELIVERED","fd841201-1604-3d40-9600-24fc717f354c","2025-02-22 08:37:01","<1740209820243.5d6cfedc-0692-43bb-9ebe-4f25a6133cd8@smtp.hubapi.com>","","","","","","","20185","AbBatch","","","","","","","","","","","","","",""
"info@itcon.consulting","6890244","348332492","","299 € sparen und alle Vorteile für mehr Monate genießen!","""Denise von ProvenExpert"" <denise@provenexpert.com>","[support@provenexpert.com]","[]","[]","2025-02-22 08:37:00","5d6cfedc-0692-43bb-9ebe-4f25a6133cd8","SENT","5d6cfedc-0692-43bb-9ebe-4f25a6133cd8","2025-02-22 08:37:00","<1740209820243.5d6cfedc-0692-43bb-9ebe-4f25a6133cd8@smtp.hubapi.com>","","","","","","","20185","AbBatch","","","","","","","","","","","","","",""
"info@itcon.consulting","6890244","348332492","","299 € sparen und alle Vorteile für mehr Monate genießen!","""Denise von ProvenExpert"" <denise@provenexpert.com>","[support@provenexpert.com]","[]","[]","2025-02-22 08:37:00","5d6cfedc-0692-43bb-9ebe-4f25a6133cd8","CLICK","f805a937-9463-33f9-9a80-137e869ee107","2025-02-22 09:08:34","<1740209820243.5d6cfedc-0692-43bb-9ebe-4f25a6133cd8@smtp.hubapi.com>","","","","","","","20185","AbBatch","Mozilla/5.0 (Windows NT 10.0; Win64; x64) AppleWebKit/537.36 (KHTML, like Gecko) Chrome/133.0.0.0 Safari/537.36 Edg/133.0.0.0","innsbruck","tirol","AUSTRIA","","","https://www.provenexpert.com/ca/checkoutfeb25/?utm_term=3&utm_campaign=checkoutfeb25&utm_medium=email&_hsmi=348332492&utm_content=DACH_DE_BASIC_checkoutfeb25_2B&utm_source=hubspot","","","","","","",""
"info@fachwirteshop.de","6890244","348332491","","Wir schenken Ihnen drei Monate ProvenExpert ","""Denise von ProvenExpert"" <denise@provenexpert.com>","[support@provenexpert.com]","[]","[]","2025-02-22 08:37:01","8331d79d-6725-4b44-a9c0-815da0149dde","SENT","8331d79d-6725-4b44-a9c0-815da0149dde","2025-02-22 08:37:01","<1740209821114.8331d79d-6725-4b44-a9c0-815da0149dde@smtp.hubapi.com>","","","","","","","20185","AbBatch","","","","","","","","","","","","","",""
"info@fachwirteshop.de","6890244","348332491","","Wir schenken Ihnen drei Monate ProvenExpert ","""Denise von ProvenExpert"" <denise@provenexpert.com>","[support@provenexpert.com]","[]","[]","2025-02-22 08:37:01","8331d79d-6725-4b44-a9c0-815da0149dde","DELIVERED","62f2d720-0968-3e06-af38-787a5e3a2489","2025-02-22 08:37:03","<1740209821114.8331d79d-6725-4b44-a9c0-815da0149dde@smtp.hubapi.com>","","","","","","","20185","AbBatch","","","","","","","","","","","","","",""
"info@fachwirteshop.de","6890244","348332491","","Wir schenken Ihnen drei Monate ProvenExpert ","""Denise von ProvenExpert"" <denise@provenexpert.com>","[support@provenexpert.com]","[]","[]","2025-02-22 08:37:01","8331d79d-6725-4b44-a9c0-815da0149dde","OPEN","b6154991-9514-3eaf-9302-61adf638cdfc","2025-02-22 08:39:13","<1740209821114.8331d79d-6725-4b44-a9c0-815da0149dde@smtp.hubapi.com>","","","","","","","20185","AbBatch","Mozilla/5.0 (iPhone; CPU iPhone OS 18_3_1 like Mac OS X) AppleWebKit/605.1.15 (KHTML, like Gecko) Mobile/15E148","oberhausen","nordrhein-westfalen","GERMANY","","","","5005","","","","","",""
"info@fachwirteshop.de","6890244","348332491","","Wir schenken Ihnen drei Monate ProvenExpert ","""Denise von ProvenExpert"" <denise@provenexpert.com>","[support@provenexpert.com]","[]","[]","2025-02-22 08:37:01","8331d79d-6725-4b44-a9c0-815da0149dde","OPEN","e10bd768-0cfd-32ef-b552-e418722cf866","2025-02-22 08:39:13","<1740209821114.8331d79d-6725-4b44-a9c0-815da0149dde@smtp.hubapi.com>","","","","","","","20185","AbBatch","Mozilla/5.0 (iPhone; CPU iPhone OS 18_3_1 like Mac OS X) AppleWebKit/605.1.15 (KHTML, like Gecko) Mobile/15E148","oberhausen","nordrhein-westfalen","GERMANY","","","","5034","","","","","",""
"dietrich@sinex.de","6890244","348332491","","Wir schenken Ihnen drei Monate ProvenExpert ","""Denise von ProvenExpert"" <denise@provenexpert.com>","[support@provenexpert.com]","[]","[]","2025-02-22 08:37:00","227294ce-101a-4c1c-8c2d-b63f4c4567dc","OPEN","e29ab696-bb37-36e7-8877-2d6b5f532dd9","2025-02-22 08:58:20","<1740209820923.227294ce-101a-4c1c-8c2d-b63f4c4567dc@smtp.hubapi.com>","","","fcb80a2b-fb4b-3c69-b6ed-ca26bae05fd9","2025-02-22 08:58:20","","","20185","AbBatch","Mozilla/5.0 (iPhone; CPU iPhone OS 18_1_1 like Mac OS X) AppleWebKit/605.1.15 (KHTML, like Gecko) Version/18.1.1 Mobile/15E148 Safari/604.1","villingen-schwenningen","baden-wurttemberg","GERMANY","","","","null","","","","","",""
"dietrich@sinex.de","6890244","348332491","","Wir schenken Ihnen drei Monate ProvenExpert ","""Denise von ProvenExpert"" <denise@provenexpert.com>","[support@provenexpert.com]","[]","[]","2025-02-22 08:37:00","227294ce-101a-4c1c-8c2d-b63f4c4567dc","DELIVERED","c563f1e5-499b-3e8d-b088-29960336988e","2025-02-22 08:37:43","<1740209820923.227294ce-101a-4c1c-8c2d-b63f4c4567dc@smtp.hubapi.com>","","","","","","","20185","AbBatch","","","","","","","","","","","","","",""
"dietrich@sinex.de","6890244","348332491","","Wir schenken Ihnen drei Monate ProvenExpert ","""Denise von ProvenExpert"" <denise@provenexpert.com>","[support@provenexpert.com]","[]","[]","2025-02-22 08:37:00","227294ce-101a-4c1c-8c2d-b63f4c4567dc","CLICK","fcb80a2b-fb4b-3c69-b6ed-ca26bae05fd9","2025-02-22 08:58:20","<1740209820923.227294ce-101a-4c1c-8c2d-b63f4c4567dc@smtp.hubapi.com>","","","","","","","20185","AbBatch","Mozilla/5.0 (iPhone; CPU iPhone OS 18_1_1 like Mac OS X) AppleWebKit/605.1.15 (KHTML, like Gecko) Version/18.1.1 Mobile/15E148 Safari/604.1","villingen-schwenningen","baden-wurttemberg","GERMANY","","","https://www.provenexpert.com/ca/checkoutfeb25/?utm_term=3&utm_campaign=checkoutfeb25&utm_medium=email&_hsmi=348332491&utm_content=DACH_DE_BASIC_checkoutfeb25_2A&utm_source=hubspot","","","","","","",""
"dietrich@sinex.de","6890244","348332491","","Wir schenken Ihnen drei Monate ProvenExpert ","""Denise von ProvenExpert"" <denise@provenexpert.com>","[support@provenexpert.com]","[]","[]","2025-02-22 08:37:00","227294ce-101a-4c1c-8c2d-b63f4c4567dc","SENT","227294ce-101a-4c1c-8c2d-b63f4c4567dc","2025-02-22 08:37:00","<1740209820923.227294ce-101a-4c1c-8c2d-b63f4c4567dc@smtp.hubapi.com>","","","","","","","20185","AbBatch","","","","","","","","","","","","","",""
"kerstin@wemheuer.de","6890244","348332492","","299 € sparen und alle Vorteile für mehr Monate genießen!","""Denise von ProvenExpert"" <denise@provenexpert.com>","[support@provenexpert.com]","[]","[]","2025-02-22 08:36:59","efcb76af-f2e8-454f-9e52-d76ee35fde24","DELIVERED","94d8f74b-6eb4-3822-b479-5a3ce4b052ea","2025-02-22 08:37:02","<1740209819011.efcb76af-f2e8-454f-9e52-d76ee35fde24@smtp.hubapi.com>","","","","","","","20185","AbBatch","","","","","","","","","","","","","",""
"kerstin@wemheuer.de","6890244","348332492","","299 € sparen und alle Vorteile für mehr Monate genießen!","""Denise von ProvenExpert"" <denise@provenexpert.com>","[support@provenexpert.com]","[]","[]","2025-02-22 08:36:59","efcb76af-f2e8-454f-9e52-d76ee35fde24","SENT","efcb76af-f2e8-454f-9e52-d76ee35fde24","2025-02-22 08:36:59","<1740209819011.efcb76af-f2e8-454f-9e52-d76ee35fde24@smtp.hubapi.com>","","","","","","","20185","AbBatch","","","","","","","","","","","","","",""
"geliebtesherzenskind@t-online.de","6890244","348332491","","Wir schenken Ihnen drei Monate ProvenExpert ","""Denise von ProvenExpert"" <denise@provenexpert.com>","[support@provenexpert.com]","[]","[]","2025-02-22 08:36:59","2abad423-baa1-450b-9609-f631392b9737","SENT","2abad423-baa1-450b-9609-f631392b9737","2025-02-22 08:36:59","<1740209819268.2abad423-baa1-450b-9609-f631392b9737@smtp.hubapi.com>","","","","","","","20185","AbBatch","","","","","","","","","","","","","",""
"geliebtesherzenskind@t-online.de","6890244","348332491","","Wir schenken Ihnen drei Monate ProvenExpert ","""Denise von ProvenExpert"" <denise@provenexpert.com>","[support@provenexpert.com]","[]","[]","2025-02-22 08:36:59","2abad423-baa1-450b-9609-f631392b9737","DELIVERED","f05547c9-bd61-3c2f-b768-665904232cb8","2025-02-22 08:37:00","<1740209819268.2abad423-baa1-450b-9609-f631392b9737@smtp.hubapi.com>","","","","","","","20185","AbBatch","","","","","","","","","","","","","",""
"coaching@sandropichler.ch","6890244","348332491","","Wir schenken Ihnen drei Monate ProvenExpert ","""Denise von ProvenExpert"" <denise@provenexpert.com>","[support@provenexpert.com]","[]","[]","2025-02-22 08:35:42","e79e8d80-ae1b-4739-9f7d-fefb99d5df43","DELIVERED","691f5994-f7b5-37ea-81b4-9ba1fd642f4c","2025-02-22 08:35:45","<1740209742417.e79e8d80-ae1b-4739-9f7d-fefb99d5df43@smtp.hubapi.com>","","","","","","","20185","AbBatch","","","","","","","","","","","","","",""
"coaching@sandropichler.ch","6890244","348332491","","Wir schenken Ihnen drei Monate ProvenExpert ","""Denise von ProvenExpert"" <denise@provenexpert.com>","[support@provenexpert.com]","[]","[]","2025-02-22 08:35:42","e79e8d80-ae1b-4739-9f7d-fefb99d5df43","SENT","e79e8d80-ae1b-4739-9f7d-fefb99d5df43","2025-02-22 08:35:42","<1740209742417.e79e8d80-ae1b-4739-9f7d-fefb99d5df43@smtp.hubapi.com>","","","","","","","20185","AbBatch","","","","","","","","","","","","","",""
"sebastian.beyer@meisterwerk-haus.ch","6890244","348332491","","Wir schenken Ihnen drei Monate ProvenExpert ","""Denise von ProvenExpert"" <denise@provenexpert.com>","[support@provenexpert.com]","[]","[]","2025-02-22 08:36:59","fcd4e9e2-96f2-49be-955c-54920f5286b5","DROPPED","fcd4e9e2-96f2-49be-955c-54920f5286b5","2025-02-22 08:36:59","<1740209819583.fcd4e9e2-96f2-49be-955c-54920f5286b5@smtp.hubapi.com>","","","1c208288-9550-3551-b3d5-86807e3a6350","2025-02-12 08:19:28","PREVIOUSLY_BOUNCED","Recipient has previously bounced.","20185","AbBatch","","","","","","","","","550","550 ""The mail server detected your message as spam and has prevented delivery.""","550 ""The mail server detected your message as spam and has prevented delivery.""","","",""
"info@klappladen-online.de","6890244","348332491","","Wir schenken Ihnen drei Monate ProvenExpert ","""Denise von ProvenExpert"" <denise@provenexpert.com>","[support@provenexpert.com]","[]","[]","2025-02-22 08:37:01","b818d8a0-5513-4d56-9f42-0ddc19ff1004","SENT","b818d8a0-5513-4d56-9f42-0ddc19ff1004","2025-02-22 08:37:01","<1740209821369.b818d8a0-5513-4d56-9f42-0ddc19ff1004@smtp.hubapi.com>","","","","","","","20185","AbBatch","","","","","","","","","","","","","",""
"info@klappladen-online.de","6890244","348332491","","Wir schenken Ihnen drei Monate ProvenExpert ","""Denise von ProvenExpert"" <denise@provenexpert.com>","[support@provenexpert.com]","[]","[]","2025-02-22 08:37:01","b818d8a0-5513-4d56-9f42-0ddc19ff1004","DELIVERED","29334d40-4433-3df8-a460-684ed1e78711","2025-02-22 08:37:05","<1740209821369.b818d8a0-5513-4d56-9f42-0ddc19ff1004@smtp.hubapi.com>","","","","","","","20185","AbBatch","","","","","","","","","","","","","",""
"klaes-wolf@provinzial.de","6890244","348332491","","Wir schenken Ihnen drei Monate ProvenExpert ","""Denise von ProvenExpert"" <denise@provenexpert.com>","[support@provenexpert.com]","[]","[]","2025-02-22 08:36:59","31f8b513-ddc4-44ae-8aba-64e15baf5393","SENT","31f8b513-ddc4-44ae-8aba-64e15baf5393","2025-02-22 08:36:59","<1740209819244.31f8b513-ddc4-44ae-8aba-64e15baf5393@smtp.hubapi.com>","","","","","","","20185","AbBatch","","","","","","","","","","","","","",""
"klaes-wolf@provinzial.de","6890244","348332491","","Wir schenken Ihnen drei Monate ProvenExpert ","""Denise von ProvenExpert"" <denise@provenexpert.com>","[support@provenexpert.com]","[]","[]","2025-02-22 08:36:59","31f8b513-ddc4-44ae-8aba-64e15baf5393","DELIVERED","6762e1e7-ecdc-3dc1-83a9-dee58a160ed0","2025-02-22 08:37:19","<1740209819244.31f8b513-ddc4-44ae-8aba-64e15baf5393@smtp.hubapi.com>","","","","","","","20185","AbBatch","","","","","","","","","","","","","",""
"info@brittateutsch.de","6890244","348332492","","299 € sparen und alle Vorteile für mehr Monate genießen!","""Denise von ProvenExpert"" <denise@provenexpert.com>","[support@provenexpert.com]","[]","[]","2025-02-22 08:37:00","e816652e-398e-4756-9d15-4d5e2c4e6634","DELIVERED","eb721ef5-5ae1-3f03-88f0-914bdb9a9b04","2025-02-22 08:37:03","<1740209820614.e816652e-398e-4756-9d15-4d5e2c4e6634@smtp.hubapi.com>","","","","","","","20185","AbBatch","","","","","","","","","","","","","",""
"info@brittateutsch.de","6890244","348332492","","299 € sparen und alle Vorteile für mehr Monate genießen!","""Denise von ProvenExpert"" <denise@provenexpert.com>","[support@provenexpert.com]","[]","[]","2025-02-22 08:37:00","e816652e-398e-4756-9d15-4d5e2c4e6634","SENT","e816652e-398e-4756-9d15-4d5e2c4e6634","2025-02-22 08:37:00","<1740209820614.e816652e-398e-4756-9d15-4d5e2c4e6634@smtp.hubapi.com>","","","","","","","20185","AbBatch","","","","","","","","","","","","","",""
"stefan.volz@volz-system.com","6890244","348332492","","299 € sparen und alle Vorteile für mehr Monate genießen!","""Denise von ProvenExpert"" <denise@provenexpert.com>","[support@provenexpert.com]","[]","[]","2025-02-22 08:36:57","bb31485d-ce84-470f-9662-36661cd1af6e","SENT","bb31485d-ce84-470f-9662-36661cd1af6e","2025-02-22 08:36:57","<1740209817986.bb31485d-ce84-470f-9662-36661cd1af6e@smtp.hubapi.com>","","","","","","","20185","AbBatch","","","","","","","","","","","","","",""
"stefan.volz@volz-system.com","6890244","348332492","","299 € sparen und alle Vorteile für mehr Monate genießen!","""Denise von ProvenExpert"" <denise@provenexpert.com>","[support@provenexpert.com]","[]","[]","2025-02-22 08:36:57","bb31485d-ce84-470f-9662-36661cd1af6e","DELIVERED","b97ef15a-7198-315a-93d7-39f24883f503","2025-02-22 08:36:59","<1740209817986.bb31485d-ce84-470f-9662-36661cd1af6e@smtp.hubapi.com>","","","","","","","20185","AbBatch","","","","","","","","","","","","","",""
"kontakt@heigenmoser-pflege.com","6890244","348332491","","Wir schenken Ihnen drei Monate ProvenExpert ","""Denise von ProvenExpert"" <denise@provenexpert.com>","[support@provenexpert.com]","[]","[]","2025-02-22 08:36:58","9996109c-2e36-4b7a-8fef-cc336b365505","SENT","9996109c-2e36-4b7a-8fef-cc336b365505","2025-02-22 08:36:58","<1740209818709.9996109c-2e36-4b7a-8fef-cc336b365505@smtp.hubapi.com>","","","","","","","20185","AbBatch","","","","","","","","","","","","","",""
"web@gsmsolar.de","6890244","348332491","","Wir schenken Ihnen drei Monate ProvenExpert ","""Denise von ProvenExpert"" <denise@provenexpert.com>","[support@provenexpert.com]","[]","[]","2025-02-22 08:35:42","17de5d76-b35d-47bd-926b-754e595b0108","DROPPED","17de5d76-b35d-47bd-926b-754e595b0108","2025-02-22 08:35:42","<1740209742249.17de5d76-b35d-47bd-926b-754e595b0108@smtp.hubapi.com>","","","0f1bd100-51da-3ba4-880e-8db9be8eb784","2021-06-09 16:19:23","PREVIOUSLY_BOUNCED","Recipient has previously bounced.","20185","AbBatch","","","","","","","","","550","550-Requested action not taken: mailbox unavailable 550 invalid DNS MX or A/AAAA resource record","550-Requested action not taken: mailbox unavailable 550 invalid DNS MX or A/AAAA resource record","","",""
"kontakt@heigenmoser-pflege.com","6890244","348332491","","Wir schenken Ihnen drei Monate ProvenExpert ","""Denise von ProvenExpert"" <denise@provenexpert.com>","[support@provenexpert.com]","[]","[]","2025-02-22 08:36:58","9996109c-2e36-4b7a-8fef-cc336b365505","DELIVERED","67b8dff0-f469-3c6f-9c83-ccbc13d0d5cf","2025-02-22 08:37:02","<1740209818709.9996109c-2e36-4b7a-8fef-cc336b365505@smtp.hubapi.com>","","","","","","","20185","AbBatch","","","","","","","","","","","","","",""
"erich@zfriedn.com","6890244","348332492","","299 € sparen und alle Vorteile für mehr Monate genießen!","""Denise von ProvenExpert"" <denise@provenexpert.com>","[support@provenexpert.com]","[]","[]","2025-02-22 08:37:02","61396b71-4c85-4652-a527-4049bd4b4053","SENT","61396b71-4c85-4652-a527-4049bd4b4053","2025-02-22 08:37:02","<1740209822697.61396b71-4c85-4652-a527-4049bd4b4053@smtp.hubapi.com>","","","","","","","20185","AbBatch","","","","","","","","","","","","","",""
"erich@zfriedn.com","6890244","348332492","","299 € sparen und alle Vorteile für mehr Monate genießen!","""Denise von ProvenExpert"" <denise@provenexpert.com>","[support@provenexpert.com]","[]","[]","2025-02-22 08:37:02","61396b71-4c85-4652-a527-4049bd4b4053","DELIVERED","6f756c39-0334-31a2-9db5-8600dd2631c9","2025-02-22 08:37:10","<1740209822697.61396b71-4c85-4652-a527-4049bd4b4053@smtp.hubapi.com>","","","","","","","20185","AbBatch","","","","","","","","","","","","","",""
"info@kuhlmann-coaching.de","6890244","348332491","","Wir schenken Ihnen drei Monate ProvenExpert ","""Denise von ProvenExpert"" <denise@provenexpert.com>","[support@provenexpert.com]","[]","[]","2025-02-22 08:36:58","62aaae2b-9870-4ed8-a7e0-c0c2faabd936","DELIVERED","13536669-2082-3039-8bb4-668f9ec8c763","2025-02-22 08:37:01","<1740209818989.62aaae2b-9870-4ed8-a7e0-c0c2faabd936@smtp.hubapi.com>","","","","","","","20185","AbBatch","","","","","","","","","","","","","",""
"info@kuhlmann-coaching.de","6890244","348332491","","Wir schenken Ihnen drei Monate ProvenExpert ","""Denise von ProvenExpert"" <denise@provenexpert.com>","[support@provenexpert.com]","[]","[]","2025-02-22 08:36:58","62aaae2b-9870-4ed8-a7e0-c0c2faabd936","SENT","62aaae2b-9870-4ed8-a7e0-c0c2faabd936","2025-02-22 08:36:58","<1740209818989.62aaae2b-9870-4ed8-a7e0-c0c2faabd936@smtp.hubapi.com>","","","","","","","20185","AbBatch","","","","","","","","","","","","","",""
"stephanie@stephaniecekon.com","6890244","348332491","","Wir schenken Ihnen drei Monate ProvenExpert ","""Denise von ProvenExpert"" <denise@provenexpert.com>","[support@provenexpert.com]","[]","[]","2025-02-22 08:36:59","74b186dc-e8bb-42e4-a183-99d52d305c0e","DEFERRED","7c1e6ff7-6838-3c3d-9dfa-28b290b5dbe5","2025-02-22 08:37:07","<1740209819141.74b186dc-e8bb-42e4-a183-99d52d305c0e@smtp.hubapi.com>","","","","","","","20185","AbBatch","","","","","","","","","","","","","",""
"stephanie@stephaniecekon.com","6890244","348332491","","Wir schenken Ihnen drei Monate ProvenExpert ","""Denise von ProvenExpert"" <denise@provenexpert.com>","[support@provenexpert.com]","[]","[]","2025-02-22 08:36:59","74b186dc-e8bb-42e4-a183-99d52d305c0e","SENT","74b186dc-e8bb-42e4-a183-99d52d305c0e","2025-02-22 08:36:59","<1740209819141.74b186dc-e8bb-42e4-a183-99d52d305c0e@smtp.hubapi.com>","","","","","","","20185","AbBatch","","","","","","","","","","","","","",""
"stephanie@stephaniecekon.com","6890244","348332491","","Wir schenken Ihnen drei Monate ProvenExpert ","""Denise von ProvenExpert"" <denise@provenexpert.com>","[support@provenexpert.com]","[]","[]","2025-02-22 08:36:59","74b186dc-e8bb-42e4-a183-99d52d305c0e","DELIVERED","024ca735-6dca-3143-a75f-7bd5f258d095","2025-02-22 08:47:11","<1740209819141.74b186dc-e8bb-42e4-a183-99d52d305c0e@smtp.hubapi.com>","","","","","","","20185","AbBatch","","","","","","","","","","","","","",""
"kontakt@someonmarketing.com","6890244","348332491","","Wir schenken Ihnen drei Monate ProvenExpert ","""Denise von ProvenExpert"" <denise@provenexpert.com>","[support@provenexpert.com]","[]","[]","2025-02-22 08:35:42","986c1df9-1e10-4c28-a72c-87fe2dd45bf3","SENT","986c1df9-1e10-4c28-a72c-87fe2dd45bf3","2025-02-22 08:35:42","<1740209742137.986c1df9-1e10-4c28-a72c-87fe2dd45bf3@smtp.hubapi.com>","","","","","","","20185","AbBatch","","","","","","","","","","","","","",""
"a.koch@herzensarbeit.ch","6890244","348332491","","Wir schenken Ihnen drei Monate ProvenExpert ","""Denise von ProvenExpert"" <denise@provenexpert.com>","[support@provenexpert.com]","[]","[]","2025-02-22 08:37:01","20a39a73-38ec-4ad3-b778-13621f581a9a","DROPPED","20a39a73-38ec-4ad3-b778-13621f581a9a","2025-02-22 08:37:01","<1740209821735.20a39a73-38ec-4ad3-b778-13621f581a9a@smtp.hubapi.com>","","","57358ee7-3280-30f1-9423-b62535fab163","2025-02-12 08:19:39","PREVIOUSLY_BOUNCED","Recipient has previously bounced.","20185","AbBatch","","","","","","","","","550","550 ""The mail server detected your message as spam and has prevented delivery.""","550 ""The mail server detected your message as spam and has prevented delivery.""","","",""
"kontakt@someonmarketing.com","6890244","348332491","","Wir schenken Ihnen drei Monate ProvenExpert ","""Denise von ProvenExpert"" <denise@provenexpert.com>","[support@provenexpert.com]","[]","[]","2025-02-22 08:35:42","986c1df9-1e10-4c28-a72c-87fe2dd45bf3","DELIVERED","fdeaf10c-1fab-3a3b-86f5-69e3162ae64e","2025-02-22 08:35:45","<1740209742137.986c1df9-1e10-4c28-a72c-87fe2dd45bf3@smtp.hubapi.com>","","","","","","","20185","AbBatch","","","","","","","","","","","","","",""
"info@individuellegesundheit.de","6890244","348332491","","Wir schenken Ihnen drei Monate ProvenExpert ","""Denise von ProvenExpert"" <denise@provenexpert.com>","[support@provenexpert.com]","[]","[]","2025-02-22 08:36:57","08a69674-ddd7-4b64-a8d1-49995ca5e3b5","SENT","08a69674-ddd7-4b64-a8d1-49995ca5e3b5","2025-02-22 08:36:57","<1740209817869.08a69674-ddd7-4b64-a8d1-49995ca5e3b5@smtp.hubapi.com>","","","","","","","20185","AbBatch","","","","","","","","","","","","","",""
"info@individuellegesundheit.de","6890244","348332491","","Wir schenken Ihnen drei Monate ProvenExpert ","""Denise von ProvenExpert"" <denise@provenexpert.com>","[support@provenexpert.com]","[]","[]","2025-02-22 08:36:57","08a69674-ddd7-4b64-a8d1-49995ca5e3b5","DELIVERED","e487152c-3252-320b-be9f-65090b630fcd","2025-02-22 08:36:59","<1740209817869.08a69674-ddd7-4b64-a8d1-49995ca5e3b5@smtp.hubapi.com>","","","","","","","20185","AbBatch","","","","","","","","","","","","","",""
"sandra@wunderbarunperfekt.de","6890244","348332492","","299 € sparen und alle Vorteile für mehr Monate genießen!","""Denise von ProvenExpert"" <denise@provenexpert.com>","[support@provenexpert.com]","[]","[]","2025-02-22 08:36:59","bef3b348-67fb-4a79-98ad-09ba4b94e82b","DELIVERED","210fe926-7268-3ee4-becf-a0958d009389","2025-02-22 08:37:00","<1740209819592.bef3b348-67fb-4a79-98ad-09ba4b94e82b@smtp.hubapi.com>","","","","","","","20185","AbBatch","","","","","","","","","","","","","",""
"sandra@wunderbarunperfekt.de","6890244","348332492","","299 € sparen und alle Vorteile für mehr Monate genießen!","""Denise von ProvenExpert"" <denise@provenexpert.com>","[support@provenexpert.com]","[]","[]","2025-02-22 08:36:59","bef3b348-67fb-4a79-98ad-09ba4b94e82b","SENT","bef3b348-67fb-4a79-98ad-09ba4b94e82b","2025-02-22 08:36:59","<1740209819592.bef3b348-67fb-4a79-98ad-09ba4b94e82b@smtp.hubapi.com>","","","","","","","20185","AbBatch","","","","","","","","","","","","","",""
"info@equinality.de","6890244","348332491","","Wir schenken Ihnen drei Monate ProvenExpert ","""Denise von ProvenExpert"" <denise@provenexpert.com>","[support@provenexpert.com]","[]","[]","2025-02-22 08:35:42","cb4a0d3e-a4d0-4ba7-a9ca-02d2b0b059f5","DELIVERED","70b2e56c-be94-363a-87bf-f23cbe7d850f","2025-02-22 08:35:45","<1740209742672.cb4a0d3e-a4d0-4ba7-a9ca-02d2b0b059f5@smtp.hubapi.com>","","","","","","","20185","AbBatch","","","","","","","","","","","","","",""
"info@equinality.de","6890244","348332491","","Wir schenken Ihnen drei Monate ProvenExpert ","""Denise von ProvenExpert"" <denise@provenexpert.com>","[support@provenexpert.com]","[]","[]","2025-02-22 08:35:42","cb4a0d3e-a4d0-4ba7-a9ca-02d2b0b059f5","SENT","cb4a0d3e-a4d0-4ba7-a9ca-02d2b0b059f5","2025-02-22 08:35:42","<1740209742672.cb4a0d3e-a4d0-4ba7-a9ca-02d2b0b059f5@smtp.hubapi.com>","","","","","","","20185","AbBatch","","","","","","","","","","","","","",""
"info@trademont.de","6890244","348332492","","299 € sparen und alle Vorteile für mehr Monate genießen!","""Denise von ProvenExpert"" <denise@provenexpert.com>","[support@provenexpert.com]","[]","[]","2025-02-22 08:36:58","b179f0e5-b8fe-46dc-b56e-21f1ce4f4b93","DELIVERED","98427f71-2e73-3744-bc5e-6707cf1c7f45","2025-02-22 08:37:01","<1740209818267.b179f0e5-b8fe-46dc-b56e-21f1ce4f4b93@smtp.hubapi.com>","","","","","","","20185","AbBatch","","","","","","","","","","","","","",""
"info@trademont.de","6890244","348332492","","299 € sparen und alle Vorteile für mehr Monate genießen!","""Denise von ProvenExpert"" <denise@provenexpert.com>","[support@provenexpert.com]","[]","[]","2025-02-22 08:36:58","b179f0e5-b8fe-46dc-b56e-21f1ce4f4b93","SENT","b179f0e5-b8fe-46dc-b56e-21f1ce4f4b93","2025-02-22 08:36:58","<1740209818267.b179f0e5-b8fe-46dc-b56e-21f1ce4f4b93@smtp.hubapi.com>","","","","","","","20185","AbBatch","","","","","","","","","","","","","",""
"m.gottschick@web.de","6890244","348332492","","299 € sparen und alle Vorteile für mehr Monate genießen!","""Denise von ProvenExpert"" <denise@provenexpert.com>","[support@provenexpert.com]","[]","[]","2025-02-22 08:37:00","8c1b141a-7917-407f-b3ed-1448e16363f1","DROPPED","8c1b141a-7917-407f-b3ed-1448e16363f1","2025-02-22 08:37:00","<1740209820261.8c1b141a-7917-407f-b3ed-1448e16363f1@smtp.hubapi.com>","","","754845d7-5273-3b45-8794-2d0df9a428ad","2020-06-22 01:54:48","PREVIOUSLY_BOUNCED","Recipient has previously bounced.","20185","AbBatch","","","","","","","","","552","552-Requested mail action aborted: exceeded storage allocation 552-Quota exceeded. 552 For explanation visit https://postmaster.web.de/error-messages?ip=54.174.61.63&c=quot","552-Requested mail action aborted: exceeded storage allocation 552-Quota exceeded. 552 For explanation visit https://postmaster.web.de/error-messages?ip=54.174.61.63&c=quot","","",""
"resoursys@icloud.com","6890244","348332491","","Wir schenken Ihnen drei Monate ProvenExpert ","""Denise von ProvenExpert"" <denise@provenexpert.com>","[support@provenexpert.com]","[]","[]","2025-02-22 08:35:42","0b9333d4-4dd5-42e7-b321-7ff01393b6fe","SENT","0b9333d4-4dd5-42e7-b321-7ff01393b6fe","2025-02-22 08:35:42","<1740209742714.0b9333d4-4dd5-42e7-b321-7ff01393b6fe@smtp.hubapi.com>","","","","","","","20185","AbBatch","","","","","","","","","","","","","",""
"resoursys@icloud.com","6890244","348332491","","Wir schenken Ihnen drei Monate ProvenExpert ","""Denise von ProvenExpert"" <denise@provenexpert.com>","[support@provenexpert.com]","[]","[]","2025-02-22 08:35:42","0b9333d4-4dd5-42e7-b321-7ff01393b6fe","DELIVERED","28767f99-0cda-3c6f-b03b-30a26b414f32","2025-02-22 08:35:47","<1740209742714.0b9333d4-4dd5-42e7-b321-7ff01393b6fe@smtp.hubapi.com>","","","","","","","20185","AbBatch","","","","","","","","","","","","","",""
"marvin.fink@artesa.de","6890244","348332491","","Wir schenken Ihnen drei Monate ProvenExpert ","""Denise von ProvenExpert"" <denise@provenexpert.com>","[support@provenexpert.com]","[]","[]","2025-02-22 08:37:00","b980091b-7ae2-47bd-98c8-1600250433af","SENT","b980091b-7ae2-47bd-98c8-1600250433af","2025-02-22 08:37:00","<1740209820636.b980091b-7ae2-47bd-98c8-1600250433af@smtp.hubapi.com>","","","","","","","20185","AbBatch","","","","","","","","","","","","","",""
"marvin.fink@artesa.de","6890244","348332491","","Wir schenken Ihnen drei Monate ProvenExpert ","""Denise von ProvenExpert"" <denise@provenexpert.com>","[support@provenexpert.com]","[]","[]","2025-02-22 08:37:00","b980091b-7ae2-47bd-98c8-1600250433af","DELIVERED","88ebe8ec-5672-3ef6-9a79-6d2108e8bd7b","2025-02-22 08:37:02","<1740209820636.b980091b-7ae2-47bd-98c8-1600250433af@smtp.hubapi.com>","","","","","","","20185","AbBatch","","","","","","","","","","","","","",""
"fuggerstadt.bc@gmail.com","6890244","348332491","","Wir schenken Ihnen drei Monate ProvenExpert ","""Denise von ProvenExpert"" <denise@provenexpert.com>","[support@provenexpert.com]","[]","[]","2025-02-22 08:37:01","87d10547-7801-49bd-9ba8-265eed2bb5dc","DELIVERED","4d9a2fe7-644f-3be5-b271-a096d16f53fd","2025-02-22 08:37:02","<1740209821533.87d10547-7801-49bd-9ba8-265eed2bb5dc@smtp.hubapi.com>","","","","","","","20185","AbBatch","","","","","","","","","","","","","",""
"fuggerstadt.bc@gmail.com","6890244","348332491","","Wir schenken Ihnen drei Monate ProvenExpert ","""Denise von ProvenExpert"" <denise@provenexpert.com>","[support@provenexpert.com]","[]","[]","2025-02-22 08:37:01","87d10547-7801-49bd-9ba8-265eed2bb5dc","SENT","87d10547-7801-49bd-9ba8-265eed2bb5dc","2025-02-22 08:37:01","<1740209821533.87d10547-7801-49bd-9ba8-265eed2bb5dc@smtp.hubapi.com>","","","","","","","20185","AbBatch","","","","","","","","","","","","","",""
"info@kaminverglasung.de","6890244","348332491","","Wir schenken Ihnen drei Monate ProvenExpert ","""Denise von ProvenExpert"" <denise@provenexpert.com>","[support@provenexpert.com]","[]","[]","2025-02-22 08:36:57","628a25e2-3cb6-4ba6-a75d-e6f8d8d7ed88","DELIVERED","67542aed-6670-3828-8462-4ee745e89ecf","2025-02-22 08:36:59","<1740209817837.628a25e2-3cb6-4ba6-a75d-e6f8d8d7ed88@smtp.hubapi.com>","","","","","","","20185","AbBatch","","","","","","","","","","","","","",""
"info@kaminverglasung.de","6890244","348332491","","Wir schenken Ihnen drei Monate ProvenExpert ","""Denise von ProvenExpert"" <denise@provenexpert.com>","[support@provenexpert.com]","[]","[]","2025-02-22 08:36:57","628a25e2-3cb6-4ba6-a75d-e6f8d8d7ed88","SENT","628a25e2-3cb6-4ba6-a75d-e6f8d8d7ed88","2025-02-22 08:36:57","<1740209817837.628a25e2-3cb6-4ba6-a75d-e6f8d8d7ed88@smtp.hubapi.com>","","","","","","","20185","AbBatch","","","","","","","","","","","","","",""
"katja-reinbold@gmx.de","6890244","348332492","","299 € sparen und alle Vorteile für mehr Monate genießen!","""Denise von ProvenExpert"" <denise@provenexpert.com>","[support@provenexpert.com]","[]","[]","2025-02-22 08:37:02","fda54404-7b99-40b6-83a2-2e558dacfc1c","SENT","fda54404-7b99-40b6-83a2-2e558dacfc1c","2025-02-22 08:37:02","<1740209822003.fda54404-7b99-40b6-83a2-2e558dacfc1c@smtp.hubapi.com>","","","","","","","20185","AbBatch","","","","","","","","","","","","","",""
"katja-reinbold@gmx.de","6890244","348332492","","299 € sparen und alle Vorteile für mehr Monate genießen!","""Denise von ProvenExpert"" <denise@provenexpert.com>","[support@provenexpert.com]","[]","[]","2025-02-22 08:37:02","fda54404-7b99-40b6-83a2-2e558dacfc1c","DELIVERED","1a12def0-75ba-3ed5-8c6f-e2d604456a50","2025-02-22 08:37:03","<1740209822003.fda54404-7b99-40b6-83a2-2e558dacfc1c@smtp.hubapi.com>","","","","","","","20185","AbBatch","","","","","","","","","","","","","",""
"katja-reinbold@gmx.de","6890244","348332492","","299 € sparen und alle Vorteile für mehr Monate genießen!","""Denise von ProvenExpert"" <denise@provenexpert.com>","[support@provenexpert.com]","[]","[]","2025-02-22 08:37:02","fda54404-7b99-40b6-83a2-2e558dacfc1c","OPEN","623641cd-fd58-3648-874f-80fade1e2d6a","2025-02-22 09:58:47","<1740209822003.fda54404-7b99-40b6-83a2-2e558dacfc1c@smtp.hubapi.com>","","","","","","","20185","AbBatch","Mozilla/5.0 (Windows NT 10.0; Win64; x64) AppleWebKit/537.36 (KHTML, like Gecko) Chrome/133.0.0.0 Safari/537.36 Edg/133.0.0.0 OneOutlook/1.2025.213.300","berlin","berlin","GERMANY","","","","4818","","","","","",""
"oezlem.tasyuerek@gmail.com","6890244","348332492","","299 € sparen und alle Vorteile für mehr Monate genießen!","""Denise von ProvenExpert"" <denise@provenexpert.com>","[support@provenexpert.com]","[]","[]","2025-02-22 08:37:02","86b9d182-e864-4927-b44c-3bc5ffad13ba","DELIVERED","47a5e5dc-b91e-3357-abd0-51ef1c7e6f59","2025-02-22 08:37:03","<1740209822947.86b9d182-e864-4927-b44c-3bc5ffad13ba@smtp.hubapi.com>","","","","","","","20185","AbBatch","","","","","","","","","","","","","",""
"oezlem.tasyuerek@gmail.com","6890244","348332492","","299 € sparen und alle Vorteile für mehr Monate genießen!","""Denise von ProvenExpert"" <denise@provenexpert.com>","[support@provenexpert.com]","[]","[]","2025-02-22 08:37:02","86b9d182-e864-4927-b44c-3bc5ffad13ba","SENT","86b9d182-e864-4927-b44c-3bc5ffad13ba","2025-02-22 08:37:02","<1740209822947.86b9d182-e864-4927-b44c-3bc5ffad13ba@smtp.hubapi.com>","","","","","","","20185","AbBatch","","","","","","","","","","","","","",""
"info@kristineloechner.de","6890244","348332492","","299 € sparen und alle Vorteile für mehr Monate genießen!","""Denise von ProvenExpert"" <denise@provenexpert.com>","[support@provenexpert.com]","[]","[]","2025-02-22 08:37:02","da05c873-2835-4bdc-9fe1-61f1b81d2957","SENT","da05c873-2835-4bdc-9fe1-61f1b81d2957","2025-02-22 08:37:02","<1740209822779.da05c873-2835-4bdc-9fe1-61f1b81d2957@smtp.hubapi.com>","","","","","","","20185","AbBatch","","","","","","","","","","","","","",""
"info@kristineloechner.de","6890244","348332492","","299 € sparen und alle Vorteile für mehr Monate genießen!","""Denise von ProvenExpert"" <denise@provenexpert.com>","[support@provenexpert.com]","[]","[]","2025-02-22 08:37:02","da05c873-2835-4bdc-9fe1-61f1b81d2957","OPEN","25fcbf85-bc26-375b-bbed-5ef345c6545f","2025-02-22 08:53:56","<1740209822779.da05c873-2835-4bdc-9fe1-61f1b81d2957@smtp.hubapi.com>","","","","","","","20185","AbBatch","Mozilla/5.0 (Macintosh; Intel Mac OS X 10_15_7) AppleWebKit/605.1.15 (KHTML, like Gecko)","kiel","schleswig-holstein","GERMANY","","","","33011","","","","","",""
"info@kristineloechner.de","6890244","348332492","","299 € sparen und alle Vorteile für mehr Monate genießen!","""Denise von ProvenExpert"" <denise@provenexpert.com>","[support@provenexpert.com]","[]","[]","2025-02-22 08:37:02","da05c873-2835-4bdc-9fe1-61f1b81d2957","DELIVERED","15ca1400-cfb2-3544-96e7-4e46a82f27bb","2025-02-22 08:37:04","<1740209822779.da05c873-2835-4bdc-9fe1-61f1b81d2957@smtp.hubapi.com>","","","","","","","20185","AbBatch","","","","","","","","","","","","","",""
"david@sinnrevolution.de","6890244","348332491","","Wir schenken Ihnen drei Monate ProvenExpert ","""Denise von ProvenExpert"" <denise@provenexpert.com>","[support@provenexpert.com]","[]","[]","2025-02-22 08:37:00","1089947f-525b-41c7-a02d-77bb0993d0ac","SENT","1089947f-525b-41c7-a02d-77bb0993d0ac","2025-02-22 08:37:00","<1740209820102.1089947f-525b-41c7-a02d-77bb0993d0ac@smtp.hubapi.com>","","","","","","","20185","AbBatch","","","","","","","","","","","","","",""
"david@sinnrevolution.de","6890244","348332491","","Wir schenken Ihnen drei Monate ProvenExpert ","""Denise von ProvenExpert"" <denise@provenexpert.com>","[support@provenexpert.com]","[]","[]","2025-02-22 08:37:00","1089947f-525b-41c7-a02d-77bb0993d0ac","OPEN","69418a71-00f8-3cee-ade1-dbb6de861c4a","2025-02-22 11:51:19","<1740209820102.1089947f-525b-41c7-a02d-77bb0993d0ac@smtp.hubapi.com>","","","","","","","20185","AbBatch","Mozilla/5.0 (Macintosh; Intel Mac OS X 10_15_7) AppleWebKit/605.1.15 (KHTML, like Gecko)","neuwied","rheinland-pfalz","GERMANY","","","","16984","","","","","",""
"david@sinnrevolution.de","6890244","348332491","","Wir schenken Ihnen drei Monate ProvenExpert ","""Denise von ProvenExpert"" <denise@provenexpert.com>","[support@provenexpert.com]","[]","[]","2025-02-22 08:37:00","1089947f-525b-41c7-a02d-77bb0993d0ac","DELIVERED","4258b5cf-4e83-3bc2-bab1-64a49f8feb84","2025-02-22 08:37:01","<1740209820102.1089947f-525b-41c7-a02d-77bb0993d0ac@smtp.hubapi.com>","","","","","","","20185","AbBatch","","","","","","","","","","","","","",""
"kevin@growth-up-marketing.de","6890244","348332491","","Wir schenken Ihnen drei Monate ProvenExpert ","""Denise von ProvenExpert"" <denise@provenexpert.com>","[support@provenexpert.com]","[]","[]","2025-02-22 08:36:58","247b727d-b79c-4cfa-88a1-5b135523fcd2","DROPPED","247b727d-b79c-4cfa-88a1-5b135523fcd2","2025-02-22 08:36:58","<1740209818200.247b727d-b79c-4cfa-88a1-5b135523fcd2@smtp.hubapi.com>","","","ff43d888-14a5-30fe-87b9-3d14015d0b09","2025-02-12 08:19:41","PREVIOUSLY_BOUNCED","Recipient has previously bounced.","20185","AbBatch","","","","","","","","","450","450 4.7.1 <kevin@growth-up-marketing.de>: Recipient address rejected: Mail appeared to be SPAM or forged. Ask your Mail/DNS-Administrator to correct HELO and DNS MX settings or to get removed from DNSBLs","450 4.7.1 <kevin@growth-up-marketing.de>: Recipient address rejected: Mail appeared to be SPAM or forged. Ask your Mail/DNS-Administrator to correct HELO and DNS MX settings or to get removed from DNSBLs","","",""
"barbara@burkner-consulting.de","6890244","348332492","","299 € sparen und alle Vorteile für mehr Monate genießen!","""Denise von ProvenExpert"" <denise@provenexpert.com>","[support@provenexpert.com]","[]","[]","2025-02-22 08:37:00","83d9e0bb-da85-4ac4-a2e8-f1b71764048a","SENT","83d9e0bb-da85-4ac4-a2e8-f1b71764048a","2025-02-22 08:37:00","<1740209820180.83d9e0bb-da85-4ac4-a2e8-f1b71764048a@smtp.hubapi.com>","","","","","","","20185","AbBatch","","","","","","","","","","","","","",""
"barbara@burkner-consulting.de","6890244","348332492","","299 € sparen und alle Vorteile für mehr Monate genießen!","""Denise von ProvenExpert"" <denise@provenexpert.com>","[support@provenexpert.com]","[]","[]","2025-02-22 08:37:00","83d9e0bb-da85-4ac4-a2e8-f1b71764048a","DELIVERED","c69c8555-1372-353a-a526-288db56caccf","2025-02-22 08:37:01","<1740209820180.83d9e0bb-da85-4ac4-a2e8-f1b71764048a@smtp.hubapi.com>","","","","","","","20185","AbBatch","","","","","","","","","","","","","",""
"business@equalice-academy.com","6890244","348332491","","Wir schenken Ihnen drei Monate ProvenExpert ","""Denise von ProvenExpert"" <denise@provenexpert.com>","[support@provenexpert.com]","[]","[]","2025-02-22 08:36:58","2f1f0e79-a94c-45af-8f5b-6f052309fdf6","SENT","2f1f0e79-a94c-45af-8f5b-6f052309fdf6","2025-02-22 08:36:58","<1740209818904.2f1f0e79-a94c-45af-8f5b-6f052309fdf6@smtp.hubapi.com>","","","","","","","20185","AbBatch","","","","","","","","","","","","","",""
"business@equalice-academy.com","6890244","348332491","","Wir schenken Ihnen drei Monate ProvenExpert ","""Denise von ProvenExpert"" <denise@provenexpert.com>","[support@provenexpert.com]","[]","[]","2025-02-22 08:36:58","2f1f0e79-a94c-45af-8f5b-6f052309fdf6","DELIVERED","bed4d9e5-df60-349a-9dc5-89d8422b082d","2025-02-22 08:37:02","<1740209818904.2f1f0e79-a94c-45af-8f5b-6f052309fdf6@smtp.hubapi.com>","","","","","","","20185","AbBatch","","","","","","","","","","","","","",""
"service@saba-waesche.de","6890244","348332492","","299 € sparen und alle Vorteile für mehr Monate genießen!","""Denise von ProvenExpert"" <denise@provenexpert.com>","[support@provenexpert.com]","[]","[]","2025-02-22 08:36:59","9b409eb1-d8e9-4115-9f0b-d90cd89a6aff","DELIVERED","e3ef46a7-8180-389a-a56a-56bca59cd1aa","2025-02-22 08:37:02","<1740209819754.9b409eb1-d8e9-4115-9f0b-d90cd89a6aff@smtp.hubapi.com>","","","","","","","20185","AbBatch","","","","","","","","","","","","","",""
"service@saba-waesche.de","6890244","348332492","","299 € sparen und alle Vorteile für mehr Monate genießen!","""Denise von ProvenExpert"" <denise@provenexpert.com>","[support@provenexpert.com]","[]","[]","2025-02-22 08:36:59","9b409eb1-d8e9-4115-9f0b-d90cd89a6aff","SENT","9b409eb1-d8e9-4115-9f0b-d90cd89a6aff","2025-02-22 08:36:59","<1740209819754.9b409eb1-d8e9-4115-9f0b-d90cd89a6aff@smtp.hubapi.com>","","","","","","","20185","AbBatch","","","","","","","","","","","","","",""
"jessica.solar@gmx.at","6890244","348332491","","Wir schenken Ihnen drei Monate ProvenExpert ","""Denise von ProvenExpert"" <denise@provenexpert.com>","[support@provenexpert.com]","[]","[]","2025-02-22 08:37:00","803b6365-66a0-4e9c-92ea-2c4e2c21c8d6","DELIVERED","f286897a-a962-3fbe-8d76-d01cbc6e32b4","2025-02-22 08:37:01","<1740209820322.803b6365-66a0-4e9c-92ea-2c4e2c21c8d6@smtp.hubapi.com>","","","","","","","20185","AbBatch","","","","","","","","","","","","","",""
"jessica.solar@gmx.at","6890244","348332491","","Wir schenken Ihnen drei Monate ProvenExpert ","""Denise von ProvenExpert"" <denise@provenexpert.com>","[support@provenexpert.com]","[]","[]","2025-02-22 08:37:00","803b6365-66a0-4e9c-92ea-2c4e2c21c8d6","OPEN","b615ec56-aeee-3018-929b-d052a465a76f","2025-02-22 13:27:41","<1740209820322.803b6365-66a0-4e9c-92ea-2c4e2c21c8d6@smtp.hubapi.com>","","","","","","","20185","AbBatch","Mozilla/5.0 (Macintosh; Intel Mac OS X 10_15_7) AppleWebKit/537.36 (KHTML, like Gecko) Chrome/133.0.0.0 Safari/537.36","vienna","wien","AUSTRIA","","","","7490","","","","","",""
"jessica.solar@gmx.at","6890244","348332491","","Wir schenken Ihnen drei Monate ProvenExpert ","""Denise von ProvenExpert"" <denise@provenexpert.com>","[support@provenexpert.com]","[]","[]","2025-02-22 08:37:00","803b6365-66a0-4e9c-92ea-2c4e2c21c8d6","SENT","803b6365-66a0-4e9c-92ea-2c4e2c21c8d6","2025-02-22 08:37:00","<1740209820322.803b6365-66a0-4e9c-92ea-2c4e2c21c8d6@smtp.hubapi.com>","","","","","","","20185","AbBatch","","","","","","","","","","","","","",""
"mail@candicejoyce.com","6890244","348332491","","Wir schenken Ihnen drei Monate ProvenExpert ","""Denise von ProvenExpert"" <denise@provenexpert.com>","[support@provenexpert.com]","[]","[]","2025-02-22 08:37:01","e312a9ba-24a2-4a42-977c-548c17f3ccbc","SENT","e312a9ba-24a2-4a42-977c-548c17f3ccbc","2025-02-22 08:37:01","<1740209821514.e312a9ba-24a2-4a42-977c-548c17f3ccbc@smtp.hubapi.com>","","","","","","","20185","AbBatch","","","","","","","","","","","","","",""
"mail@candicejoyce.com","6890244","348332491","","Wir schenken Ihnen drei Monate ProvenExpert ","""Denise von ProvenExpert"" <denise@provenexpert.com>","[support@provenexpert.com]","[]","[]","2025-02-22 08:37:01","e312a9ba-24a2-4a42-977c-548c17f3ccbc","OPEN","f957bf3c-a65d-37ea-b06f-58fc8a4430b5","2025-02-24 12:56:54","<1740209821514.e312a9ba-24a2-4a42-977c-548c17f3ccbc@smtp.hubapi.com>","","","","","","","20185","AbBatch","Mozilla/5.0 (iPhone; CPU iPhone OS 18_3_1 like Mac OS X) AppleWebKit/605.1.15 (KHTML, like Gecko) Mobile/15E148","vienna","wien","AUSTRIA","","","","32844","","","","","",""
"mail@candicejoyce.com","6890244","348332491","","Wir schenken Ihnen drei Monate ProvenExpert ","""Denise von ProvenExpert"" <denise@provenexpert.com>","[support@provenexpert.com]","[]","[]","2025-02-22 08:37:01","e312a9ba-24a2-4a42-977c-548c17f3ccbc","DELIVERED","3e7ec9bd-fb43-36e7-ba63-4dad931099fb","2025-02-22 08:37:02","<1740209821514.e312a9ba-24a2-4a42-977c-548c17f3ccbc@smtp.hubapi.com>","","","","","","","20185","AbBatch","","","","","","","","","","","","","",""
"mail@candicejoyce.com","6890244","348332491","","Wir schenken Ihnen drei Monate ProvenExpert ","""Denise von ProvenExpert"" <denise@provenexpert.com>","[support@provenexpert.com]","[]","[]","2025-02-22 08:37:01","e312a9ba-24a2-4a42-977c-548c17f3ccbc","OPEN","6af48768-85d0-31dc-8c19-871b934597c3","2025-02-24 12:56:54","<1740209821514.e312a9ba-24a2-4a42-977c-548c17f3ccbc@smtp.hubapi.com>","","","","","","","20185","AbBatch","Mozilla/5.0 (iPhone; CPU iPhone OS 18_3_1 like Mac OS X) AppleWebKit/605.1.15 (KHTML, like Gecko) Mobile/15E148","vienna","wien","AUSTRIA","","","","32991","","","","","",""
"noreply@finanzerfahrungen.de","6890244","348332491","","Wir schenken Ihnen drei Monate ProvenExpert ","""Denise von ProvenExpert"" <denise@provenexpert.com>","[support@provenexpert.com]","[]","[]","2025-02-22 08:35:41","ff436594-848c-40c6-8fb1-ead9671d9a61","DROPPED","ff436594-848c-40c6-8fb1-ead9671d9a61","2025-02-22 08:35:41","<1740209741968.ff436594-848c-40c6-8fb1-ead9671d9a61@smtp.hubapi.com>","","","","","INVALID_TO_ADDRESS","Invalid Role Address","20185","AbBatch","","","","","","","","","","","","","",""
"hello@dianaschuler.de","6890244","348332492","","299 € sparen und alle Vorteile für mehr Monate genießen!","""Denise von ProvenExpert"" <denise@provenexpert.com>","[support@provenexpert.com]","[]","[]","2025-02-22 08:37:01","8496d7f3-a2f9-4f37-b66d-e6d8b787c75a","SENT","8496d7f3-a2f9-4f37-b66d-e6d8b787c75a","2025-02-22 08:37:01","<1740209821584.8496d7f3-a2f9-4f37-b66d-e6d8b787c75a@smtp.hubapi.com>","","","","","","","20185","AbBatch","","","","","","","","","","","","","",""
"hello@dianaschuler.de","6890244","348332492","","299 € sparen und alle Vorteile für mehr Monate genießen!","""Denise von ProvenExpert"" <denise@provenexpert.com>","[support@provenexpert.com]","[]","[]","2025-02-22 08:37:01","8496d7f3-a2f9-4f37-b66d-e6d8b787c75a","DELIVERED","ec882818-84f7-3140-838c-dd925dbd370c","2025-02-22 08:37:04","<1740209821584.8496d7f3-a2f9-4f37-b66d-e6d8b787c75a@smtp.hubapi.com>","","","","","","","20185","AbBatch","","","","","","","","","","","","","",""
"info@christianschiermayer.com","6890244","348332491","","Wir schenken Ihnen drei Monate ProvenExpert ","""Denise von ProvenExpert"" <denise@provenexpert.com>","[support@provenexpert.com]","[]","[]","2025-02-22 08:36:59","04e09749-b950-4486-b2bb-0df1516b03d0","SENT","04e09749-b950-4486-b2bb-0df1516b03d0","2025-02-22 08:36:59","<1740209819032.04e09749-b950-4486-b2bb-0df1516b03d0@smtp.hubapi.com>","","","","","","","20185","AbBatch","","","","","","","","","","","","","",""
"info@christianschiermayer.com","6890244","348332491","","Wir schenken Ihnen drei Monate ProvenExpert ","""Denise von ProvenExpert"" <denise@provenexpert.com>","[support@provenexpert.com]","[]","[]","2025-02-22 08:36:59","04e09749-b950-4486-b2bb-0df1516b03d0","DELIVERED","d6e6bba8-6174-3665-86a3-2e26eb87b148","2025-02-22 08:37:01","<1740209819032.04e09749-b950-4486-b2bb-0df1516b03d0@smtp.hubapi.com>","","","","","","","20185","AbBatch","","","","","","","","","","","","","",""
"kontakt@thomassenft.com","6890244","348332491","","Wir schenken Ihnen drei Monate ProvenExpert ","""Denise von ProvenExpert"" <denise@provenexpert.com>","[support@provenexpert.com]","[]","[]","2025-02-22 08:35:42","fc28234e-32b5-415e-9942-9956da2e18aa","SENT","fc28234e-32b5-415e-9942-9956da2e18aa","2025-02-22 08:35:42","<1740209742574.fc28234e-32b5-415e-9942-9956da2e18aa@smtp.hubapi.com>","","","","","","","20185","AbBatch","","","","","","","","","","","","","",""
"alexander.goetz@maklerbuero-goetz.de","6890244","348332492","","299 € sparen und alle Vorteile für mehr Monate genießen!","""Denise von ProvenExpert"" <denise@provenexpert.com>","[support@provenexpert.com]","[]","[]","2025-02-22 08:36:59","d15e6559-2be9-4036-a29b-e290c09326cb","DROPPED","d15e6559-2be9-4036-a29b-e290c09326cb","2025-02-22 08:36:59","<1740209819238.d15e6559-2be9-4036-a29b-e290c09326cb@smtp.hubapi.com>","","","a98ab22b-b753-3b5e-b264-05516e43a0be","2020-06-28 23:24:27","PREVIOUSLY_BOUNCED","Recipient has previously bounced.","20185","AbBatch","","","","","","","","","452","452 4.2.2 Mailbox full","452 4.2.2 Mailbox full","","",""
"kontakt@thomassenft.com","6890244","348332491","","Wir schenken Ihnen drei Monate ProvenExpert ","""Denise von ProvenExpert"" <denise@provenexpert.com>","[support@provenexpert.com]","[]","[]","2025-02-22 08:35:42","fc28234e-32b5-415e-9942-9956da2e18aa","DELIVERED","07cd621f-ed96-3f74-af4c-df9f3cccfea1","2025-02-22 08:35:45","<1740209742574.fc28234e-32b5-415e-9942-9956da2e18aa@smtp.hubapi.com>","","","","","","","20185","AbBatch","","","","","","","","","","","","","",""
"mel@meldorado.de","6890244","348332492","","299 € sparen und alle Vorteile für mehr Monate genießen!","""Denise von ProvenExpert"" <denise@provenexpert.com>","[support@provenexpert.com]","[]","[]","2025-02-22 08:36:59","1c8e9fb4-1dda-443e-8742-ae65d7679040","SENT","1c8e9fb4-1dda-443e-8742-ae65d7679040","2025-02-22 08:36:59","<1740209819124.1c8e9fb4-1dda-443e-8742-ae65d7679040@smtp.hubapi.com>","","","","","","","20185","AbBatch","","","","","","","","","","","","","",""
"mel@meldorado.de","6890244","348332492","","299 € sparen und alle Vorteile für mehr Monate genießen!","""Denise von ProvenExpert"" <denise@provenexpert.com>","[support@provenexpert.com]","[]","[]","2025-02-22 08:36:59","1c8e9fb4-1dda-443e-8742-ae65d7679040","OPEN","c037cde7-734e-3f7c-bdf6-b9263eb454da","2025-02-22 16:20:34","<1740209819124.1c8e9fb4-1dda-443e-8742-ae65d7679040@smtp.hubapi.com>","","","","","","","20185","AbBatch","Mozilla/5.0 (iPhone; CPU iPhone OS 18_1_1 like Mac OS X) AppleWebKit/605.1.15 (KHTML, like Gecko) Version/18.1.1 Mobile/15E148 Safari/604.1","crailsheim","baden-wurttemberg","GERMANY","","","","21925","","","","","",""
"mel@meldorado.de","6890244","348332492","","299 € sparen und alle Vorteile für mehr Monate genießen!","""Denise von ProvenExpert"" <denise@provenexpert.com>","[support@provenexpert.com]","[]","[]","2025-02-22 08:36:59","1c8e9fb4-1dda-443e-8742-ae65d7679040","DELIVERED","889a77a2-a84b-3224-9145-78fc396fb60f","2025-02-22 08:37:01","<1740209819124.1c8e9fb4-1dda-443e-8742-ae65d7679040@smtp.hubapi.com>","","","","","","","20185","AbBatch","","","","","","","","","","","","","",""
"id@inge-dosch.de","6890244","348332492","","299 € sparen und alle Vorteile für mehr Monate genießen!","""Denise von ProvenExpert"" <denise@provenexpert.com>","[support@provenexpert.com]","[]","[]","2025-02-22 08:37:01","325f73d6-506e-4bab-b999-75a1835a2750","DELIVERED","ebffbc22-3e20-3e8c-9a72-fbc080796398","2025-02-22 08:37:04","<1740209821718.325f73d6-506e-4bab-b999-75a1835a2750@smtp.hubapi.com>","","","","","","","20185","AbBatch","","","","","","","","","","","","","",""
"id@inge-dosch.de","6890244","348332492","","299 € sparen und alle Vorteile für mehr Monate genießen!","""Denise von ProvenExpert"" <denise@provenexpert.com>","[support@provenexpert.com]","[]","[]","2025-02-22 08:37:01","325f73d6-506e-4bab-b999-75a1835a2750","SENT","325f73d6-506e-4bab-b999-75a1835a2750","2025-02-22 08:37:01","<1740209821718.325f73d6-506e-4bab-b999-75a1835a2750@smtp.hubapi.com>","","","","","","","20185","AbBatch","","","","","","","","","","","","","",""
"r-k@einszweidrei-werbeagentur.de","6890244","348332492","","299 € sparen und alle Vorteile für mehr Monate genießen!","""Denise von ProvenExpert"" <denise@provenexpert.com>","[support@provenexpert.com]","[]","[]","2025-02-22 08:37:01","c6507efd-e85b-4988-b652-c6003eccbc83","DELIVERED","1ef7e38f-a290-35d3-8afd-ba54f0cb9152","2025-02-22 08:37:02","<1740209821392.c6507efd-e85b-4988-b652-c6003eccbc83@smtp.hubapi.com>","","","","","","","20185","AbBatch","","","","","","","","","","","","","",""
"r-k@einszweidrei-werbeagentur.de","6890244","348332492","","299 € sparen und alle Vorteile für mehr Monate genießen!","""Denise von ProvenExpert"" <denise@provenexpert.com>","[support@provenexpert.com]","[]","[]","2025-02-22 08:37:01","c6507efd-e85b-4988-b652-c6003eccbc83","SENT","c6507efd-e85b-4988-b652-c6003eccbc83","2025-02-22 08:37:01","<1740209821392.c6507efd-e85b-4988-b652-c6003eccbc83@smtp.hubapi.com>","","","","","","","20185","AbBatch","","","","","","","","","","","","","",""
"sw@bgf-muenchen.de","6890244","348332491","","Wir schenken Ihnen drei Monate ProvenExpert ","""Denise von ProvenExpert"" <denise@provenexpert.com>","[support@provenexpert.com]","[]","[]","2025-02-22 08:36:58","b47b34ea-0c8f-49c6-8f01-abb0af482878","DELIVERED","95dd4df9-6cae-37b8-bbe4-2a6dbc1db0a3","2025-02-22 08:37:01","<1740209818146.b47b34ea-0c8f-49c6-8f01-abb0af482878@smtp.hubapi.com>","","","","","","","20185","AbBatch","","","","","","","","","","","","","",""
"sw@bgf-muenchen.de","6890244","348332491","","Wir schenken Ihnen drei Monate ProvenExpert ","""Denise von ProvenExpert"" <denise@provenexpert.com>","[support@provenexpert.com]","[]","[]","2025-02-22 08:36:58","b47b34ea-0c8f-49c6-8f01-abb0af482878","SENT","b47b34ea-0c8f-49c6-8f01-abb0af482878","2025-02-22 08:36:58","<1740209818146.b47b34ea-0c8f-49c6-8f01-abb0af482878@smtp.hubapi.com>","","","","","","","20185","AbBatch","","","","","","","","","","","","","",""
"steffi.abt@ametras.com","6890244","348332491","","Wir schenken Ihnen drei Monate ProvenExpert ","""Denise von ProvenExpert"" <denise@provenexpert.com>","[support@provenexpert.com]","[]","[]","2025-02-22 08:36:58","ed30cf08-6c37-446c-b980-f4705a9b214f","SENT","ed30cf08-6c37-446c-b980-f4705a9b214f","2025-02-22 08:36:58","<1740209818025.ed30cf08-6c37-446c-b980-f4705a9b214f@smtp.hubapi.com>","","","","","","","20185","AbBatch","","","","","","","","","","","","","",""
"steffi.abt@ametras.com","6890244","348332491","","Wir schenken Ihnen drei Monate ProvenExpert ","""Denise von ProvenExpert"" <denise@provenexpert.com>","[support@provenexpert.com]","[]","[]","2025-02-22 08:36:58","ed30cf08-6c37-446c-b980-f4705a9b214f","DELIVERED","bcfb6c19-88e9-31a8-ad8e-e6e035d3d3ba","2025-02-22 08:37:00","<1740209818025.ed30cf08-6c37-446c-b980-f4705a9b214f@smtp.hubapi.com>","","","","","","","20185","AbBatch","","","","","","","","","","","","","",""
"office@thehorseseller.com","6890244","348332492","","299 € sparen und alle Vorteile für mehr Monate genießen!","""Denise von ProvenExpert"" <denise@provenexpert.com>","[support@provenexpert.com]","[]","[]","2025-02-22 08:37:00","6bc4bf60-32f6-4efc-9971-c72edd511ff7","DELIVERED","bb9c37da-febc-366c-83ae-97b88c5d4437","2025-02-22 08:37:02","<1740209820499.6bc4bf60-32f6-4efc-9971-c72edd511ff7@smtp.hubapi.com>","","","","","","","20185","AbBatch","","","","","","","","","","","","","",""
"office@thehorseseller.com","6890244","348332492","","299 € sparen und alle Vorteile für mehr Monate genießen!","""Denise von ProvenExpert"" <denise@provenexpert.com>","[support@provenexpert.com]","[]","[]","2025-02-22 08:37:00","6bc4bf60-32f6-4efc-9971-c72edd511ff7","SENT","6bc4bf60-32f6-4efc-9971-c72edd511ff7","2025-02-22 08:37:00","<1740209820499.6bc4bf60-32f6-4efc-9971-c72edd511ff7@smtp.hubapi.com>","","","","","","","20185","AbBatch","","","","","","","","","","","","","",""
"info@velosaloon.com","6890244","348332492","","299 € sparen und alle Vorteile für mehr Monate genießen!","""Denise von ProvenExpert"" <denise@provenexpert.com>","[support@provenexpert.com]","[]","[]","2025-02-22 08:37:01","5da158f8-e5dc-469f-9258-bbdf715f1dd9","DELIVERED","2876926f-2e82-3367-af0b-1fd57a795c32","2025-02-22 08:37:03","<1740209821269.5da158f8-e5dc-469f-9258-bbdf715f1dd9@smtp.hubapi.com>","","","","","","","20185","AbBatch","","","","","","","","","","","","","",""
"info@velosaloon.com","6890244","348332492","","299 € sparen und alle Vorteile für mehr Monate genießen!","""Denise von ProvenExpert"" <denise@provenexpert.com>","[support@provenexpert.com]","[]","[]","2025-02-22 08:37:01","5da158f8-e5dc-469f-9258-bbdf715f1dd9","SENT","5da158f8-e5dc-469f-9258-bbdf715f1dd9","2025-02-22 08:37:01","<1740209821269.5da158f8-e5dc-469f-9258-bbdf715f1dd9@smtp.hubapi.com>","","","","","","","20185","AbBatch","","","","","","","","","","","","","",""
"duerndorfer@gmail.com","6890244","348332492","","299 € sparen und alle Vorteile für mehr Monate genießen!","""Denise von ProvenExpert"" <denise@provenexpert.com>","[support@provenexpert.com]","[]","[]","2025-02-22 08:37:00","809ce226-6ad5-4d81-91e0-3f8d5ffe988c","SENT","809ce226-6ad5-4d81-91e0-3f8d5ffe988c","2025-02-22 08:37:00","<1740209820763.809ce226-6ad5-4d81-91e0-3f8d5ffe988c@smtp.hubapi.com>","","","","","","","20185","AbBatch","","","","","","","","","","","","","",""
"duerndorfer@gmail.com","6890244","348332492","","299 € sparen und alle Vorteile für mehr Monate genießen!","""Denise von ProvenExpert"" <denise@provenexpert.com>","[support@provenexpert.com]","[]","[]","2025-02-22 08:37:00","809ce226-6ad5-4d81-91e0-3f8d5ffe988c","DELIVERED","846fe793-27d4-3354-a8e7-1f9fe408d40e","2025-02-22 08:37:01","<1740209820763.809ce226-6ad5-4d81-91e0-3f8d5ffe988c@smtp.hubapi.com>","","","","","","","20185","AbBatch","","","","","","","","","","","","","",""
"matthias@wandl.immobilien","6890244","348332491","","Wir schenken Ihnen drei Monate ProvenExpert ","""Denise von ProvenExpert"" <denise@provenexpert.com>","[support@provenexpert.com]","[]","[]","2025-02-22 08:37:00","43310b75-b692-4b27-954e-d95399085438","OPEN","72d0d2d8-4297-3086-a3a1-fe3b0f17760a","2025-02-23 16:09:54","<1740209820656.43310b75-b692-4b27-954e-d95399085438@smtp.hubapi.com>","","","","","","","20185","AbBatch","Mozilla/5.0 (Windows NT 5.1; rv:11.0) Gecko Firefox/11.0 (via ggpht.com GoogleImageProxy)","Unknown","Unknown","Unknown","","","","0","","","","","",""
"matthias@wandl.immobilien","6890244","348332491","","Wir schenken Ihnen drei Monate ProvenExpert ","""Denise von ProvenExpert"" <denise@provenexpert.com>","[support@provenexpert.com]","[]","[]","2025-02-22 08:37:00","43310b75-b692-4b27-954e-d95399085438","DELIVERED","e5fc8b6d-c9c0-3159-9bc7-65ee7feb3f89","2025-02-22 08:37:02","<1740209820656.43310b75-b692-4b27-954e-d95399085438@smtp.hubapi.com>","","","","","","","20185","AbBatch","","","","","","","","","","","","","",""
"matthias@wandl.immobilien","6890244","348332491","","Wir schenken Ihnen drei Monate ProvenExpert ","""Denise von ProvenExpert"" <denise@provenexpert.com>","[support@provenexpert.com]","[]","[]","2025-02-22 08:37:00","43310b75-b692-4b27-954e-d95399085438","OPEN","422e2932-7ad6-37e7-af74-cf2fc9d091a8","2025-02-22 08:39:49","<1740209820656.43310b75-b692-4b27-954e-d95399085438@smtp.hubapi.com>","","","","","","","20185","AbBatch","Mozilla/5.0 (Windows NT 5.1; rv:11.0) Gecko Firefox/11.0 (via ggpht.com GoogleImageProxy)","Unknown","Unknown","Unknown","","","","0","","","","","",""
"matthias@wandl.immobilien","6890244","348332491","","Wir schenken Ihnen drei Monate ProvenExpert ","""Denise von ProvenExpert"" <denise@provenexpert.com>","[support@provenexpert.com]","[]","[]","2025-02-22 08:37:00","43310b75-b692-4b27-954e-d95399085438","SENT","43310b75-b692-4b27-954e-d95399085438","2025-02-22 08:37:00","<1740209820656.43310b75-b692-4b27-954e-d95399085438@smtp.hubapi.com>","","","","","","","20185","AbBatch","","","","","","","","","","","","","",""
"matthias@wandl.immobilien","6890244","348332491","","Wir schenken Ihnen drei Monate ProvenExpert ","""Denise von ProvenExpert"" <denise@provenexpert.com>","[support@provenexpert.com]","[]","[]","2025-02-22 08:37:00","43310b75-b692-4b27-954e-d95399085438","OPEN","48dbe04f-3bbd-3df2-84b6-2bf4cf56e2bf","2025-02-22 08:39:48","<1740209820656.43310b75-b692-4b27-954e-d95399085438@smtp.hubapi.com>","","","","","","","20185","AbBatch","Mozilla/5.0 (Windows NT 5.1; rv:11.0) Gecko Firefox/11.0 (via ggpht.com GoogleImageProxy)","Unknown","Unknown","Unknown","","","","0","","","","","",""
"matthias@wandl.immobilien","6890244","348332491","","Wir schenken Ihnen drei Monate ProvenExpert ","""Denise von ProvenExpert"" <denise@provenexpert.com>","[support@provenexpert.com]","[]","[]","2025-02-22 08:37:00","43310b75-b692-4b27-954e-d95399085438","OPEN","367c3d0e-ce07-3898-93c0-7c725363c386","2025-02-22 08:37:06","<1740209820656.43310b75-b692-4b27-954e-d95399085438@smtp.hubapi.com>","","","","","","","20185","AbBatch","Mozilla/5.0 (Windows NT 5.1; rv:11.0) Gecko Firefox/11.0 (via ggpht.com GoogleImageProxy)","Unknown","Unknown","Unknown","","","","0","","","","","",""
"christoph.drexler@sps-it.de","6890244","348332492","","299 € sparen und alle Vorteile für mehr Monate genießen!","""Denise von ProvenExpert"" <denise@provenexpert.com>","[support@provenexpert.com]","[]","[]","2025-02-22 08:37:02","2a8e4d05-12c6-4741-90d4-2b408bc7b2d4","SENT","2a8e4d05-12c6-4741-90d4-2b408bc7b2d4","2025-02-22 08:37:02","<1740209822739.2a8e4d05-12c6-4741-90d4-2b408bc7b2d4@smtp.hubapi.com>","","","","","","","20185","AbBatch","","","","","","","","","","","","","",""
"christoph.drexler@sps-it.de","6890244","348332492","","299 € sparen und alle Vorteile für mehr Monate genießen!","""Denise von ProvenExpert"" <denise@provenexpert.com>","[support@provenexpert.com]","[]","[]","2025-02-22 08:37:02","2a8e4d05-12c6-4741-90d4-2b408bc7b2d4","DELIVERED","a03e0a29-57ba-30ec-93f4-f2031c44a128","2025-02-22 08:37:07","<1740209822739.2a8e4d05-12c6-4741-90d4-2b408bc7b2d4@smtp.hubapi.com>","","","","","","","20185","AbBatch","","","","","","","","","","","","","",""
"kaiser-immo@web.de","6890244","348332491","","Wir schenken Ihnen drei Monate ProvenExpert ","""Denise von ProvenExpert"" <denise@provenexpert.com>","[support@provenexpert.com]","[]","[]","2025-02-22 08:36:59","37e9b4c1-71cb-4957-86ef-d70dd5c17fe8","DELIVERED","3b9b8aec-4463-3c4d-bf01-8dec3f5b0083","2025-02-22 08:37:00","<1740209819750.37e9b4c1-71cb-4957-86ef-d70dd5c17fe8@smtp.hubapi.com>","","","","","","","20185","AbBatch","","","","","","","","","","","","","",""
"kaiser-immo@web.de","6890244","348332491","","Wir schenken Ihnen drei Monate ProvenExpert ","""Denise von ProvenExpert"" <denise@provenexpert.com>","[support@provenexpert.com]","[]","[]","2025-02-22 08:36:59","37e9b4c1-71cb-4957-86ef-d70dd5c17fe8","SENT","37e9b4c1-71cb-4957-86ef-d70dd5c17fe8","2025-02-22 08:36:59","<1740209819750.37e9b4c1-71cb-4957-86ef-d70dd5c17fe8@smtp.hubapi.com>","","","","","","","20185","AbBatch","","","","","","","","","","","","","",""
"office@finally-fit.me","6890244","348332491","","Wir schenken Ihnen drei Monate ProvenExpert ","""Denise von ProvenExpert"" <denise@provenexpert.com>","[support@provenexpert.com]","[]","[]","2025-02-22 08:37:01","fc59175d-3700-4abb-809c-98d314d09c62","OPEN","7282bca7-4c7a-30f2-b021-7b6f57c3b8be","2025-02-22 08:37:06","<1740209821053.fc59175d-3700-4abb-809c-98d314d09c62@smtp.hubapi.com>","","","","","","","20185","AbBatch","Mozilla/5.0 (Windows NT 5.1; rv:11.0) Gecko Firefox/11.0 (via ggpht.com GoogleImageProxy)","Unknown","Unknown","Unknown","","","","0","","","","","",""
"info@zuhause-immobilien.com","6890244","348332491","","Wir schenken Ihnen drei Monate ProvenExpert ","""Denise von ProvenExpert"" <denise@provenexpert.com>","[support@provenexpert.com]","[]","[]","2025-02-22 08:35:42","0e062eb8-4475-4d93-9d97-862622a70f7c","DROPPED","0e062eb8-4475-4d93-9d97-862622a70f7c","2025-02-22 08:35:42","<1740209742074.0e062eb8-4475-4d93-9d97-862622a70f7c@smtp.hubapi.com>","","","719b802f-c27a-3f11-86f3-1232fb852762","2021-06-09 16:22:29","PREVIOUSLY_BOUNCED","Recipient has previously bounced.","20185","AbBatch","","","","","","","","","550","550-Requested action not taken: mailbox unavailable 550 invalid DNS MX or A/AAAA resource record","550-Requested action not taken: mailbox unavailable 550 invalid DNS MX or A/AAAA resource record","","",""
"office@finally-fit.me","6890244","348332491","","Wir schenken Ihnen drei Monate ProvenExpert ","""Denise von ProvenExpert"" <denise@provenexpert.com>","[support@provenexpert.com]","[]","[]","2025-02-22 08:37:01","fc59175d-3700-4abb-809c-98d314d09c62","DELIVERED","3935bf95-50d6-3114-9c92-2117319ccd4d","2025-02-22 08:37:02","<1740209821053.fc59175d-3700-4abb-809c-98d314d09c62@smtp.hubapi.com>","","","","","","","20185","AbBatch","","","","","","","","","","","","","",""
"office@finally-fit.me","6890244","348332491","","Wir schenken Ihnen drei Monate ProvenExpert ","""Denise von ProvenExpert"" <denise@provenexpert.com>","[support@provenexpert.com]","[]","[]","2025-02-22 08:37:01","fc59175d-3700-4abb-809c-98d314d09c62","OPEN","51627fe1-0e68-3b38-a513-71dbdcb8b7a0","2025-02-22 08:37:06","<1740209821053.fc59175d-3700-4abb-809c-98d314d09c62@smtp.hubapi.com>","","","","","","","20185","AbBatch","Mozilla/5.0 (Windows NT 5.1; rv:11.0) Gecko Firefox/11.0 (via ggpht.com GoogleImageProxy)","Unknown","Unknown","Unknown","","","","0","","","","","",""
"office@finally-fit.me","6890244","348332491","","Wir schenken Ihnen drei Monate ProvenExpert ","""Denise von ProvenExpert"" <denise@provenexpert.com>","[support@provenexpert.com]","[]","[]","2025-02-22 08:37:01","fc59175d-3700-4abb-809c-98d314d09c62","SENT","fc59175d-3700-4abb-809c-98d314d09c62","2025-02-22 08:37:01","<1740209821053.fc59175d-3700-4abb-809c-98d314d09c62@smtp.hubapi.com>","","","","","","","20185","AbBatch","","","","","","","","","","","","","",""
"hjw@visionintoaction.de","6890244","348332491","","Wir schenken Ihnen drei Monate ProvenExpert ","""Denise von ProvenExpert"" <denise@provenexpert.com>","[support@provenexpert.com]","[]","[]","2025-02-22 08:37:01","e1cc05e5-dcab-426d-a6cf-76b2f9892160","SENT","e1cc05e5-dcab-426d-a6cf-76b2f9892160","2025-02-22 08:37:01","<1740209821767.e1cc05e5-dcab-426d-a6cf-76b2f9892160@smtp.hubapi.com>","","","","","","","20185","AbBatch","","","","","","","","","","","","","",""
"hjw@visionintoaction.de","6890244","348332491","","Wir schenken Ihnen drei Monate ProvenExpert ","""Denise von ProvenExpert"" <denise@provenexpert.com>","[support@provenexpert.com]","[]","[]","2025-02-22 08:37:01","e1cc05e5-dcab-426d-a6cf-76b2f9892160","DELIVERED","577961b1-6840-356c-afc2-1ca4a1f6ee7d","2025-02-22 08:37:03","<1740209821767.e1cc05e5-dcab-426d-a6cf-76b2f9892160@smtp.hubapi.com>","","","","","","","20185","AbBatch","","","","","","","","","","","","","",""
"ne.muenker@web.de","6890244","348332491","","Wir schenken Ihnen drei Monate ProvenExpert ","""Denise von ProvenExpert"" <denise@provenexpert.com>","[support@provenexpert.com]","[]","[]","2025-02-22 08:36:58","5f4fdd25-97dd-4bef-a567-40d5567364c8","DELIVERED","4a07a1a6-91f2-3921-a4ff-ce96149c4b11","2025-02-22 08:36:59","<1740209818269.5f4fdd25-97dd-4bef-a567-40d5567364c8@smtp.hubapi.com>","","","","","","","20185","AbBatch","","","","","","","","","","","","","",""
"ne.muenker@web.de","6890244","348332491","","Wir schenken Ihnen drei Monate ProvenExpert ","""Denise von ProvenExpert"" <denise@provenexpert.com>","[support@provenexpert.com]","[]","[]","2025-02-22 08:36:58","5f4fdd25-97dd-4bef-a567-40d5567364c8","SENT","5f4fdd25-97dd-4bef-a567-40d5567364c8","2025-02-22 08:36:58","<1740209818269.5f4fdd25-97dd-4bef-a567-40d5567364c8@smtp.hubapi.com>","","","","","","","20185","AbBatch","","","","","","","","","","","","","",""
"info@fyos.de","6890244","348332492","","299 € sparen und alle Vorteile für mehr Monate genießen!","""Denise von ProvenExpert"" <denise@provenexpert.com>","[support@provenexpert.com]","[]","[]","2025-02-22 08:37:02","2341c597-91b0-4e13-95b4-844aff6816ec","SENT","2341c597-91b0-4e13-95b4-844aff6816ec","2025-02-22 08:37:02","<1740209822865.2341c597-91b0-4e13-95b4-844aff6816ec@smtp.hubapi.com>","","","","","","","20185","AbBatch","","","","","","","","","","","","","",""
"info@fyos.de","6890244","348332492","","299 € sparen und alle Vorteile für mehr Monate genießen!","""Denise von ProvenExpert"" <denise@provenexpert.com>","[support@provenexpert.com]","[]","[]","2025-02-22 08:37:02","2341c597-91b0-4e13-95b4-844aff6816ec","DELIVERED","54649e80-ae6d-37dd-9053-b744bd46c178","2025-02-22 08:37:04","<1740209822865.2341c597-91b0-4e13-95b4-844aff6816ec@smtp.hubapi.com>","","","","","","","20185","AbBatch","","","","","","","","","","","","","",""
"birthe@wellcademy.de","6890244","348332491","","Wir schenken Ihnen drei Monate ProvenExpert ","""Denise von ProvenExpert"" <denise@provenexpert.com>","[support@provenexpert.com]","[]","[]","2025-02-22 08:37:00","de4669d9-ad1c-4ae9-b884-a53aad203bb0","DELIVERED","8e9d9433-cea2-303d-b803-aa85d39c3f90","2025-02-22 08:37:02","<1740209820384.de4669d9-ad1c-4ae9-b884-a53aad203bb0@smtp.hubapi.com>","","","","","","","20185","AbBatch","","","","","","","","","","","","","",""
"birthe@wellcademy.de","6890244","348332491","","Wir schenken Ihnen drei Monate ProvenExpert ","""Denise von ProvenExpert"" <denise@provenexpert.com>","[support@provenexpert.com]","[]","[]","2025-02-22 08:37:00","de4669d9-ad1c-4ae9-b884-a53aad203bb0","SENT","de4669d9-ad1c-4ae9-b884-a53aad203bb0","2025-02-22 08:37:00","<1740209820384.de4669d9-ad1c-4ae9-b884-a53aad203bb0@smtp.hubapi.com>","","","","","","","20185","AbBatch","","","","","","","","","","","","","",""
"office@andreas-galli.de","6890244","348332492","","299 € sparen und alle Vorteile für mehr Monate genießen!","""Denise von ProvenExpert"" <denise@provenexpert.com>","[support@provenexpert.com]","[]","[]","2025-02-22 08:36:59","9316bcf5-8747-4526-aea9-864c6ece5991","SENT","9316bcf5-8747-4526-aea9-864c6ece5991","2025-02-22 08:36:59","<1740209819864.9316bcf5-8747-4526-aea9-864c6ece5991@smtp.hubapi.com>","","","","","","","20185","AbBatch","","","","","","","","","","","","","",""
"office@andreas-galli.de","6890244","348332492","","299 € sparen und alle Vorteile für mehr Monate genießen!","""Denise von ProvenExpert"" <denise@provenexpert.com>","[support@provenexpert.com]","[]","[]","2025-02-22 08:36:59","9316bcf5-8747-4526-aea9-864c6ece5991","DELIVERED","08c4c358-9ef7-3595-ba76-e5210ac34ab6","2025-02-22 08:37:02","<1740209819864.9316bcf5-8747-4526-aea9-864c6ece5991@smtp.hubapi.com>","","","","","","","20185","AbBatch","","","","","","","","","","","","","",""
"akademie@ahfs.de","6890244","348332491","","Wir schenken Ihnen drei Monate ProvenExpert ","""Denise von ProvenExpert"" <denise@provenexpert.com>","[support@provenexpert.com]","[]","[]","2025-02-22 08:37:01","26a8044b-d2fe-4322-8539-08c119aed974","SENT","26a8044b-d2fe-4322-8539-08c119aed974","2025-02-22 08:37:01","<1740209821584.26a8044b-d2fe-4322-8539-08c119aed974@smtp.hubapi.com>","","","","","","","20185","AbBatch","","","","","","","","","","","","","",""
"akademie@ahfs.de","6890244","348332491","","Wir schenken Ihnen drei Monate ProvenExpert ","""Denise von ProvenExpert"" <denise@provenexpert.com>","[support@provenexpert.com]","[]","[]","2025-02-22 08:37:01","26a8044b-d2fe-4322-8539-08c119aed974","DELIVERED","68250ac3-3e24-31e0-9b46-052a5f61cbea","2025-02-22 08:37:04","<1740209821584.26a8044b-d2fe-4322-8539-08c119aed974@smtp.hubapi.com>","","","","","","","20185","AbBatch","","","","","","","","","","","","","",""
"martin.rosenbohm@geldpilot24.com","6890244","348332492","","299 € sparen und alle Vorteile für mehr Monate genießen!","""Denise von ProvenExpert"" <denise@provenexpert.com>","[support@provenexpert.com]","[]","[]","2025-02-22 08:37:00","9d44dd30-fb0b-4a6a-a8ec-84376a842790","DELIVERED","ace14148-ad09-3bc1-b3e3-7800beac141d","2025-02-22 08:37:02","<1740209820264.9d44dd30-fb0b-4a6a-a8ec-84376a842790@smtp.hubapi.com>","","","","","","","20185","AbBatch","","","","","","","","","","","","","",""
"martin.rosenbohm@geldpilot24.com","6890244","348332492","","299 € sparen und alle Vorteile für mehr Monate genießen!","""Denise von ProvenExpert"" <denise@provenexpert.com>","[support@provenexpert.com]","[]","[]","2025-02-22 08:37:00","9d44dd30-fb0b-4a6a-a8ec-84376a842790","SENT","9d44dd30-fb0b-4a6a-a8ec-84376a842790","2025-02-22 08:37:00","<1740209820264.9d44dd30-fb0b-4a6a-a8ec-84376a842790@smtp.hubapi.com>","","","","","","","20185","AbBatch","","","","","","","","","","","","","",""
"anjawolfhh@me.com","6890244","348332492","","299 € sparen und alle Vorteile für mehr Monate genießen!","""Denise von ProvenExpert"" <denise@provenexpert.com>","[support@provenexpert.com]","[]","[]","2025-02-22 08:37:00","ee06ec07-fddb-4cbf-b698-fd587a09f66f","DELIVERED","3208c9dd-6947-3a74-bcbd-015c3e36945d","2025-02-22 08:37:03","<1740209820410.ee06ec07-fddb-4cbf-b698-fd587a09f66f@smtp.hubapi.com>","","","","","","","20185","AbBatch","","","","","","","","","","","","","",""
"anjawolfhh@me.com","6890244","348332492","","299 € sparen und alle Vorteile für mehr Monate genießen!","""Denise von ProvenExpert"" <denise@provenexpert.com>","[support@provenexpert.com]","[]","[]","2025-02-22 08:37:00","ee06ec07-fddb-4cbf-b698-fd587a09f66f","SENT","ee06ec07-fddb-4cbf-b698-fd587a09f66f","2025-02-22 08:37:00","<1740209820410.ee06ec07-fddb-4cbf-b698-fd587a09f66f@smtp.hubapi.com>","","","","","","","20185","AbBatch","","","","","","","","","","","","","",""
"sandra.welter@careerbox.org","6890244","348332492","","299 € sparen und alle Vorteile für mehr Monate genießen!","""Denise von ProvenExpert"" <denise@provenexpert.com>","[support@provenexpert.com]","[]","[]","2025-02-22 08:36:59","73103eb2-b701-46f1-825a-81e133cc3e68","DROPPED","73103eb2-b701-46f1-825a-81e133cc3e68","2025-02-22 08:36:59","<1740209819469.73103eb2-b701-46f1-825a-81e133cc3e68@smtp.hubapi.com>","","","fb8fe3fa-1745-30f3-83a6-04d0913d257e","2021-06-09 16:21:20","PREVIOUSLY_BOUNCED","Recipient has previously bounced.","20185","AbBatch","","","","","","","","","550","550-Requested action not taken: mailbox unavailable 550 invalid DNS MX or A/AAAA resource record","550-Requested action not taken: mailbox unavailable 550 invalid DNS MX or A/AAAA resource record","","",""
"makler.lukas.raschke@gmail.com","6890244","348332491","","Wir schenken Ihnen drei Monate ProvenExpert ","""Denise von ProvenExpert"" <denise@provenexpert.com>","[support@provenexpert.com]","[]","[]","2025-02-22 08:35:42","d9d2e537-174c-4725-a081-0fa6e147c65a","SENT","d9d2e537-174c-4725-a081-0fa6e147c65a","2025-02-22 08:35:42","<1740209742355.d9d2e537-174c-4725-a081-0fa6e147c65a@smtp.hubapi.com>","","","","","","","20185","AbBatch","","","","","","","","","","","","","",""
"makler.lukas.raschke@gmail.com","6890244","348332491","","Wir schenken Ihnen drei Monate ProvenExpert ","""Denise von ProvenExpert"" <denise@provenexpert.com>","[support@provenexpert.com]","[]","[]","2025-02-22 08:35:42","d9d2e537-174c-4725-a081-0fa6e147c65a","DELIVERED","0a5e3d25-e5bc-3b6c-a708-3c83ea1b9fa6","2025-02-22 08:35:43","<1740209742355.d9d2e537-174c-4725-a081-0fa6e147c65a@smtp.hubapi.com>","","","","","","","20185","AbBatch","","","","","","","","","","","","","",""
"info@gesundheitspraxis-janalenz.de","6890244","348332492","","299 € sparen und alle Vorteile für mehr Monate genießen!","""Denise von ProvenExpert"" <denise@provenexpert.com>","[support@provenexpert.com]","[]","[]","2025-02-22 08:36:58","6f1e069b-bd2d-4d52-a339-eac925cdcec9","SENT","6f1e069b-bd2d-4d52-a339-eac925cdcec9","2025-02-22 08:36:58","<1740209818117.6f1e069b-bd2d-4d52-a339-eac925cdcec9@smtp.hubapi.com>","","","","","","","20185","AbBatch","","","","","","","","","","","","","",""
"info@gesundheitspraxis-janalenz.de","6890244","348332492","","299 € sparen und alle Vorteile für mehr Monate genießen!","""Denise von ProvenExpert"" <denise@provenexpert.com>","[support@provenexpert.com]","[]","[]","2025-02-22 08:36:58","6f1e069b-bd2d-4d52-a339-eac925cdcec9","DELIVERED","8b304eb2-c14e-3849-8f47-73d988f065d6","2025-02-22 08:37:00","<1740209818117.6f1e069b-bd2d-4d52-a339-eac925cdcec9@smtp.hubapi.com>","","","","","","","20185","AbBatch","","","","","","","","","","","","","",""
"mail@sarabadawi.de","6890244","348332491","","Wir schenken Ihnen drei Monate ProvenExpert ","""Denise von ProvenExpert"" <denise@provenexpert.com>","[support@provenexpert.com]","[]","[]","2025-02-22 08:37:00","027e5ebb-7108-4751-938a-5a0cd285d6c9","DELIVERED","158fa7c4-947d-35a8-9f71-c9257849668c","2025-02-22 08:37:04","<1740209820468.027e5ebb-7108-4751-938a-5a0cd285d6c9@smtp.hubapi.com>","","","","","","","20185","AbBatch","","","","","","","","","","","","","",""
"mail@sarabadawi.de","6890244","348332491","","Wir schenken Ihnen drei Monate ProvenExpert ","""Denise von ProvenExpert"" <denise@provenexpert.com>","[support@provenexpert.com]","[]","[]","2025-02-22 08:37:00","027e5ebb-7108-4751-938a-5a0cd285d6c9","SENT","027e5ebb-7108-4751-938a-5a0cd285d6c9","2025-02-22 08:37:00","<1740209820468.027e5ebb-7108-4751-938a-5a0cd285d6c9@smtp.hubapi.com>","","","","","","","20185","AbBatch","","","","","","","","","","","","","",""
"endometriose.lotus@gmail.com","6890244","348332491","","Wir schenken Ihnen drei Monate ProvenExpert ","""Denise von ProvenExpert"" <denise@provenexpert.com>","[support@provenexpert.com]","[]","[]","2025-02-22 08:36:58","df2a14a5-2be2-402e-8007-52d7946d0ae2","SENT","df2a14a5-2be2-402e-8007-52d7946d0ae2","2025-02-22 08:36:58","<1740209818311.df2a14a5-2be2-402e-8007-52d7946d0ae2@smtp.hubapi.com>","","","","","","","20185","AbBatch","","","","","","","","","","","","","",""
"endometriose.lotus@gmail.com","6890244","348332491","","Wir schenken Ihnen drei Monate ProvenExpert ","""Denise von ProvenExpert"" <denise@provenexpert.com>","[support@provenexpert.com]","[]","[]","2025-02-22 08:36:58","df2a14a5-2be2-402e-8007-52d7946d0ae2","DELIVERED","47a46d75-c4a3-3a19-b35a-a98481c85ab1","2025-02-22 08:36:59","<1740209818311.df2a14a5-2be2-402e-8007-52d7946d0ae2@smtp.hubapi.com>","","","","","","","20185","AbBatch","","","","","","","","","","","","","",""
"endometriose.lotus@gmail.com","6890244","348332491","","Wir schenken Ihnen drei Monate ProvenExpert ","""Denise von ProvenExpert"" <denise@provenexpert.com>","[support@provenexpert.com]","[]","[]","2025-02-22 08:36:58","df2a14a5-2be2-402e-8007-52d7946d0ae2","OPEN","c43ad0cd-cdeb-3c8c-a0cc-8751f7c64825","2025-02-22 15:21:01","<1740209818311.df2a14a5-2be2-402e-8007-52d7946d0ae2@smtp.hubapi.com>","","","","","","","20185","AbBatch","Mozilla/5.0 (Windows NT 5.1; rv:11.0) Gecko Firefox/11.0 (via ggpht.com GoogleImageProxy)","Unknown","Unknown","Unknown","","","","0","","","","","",""
"info@bb-fortbildungsinstitut.de","6890244","348332492","","299 € sparen und alle Vorteile für mehr Monate genießen!","""Denise von ProvenExpert"" <denise@provenexpert.com>","[support@provenexpert.com]","[]","[]","2025-02-22 08:37:00","c55b14d9-3f9f-452d-9fd5-9b7d57e06d46","DELIVERED","9bcc0c0f-3eac-3411-8bc3-a79a7db1c3d9","2025-02-22 08:37:03","<1740209820677.c55b14d9-3f9f-452d-9fd5-9b7d57e06d46@smtp.hubapi.com>","","","","","","","20185","AbBatch","","","","","","","","","","","","","",""
"info@bb-fortbildungsinstitut.de","6890244","348332492","","299 € sparen und alle Vorteile für mehr Monate genießen!","""Denise von ProvenExpert"" <denise@provenexpert.com>","[support@provenexpert.com]","[]","[]","2025-02-22 08:37:00","c55b14d9-3f9f-452d-9fd5-9b7d57e06d46","SENT","c55b14d9-3f9f-452d-9fd5-9b7d57e06d46","2025-02-22 08:37:00","<1740209820677.c55b14d9-3f9f-452d-9fd5-9b7d57e06d46@smtp.hubapi.com>","","","","","","","20185","AbBatch","","","","","","","","","","","","","",""
"antwort@alexschreiner.de","6890244","348332491","","Wir schenken Ihnen drei Monate ProvenExpert ","""Denise von ProvenExpert"" <denise@provenexpert.com>","[support@provenexpert.com]","[]","[]","2025-02-22 08:36:59","9dddd4a0-4676-4c1f-a3f5-0a732f432cb6","DELIVERED","ece1944c-8331-3353-9a55-0985b3fd3a32","2025-02-22 08:37:02","<1740209819686.9dddd4a0-4676-4c1f-a3f5-0a732f432cb6@smtp.hubapi.com>","","","","","","","20185","AbBatch","","","","","","","","","","","","","",""
"antwort@alexschreiner.de","6890244","348332491","","Wir schenken Ihnen drei Monate ProvenExpert ","""Denise von ProvenExpert"" <denise@provenexpert.com>","[support@provenexpert.com]","[]","[]","2025-02-22 08:36:59","9dddd4a0-4676-4c1f-a3f5-0a732f432cb6","SENT","9dddd4a0-4676-4c1f-a3f5-0a732f432cb6","2025-02-22 08:36:59","<1740209819686.9dddd4a0-4676-4c1f-a3f5-0a732f432cb6@smtp.hubapi.com>","","","","","","","20185","AbBatch","","","","","","","","","","","","","",""
"info@buedinger.name","6890244","348332492","","299 € sparen und alle Vorteile für mehr Monate genießen!","""Denise von ProvenExpert"" <denise@provenexpert.com>","[support@provenexpert.com]","[]","[]","2025-02-22 08:36:58","e2903e52-8073-4b33-8a87-1c4d639db397","SENT","e2903e52-8073-4b33-8a87-1c4d639db397","2025-02-22 08:36:58","<1740209818528.e2903e52-8073-4b33-8a87-1c4d639db397@smtp.hubapi.com>","","","","","","","20185","AbBatch","","","","","","","","","","","","","",""
"info@buedinger.name","6890244","348332492","","299 € sparen und alle Vorteile für mehr Monate genießen!","""Denise von ProvenExpert"" <denise@provenexpert.com>","[support@provenexpert.com]","[]","[]","2025-02-22 08:36:58","e2903e52-8073-4b33-8a87-1c4d639db397","DELIVERED","1635c014-b7e8-3dc8-80ec-ee98dbd26e43","2025-02-22 08:37:01","<1740209818528.e2903e52-8073-4b33-8a87-1c4d639db397@smtp.hubapi.com>","","","","","","","20185","AbBatch","","","","","","","","","","","","","",""
"info@moritzrudolf.de","6890244","348332492","","299 € sparen und alle Vorteile für mehr Monate genießen!","""Denise von ProvenExpert"" <denise@provenexpert.com>","[support@provenexpert.com]","[]","[]","2025-02-22 08:37:00","9edc59c6-0ffb-4415-8416-e7b393d515aa","DELIVERED","037c3f33-ac77-3383-9485-e242947fc216","2025-02-22 08:37:02","<1740209820549.9edc59c6-0ffb-4415-8416-e7b393d515aa@smtp.hubapi.com>","","","","","","","20185","AbBatch","","","","","","","","","","","","","",""
"info@moritzrudolf.de","6890244","348332492","","299 € sparen und alle Vorteile für mehr Monate genießen!","""Denise von ProvenExpert"" <denise@provenexpert.com>","[support@provenexpert.com]","[]","[]","2025-02-22 08:37:00","9edc59c6-0ffb-4415-8416-e7b393d515aa","SENT","9edc59c6-0ffb-4415-8416-e7b393d515aa","2025-02-22 08:37:00","<1740209820549.9edc59c6-0ffb-4415-8416-e7b393d515aa@smtp.hubapi.com>","","","","","","","20185","AbBatch","","","","","","","","","","","","","",""
"michael.schuerdt@t-online.de","6890244","348332491","","Wir schenken Ihnen drei Monate ProvenExpert ","""Denise von ProvenExpert"" <denise@provenexpert.com>","[support@provenexpert.com]","[]","[]","2025-02-22 08:37:01","1abc8218-e503-4ad2-be1a-c4dc72b045cf","SENT","1abc8218-e503-4ad2-be1a-c4dc72b045cf","2025-02-22 08:37:01","<1740209821134.1abc8218-e503-4ad2-be1a-c4dc72b045cf@smtp.hubapi.com>","","","","","","","20185","AbBatch","","","","","","","","","","","","","",""
"michael.schuerdt@t-online.de","6890244","348332491","","Wir schenken Ihnen drei Monate ProvenExpert ","""Denise von ProvenExpert"" <denise@provenexpert.com>","[support@provenexpert.com]","[]","[]","2025-02-22 08:37:01","1abc8218-e503-4ad2-be1a-c4dc72b045cf","DELIVERED","40c34412-f4e3-3cbf-ab0c-824736726466","2025-02-22 08:37:03","<1740209821134.1abc8218-e503-4ad2-be1a-c4dc72b045cf@smtp.hubapi.com>","","","","","","","20185","AbBatch","","","","","","","","","","","","","",""
"mail@sebastian-heinel.de","6890244","348332491","","Wir schenken Ihnen drei Monate ProvenExpert ","""Denise von ProvenExpert"" <denise@provenexpert.com>","[support@provenexpert.com]","[]","[]","2025-02-22 08:36:59","cdfb1665-5bce-49f9-82f7-3cae201a841c","DELIVERED","100a2955-9f24-33aa-a3a1-e2a973e62ae1","2025-02-22 08:37:01","<1740209819308.cdfb1665-5bce-49f9-82f7-3cae201a841c@smtp.hubapi.com>","","","","","","","20185","AbBatch","","","","","","","","","","","","","",""
"mail@sebastian-heinel.de","6890244","348332491","","Wir schenken Ihnen drei Monate ProvenExpert ","""Denise von ProvenExpert"" <denise@provenexpert.com>","[support@provenexpert.com]","[]","[]","2025-02-22 08:36:59","cdfb1665-5bce-49f9-82f7-3cae201a841c","SENT","cdfb1665-5bce-49f9-82f7-3cae201a841c","2025-02-22 08:36:59","<1740209819308.cdfb1665-5bce-49f9-82f7-3cae201a841c@smtp.hubapi.com>","","","","","","","20185","AbBatch","","","","","","","","","","","","","",""
"l.walter@pressearbeit.de","6890244","348332492","","299 € sparen und alle Vorteile für mehr Monate genießen!","""Denise von ProvenExpert"" <denise@provenexpert.com>","[support@provenexpert.com]","[]","[]","2025-02-22 08:36:58","3bb07570-d632-4698-a20b-7516ea913fa8","SENT","3bb07570-d632-4698-a20b-7516ea913fa8","2025-02-22 08:36:58","<1740209818075.3bb07570-d632-4698-a20b-7516ea913fa8@smtp.hubapi.com>","","","","","","","20185","AbBatch","","","","","","","","","","","","","",""
"l.walter@pressearbeit.de","6890244","348332492","","299 € sparen und alle Vorteile für mehr Monate genießen!","""Denise von ProvenExpert"" <denise@provenexpert.com>","[support@provenexpert.com]","[]","[]","2025-02-22 08:36:58","3bb07570-d632-4698-a20b-7516ea913fa8","DELIVERED","140509ad-3827-36bd-8f74-3e2cb1529e99","2025-02-22 08:37:00","<1740209818075.3bb07570-d632-4698-a20b-7516ea913fa8@smtp.hubapi.com>","","","","","","","20185","AbBatch","","","","","","","","","","","","","",""
"l.walter@pressearbeit.de","6890244","348332492","","299 € sparen und alle Vorteile für mehr Monate genießen!","""Denise von ProvenExpert"" <denise@provenexpert.com>","[support@provenexpert.com]","[]","[]","2025-02-22 08:36:58","3bb07570-d632-4698-a20b-7516ea913fa8","OPEN","c8f25354-e648-395a-954e-e1135d1171c4","2025-02-22 14:18:43","<1740209818075.3bb07570-d632-4698-a20b-7516ea913fa8@smtp.hubapi.com>","","","","","","","20185","AbBatch","Mozilla/5.0 (Macintosh; Intel Mac OS X 10_15_7) AppleWebKit/605.1.15 (KHTML, like Gecko)","palma","islas baleares","SPAIN","","","","0","","","","","",""
"u.reimann@baufiexperten24.de","6890244","348332491","","Wir schenken Ihnen drei Monate ProvenExpert ","""Denise von ProvenExpert"" <denise@provenexpert.com>","[support@provenexpert.com]","[]","[]","2025-02-22 08:37:01","f2e688a2-b276-4c4d-874e-fd42c0551fc4","SENT","f2e688a2-b276-4c4d-874e-fd42c0551fc4","2025-02-22 08:37:01","<1740209821179.f2e688a2-b276-4c4d-874e-fd42c0551fc4@smtp.hubapi.com>","","","","","","","20185","AbBatch","","","","","","","","","","","","","",""
"u.reimann@baufiexperten24.de","6890244","348332491","","Wir schenken Ihnen drei Monate ProvenExpert ","""Denise von ProvenExpert"" <denise@provenexpert.com>","[support@provenexpert.com]","[]","[]","2025-02-22 08:37:01","f2e688a2-b276-4c4d-874e-fd42c0551fc4","DELIVERED","f92c83a8-d504-3ace-86ad-e55b9c7ae6c7","2025-02-22 08:37:03","<1740209821179.f2e688a2-b276-4c4d-874e-fd42c0551fc4@smtp.hubapi.com>","","","","","","","20185","AbBatch","","","","","","","","","","","","","",""
"hallo@martin-gleiss.de","6890244","348332491","","Wir schenken Ihnen drei Monate ProvenExpert ","""Denise von ProvenExpert"" <denise@provenexpert.com>","[support@provenexpert.com]","[]","[]","2025-02-22 08:37:00","63797b8d-e703-4479-a862-bcc4aae82d5c","SENT","63797b8d-e703-4479-a862-bcc4aae82d5c","2025-02-22 08:37:00","<1740209820990.63797b8d-e703-4479-a862-bcc4aae82d5c@smtp.hubapi.com>","","","","","","","20185","AbBatch","","","","","","","","","","","","","",""
"hallo@martin-gleiss.de","6890244","348332491","","Wir schenken Ihnen drei Monate ProvenExpert ","""Denise von ProvenExpert"" <denise@provenexpert.com>","[support@provenexpert.com]","[]","[]","2025-02-22 08:37:00","63797b8d-e703-4479-a862-bcc4aae82d5c","DELIVERED","aea0b433-b43f-313d-a371-63ffadb97906","2025-02-22 08:37:02","<1740209820990.63797b8d-e703-4479-a862-bcc4aae82d5c@smtp.hubapi.com>","","","","","","","20185","AbBatch","","","","","","","","","","","","","",""
"schaden@gutwert-unfallgutachten.de","6890244","348332491","","Wir schenken Ihnen drei Monate ProvenExpert ","""Denise von ProvenExpert"" <denise@provenexpert.com>","[support@provenexpert.com]","[]","[]","2025-02-22 08:37:00","894ec85c-d6b8-43c2-aac2-d08a05c48f2d","DELIVERED","9e72c149-e690-3211-a647-c787902aa23f","2025-02-22 08:37:05","<1740209820968.894ec85c-d6b8-43c2-aac2-d08a05c48f2d@smtp.hubapi.com>","","","","","","","20185","AbBatch","","","","","","","","","","","","","",""
"schaden@gutwert-unfallgutachten.de","6890244","348332491","","Wir schenken Ihnen drei Monate ProvenExpert ","""Denise von ProvenExpert"" <denise@provenexpert.com>","[support@provenexpert.com]","[]","[]","2025-02-22 08:37:00","894ec85c-d6b8-43c2-aac2-d08a05c48f2d","SENT","894ec85c-d6b8-43c2-aac2-d08a05c48f2d","2025-02-22 08:37:00","<1740209820968.894ec85c-d6b8-43c2-aac2-d08a05c48f2d@smtp.hubapi.com>","","","","","","","20185","AbBatch","","","","","","","","","","","","","",""
"alexandra@salker.de","6890244","348332491","","Wir schenken Ihnen drei Monate ProvenExpert ","""Denise von ProvenExpert"" <denise@provenexpert.com>","[support@provenexpert.com]","[]","[]","2025-02-22 08:36:57","a3094e7c-9ea4-4606-9deb-13ae2de8bd2a","OPEN","c451d017-ee2f-3f7d-9e1d-57ee70adb3f1","2025-02-22 20:16:24","<1740209817890.a3094e7c-9ea4-4606-9deb-13ae2de8bd2a@smtp.hubapi.com>","","","","","","","20185","AbBatch","Mozilla/5.0 (Windows NT 10.0; Win64; x64) AppleWebKit/537.36 (KHTML, like Gecko) Chrome/133.0.0.0 Safari/537.36 Edg/133.0.0.0 OneOutlook/1.2025.213.300","","","AUSTRIA","","","","0","","","","","",""
"alexandra@salker.de","6890244","348332491","","Wir schenken Ihnen drei Monate ProvenExpert ","""Denise von ProvenExpert"" <denise@provenexpert.com>","[support@provenexpert.com]","[]","[]","2025-02-22 08:36:57","a3094e7c-9ea4-4606-9deb-13ae2de8bd2a","DELIVERED","87cc06f3-64c1-360f-b6a7-91fa1f4e697f","2025-02-22 08:37:01","<1740209817890.a3094e7c-9ea4-4606-9deb-13ae2de8bd2a@smtp.hubapi.com>","","","","","","","20185","AbBatch","","","","","","","","","","","","","",""
"alexandra@salker.de","6890244","348332491","","Wir schenken Ihnen drei Monate ProvenExpert ","""Denise von ProvenExpert"" <denise@provenexpert.com>","[support@provenexpert.com]","[]","[]","2025-02-22 08:36:57","a3094e7c-9ea4-4606-9deb-13ae2de8bd2a","OPEN","ba2b93ab-cd46-3285-8e73-812492f43695","2025-02-22 17:01:53","<1740209817890.a3094e7c-9ea4-4606-9deb-13ae2de8bd2a@smtp.hubapi.com>","","","","","","","20185","AbBatch","Mozilla/5.0 (Windows NT 10.0; Win64; x64) AppleWebKit/537.36 (KHTML, like Gecko) Chrome/133.0.0.0 Safari/537.36 Edg/133.0.0.0 OneOutlook/1.2025.213.300","","","AUSTRIA","","","","5608","","","","","",""
"alexandra@salker.de","6890244","348332491","","Wir schenken Ihnen drei Monate ProvenExpert ","""Denise von ProvenExpert"" <denise@provenexpert.com>","[support@provenexpert.com]","[]","[]","2025-02-22 08:36:57","a3094e7c-9ea4-4606-9deb-13ae2de8bd2a","OPEN","7b9747f0-07f5-35cc-819a-a3cac675a5bc","2025-02-22 11:08:52","<1740209817890.a3094e7c-9ea4-4606-9deb-13ae2de8bd2a@smtp.hubapi.com>","","","","","","","20185","AbBatch","Mozilla/5.0 (Windows NT 10.0; Win64; x64) AppleWebKit/537.36 (KHTML, like Gecko) Chrome/133.0.0.0 Safari/537.36 Edg/133.0.0.0 OneOutlook/1.2025.213.300","","","AUSTRIA","","","","8975","","","","","",""
"alexandra@salker.de","6890244","348332491","","Wir schenken Ihnen drei Monate ProvenExpert ","""Denise von ProvenExpert"" <denise@provenexpert.com>","[support@provenexpert.com]","[]","[]","2025-02-22 08:36:57","a3094e7c-9ea4-4606-9deb-13ae2de8bd2a","OPEN","78ab386a-f67e-3410-be91-2d9581950630","2025-02-22 08:58:57","<1740209817890.a3094e7c-9ea4-4606-9deb-13ae2de8bd2a@smtp.hubapi.com>","","","","","","","20185","AbBatch","Mozilla/5.0 (Linux; Android 14; SM-S911B Build/UP1A.231005.007; wv) AppleWebKit/537.36 (KHTML, like Gecko) Version/4.0 Chrome/132.0.6834.163 Mobile Safari/537.36","","","AUSTRIA","","","","33913","","","","","",""
"alexandra@salker.de","6890244","348332491","","Wir schenken Ihnen drei Monate ProvenExpert ","""Denise von ProvenExpert"" <denise@provenexpert.com>","[support@provenexpert.com]","[]","[]","2025-02-22 08:36:57","a3094e7c-9ea4-4606-9deb-13ae2de8bd2a","SENT","a3094e7c-9ea4-4606-9deb-13ae2de8bd2a","2025-02-22 08:36:57","<1740209817890.a3094e7c-9ea4-4606-9deb-13ae2de8bd2a@smtp.hubapi.com>","","","","","","","20185","AbBatch","","","","","","","","","","","","","",""
"mail@tobiaswessling.com","6890244","348332492","","299 € sparen und alle Vorteile für mehr Monate genießen!","""Denise von ProvenExpert"" <denise@provenexpert.com>","[support@provenexpert.com]","[]","[]","2025-02-22 08:36:57","39dcc972-0aed-4eae-96cb-fdba6cb308f7","DELIVERED","bc357773-249a-3be5-9c81-74171d4d1e81","2025-02-22 08:37:01","<1740209817945.39dcc972-0aed-4eae-96cb-fdba6cb308f7@smtp.hubapi.com>","","","","","","","20185","AbBatch","","","","","","","","","","","","","",""
"mail@tobiaswessling.com","6890244","348332492","","299 € sparen und alle Vorteile für mehr Monate genießen!","""Denise von ProvenExpert"" <denise@provenexpert.com>","[support@provenexpert.com]","[]","[]","2025-02-22 08:36:57","39dcc972-0aed-4eae-96cb-fdba6cb308f7","OPEN","23589071-c2dd-3dfb-a991-6cc8da4e78ff","2025-02-22 09:43:16","<1740209817945.39dcc972-0aed-4eae-96cb-fdba6cb308f7@smtp.hubapi.com>","","","","","","","20185","AbBatch","Mozilla/5.0 (Windows NT 5.1; rv:11.0) Gecko Firefox/11.0 (via ggpht.com GoogleImageProxy)","Unknown","Unknown","Unknown","","","","0","","","","","",""
"mail@tobiaswessling.com","6890244","348332492","","299 € sparen und alle Vorteile für mehr Monate genießen!","""Denise von ProvenExpert"" <denise@provenexpert.com>","[support@provenexpert.com]","[]","[]","2025-02-22 08:36:57","39dcc972-0aed-4eae-96cb-fdba6cb308f7","SENT","39dcc972-0aed-4eae-96cb-fdba6cb308f7","2025-02-22 08:36:57","<1740209817945.39dcc972-0aed-4eae-96cb-fdba6cb308f7@smtp.hubapi.com>","","","","","","","20185","AbBatch","","","","","","","","","","","","","",""
"marx@gafib.de","6890244","348332491","","Wir schenken Ihnen drei Monate ProvenExpert ","""Denise von ProvenExpert"" <denise@provenexpert.com>","[support@provenexpert.com]","[]","[]","2025-02-22 08:37:00","c071408f-3f90-424d-882f-df33e983857a","OPEN","58a3c445-048d-3b6c-8950-36cc32dd1ad3","2025-02-22 08:58:42","<1740209820259.c071408f-3f90-424d-882f-df33e983857a@smtp.hubapi.com>","","","","","","","20185","AbBatch","Mozilla/5.0 (Windows NT 10.0; Win64; x64; rv:128.0) Gecko/20100101 Thunderbird/128.7.1","cologne","nordrhein-westfalen","GERMANY","","","","4950","","","","","",""
"marx@gafib.de","6890244","348332491","","Wir schenken Ihnen drei Monate ProvenExpert ","""Denise von ProvenExpert"" <denise@provenexpert.com>","[support@provenexpert.com]","[]","[]","2025-02-22 08:37:00","c071408f-3f90-424d-882f-df33e983857a","DELIVERED","fbd15fc3-4da8-3bed-b22e-c0566caf80e2","2025-02-22 08:37:05","<1740209820259.c071408f-3f90-424d-882f-df33e983857a@smtp.hubapi.com>","","","","","","","20185","AbBatch","","","","","","","","","","","","","",""
"marx@gafib.de","6890244","348332491","","Wir schenken Ihnen drei Monate ProvenExpert ","""Denise von ProvenExpert"" <denise@provenexpert.com>","[support@provenexpert.com]","[]","[]","2025-02-22 08:37:00","c071408f-3f90-424d-882f-df33e983857a","SENT","c071408f-3f90-424d-882f-df33e983857a","2025-02-22 08:37:00","<1740209820259.c071408f-3f90-424d-882f-df33e983857a@smtp.hubapi.com>","","","","","","","20185","AbBatch","","","","","","","","","","","","","",""
"info@z-e-b.de","6890244","348332492","","299 € sparen und alle Vorteile für mehr Monate genießen!","""Denise von ProvenExpert"" <denise@provenexpert.com>","[support@provenexpert.com]","[]","[]","2025-02-22 08:36:58","9083bc3e-df1a-4422-ba93-bbe50eb32371","SENT","9083bc3e-df1a-4422-ba93-bbe50eb32371","2025-02-22 08:36:58","<1740209818604.9083bc3e-df1a-4422-ba93-bbe50eb32371@smtp.hubapi.com>","","","","","","","20185","AbBatch","","","","","","","","","","","","","",""
"info@z-e-b.de","6890244","348332492","","299 € sparen und alle Vorteile für mehr Monate genießen!","""Denise von ProvenExpert"" <denise@provenexpert.com>","[support@provenexpert.com]","[]","[]","2025-02-22 08:36:58","9083bc3e-df1a-4422-ba93-bbe50eb32371","DELIVERED","db4ae98f-344d-3b9f-9e2d-73877d9e6c5d","2025-02-22 08:37:04","<1740209818604.9083bc3e-df1a-4422-ba93-bbe50eb32371@smtp.hubapi.com>","","","","","","","20185","AbBatch","","","","","","","","","","","","","",""
"office@juliagottinger.de","6890244","348332492","","299 € sparen und alle Vorteile für mehr Monate genießen!","""Denise von ProvenExpert"" <denise@provenexpert.com>","[support@provenexpert.com]","[]","[]","2025-02-22 08:37:02","964838c6-6129-4d4e-9573-d5461dcdeaa7","DELIVERED","73a0d608-ab2e-3133-99df-84ac51635451","2025-02-22 08:37:03","<1740209822885.964838c6-6129-4d4e-9573-d5461dcdeaa7@smtp.hubapi.com>","","","","","","","20185","AbBatch","","","","","","","","","","","","","",""
"office@juliagottinger.de","6890244","348332492","","299 € sparen und alle Vorteile für mehr Monate genießen!","""Denise von ProvenExpert"" <denise@provenexpert.com>","[support@provenexpert.com]","[]","[]","2025-02-22 08:37:02","964838c6-6129-4d4e-9573-d5461dcdeaa7","SENT","964838c6-6129-4d4e-9573-d5461dcdeaa7","2025-02-22 08:37:02","<1740209822885.964838c6-6129-4d4e-9573-d5461dcdeaa7@smtp.hubapi.com>","","","","","","","20185","AbBatch","","","","","","","","","","","","","",""
"info@djdonmiller.de","6890244","348332491","","Wir schenken Ihnen drei Monate ProvenExpert ","""Denise von ProvenExpert"" <denise@provenexpert.com>","[support@provenexpert.com]","[]","[]","2025-02-22 08:37:01","bedbbbf3-df30-4261-930e-5f5ba2d4e109","OPEN","b8be668e-2c23-3b54-ba2d-54113d905862","2025-02-22 08:50:03","<1740209821307.bedbbbf3-df30-4261-930e-5f5ba2d4e109@smtp.hubapi.com>","","","","","","","20185","AbBatch","Mozilla/5.0 (Linux; Android 15; Pixel 8 Pro Build/AP4A.250205.002; wv) AppleWebKit/537.36 (KHTML, like Gecko) Version/4.0 Chrome/132.0.6834.163 Mobile Safari/537.36","chemnitz","sachsen","GERMANY","","","","15234","","","","","",""
"info@djdonmiller.de","6890244","348332491","","Wir schenken Ihnen drei Monate ProvenExpert ","""Denise von ProvenExpert"" <denise@provenexpert.com>","[support@provenexpert.com]","[]","[]","2025-02-22 08:37:01","bedbbbf3-df30-4261-930e-5f5ba2d4e109","SENT","bedbbbf3-df30-4261-930e-5f5ba2d4e109","2025-02-22 08:37:01","<1740209821307.bedbbbf3-df30-4261-930e-5f5ba2d4e109@smtp.hubapi.com>","","","","","","","20185","AbBatch","","","","","","","","","","","","","",""
"info@djdonmiller.de","6890244","348332491","","Wir schenken Ihnen drei Monate ProvenExpert ","""Denise von ProvenExpert"" <denise@provenexpert.com>","[support@provenexpert.com]","[]","[]","2025-02-22 08:37:01","bedbbbf3-df30-4261-930e-5f5ba2d4e109","DELIVERED","89f4529a-5620-378f-a1e1-fc6a115d5d13","2025-02-22 08:37:03","<1740209821307.bedbbbf3-df30-4261-930e-5f5ba2d4e109@smtp.hubapi.com>","","","","","","","20185","AbBatch","","","","","","","","","","","","","",""
"yvonne@blauen-ippendorf.de","6890244","348332491","","Wir schenken Ihnen drei Monate ProvenExpert ","""Denise von ProvenExpert"" <denise@provenexpert.com>","[support@provenexpert.com]","[]","[]","2025-02-22 08:36:59","c28789c6-82db-49b3-ab1b-a53a35d25637","SENT","c28789c6-82db-49b3-ab1b-a53a35d25637","2025-02-22 08:36:59","<1740209819349.c28789c6-82db-49b3-ab1b-a53a35d25637@smtp.hubapi.com>","","","","","","","20185","AbBatch","","","","","","","","","","","","","",""
"yvonne@blauen-ippendorf.de","6890244","348332491","","Wir schenken Ihnen drei Monate ProvenExpert ","""Denise von ProvenExpert"" <denise@provenexpert.com>","[support@provenexpert.com]","[]","[]","2025-02-22 08:36:59","c28789c6-82db-49b3-ab1b-a53a35d25637","DELIVERED","c80693d8-7ae9-3430-aac4-e6f07b32e236","2025-02-22 08:37:01","<1740209819349.c28789c6-82db-49b3-ab1b-a53a35d25637@smtp.hubapi.com>","","","","","","","20185","AbBatch","","","","","","","","","","","","","",""
"anfragen@meryldeep.com","6890244","348332491","","Wir schenken Ihnen drei Monate ProvenExpert ","""Denise von ProvenExpert"" <denise@provenexpert.com>","[support@provenexpert.com]","[]","[]","2025-02-22 08:37:01","91bc9dfc-2019-4fb7-b40b-4e96e4a9250a","DELIVERED","edb96255-0542-391b-84c7-04ad637c9766","2025-02-22 08:37:02","<1740209821265.91bc9dfc-2019-4fb7-b40b-4e96e4a9250a@smtp.hubapi.com>","","","","","","","20185","AbBatch","","","","","","","","","","","","","",""
"anfragen@meryldeep.com","6890244","348332491","","Wir schenken Ihnen drei Monate ProvenExpert ","""Denise von ProvenExpert"" <denise@provenexpert.com>","[support@provenexpert.com]","[]","[]","2025-02-22 08:37:01","91bc9dfc-2019-4fb7-b40b-4e96e4a9250a","SENT","91bc9dfc-2019-4fb7-b40b-4e96e4a9250a","2025-02-22 08:37:01","<1740209821265.91bc9dfc-2019-4fb7-b40b-4e96e4a9250a@smtp.hubapi.com>","","","","","","","20185","AbBatch","","","","","","","","","","","","","",""
"m.lange93@gmx.de","6890244","348332491","","Wir schenken Ihnen drei Monate ProvenExpert ","""Denise von ProvenExpert"" <denise@provenexpert.com>","[support@provenexpert.com]","[]","[]","2025-02-22 08:35:41","12b47344-2e55-4316-8cef-d64336e8e031","DELIVERED","dcd68c76-9de3-3d27-b4e7-57c3c28df6ca","2025-02-22 08:35:43","<1740209741921.12b47344-2e55-4316-8cef-d64336e8e031@smtp.hubapi.com>","","","","","","","20185","AbBatch","","","","","","","","","","","","","",""
"m.lange93@gmx.de","6890244","348332491","","Wir schenken Ihnen drei Monate ProvenExpert ","""Denise von ProvenExpert"" <denise@provenexpert.com>","[support@provenexpert.com]","[]","[]","2025-02-22 08:35:41","12b47344-2e55-4316-8cef-d64336e8e031","SENT","12b47344-2e55-4316-8cef-d64336e8e031","2025-02-22 08:35:41","<1740209741921.12b47344-2e55-4316-8cef-d64336e8e031@smtp.hubapi.com>","","","","","","","20185","AbBatch","","","","","","","","","","","","","",""
"weschler@damm-solar.de","6890244","348332492","","299 € sparen und alle Vorteile für mehr Monate genießen!","""Denise von ProvenExpert"" <denise@provenexpert.com>","[support@provenexpert.com]","[]","[]","2025-02-22 08:36:59","d7485be0-5bb9-42ce-84d8-c1e75ebd592c","SENT","d7485be0-5bb9-42ce-84d8-c1e75ebd592c","2025-02-22 08:36:59","<1740209819031.d7485be0-5bb9-42ce-84d8-c1e75ebd592c@smtp.hubapi.com>","","","","","","","20185","AbBatch","","","","","","","","","","","","","",""
"weschler@damm-solar.de","6890244","348332492","","299 € sparen und alle Vorteile für mehr Monate genießen!","""Denise von ProvenExpert"" <denise@provenexpert.com>","[support@provenexpert.com]","[]","[]","2025-02-22 08:36:59","d7485be0-5bb9-42ce-84d8-c1e75ebd592c","DELIVERED","96470b06-552d-315c-86cf-605afab30efb","2025-02-22 08:37:02","<1740209819031.d7485be0-5bb9-42ce-84d8-c1e75ebd592c@smtp.hubapi.com>","","","","","","","20185","AbBatch","","","","","","","","","","","","","",""
"stimme@adrianeschmidt.de","6890244","348332492","","299 € sparen und alle Vorteile für mehr Monate genießen!","""Denise von ProvenExpert"" <denise@provenexpert.com>","[support@provenexpert.com]","[]","[]","2025-02-22 08:37:00","827c15f7-70f7-4e57-a530-a9e43b7257f2","DELIVERED","2b175db3-ee47-3ae7-ba07-ab5d9036d3c8","2025-02-22 08:37:01","<1740209820389.827c15f7-70f7-4e57-a530-a9e43b7257f2@smtp.hubapi.com>","","","","","","","20185","AbBatch","","","","","","","","","","","","","",""
"stimme@adrianeschmidt.de","6890244","348332492","","299 € sparen und alle Vorteile für mehr Monate genießen!","""Denise von ProvenExpert"" <denise@provenexpert.com>","[support@provenexpert.com]","[]","[]","2025-02-22 08:37:00","827c15f7-70f7-4e57-a530-a9e43b7257f2","SENT","827c15f7-70f7-4e57-a530-a9e43b7257f2","2025-02-22 08:37:00","<1740209820389.827c15f7-70f7-4e57-a530-a9e43b7257f2@smtp.hubapi.com>","","","","","","","20185","AbBatch","","","","","","","","","","","","","",""
"info@excellent-unfallgutachten.de","6890244","348332491","","Wir schenken Ihnen drei Monate ProvenExpert ","""Denise von ProvenExpert"" <denise@provenexpert.com>","[support@provenexpert.com]","[]","[]","2025-02-22 08:35:42","9c812e76-a5cf-47fc-8958-6c1340fe743d","DELIVERED","4b28668a-f4c2-377b-9528-790742098b0c","2025-02-22 08:35:44","<1740209742395.9c812e76-a5cf-47fc-8958-6c1340fe743d@smtp.hubapi.com>","","","","","","","20185","AbBatch","","","","","","","","","","","","","",""
"info@excellent-unfallgutachten.de","6890244","348332491","","Wir schenken Ihnen drei Monate ProvenExpert ","""Denise von ProvenExpert"" <denise@provenexpert.com>","[support@provenexpert.com]","[]","[]","2025-02-22 08:35:42","9c812e76-a5cf-47fc-8958-6c1340fe743d","SENT","9c812e76-a5cf-47fc-8958-6c1340fe743d","2025-02-22 08:35:42","<1740209742395.9c812e76-a5cf-47fc-8958-6c1340fe743d@smtp.hubapi.com>","","","","","","","20185","AbBatch","","","","","","","","","","","","","",""
"j.schueler@fokusdreiacht.com","6890244","348332491","","Wir schenken Ihnen drei Monate ProvenExpert ","""Denise von ProvenExpert"" <denise@provenexpert.com>","[support@provenexpert.com]","[]","[]","2025-02-22 08:36:58","ad3aacd6-3972-4894-9115-eed017e8f5d3","SENT","ad3aacd6-3972-4894-9115-eed017e8f5d3","2025-02-22 08:36:58","<1740209818492.ad3aacd6-3972-4894-9115-eed017e8f5d3@smtp.hubapi.com>","","","","","","","20185","AbBatch","","","","","","","","","","","","","",""
"j.schueler@fokusdreiacht.com","6890244","348332491","","Wir schenken Ihnen drei Monate ProvenExpert ","""Denise von ProvenExpert"" <denise@provenexpert.com>","[support@provenexpert.com]","[]","[]","2025-02-22 08:36:58","ad3aacd6-3972-4894-9115-eed017e8f5d3","DELIVERED","78752f52-04fa-3593-991b-cc7418a19cbf","2025-02-22 08:37:00","<1740209818492.ad3aacd6-3972-4894-9115-eed017e8f5d3@smtp.hubapi.com>","","","","","","","20185","AbBatch","","","","","","","","","","","","","",""
"yasinyapar@outlook.de","6890244","348332491","","Wir schenken Ihnen drei Monate ProvenExpert ","""Denise von ProvenExpert"" <denise@provenexpert.com>","[support@provenexpert.com]","[]","[]","2025-02-22 08:36:58","1acb7c7f-823a-4db0-b471-7c7292c94884","SENT","1acb7c7f-823a-4db0-b471-7c7292c94884","2025-02-22 08:36:58","<1740209818750.1acb7c7f-823a-4db0-b471-7c7292c94884@smtp.hubapi.com>","","","","","","","20185","AbBatch","","","","","","","","","","","","","",""
"yasinyapar@outlook.de","6890244","348332491","","Wir schenken Ihnen drei Monate ProvenExpert ","""Denise von ProvenExpert"" <denise@provenexpert.com>","[support@provenexpert.com]","[]","[]","2025-02-22 08:36:58","1acb7c7f-823a-4db0-b471-7c7292c94884","DELIVERED","c490d8e2-0728-3236-ab88-651fb1d1bc47","2025-02-22 08:37:00","<1740209818750.1acb7c7f-823a-4db0-b471-7c7292c94884@smtp.hubapi.com>","","","","","","","20185","AbBatch","","","","","","","","","","","","","",""
"info@rheinvolt.de","6890244","348332492","","299 € sparen und alle Vorteile für mehr Monate genießen!","""Denise von ProvenExpert"" <denise@provenexpert.com>","[support@provenexpert.com]","[]","[]","2025-02-22 08:37:01","ef824922-fd82-4dc1-8d38-3879d4dabd7e","DEFERRED","b234926a-0005-3685-b548-b6e89854e4c5","2025-02-22 08:37:48","<1740209821861.ef824922-fd82-4dc1-8d38-3879d4dabd7e@smtp.hubapi.com>","","","","","","","20185","AbBatch","","","","","","","","","","","","","",""
"info@rheinvolt.de","6890244","348332492","","299 € sparen und alle Vorteile für mehr Monate genießen!","""Denise von ProvenExpert"" <denise@provenexpert.com>","[support@provenexpert.com]","[]","[]","2025-02-22 08:37:01","ef824922-fd82-4dc1-8d38-3879d4dabd7e","DEFERRED","d97a253d-db6a-36b4-9572-1bed84e2fd5f","2025-02-22 08:41:25","<1740209821861.ef824922-fd82-4dc1-8d38-3879d4dabd7e@smtp.hubapi.com>","","","","","","","20185","AbBatch","","","","","","","","","","","","","",""
"info@rheinvolt.de","6890244","348332492","","299 € sparen und alle Vorteile für mehr Monate genießen!","""Denise von ProvenExpert"" <denise@provenexpert.com>","[support@provenexpert.com]","[]","[]","2025-02-22 08:37:01","ef824922-fd82-4dc1-8d38-3879d4dabd7e","DEFERRED","0fa91167-04bd-38b3-9fe3-fa58050ea8d6","2025-02-22 09:03:01","<1740209821861.ef824922-fd82-4dc1-8d38-3879d4dabd7e@smtp.hubapi.com>","","","","","","","20185","AbBatch","","","","","","","","","","","","","",""
"info@rheinvolt.de","6890244","348332492","","299 € sparen und alle Vorteile für mehr Monate genießen!","""Denise von ProvenExpert"" <denise@provenexpert.com>","[support@provenexpert.com]","[]","[]","2025-02-22 08:37:01","ef824922-fd82-4dc1-8d38-3879d4dabd7e","SENT","ef824922-fd82-4dc1-8d38-3879d4dabd7e","2025-02-22 08:37:01","<1740209821861.ef824922-fd82-4dc1-8d38-3879d4dabd7e@smtp.hubapi.com>","8960cb32-0c70-3d8d-b062-768078555a07","2025-02-22 09:04:52","","","","","20185","AbBatch","","","","","","","","","","","","","",""
"robot@orange-services.net","6890244","348332492","","299 € sparen und alle Vorteile für mehr Monate genießen!","""Denise von ProvenExpert"" <denise@provenexpert.com>","[support@provenexpert.com]","[]","[]","2025-02-22 08:37:02","d28635ba-3b1b-45e1-b417-933cb4925e36","DROPPED","d28635ba-3b1b-45e1-b417-933cb4925e36","2025-02-22 08:37:02","<1740209822604.d28635ba-3b1b-45e1-b417-933cb4925e36@smtp.hubapi.com>","","","462691ff-4f9b-3784-a4b9-d90f5599b2be","2021-06-09 16:16:05","PREVIOUSLY_BOUNCED","Recipient has previously bounced.","20185","AbBatch","","","","","","","","","550","550-Requested action not taken: mailbox unavailable 550 invalid DNS MX or A/AAAA resource record","550-Requested action not taken: mailbox unavailable 550 invalid DNS MX or A/AAAA resource record","","",""
"info@rheinvolt.de","6890244","348332492","","299 € sparen und alle Vorteile für mehr Monate genießen!","""Denise von ProvenExpert"" <denise@provenexpert.com>","[support@provenexpert.com]","[]","[]","2025-02-22 08:37:01","ef824922-fd82-4dc1-8d38-3879d4dabd7e","DROPPED","8960cb32-0c70-3d8d-b062-768078555a07","2025-02-22 09:04:52","<1740209821861.ef824922-fd82-4dc1-8d38-3879d4dabd7e@smtp.hubapi.com>","","","","","MTA_IGNORE","","20185","AbBatch","","","","","","","","","","","","","",""
"kontakt@ruhrpuls.de","6890244","348332492","","299 € sparen und alle Vorteile für mehr Monate genießen!","""Denise von ProvenExpert"" <denise@provenexpert.com>","[support@provenexpert.com]","[]","[]","2025-02-22 08:36:58","81fcc8d9-f353-4525-9b06-e60d8b4e6c5c","DELIVERED","4760ab97-f113-30bd-bb78-32d4d5eb0e09","2025-02-22 08:37:01","<1740209818645.81fcc8d9-f353-4525-9b06-e60d8b4e6c5c@smtp.hubapi.com>","","","","","","","20185","AbBatch","","","","","","","","","","","","","",""
"kontakt@ruhrpuls.de","6890244","348332492","","299 € sparen und alle Vorteile für mehr Monate genießen!","""Denise von ProvenExpert"" <denise@provenexpert.com>","[support@provenexpert.com]","[]","[]","2025-02-22 08:36:58","81fcc8d9-f353-4525-9b06-e60d8b4e6c5c","SENT","81fcc8d9-f353-4525-9b06-e60d8b4e6c5c","2025-02-22 08:36:58","<1740209818645.81fcc8d9-f353-4525-9b06-e60d8b4e6c5c@smtp.hubapi.com>","","","","","","","20185","AbBatch","","","","","","","","","","","","","",""
"boris.zhao@tecis.de","6890244","348332491","","Wir schenken Ihnen drei Monate ProvenExpert ","""Denise von ProvenExpert"" <denise@provenexpert.com>","[support@provenexpert.com]","[]","[]","2025-02-22 08:36:58","d356418b-1320-45a8-9ac5-0459934145de","OPEN","a291ae37-d22c-325b-92da-f82b1c8df1a8","2025-02-22 10:48:14","<1740209818354.d356418b-1320-45a8-9ac5-0459934145de@smtp.hubapi.com>","","","","","","","20185","AbBatch","Mozilla/5.0 (iPhone; CPU iPhone OS 18_3_1 like Mac OS X) AppleWebKit/605.1.15 (KHTML, like Gecko) Mobile/15E148","aachen","nordrhein-westfalen","GERMANY","","","","7343","","","","","",""
"boris.zhao@tecis.de","6890244","348332491","","Wir schenken Ihnen drei Monate ProvenExpert ","""Denise von ProvenExpert"" <denise@provenexpert.com>","[support@provenexpert.com]","[]","[]","2025-02-22 08:36:58","d356418b-1320-45a8-9ac5-0459934145de","DELIVERED","9dbc0bbb-5666-3566-b4e5-b03ed10ee6c0","2025-02-22 08:37:04","<1740209818354.d356418b-1320-45a8-9ac5-0459934145de@smtp.hubapi.com>","","","","","","","20185","AbBatch","","","","","","","","","","","","","",""
"boris.zhao@tecis.de","6890244","348332491","","Wir schenken Ihnen drei Monate ProvenExpert ","""Denise von ProvenExpert"" <denise@provenexpert.com>","[support@provenexpert.com]","[]","[]","2025-02-22 08:36:58","d356418b-1320-45a8-9ac5-0459934145de","SENT","d356418b-1320-45a8-9ac5-0459934145de","2025-02-22 08:36:58","<1740209818354.d356418b-1320-45a8-9ac5-0459934145de@smtp.hubapi.com>","","","","","","","20185","AbBatch","","","","","","","","","","","","","",""
"boris.zhao@tecis.de","6890244","348332491","","Wir schenken Ihnen drei Monate ProvenExpert ","""Denise von ProvenExpert"" <denise@provenexpert.com>","[support@provenexpert.com]","[]","[]","2025-02-22 08:36:58","d356418b-1320-45a8-9ac5-0459934145de","OPEN","c2784dfb-0157-3949-956c-cad1639821eb","2025-02-22 10:48:14","<1740209818354.d356418b-1320-45a8-9ac5-0459934145de@smtp.hubapi.com>","","","","","","","20185","AbBatch","Mozilla/5.0 (iPhone; CPU iPhone OS 18_3_1 like Mac OS X) AppleWebKit/605.1.15 (KHTML, like Gecko) Mobile/15E148","aachen","nordrhein-westfalen","GERMANY","","","","3705","","","","","",""
"simone@simoneschweitzer.de","6890244","348332491","","Wir schenken Ihnen drei Monate ProvenExpert ","""Denise von ProvenExpert"" <denise@provenexpert.com>","[support@provenexpert.com]","[]","[]","2025-02-22 08:36:58","2d4f899c-5560-4636-abf6-1e77d0d62362","SENT","2d4f899c-5560-4636-abf6-1e77d0d62362","2025-02-22 08:36:58","<1740209818403.2d4f899c-5560-4636-abf6-1e77d0d62362@smtp.hubapi.com>","","","","","","","20185","AbBatch","","","","","","","","","","","","","",""
"simone@simoneschweitzer.de","6890244","348332491","","Wir schenken Ihnen drei Monate ProvenExpert ","""Denise von ProvenExpert"" <denise@provenexpert.com>","[support@provenexpert.com]","[]","[]","2025-02-22 08:36:58","2d4f899c-5560-4636-abf6-1e77d0d62362","DELIVERED","1d6bc0f4-bf39-39b5-8e46-1c35dff3e4c9","2025-02-22 08:37:00","<1740209818403.2d4f899c-5560-4636-abf6-1e77d0d62362@smtp.hubapi.com>","","","","","","","20185","AbBatch","","","","","","","","","","","","","",""
"mail@lernen-online24.de","6890244","348332492","","299 € sparen und alle Vorteile für mehr Monate genießen!","""Denise von ProvenExpert"" <denise@provenexpert.com>","[support@provenexpert.com]","[]","[]","2025-02-22 08:37:02","d804ee4b-4d47-49d6-bb54-05b536f63b89","DELIVERED","1fd6a7dd-8c21-3e04-9af9-8c3465764b0b","2025-02-22 08:37:03","<1740209822515.d804ee4b-4d47-49d6-bb54-05b536f63b89@smtp.hubapi.com>","","","","","","","20185","AbBatch","","","","","","","","","","","","","",""
"mail@lernen-online24.de","6890244","348332492","","299 € sparen und alle Vorteile für mehr Monate genießen!","""Denise von ProvenExpert"" <denise@provenexpert.com>","[support@provenexpert.com]","[]","[]","2025-02-22 08:37:02","d804ee4b-4d47-49d6-bb54-05b536f63b89","SENT","d804ee4b-4d47-49d6-bb54-05b536f63b89","2025-02-22 08:37:02","<1740209822515.d804ee4b-4d47-49d6-bb54-05b536f63b89@smtp.hubapi.com>","","","","","","","20185","AbBatch","","","","","","","","","","","","","",""
"hallo@legalexit.de","6890244","348332491","","Wir schenken Ihnen drei Monate ProvenExpert ","""Denise von ProvenExpert"" <denise@provenexpert.com>","[support@provenexpert.com]","[]","[]","2025-02-22 08:37:00","ebcc31f2-53b6-4c5f-a518-c8e329b4968d","SENT","ebcc31f2-53b6-4c5f-a518-c8e329b4968d","2025-02-22 08:37:00","<1740209820813.ebcc31f2-53b6-4c5f-a518-c8e329b4968d@smtp.hubapi.com>","","","","","","","20185","AbBatch","","","","","","","","","","","","","",""
"hallo@legalexit.de","6890244","348332491","","Wir schenken Ihnen drei Monate ProvenExpert ","""Denise von ProvenExpert"" <denise@provenexpert.com>","[support@provenexpert.com]","[]","[]","2025-02-22 08:37:00","ebcc31f2-53b6-4c5f-a518-c8e329b4968d","OPEN","5b4d2f96-65d1-334d-9d27-3bfbf23bc77c","2025-02-24 18:07:53","<1740209820813.ebcc31f2-53b6-4c5f-a518-c8e329b4968d@smtp.hubapi.com>","","","","","","","20185","AbBatch","Mozilla/5.0 (Windows NT 5.1; rv:11.0) Gecko Firefox/11.0 (via ggpht.com GoogleImageProxy)","Unknown","Unknown","Unknown","","","","0","","","","","",""
"hallo@legalexit.de","6890244","348332491","","Wir schenken Ihnen drei Monate ProvenExpert ","""Denise von ProvenExpert"" <denise@provenexpert.com>","[support@provenexpert.com]","[]","[]","2025-02-22 08:37:00","ebcc31f2-53b6-4c5f-a518-c8e329b4968d","OPEN","044658ae-967b-3d43-adc8-3a797c15ecf3","2025-02-22 10:34:43","<1740209820813.ebcc31f2-53b6-4c5f-a518-c8e329b4968d@smtp.hubapi.com>","","","","","","","20185","AbBatch","Mozilla/5.0 (Windows NT 5.1; rv:11.0) Gecko Firefox/11.0 (via ggpht.com GoogleImageProxy)","Unknown","Unknown","Unknown","","","","0","","","","","",""
"hallo@legalexit.de","6890244","348332491","","Wir schenken Ihnen drei Monate ProvenExpert ","""Denise von ProvenExpert"" <denise@provenexpert.com>","[support@provenexpert.com]","[]","[]","2025-02-22 08:37:00","ebcc31f2-53b6-4c5f-a518-c8e329b4968d","OPEN","6c00741a-6b3e-378c-8cb8-dcc3107a80df","2025-02-22 08:37:07","<1740209820813.ebcc31f2-53b6-4c5f-a518-c8e329b4968d@smtp.hubapi.com>","","","","","","","20185","AbBatch","Mozilla/5.0 (Windows NT 5.1; rv:11.0) Gecko Firefox/11.0 (via ggpht.com GoogleImageProxy)","Unknown","Unknown","Unknown","","","","0","","","","","",""
"hallo@legalexit.de","6890244","348332491","","Wir schenken Ihnen drei Monate ProvenExpert ","""Denise von ProvenExpert"" <denise@provenexpert.com>","[support@provenexpert.com]","[]","[]","2025-02-22 08:37:00","ebcc31f2-53b6-4c5f-a518-c8e329b4968d","OPEN","ce9cccb1-4df4-3fc6-a4be-2a4d0de8b4f0","2025-02-22 08:37:08","<1740209820813.ebcc31f2-53b6-4c5f-a518-c8e329b4968d@smtp.hubapi.com>","","","","","","","20185","AbBatch","Mozilla/5.0 (Windows NT 5.1; rv:11.0) Gecko Firefox/11.0 (via ggpht.com GoogleImageProxy)","Unknown","Unknown","Unknown","","","","0","","","","","",""
"hallo@legalexit.de","6890244","348332491","","Wir schenken Ihnen drei Monate ProvenExpert ","""Denise von ProvenExpert"" <denise@provenexpert.com>","[support@provenexpert.com]","[]","[]","2025-02-22 08:37:00","ebcc31f2-53b6-4c5f-a518-c8e329b4968d","OPEN","119cb09e-2302-3d92-9fc6-96670be56b79","2025-02-22 13:28:00","<1740209820813.ebcc31f2-53b6-4c5f-a518-c8e329b4968d@smtp.hubapi.com>","","","","","","","20185","AbBatch","Mozilla/5.0 (Windows NT 5.1; rv:11.0) Gecko Firefox/11.0 (via ggpht.com GoogleImageProxy)","Unknown","Unknown","Unknown","","","","0","","","","","",""
"hallo@legalexit.de","6890244","348332491","","Wir schenken Ihnen drei Monate ProvenExpert ","""Denise von ProvenExpert"" <denise@provenexpert.com>","[support@provenexpert.com]","[]","[]","2025-02-22 08:37:00","ebcc31f2-53b6-4c5f-a518-c8e329b4968d","DELIVERED","bc7de0ed-0cbc-3ea0-9d8a-b1731d3efb2f","2025-02-22 08:37:02","<1740209820813.ebcc31f2-53b6-4c5f-a518-c8e329b4968d@smtp.hubapi.com>","","","","","","","20185","AbBatch","","","","","","","","","","","","","",""
"hallo@legalexit.de","6890244","348332491","","Wir schenken Ihnen drei Monate ProvenExpert ","""Denise von ProvenExpert"" <denise@provenexpert.com>","[support@provenexpert.com]","[]","[]","2025-02-22 08:37:00","ebcc31f2-53b6-4c5f-a518-c8e329b4968d","OPEN","97f698db-869b-3d88-a4e8-208227097587","2025-02-27 09:52:59","<1740209820813.ebcc31f2-53b6-4c5f-a518-c8e329b4968d@smtp.hubapi.com>","","","","","","","20185","AbBatch","Mozilla/5.0 (Windows NT 5.1; rv:11.0) Gecko Firefox/11.0 (via ggpht.com GoogleImageProxy)","Unknown","Unknown","Unknown","","","","0","","","","","",""
"hallo@legalexit.de","6890244","348332491","","Wir schenken Ihnen drei Monate ProvenExpert ","""Denise von ProvenExpert"" <denise@provenexpert.com>","[support@provenexpert.com]","[]","[]","2025-02-22 08:37:00","ebcc31f2-53b6-4c5f-a518-c8e329b4968d","OPEN","f25eb549-6bd5-3a57-a020-439f5628e0b8","2025-02-26 07:58:47","<1740209820813.ebcc31f2-53b6-4c5f-a518-c8e329b4968d@smtp.hubapi.com>","","","","","","","20185","AbBatch","Mozilla/5.0 (Windows NT 5.1; rv:11.0) Gecko Firefox/11.0 (via ggpht.com GoogleImageProxy)","Unknown","Unknown","Unknown","","","","0","","","","","",""
"hallo@legalexit.de","6890244","348332491","","Wir schenken Ihnen drei Monate ProvenExpert ","""Denise von ProvenExpert"" <denise@provenexpert.com>","[support@provenexpert.com]","[]","[]","2025-02-22 08:37:00","ebcc31f2-53b6-4c5f-a518-c8e329b4968d","OPEN","02fd0448-4af4-38f3-b6f7-2480544a75af","2025-03-01 08:59:15","<1740209820813.ebcc31f2-53b6-4c5f-a518-c8e329b4968d@smtp.hubapi.com>","","","","","","","20185","AbBatch","Mozilla/5.0 (Windows NT 5.1; rv:11.0) Gecko Firefox/11.0 (via ggpht.com GoogleImageProxy)","Unknown","Unknown","Unknown","","","","0","","","","","",""
"biss@vivalaeat.de","6890244","348332491","","Wir schenken Ihnen drei Monate ProvenExpert ","""Denise von ProvenExpert"" <denise@provenexpert.com>","[support@provenexpert.com]","[]","[]","2025-02-22 08:37:00","d9c7911e-ddab-4c1c-9acb-5c86455a2a3b","SENT","d9c7911e-ddab-4c1c-9acb-5c86455a2a3b","2025-02-22 08:37:00","<1740209820405.d9c7911e-ddab-4c1c-9acb-5c86455a2a3b@smtp.hubapi.com>","","","","","","","20185","AbBatch","","","","","","","","","","","","","",""
"biss@vivalaeat.de","6890244","348332491","","Wir schenken Ihnen drei Monate ProvenExpert ","""Denise von ProvenExpert"" <denise@provenexpert.com>","[support@provenexpert.com]","[]","[]","2025-02-22 08:37:00","d9c7911e-ddab-4c1c-9acb-5c86455a2a3b","DELIVERED","81fbdbf0-4a50-33ed-bf6c-3390c41ab0f6","2025-02-22 08:37:03","<1740209820405.d9c7911e-ddab-4c1c-9acb-5c86455a2a3b@smtp.hubapi.com>","","","","","","","20185","AbBatch","","","","","","","","","","","","","",""
"biss@vivalaeat.de","6890244","348332491","","Wir schenken Ihnen drei Monate ProvenExpert ","""Denise von ProvenExpert"" <denise@provenexpert.com>","[support@provenexpert.com]","[]","[]","2025-02-22 08:37:00","d9c7911e-ddab-4c1c-9acb-5c86455a2a3b","OPEN","b086212c-7020-3922-a091-8370917fef7d","2025-02-22 09:07:27","<1740209820405.d9c7911e-ddab-4c1c-9acb-5c86455a2a3b@smtp.hubapi.com>","","","","","","","20185","AbBatch","Mozilla/5.0 (Windows NT 5.1; rv:11.0) Gecko Firefox/11.0 (via ggpht.com GoogleImageProxy)","Unknown","Unknown","Unknown","","","","0","","","","","",""
"biss@vivalaeat.de","6890244","348332491","","Wir schenken Ihnen drei Monate ProvenExpert ","""Denise von ProvenExpert"" <denise@provenexpert.com>","[support@provenexpert.com]","[]","[]","2025-02-22 08:37:00","d9c7911e-ddab-4c1c-9acb-5c86455a2a3b","OPEN","c1a069c8-a580-3c6b-9a2a-041e7869cc4e","2025-02-22 09:07:33","<1740209820405.d9c7911e-ddab-4c1c-9acb-5c86455a2a3b@smtp.hubapi.com>","","","","","","","20185","AbBatch","Mozilla/5.0 (Windows NT 5.1; rv:11.0) Gecko Firefox/11.0 (via ggpht.com GoogleImageProxy)","Unknown","Unknown","Unknown","","","","0","","","","","",""
"info@ecos-stuttgart.com","6890244","348332491","","Wir schenken Ihnen drei Monate ProvenExpert ","""Denise von ProvenExpert"" <denise@provenexpert.com>","[support@provenexpert.com]","[]","[]","2025-02-22 08:36:58","a8135626-2347-44ab-8075-3cb6b6e4aa97","SENT","a8135626-2347-44ab-8075-3cb6b6e4aa97","2025-02-22 08:36:58","<1740209818584.a8135626-2347-44ab-8075-3cb6b6e4aa97@smtp.hubapi.com>","","","","","","","20185","AbBatch","","","","","","","","","","","","","",""
"info@ecos-stuttgart.com","6890244","348332491","","Wir schenken Ihnen drei Monate ProvenExpert ","""Denise von ProvenExpert"" <denise@provenexpert.com>","[support@provenexpert.com]","[]","[]","2025-02-22 08:36:58","a8135626-2347-44ab-8075-3cb6b6e4aa97","DELIVERED","72fed5b3-8971-3878-b979-457f494a6e6e","2025-02-22 08:37:01","<1740209818584.a8135626-2347-44ab-8075-3cb6b6e4aa97@smtp.hubapi.com>","","","","","","","20185","AbBatch","","","","","","","","","","","","","",""
"info@ecos-stuttgart.com","6890244","348332491","","Wir schenken Ihnen drei Monate ProvenExpert ","""Denise von ProvenExpert"" <denise@provenexpert.com>","[support@provenexpert.com]","[]","[]","2025-02-22 08:36:58","a8135626-2347-44ab-8075-3cb6b6e4aa97","OPEN","6c9dc133-52b0-3eed-b956-3bfad1e22402","2025-02-22 08:49:55","<1740209818584.a8135626-2347-44ab-8075-3cb6b6e4aa97@smtp.hubapi.com>","","","","","","","20185","AbBatch","Mozilla/5.0 (Linux; Android 14; SM-F721B Build/UP1A.231005.007; wv) AppleWebKit/537.36 (KHTML, like Gecko) Version/4.0 Chrome/132.0.6834.166 Mobile Safari/537.36","stuttgart","baden-wurttemberg","GERMANY","","","","0","","","","","",""
"info@ecos-stuttgart.com","6890244","348332491","","Wir schenken Ihnen drei Monate ProvenExpert ","""Denise von ProvenExpert"" <denise@provenexpert.com>","[support@provenexpert.com]","[]","[]","2025-02-22 08:36:58","a8135626-2347-44ab-8075-3cb6b6e4aa97","OPEN","d8a0928f-224b-3b57-a254-7320217c6ff7","2025-02-22 08:44:21","<1740209818584.a8135626-2347-44ab-8075-3cb6b6e4aa97@smtp.hubapi.com>","","","","","","","20185","AbBatch","Mozilla/5.0 (Linux; Android 14; SM-F721B Build/UP1A.231005.007; wv) AppleWebKit/537.36 (KHTML, like Gecko) Version/4.0 Chrome/132.0.6834.166 Mobile Safari/537.36","stuttgart","baden-wurttemberg","GERMANY","","","","28511","","","","","",""
"lucashill@posteo.de","6890244","348332491","","Wir schenken Ihnen drei Monate ProvenExpert ","""Denise von ProvenExpert"" <denise@provenexpert.com>","[support@provenexpert.com]","[]","[]","2025-02-22 08:37:01","0a59abf9-d66b-4764-82e8-a318effed58e","DROPPED","0a59abf9-d66b-4764-82e8-a318effed58e","2025-02-22 08:37:01","<1740209821263.0a59abf9-d66b-4764-82e8-a318effed58e@smtp.hubapi.com>","","","f785d9ce-08f2-3651-b1af-204b43429334","2021-03-16 10:25:27","PREVIOUSLY_BOUNCED","Recipient has previously bounced.","20185","AbBatch","","","","","","","","","550","smtp; 550-5.1.1 The email account that you tried to reach does
    not exist. Please try 550-5.1.1 double-checking the recipient's email
    address for typos or 550-5.1.1 unnecessary spaces. Learn more at 550 5.1.1
    https://support.google.com/mail/?p=NoSuchUser g3si16285463wrd.137 - gsmtp","smtp; 550-5.1.1 The email account that you tried to reach does
    not exist. Please try 550-5.1.1 double-checking the recipient's email
    address for typos or 550-5.1.1 unnecessary spaces. Learn more at 550 5.1.1
    https://support.google.com/mail/?p=NoSuchUser g3si16285463wrd.137 - gsmtp","","",""
"info@marion-puetz.de","6890244","348332491","","Wir schenken Ihnen drei Monate ProvenExpert ","""Denise von ProvenExpert"" <denise@provenexpert.com>","[support@provenexpert.com]","[]","[]","2025-02-22 08:37:00","fed91c08-1431-42db-8d2c-b21bcbef7c9f","DROPPED","fed91c08-1431-42db-8d2c-b21bcbef7c9f","2025-02-22 08:37:00","<1740209820113.fed91c08-1431-42db-8d2c-b21bcbef7c9f@smtp.hubapi.com>","","","1b6cc836-3d64-3ca6-85cb-5739569b6e21","2025-02-12 08:19:37","PREVIOUSLY_BOUNCED","Recipient has previously bounced.","20185","AbBatch","","","","","","","","","550","550 ""The mail server detected your message as spam and has prevented delivery.""","550 ""The mail server detected your message as spam and has prevented delivery.""","","",""
"bestattungen-mierzwa@t-online.de","6890244","348332492","","299 € sparen und alle Vorteile für mehr Monate genießen!","""Denise von ProvenExpert"" <denise@provenexpert.com>","[support@provenexpert.com]","[]","[]","2025-02-22 08:36:59","24cad6b9-58a8-48b9-b3c7-fe1d7b3dd942","SENT","24cad6b9-58a8-48b9-b3c7-fe1d7b3dd942","2025-02-22 08:36:59","<1740209819802.24cad6b9-58a8-48b9-b3c7-fe1d7b3dd942@smtp.hubapi.com>","","","","","","","20185","AbBatch","","","","","","","","","","","","","",""
"bestattungen-mierzwa@t-online.de","6890244","348332492","","299 € sparen und alle Vorteile für mehr Monate genießen!","""Denise von ProvenExpert"" <denise@provenexpert.com>","[support@provenexpert.com]","[]","[]","2025-02-22 08:36:59","24cad6b9-58a8-48b9-b3c7-fe1d7b3dd942","DELIVERED","b3cd1750-1cb0-32fd-81a2-6d130877bc23","2025-02-22 08:37:01","<1740209819802.24cad6b9-58a8-48b9-b3c7-fe1d7b3dd942@smtp.hubapi.com>","","","","","","","20185","AbBatch","","","","","","","","","","","","","",""
"info@helenerhodin.de","6890244","348332491","","Wir schenken Ihnen drei Monate ProvenExpert ","""Denise von ProvenExpert"" <denise@provenexpert.com>","[support@provenexpert.com]","[]","[]","2025-02-22 08:36:59","5f6bbf95-92af-4962-b910-3bef6bc398eb","SENT","5f6bbf95-92af-4962-b910-3bef6bc398eb","2025-02-22 08:36:59","<1740209819052.5f6bbf95-92af-4962-b910-3bef6bc398eb@smtp.hubapi.com>","","","","","","","20185","AbBatch","","","","","","","","","","","","","",""
"info@helenerhodin.de","6890244","348332491","","Wir schenken Ihnen drei Monate ProvenExpert ","""Denise von ProvenExpert"" <denise@provenexpert.com>","[support@provenexpert.com]","[]","[]","2025-02-22 08:36:59","5f6bbf95-92af-4962-b910-3bef6bc398eb","DELIVERED","e309966a-759e-369f-9668-1c1df72fde58","2025-02-22 08:37:02","<1740209819052.5f6bbf95-92af-4962-b910-3bef6bc398eb@smtp.hubapi.com>","","","","","","","20185","AbBatch","","","","","","","","","","","","","",""
"bf@bernd-fischer-immobilien.de","6890244","348332491","","Wir schenken Ihnen drei Monate ProvenExpert ","""Denise von ProvenExpert"" <denise@provenexpert.com>","[support@provenexpert.com]","[]","[]","2025-02-22 08:35:42","9d35786d-07b7-4b45-aa09-a3d82d71e206","SENT","9d35786d-07b7-4b45-aa09-a3d82d71e206","2025-02-22 08:35:42","<1740209742218.9d35786d-07b7-4b45-aa09-a3d82d71e206@smtp.hubapi.com>","","","","","","","20185","AbBatch","","","","","","","","","","","","","",""
"bf@bernd-fischer-immobilien.de","6890244","348332491","","Wir schenken Ihnen drei Monate ProvenExpert ","""Denise von ProvenExpert"" <denise@provenexpert.com>","[support@provenexpert.com]","[]","[]","2025-02-22 08:35:42","9d35786d-07b7-4b45-aa09-a3d82d71e206","DELIVERED","af0e15f7-b453-31b4-83be-ccbc7f7b04f7","2025-02-22 08:35:44","<1740209742218.9d35786d-07b7-4b45-aa09-a3d82d71e206@smtp.hubapi.com>","","","","","","","20185","AbBatch","","","","","","","","","","","","","",""
"ahlhaus@bildung-sg.de","6890244","348332492","","299 € sparen und alle Vorteile für mehr Monate genießen!","""Denise von ProvenExpert"" <denise@provenexpert.com>","[support@provenexpert.com]","[]","[]","2025-02-22 08:36:58","34c3dfd0-d93c-4bd0-be38-81fb6d061ab9","DELIVERED","78333c19-f675-3e49-af1f-6730e6021767","2025-02-22 08:37:01","<1740209818333.34c3dfd0-d93c-4bd0-be38-81fb6d061ab9@smtp.hubapi.com>","","","","","","","20185","AbBatch","","","","","","","","","","","","","",""
"ahlhaus@bildung-sg.de","6890244","348332492","","299 € sparen und alle Vorteile für mehr Monate genießen!","""Denise von ProvenExpert"" <denise@provenexpert.com>","[support@provenexpert.com]","[]","[]","2025-02-22 08:36:58","34c3dfd0-d93c-4bd0-be38-81fb6d061ab9","SENT","34c3dfd0-d93c-4bd0-be38-81fb6d061ab9","2025-02-22 08:36:58","<1740209818333.34c3dfd0-d93c-4bd0-be38-81fb6d061ab9@smtp.hubapi.com>","","","","","","","20185","AbBatch","","","","","","","","","","","","","",""
"hafner-a@t-online.de","6890244","348332491","","Wir schenken Ihnen drei Monate ProvenExpert ","""Denise von ProvenExpert"" <denise@provenexpert.com>","[support@provenexpert.com]","[]","[]","2025-02-22 08:37:01","c34a927e-3ce0-4847-8674-260705515787","SENT","c34a927e-3ce0-4847-8674-260705515787","2025-02-22 08:37:01","<1740209821200.c34a927e-3ce0-4847-8674-260705515787@smtp.hubapi.com>","","","","","","","20185","AbBatch","","","","","","","","","","","","","",""
"hafner-a@t-online.de","6890244","348332491","","Wir schenken Ihnen drei Monate ProvenExpert ","""Denise von ProvenExpert"" <denise@provenexpert.com>","[support@provenexpert.com]","[]","[]","2025-02-22 08:37:01","c34a927e-3ce0-4847-8674-260705515787","DELIVERED","61ac8df0-2456-3b20-a627-dcf063855654","2025-02-22 08:37:04","<1740209821200.c34a927e-3ce0-4847-8674-260705515787@smtp.hubapi.com>","","","","","","","20185","AbBatch","","","","","","","","","","","","","",""
"info@dinamia-design.de","6890244","348332492","","299 € sparen und alle Vorteile für mehr Monate genießen!","""Denise von ProvenExpert"" <denise@provenexpert.com>","[support@provenexpert.com]","[]","[]","2025-02-22 08:36:58","66c9a8b3-58de-496a-aaa2-fb2c6108efa8","SENT","66c9a8b3-58de-496a-aaa2-fb2c6108efa8","2025-02-22 08:36:58","<1740209818423.66c9a8b3-58de-496a-aaa2-fb2c6108efa8@smtp.hubapi.com>","","","","","","","20185","AbBatch","","","","","","","","","","","","","",""
"info@dinamia-design.de","6890244","348332492","","299 € sparen und alle Vorteile für mehr Monate genießen!","""Denise von ProvenExpert"" <denise@provenexpert.com>","[support@provenexpert.com]","[]","[]","2025-02-22 08:36:58","66c9a8b3-58de-496a-aaa2-fb2c6108efa8","DELIVERED","288a5ded-d6b1-34af-bae1-b53a5d81cc65","2025-02-22 08:37:07","<1740209818423.66c9a8b3-58de-496a-aaa2-fb2c6108efa8@smtp.hubapi.com>","","","","","","","20185","AbBatch","","","","","","","","","","","","","",""
"andrea.hartmann@gmx.net","6890244","348332491","","Wir schenken Ihnen drei Monate ProvenExpert ","""Denise von ProvenExpert"" <denise@provenexpert.com>","[support@provenexpert.com]","[]","[]","2025-02-22 08:35:42","38d4509c-a28b-4064-973c-24a20f0ed67d","SENT","38d4509c-a28b-4064-973c-24a20f0ed67d","2025-02-22 08:35:42","<1740209742176.38d4509c-a28b-4064-973c-24a20f0ed67d@smtp.hubapi.com>","","","","","","","20185","AbBatch","","","","","","","","","","","","","",""
"andrea.hartmann@gmx.net","6890244","348332491","","Wir schenken Ihnen drei Monate ProvenExpert ","""Denise von ProvenExpert"" <denise@provenexpert.com>","[support@provenexpert.com]","[]","[]","2025-02-22 08:35:42","38d4509c-a28b-4064-973c-24a20f0ed67d","DELIVERED","fce20b95-8e7c-3897-b2bb-f53ed0d2e57b","2025-02-22 08:35:43","<1740209742176.38d4509c-a28b-4064-973c-24a20f0ed67d@smtp.hubapi.com>","","","","","","","20185","AbBatch","","","","","","","","","","","","","",""
"contact@maxi-strauch.de","6890244","348332492","","299 € sparen und alle Vorteile für mehr Monate genießen!","""Denise von ProvenExpert"" <denise@provenexpert.com>","[support@provenexpert.com]","[]","[]","2025-02-22 08:37:01","f4e74f16-c818-416d-b68c-1238b5c9aefd","DELIVERED","adf7c03e-1138-3040-a732-1990d6fdab92","2025-02-22 08:37:05","<1740209821565.f4e74f16-c818-416d-b68c-1238b5c9aefd@smtp.hubapi.com>","","","","","","","20185","AbBatch","","","","","","","","","","","","","",""
"contact@maxi-strauch.de","6890244","348332492","","299 € sparen und alle Vorteile für mehr Monate genießen!","""Denise von ProvenExpert"" <denise@provenexpert.com>","[support@provenexpert.com]","[]","[]","2025-02-22 08:37:01","f4e74f16-c818-416d-b68c-1238b5c9aefd","SENT","f4e74f16-c818-416d-b68c-1238b5c9aefd","2025-02-22 08:37:01","<1740209821565.f4e74f16-c818-416d-b68c-1238b5c9aefd@smtp.hubapi.com>","","","","","","","20185","AbBatch","","","","","","","","","","","","","",""
"cindy.kucklinski@gmx.de","6890244","348332492","","299 € sparen und alle Vorteile für mehr Monate genießen!","""Denise von ProvenExpert"" <denise@provenexpert.com>","[support@provenexpert.com]","[]","[]","2025-02-22 08:36:58","8f61a993-e347-4ca4-b2a4-67a03656f672","DELIVERED","78110082-5c2a-3638-8b36-7cbdab09d919","2025-02-22 08:37:00","<1740209818464.8f61a993-e347-4ca4-b2a4-67a03656f672@smtp.hubapi.com>","","","","","","","20185","AbBatch","","","","","","","","","","","","","",""
"cindy.kucklinski@gmx.de","6890244","348332492","","299 € sparen und alle Vorteile für mehr Monate genießen!","""Denise von ProvenExpert"" <denise@provenexpert.com>","[support@provenexpert.com]","[]","[]","2025-02-22 08:36:58","8f61a993-e347-4ca4-b2a4-67a03656f672","SENT","8f61a993-e347-4ca4-b2a4-67a03656f672","2025-02-22 08:36:58","<1740209818464.8f61a993-e347-4ca4-b2a4-67a03656f672@smtp.hubapi.com>","","","","","","","20185","AbBatch","","","","","","","","","","","","","",""
"sparprofi@live.de","6890244","348332491","","Wir schenken Ihnen drei Monate ProvenExpert ","""Denise von ProvenExpert"" <denise@provenexpert.com>","[support@provenexpert.com]","[]","[]","2025-02-22 08:37:01","157c68ef-9480-4cb4-b95d-4e1bc207b379","DROPPED","157c68ef-9480-4cb4-b95d-4e1bc207b379","2025-02-22 08:37:01","<1740209821217.157c68ef-9480-4cb4-b95d-4e1bc207b379@smtp.hubapi.com>","","","8bdf596a-cc47-3533-a2f9-0ebcb53a1224","2021-12-06 13:29:55","PREVIOUSLY_BOUNCED","Recipient has previously bounced.","20185","AbBatch","","","","","","","","","554","smtp;554 5.2.2 mailbox full; STOREDRV.Deliver.Exception:QuotaExceededException.MapiExceptionShutoffQuotaExceeded; Failed to process message due to a permanent exception with message The process failed to get the correct properties. 0.35250:9D030000, 1.36674:01000000, 1.61250:00000000, 1.45378:02000000, 1.44866:00000000, 1.36674:02000000, 1.61250:00000000, 1.45378:05000000, 1.44866:14000000, 1.36674:06000000, 1.61250:00000000, 1.45378:12000000, 1.44866:0B000000, 1.36674:A1000000, 1.61250:00000000, 1.45378:21000000, 1.44866:56000000, 1.36674:09000000, 1.61250:00000000, 1.45378:7A000000, 1.44866:00010000, 1.36674:08000000, 1.61250:00000000, 1.45378:7D000000, 1.44866:00100000, 16.55847:19010000, 17.43559:00000000F6030000000000000000000000000000, 20.52176:140F93921500101054000000, 20.50032:140F93928517000056000000, 0.35180:59000000, 255.23226:0A002F3D, 255.27962:02000000, 255.27962:06000000, 255.17082:DD040000, 0.24929:61000000, 4.21921:DD040000, 255.27962:FA000000, 255.1
 494:72000000, 0.38698:05000780, 1.41134:86000000, 1.41134:86000000, 7.36354:010000000000010C86000000, 1.41134:86000000, 7.36354:010000000000010C86000000, 7.36354:010000000000010C86000000, 0.58678:86000000, 5.29818:0000000030303033343030312D613166332D383638392D303030302D30303030303030303030303000000033, 5.55446:00000000333A300086000000, 7.29828:94FE02C00300000086000000, 7.29832:000000C00300000000000000, 4.45884:DD040000, 4.29880:DD040000, 4.59420:DD040000, 7.49544:010000000000010C07000000, 8.45434:01400300F3A18986000000000000000000000000, 1.46798:04000000, 5.10786:0000000031352E32302E343735352E3032313A505233505230314D42373938383A38336332333263622D633239302D346431662D623666332D6665613531613461323365393A353232383400, 7.51330:91B2E219B4B8D908F0030000, 0.39570:00000000, 1.64146:02000000, 1.33010:02000000, 2.54258:00000000, 0.58802:00000000, 1.64146:06000000, 1.33010:06000000, 2.54258:DD040000, 255.1750:03000336, 255.27962:A1000000, 255.17082:B9040000, 0.27745:0A002D67, 4.21921:B9040000, 
 255.27962:09000000, 0.26881:0A003267, 255.21817:B9040000, 0.60978:D0000000, 0.36402:0A001870, 4.38450:DD040000, 0.47602:D5000000, 4.63986:DD040000, 0.22945:D8000000, 4.31137:DD040000, 0.26529:0B00F410, 4.29953:DD040000, 0.32768:E3000000, 4.33024:DD040000 [Stage: CreateMessage]","smtp;554 5.2.2 mailbox full; STOREDRV.Deliver.Exception:QuotaExceededException.MapiExceptionShutoffQuotaExceeded; Failed to process message due to a permanent exception with message The process failed to get the correct properties. 0.35250:9D030000, 1.36674:01000000, 1.61250:00000000, 1.45378:02000000, 1.44866:00000000, 1.36674:02000000, 1.61250:00000000, 1.45378:05000000, 1.44866:14000000, 1.36674:06000000, 1.61250:00000000, 1.45378:12000000, 1.44866:0B000000, 1.36674:A1000000, 1.61250:00000000, 1.45378:21000000, 1.44866:56000000, 1.36674:09000000, 1.61250:00000000, 1.45378:7A000000, 1.44866:00010000, 1.36674:08000000, 1.61250:00000000, 1.45378:7D000000, 1.44866:00100000, 16.55847:19010000, 17.43559:00000000F6030000000000000000000000000000, 20.52176:140F93921500101054000000, 20.50032:140F93928517000056000000, 0.35180:59000000, 255.23226:0A002F3D, 255.27962:02000000, 255.27962:06000000, 255.17082:DD040000, 0.24929:61000000, 4.21921:DD040000, 255.27962:FA000000, 255.1
 494:72000000, 0.38698:05000780, 1.41134:86000000, 1.41134:86000000, 7.36354:010000000000010C86000000, 1.41134:86000000, 7.36354:010000000000010C86000000, 7.36354:010000000000010C86000000, 0.58678:86000000, 5.29818:0000000030303033343030312D613166332D383638392D303030302D30303030303030303030303000000033, 5.55446:00000000333A300086000000, 7.29828:94FE02C00300000086000000, 7.29832:000000C00300000000000000, 4.45884:DD040000, 4.29880:DD040000, 4.59420:DD040000, 7.49544:010000000000010C07000000, 8.45434:01400300F3A18986000000000000000000000000, 1.46798:04000000, 5.10786:0000000031352E32302E343735352E3032313A505233505230314D42373938383A38336332333263622D633239302D346431662D623666332D6665613531613461323365393A353232383400, 7.51330:91B2E219B4B8D908F0030000, 0.39570:00000000, 1.64146:02000000, 1.33010:02000000, 2.54258:00000000, 0.58802:00000000, 1.64146:06000000, 1.33010:06000000, 2.54258:DD040000, 255.1750:03000336, 255.27962:A1000000, 255.17082:B9040000, 0.27745:0A002D67, 4.21921:B9040000, 
 255.27962:09000000, 0.26881:0A003267, 255.21817:B9040000, 0.60978:D0000000, 0.36402:0A001870, 4.38450:DD040000, 0.47602:D5000000, 4.63986:DD040000, 0.22945:D8000000, 4.31137:DD040000, 0.26529:0B00F410, 4.29953:DD040000, 0.32768:E3000000, 4.33024:DD040000 [Stage: CreateMessage]","","",""
"info@multikopterschule.de","6890244","348332492","","299 € sparen und alle Vorteile für mehr Monate genießen!","""Denise von ProvenExpert"" <denise@provenexpert.com>","[support@provenexpert.com]","[]","[]","2025-02-22 08:37:02","6a5b90f0-341a-47c8-a0e4-42ec6d105cb0","SENT","6a5b90f0-341a-47c8-a0e4-42ec6d105cb0","2025-02-22 08:37:02","<1740209822065.6a5b90f0-341a-47c8-a0e4-42ec6d105cb0@smtp.hubapi.com>","","","","","","","20185","AbBatch","","","","","","","","","","","","","",""
"info@multikopterschule.de","6890244","348332492","","299 € sparen und alle Vorteile für mehr Monate genießen!","""Denise von ProvenExpert"" <denise@provenexpert.com>","[support@provenexpert.com]","[]","[]","2025-02-22 08:37:02","6a5b90f0-341a-47c8-a0e4-42ec6d105cb0","DELIVERED","d588cacd-6341-344f-8c20-9eb38f103f2e","2025-02-22 08:37:04","<1740209822065.6a5b90f0-341a-47c8-a0e4-42ec6d105cb0@smtp.hubapi.com>","","","","","","","20185","AbBatch","","","","","","","","","","","","","",""
"azi-kreatives-coaching@gmx.de","6890244","348332492","","299 € sparen und alle Vorteile für mehr Monate genießen!","""Denise von ProvenExpert"" <denise@provenexpert.com>","[support@provenexpert.com]","[]","[]","2025-02-22 08:37:02","f962565a-e61d-449f-bb73-05eaae8c3c5e","SENT","f962565a-e61d-449f-bb73-05eaae8c3c5e","2025-02-22 08:37:02","<1740209822178.f962565a-e61d-449f-bb73-05eaae8c3c5e@smtp.hubapi.com>","","","","","","","20185","AbBatch","","","","","","","","","","","","","",""
"azi-kreatives-coaching@gmx.de","6890244","348332492","","299 € sparen und alle Vorteile für mehr Monate genießen!","""Denise von ProvenExpert"" <denise@provenexpert.com>","[support@provenexpert.com]","[]","[]","2025-02-22 08:37:02","f962565a-e61d-449f-bb73-05eaae8c3c5e","DELIVERED","d1b3082e-96c9-3cd7-a59e-867e5975f773","2025-02-22 08:37:04","<1740209822178.f962565a-e61d-449f-bb73-05eaae8c3c5e@smtp.hubapi.com>","","","","","","","20185","AbBatch","","","","","","","","","","","","","",""
"catherine.alsdorf@gmx.ch","6890244","348332491","","Wir schenken Ihnen drei Monate ProvenExpert ","""Denise von ProvenExpert"" <denise@provenexpert.com>","[support@provenexpert.com]","[]","[]","2025-02-22 08:37:01","a1b9f4ae-8c59-41ee-96e1-5ad841e6555c","DELIVERED","84c341b0-d216-3722-95e5-23c4deb2334e","2025-02-22 08:37:02","<1740209821011.a1b9f4ae-8c59-41ee-96e1-5ad841e6555c@smtp.hubapi.com>","","","","","","","20185","AbBatch","","","","","","","","","","","","","",""
"catherine.alsdorf@gmx.ch","6890244","348332491","","Wir schenken Ihnen drei Monate ProvenExpert ","""Denise von ProvenExpert"" <denise@provenexpert.com>","[support@provenexpert.com]","[]","[]","2025-02-22 08:37:01","a1b9f4ae-8c59-41ee-96e1-5ad841e6555c","SENT","a1b9f4ae-8c59-41ee-96e1-5ad841e6555c","2025-02-22 08:37:01","<1740209821011.a1b9f4ae-8c59-41ee-96e1-5ad841e6555c@smtp.hubapi.com>","","","","","","","20185","AbBatch","","","","","","","","","","","","","",""
"info@maier-fendler.de","6890244","348332491","","Wir schenken Ihnen drei Monate ProvenExpert ","""Denise von ProvenExpert"" <denise@provenexpert.com>","[support@provenexpert.com]","[]","[]","2025-02-22 08:36:58","79122348-7f9a-4271-ab5b-907f4949d58d","SENT","79122348-7f9a-4271-ab5b-907f4949d58d","2025-02-22 08:36:58","<1740209818772.79122348-7f9a-4271-ab5b-907f4949d58d@smtp.hubapi.com>","","","","","","","20185","AbBatch","","","","","","","","","","","","","",""
"info@maier-fendler.de","6890244","348332491","","Wir schenken Ihnen drei Monate ProvenExpert ","""Denise von ProvenExpert"" <denise@provenexpert.com>","[support@provenexpert.com]","[]","[]","2025-02-22 08:36:58","79122348-7f9a-4271-ab5b-907f4949d58d","DELIVERED","27dea4f1-28a7-3b67-bb4e-f1e9e4375e93","2025-02-22 08:37:01","<1740209818772.79122348-7f9a-4271-ab5b-907f4949d58d@smtp.hubapi.com>","","","","","","","20185","AbBatch","","","","","","","","","","","","","",""
"silke.drefenstedt@andeanshaman.com","6890244","348332491","","Wir schenken Ihnen drei Monate ProvenExpert ","""Denise von ProvenExpert"" <denise@provenexpert.com>","[support@provenexpert.com]","[]","[]","2025-02-22 08:36:58","ab4bf39c-c372-4879-bb6b-8e2d9b0fd908","DELIVERED","6f164bfd-8a67-386a-8fa2-969ee0d97184","2025-02-22 08:37:00","<1740209818247.ab4bf39c-c372-4879-bb6b-8e2d9b0fd908@smtp.hubapi.com>","","","","","","","20185","AbBatch","","","","","","","","","","","","","",""
"admin@bachelorarbeit-schreiben-lassen.com","6890244","348332491","","Wir schenken Ihnen drei Monate ProvenExpert ","""Denise von ProvenExpert"" <denise@provenexpert.com>","[support@provenexpert.com]","[]","[]","2025-02-22 08:35:42","635926b0-9ef1-4561-86d1-b2e7af752a78","DROPPED","635926b0-9ef1-4561-86d1-b2e7af752a78","2025-02-22 08:35:42","<1740209742114.635926b0-9ef1-4561-86d1-b2e7af752a78@smtp.hubapi.com>","","","06dd1f27-96ea-3001-af5e-01ba1534f582","2023-02-23 08:05:54","PREVIOUSLY_BOUNCED","Recipient has previously bounced.","20185","AbBatch","","","","","","","","","550","550 5.1.1 <admin@bachelorarbeit-schreiben-lassen.com>: Recipient address rejected: User unknown in virtual mailbox table","550 5.1.1 <admin@bachelorarbeit-schreiben-lassen.com>: Recipient address rejected: User unknown in virtual mailbox table","","",""
"info@magierschule.de","6890244","348332492","","299 € sparen und alle Vorteile für mehr Monate genießen!","""Denise von ProvenExpert"" <denise@provenexpert.com>","[support@provenexpert.com]","[]","[]","2025-02-22 08:37:02","3251422e-c7a4-47ff-8d60-d6d9b28dc886","DROPPED","3251422e-c7a4-47ff-8d60-d6d9b28dc886","2025-02-22 08:37:02","<1740209822259.3251422e-c7a4-47ff-8d60-d6d9b28dc886@smtp.hubapi.com>","","","44176e0a-e7b5-38eb-a543-34e893eec82b","2025-02-12 08:19:39","PREVIOUSLY_BOUNCED","Recipient has previously bounced.","20185","AbBatch","","","","","","","","","450","450 4.7.1 <info@magierschule.de>: Recipient address rejected: Mail appeared to be SPAM or forged. Ask your Mail/DNS-Administrator to correct HELO and DNS MX settings or to get removed from DNSBLs","450 4.7.1 <info@magierschule.de>: Recipient address rejected: Mail appeared to be SPAM or forged. Ask your Mail/DNS-Administrator to correct HELO and DNS MX settings or to get removed from DNSBLs","","",""
"silke.drefenstedt@andeanshaman.com","6890244","348332491","","Wir schenken Ihnen drei Monate ProvenExpert ","""Denise von ProvenExpert"" <denise@provenexpert.com>","[support@provenexpert.com]","[]","[]","2025-02-22 08:36:58","ab4bf39c-c372-4879-bb6b-8e2d9b0fd908","SENT","ab4bf39c-c372-4879-bb6b-8e2d9b0fd908","2025-02-22 08:36:58","<1740209818247.ab4bf39c-c372-4879-bb6b-8e2d9b0fd908@smtp.hubapi.com>","","","","","","","20185","AbBatch","","","","","","","","","","","","","",""
"robin.lenz@tecis.de","6890244","348332492","","299 € sparen und alle Vorteile für mehr Monate genießen!","""Denise von ProvenExpert"" <denise@provenexpert.com>","[support@provenexpert.com]","[]","[]","2025-02-22 08:37:01","95e10eed-cc4c-44ee-a886-860849a28049","DELIVERED","289a6198-29e6-3fe6-a487-00ad33467c7d","2025-02-22 08:37:06","<1740209821436.95e10eed-cc4c-44ee-a886-860849a28049@smtp.hubapi.com>","","","","","","","20185","AbBatch","","","","","","","","","","","","","",""
"robin.lenz@tecis.de","6890244","348332492","","299 € sparen und alle Vorteile für mehr Monate genießen!","""Denise von ProvenExpert"" <denise@provenexpert.com>","[support@provenexpert.com]","[]","[]","2025-02-22 08:37:01","95e10eed-cc4c-44ee-a886-860849a28049","SENT","95e10eed-cc4c-44ee-a886-860849a28049","2025-02-22 08:37:01","<1740209821436.95e10eed-cc4c-44ee-a886-860849a28049@smtp.hubapi.com>","","","","","","","20185","AbBatch","","","","","","","","","","","","","",""
"mail@lebenundberuf.de","6890244","348332491","","Wir schenken Ihnen drei Monate ProvenExpert ","""Denise von ProvenExpert"" <denise@provenexpert.com>","[support@provenexpert.com]","[]","[]","2025-02-22 08:37:00","da9eb7ab-0d6e-461f-ae96-0d9194f55b0d","DELIVERED","b86a913c-fe8c-3733-b193-583ed978aad9","2025-02-22 08:37:09","<1740209820165.da9eb7ab-0d6e-461f-ae96-0d9194f55b0d@smtp.hubapi.com>","","","","","","","20185","AbBatch","","","","","","","","","","","","","",""
"mail@lebenundberuf.de","6890244","348332491","","Wir schenken Ihnen drei Monate ProvenExpert ","""Denise von ProvenExpert"" <denise@provenexpert.com>","[support@provenexpert.com]","[]","[]","2025-02-22 08:37:00","da9eb7ab-0d6e-461f-ae96-0d9194f55b0d","SENT","da9eb7ab-0d6e-461f-ae96-0d9194f55b0d","2025-02-22 08:37:00","<1740209820165.da9eb7ab-0d6e-461f-ae96-0d9194f55b0d@smtp.hubapi.com>","","","","","","","20185","AbBatch","","","","","","","","","","","","","",""
"kontakt@waitl.com","6890244","348332491","","Wir schenken Ihnen drei Monate ProvenExpert ","""Denise von ProvenExpert"" <denise@provenexpert.com>","[support@provenexpert.com]","[]","[]","2025-02-22 08:37:00","3855f56d-ce57-40f6-81ec-de9c7a79b19f","DELIVERED","365e8e9f-534a-3401-8671-0ca58aa6ff20","2025-02-22 08:37:03","<1740209820859.3855f56d-ce57-40f6-81ec-de9c7a79b19f@smtp.hubapi.com>","","","","","","","20185","AbBatch","","","","","","","","","","","","","",""
"kontakt@waitl.com","6890244","348332491","","Wir schenken Ihnen drei Monate ProvenExpert ","""Denise von ProvenExpert"" <denise@provenexpert.com>","[support@provenexpert.com]","[]","[]","2025-02-22 08:37:00","3855f56d-ce57-40f6-81ec-de9c7a79b19f","SENT","3855f56d-ce57-40f6-81ec-de9c7a79b19f","2025-02-22 08:37:00","<1740209820859.3855f56d-ce57-40f6-81ec-de9c7a79b19f@smtp.hubapi.com>","","","","","","","20185","AbBatch","","","","","","","","","","","","","",""
"info@holistic-praxis.de","6890244","348332491","","Wir schenken Ihnen drei Monate ProvenExpert ","""Denise von ProvenExpert"" <denise@provenexpert.com>","[support@provenexpert.com]","[]","[]","2025-02-22 08:35:42","33cd37b5-3733-420d-a74e-6a3b1f2ec4c7","DELIVERED","ea0481d6-6011-365b-8b16-63e9668a138b","2025-02-22 08:35:43","<1740209742056.33cd37b5-3733-420d-a74e-6a3b1f2ec4c7@smtp.hubapi.com>","","","","","","","20185","AbBatch","","","","","","","","","","","","","",""
"info@holistic-praxis.de","6890244","348332491","","Wir schenken Ihnen drei Monate ProvenExpert ","""Denise von ProvenExpert"" <denise@provenexpert.com>","[support@provenexpert.com]","[]","[]","2025-02-22 08:35:42","33cd37b5-3733-420d-a74e-6a3b1f2ec4c7","SENT","33cd37b5-3733-420d-a74e-6a3b1f2ec4c7","2025-02-22 08:35:42","<1740209742056.33cd37b5-3733-420d-a74e-6a3b1f2ec4c7@smtp.hubapi.com>","","","","","","","20185","AbBatch","","","","","","","","","","","","","",""
"coaching@mandy-henze.com","6890244","348332492","","299 € sparen und alle Vorteile für mehr Monate genießen!","""Denise von ProvenExpert"" <denise@provenexpert.com>","[support@provenexpert.com]","[]","[]","2025-02-22 08:37:01","88eda285-0684-4145-bcb9-74f8f8fe9bad","DELIVERED","daad48a2-9313-3682-9a7e-c4e8c92911b6","2025-02-22 08:37:02","<1740209821545.88eda285-0684-4145-bcb9-74f8f8fe9bad@smtp.hubapi.com>","","","","","","","20185","AbBatch","","","","","","","","","","","","","",""
"coaching@mandy-henze.com","6890244","348332492","","299 € sparen und alle Vorteile für mehr Monate genießen!","""Denise von ProvenExpert"" <denise@provenexpert.com>","[support@provenexpert.com]","[]","[]","2025-02-22 08:37:01","88eda285-0684-4145-bcb9-74f8f8fe9bad","SENT","88eda285-0684-4145-bcb9-74f8f8fe9bad","2025-02-22 08:37:01","<1740209821545.88eda285-0684-4145-bcb9-74f8f8fe9bad@smtp.hubapi.com>","","","","","","","20185","AbBatch","","","","","","","","","","","","","",""
"kg@kasiagreco.com","6890244","348332492","","299 € sparen und alle Vorteile für mehr Monate genießen!","""Denise von ProvenExpert"" <denise@provenexpert.com>","[support@provenexpert.com]","[]","[]","2025-02-22 08:37:02","4f9cb53a-64a3-43aa-97f4-83c2d6f24421","DELIVERED","ffaa7856-639a-3b06-99dd-c89c3ed9d51f","2025-02-22 08:37:06","<1740209822821.4f9cb53a-64a3-43aa-97f4-83c2d6f24421@smtp.hubapi.com>","","","","","","","20185","AbBatch","","","","","","","","","","","","","",""
"kg@kasiagreco.com","6890244","348332492","","299 € sparen und alle Vorteile für mehr Monate genießen!","""Denise von ProvenExpert"" <denise@provenexpert.com>","[support@provenexpert.com]","[]","[]","2025-02-22 08:37:02","4f9cb53a-64a3-43aa-97f4-83c2d6f24421","SENT","4f9cb53a-64a3-43aa-97f4-83c2d6f24421","2025-02-22 08:37:02","<1740209822821.4f9cb53a-64a3-43aa-97f4-83c2d6f24421@smtp.hubapi.com>","","","","","","","20185","AbBatch","","","","","","","","","","","","","",""
"anr@forensikdigital.de","6890244","348332492","","299 € sparen und alle Vorteile für mehr Monate genießen!","""Denise von ProvenExpert"" <denise@provenexpert.com>","[support@provenexpert.com]","[]","[]","2025-02-22 08:36:58","cadd79be-bed4-47b5-a8db-0fa47f9ea72e","SENT","cadd79be-bed4-47b5-a8db-0fa47f9ea72e","2025-02-22 08:36:58","<1740209818816.cadd79be-bed4-47b5-a8db-0fa47f9ea72e@smtp.hubapi.com>","","","","","","","20185","AbBatch","","","","","","","","","","","","","",""
"anr@forensikdigital.de","6890244","348332492","","299 € sparen und alle Vorteile für mehr Monate genießen!","""Denise von ProvenExpert"" <denise@provenexpert.com>","[support@provenexpert.com]","[]","[]","2025-02-22 08:36:58","cadd79be-bed4-47b5-a8db-0fa47f9ea72e","DELIVERED","b27239a4-ffa2-3949-a6c9-5ed73eed5aca","2025-02-22 08:37:01","<1740209818816.cadd79be-bed4-47b5-a8db-0fa47f9ea72e@smtp.hubapi.com>","","","","","","","20185","AbBatch","","","","","","","","","","","","","",""
"contact@actifyx.de","6890244","348332491","","Wir schenken Ihnen drei Monate ProvenExpert ","""Denise von ProvenExpert"" <denise@provenexpert.com>","[support@provenexpert.com]","[]","[]","2025-02-22 08:36:59","97c1e949-f695-4c72-a427-264159028c82","SENT","97c1e949-f695-4c72-a427-264159028c82","2025-02-22 08:36:59","<1740209819096.97c1e949-f695-4c72-a427-264159028c82@smtp.hubapi.com>","","","","","","","20185","AbBatch","","","","","","","","","","","","","",""
"contact@actifyx.de","6890244","348332491","","Wir schenken Ihnen drei Monate ProvenExpert ","""Denise von ProvenExpert"" <denise@provenexpert.com>","[support@provenexpert.com]","[]","[]","2025-02-22 08:36:59","97c1e949-f695-4c72-a427-264159028c82","DELIVERED","a03d59ec-a438-3b26-93ef-645a8ac89141","2025-02-22 08:37:01","<1740209819096.97c1e949-f695-4c72-a427-264159028c82@smtp.hubapi.com>","","","","","","","20185","AbBatch","","","","","","","","","","","","","",""
"info@sven-elstner.de","6890244","348332491","","Wir schenken Ihnen drei Monate ProvenExpert ","""Denise von ProvenExpert"" <denise@provenexpert.com>","[support@provenexpert.com]","[]","[]","2025-02-22 08:36:59","5ab1b032-3c7f-40e6-a153-6f597170afd8","SENT","5ab1b032-3c7f-40e6-a153-6f597170afd8","2025-02-22 08:36:59","<1740209819518.5ab1b032-3c7f-40e6-a153-6f597170afd8@smtp.hubapi.com>","","","","","","","20185","AbBatch","","","","","","","","","","","","","",""
"info@sven-elstner.de","6890244","348332491","","Wir schenken Ihnen drei Monate ProvenExpert ","""Denise von ProvenExpert"" <denise@provenexpert.com>","[support@provenexpert.com]","[]","[]","2025-02-22 08:36:59","5ab1b032-3c7f-40e6-a153-6f597170afd8","DELIVERED","30dcc980-5b8d-308f-b26c-5a85931f0169","2025-02-22 08:37:02","<1740209819518.5ab1b032-3c7f-40e6-a153-6f597170afd8@smtp.hubapi.com>","","","","","","","20185","AbBatch","","","","","","","","","","","","","",""
"s.akua@yahoo.de","6890244","348332492","","299 € sparen und alle Vorteile für mehr Monate genießen!","""Denise von ProvenExpert"" <denise@provenexpert.com>","[support@provenexpert.com]","[]","[]","2025-02-22 08:36:59","b6115810-1916-41a7-9319-ab171cad4b2f","SENT","b6115810-1916-41a7-9319-ab171cad4b2f","2025-02-22 08:36:59","<1740209819714.b6115810-1916-41a7-9319-ab171cad4b2f@smtp.hubapi.com>","","","","","","","20185","AbBatch","","","","","","","","","","","","","",""
"s.akua@yahoo.de","6890244","348332492","","299 € sparen und alle Vorteile für mehr Monate genießen!","""Denise von ProvenExpert"" <denise@provenexpert.com>","[support@provenexpert.com]","[]","[]","2025-02-22 08:36:59","b6115810-1916-41a7-9319-ab171cad4b2f","DELIVERED","74167898-3390-3e9d-ac7e-294b10d33009","2025-02-22 08:37:01","<1740209819714.b6115810-1916-41a7-9319-ab171cad4b2f@smtp.hubapi.com>","","","","","","","20185","AbBatch","","","","","","","","","","","","","",""
"dj@dj-smile.de","6890244","348332492","","299 € sparen und alle Vorteile für mehr Monate genießen!","""Denise von ProvenExpert"" <denise@provenexpert.com>","[support@provenexpert.com]","[]","[]","2025-02-22 08:37:00","c4019cde-1dd6-46db-bbf6-fc3337916d31","DELIVERED","9ff13ab7-4aaa-368e-a7e0-a2c923dde52b","2025-02-22 08:37:02","<1740209820837.c4019cde-1dd6-46db-bbf6-fc3337916d31@smtp.hubapi.com>","","","","","","","20185","AbBatch","","","","","","","","","","","","","",""
"dj@dj-smile.de","6890244","348332492","","299 € sparen und alle Vorteile für mehr Monate genießen!","""Denise von ProvenExpert"" <denise@provenexpert.com>","[support@provenexpert.com]","[]","[]","2025-02-22 08:37:00","c4019cde-1dd6-46db-bbf6-fc3337916d31","SENT","c4019cde-1dd6-46db-bbf6-fc3337916d31","2025-02-22 08:37:00","<1740209820837.c4019cde-1dd6-46db-bbf6-fc3337916d31@smtp.hubapi.com>","","","","","","","20185","AbBatch","","","","","","","","","","","","","",""
"info@gabimariafenner.com","6890244","348332491","","Wir schenken Ihnen drei Monate ProvenExpert ","""Denise von ProvenExpert"" <denise@provenexpert.com>","[support@provenexpert.com]","[]","[]","2025-02-22 08:36:58","fd37df56-d899-4c51-9b71-934078d00c02","DELIVERED","63ea4e86-1b7d-35da-9885-529f7d28cba7","2025-02-22 08:37:00","<1740209818519.fd37df56-d899-4c51-9b71-934078d00c02@smtp.hubapi.com>","","","","","","","20185","AbBatch","","","","","","","","","","","","","",""
"info@gabimariafenner.com","6890244","348332491","","Wir schenken Ihnen drei Monate ProvenExpert ","""Denise von ProvenExpert"" <denise@provenexpert.com>","[support@provenexpert.com]","[]","[]","2025-02-22 08:36:58","fd37df56-d899-4c51-9b71-934078d00c02","SENT","fd37df56-d899-4c51-9b71-934078d00c02","2025-02-22 08:36:58","<1740209818519.fd37df56-d899-4c51-9b71-934078d00c02@smtp.hubapi.com>","","","","","","","20185","AbBatch","","","","","","","","","","","","","",""
"talentemanagerin@me.com","6890244","348332492","","299 € sparen und alle Vorteile für mehr Monate genießen!","""Denise von ProvenExpert"" <denise@provenexpert.com>","[support@provenexpert.com]","[]","[]","2025-02-22 08:36:59","51865e27-d9b6-4cb1-9b74-03f45cfdcd41","SENT","51865e27-d9b6-4cb1-9b74-03f45cfdcd41","2025-02-22 08:36:59","<1740209819176.51865e27-d9b6-4cb1-9b74-03f45cfdcd41@smtp.hubapi.com>","","","","","","","20185","AbBatch","","","","","","","","","","","","","",""
"talentemanagerin@me.com","6890244","348332492","","299 € sparen und alle Vorteile für mehr Monate genießen!","""Denise von ProvenExpert"" <denise@provenexpert.com>","[support@provenexpert.com]","[]","[]","2025-02-22 08:36:59","51865e27-d9b6-4cb1-9b74-03f45cfdcd41","DELIVERED","3b8af917-e859-33f7-b903-90c45473496f","2025-02-22 08:37:03","<1740209819176.51865e27-d9b6-4cb1-9b74-03f45cfdcd41@smtp.hubapi.com>","","","","","","","20185","AbBatch","","","","","","","","","","","","","",""
"coach@leademy.com","6890244","348332491","","Wir schenken Ihnen drei Monate ProvenExpert ","""Denise von ProvenExpert"" <denise@provenexpert.com>","[support@provenexpert.com]","[]","[]","2025-02-22 08:37:00","d42bec3a-628b-4b15-a8ea-b25dc10d2cac","DELIVERED","db3baf06-7f1d-377c-91e4-7c6ee6c1c5be","2025-02-22 08:37:02","<1740209820722.d42bec3a-628b-4b15-a8ea-b25dc10d2cac@smtp.hubapi.com>","","","","","","","20185","AbBatch","","","","","","","","","","","","","",""
"coach@leademy.com","6890244","348332491","","Wir schenken Ihnen drei Monate ProvenExpert ","""Denise von ProvenExpert"" <denise@provenexpert.com>","[support@provenexpert.com]","[]","[]","2025-02-22 08:37:00","d42bec3a-628b-4b15-a8ea-b25dc10d2cac","SENT","d42bec3a-628b-4b15-a8ea-b25dc10d2cac","2025-02-22 08:37:00","<1740209820722.d42bec3a-628b-4b15-a8ea-b25dc10d2cac@smtp.hubapi.com>","","","","","","","20185","AbBatch","","","","","","","","","","","","","",""
"info@nordlicht-innenausbau.de","6890244","348332491","","Wir schenken Ihnen drei Monate ProvenExpert ","""Denise von ProvenExpert"" <denise@provenexpert.com>","[support@provenexpert.com]","[]","[]","2025-02-22 08:35:42","de4a882d-6fce-463b-a592-6af855ba2546","SENT","de4a882d-6fce-463b-a592-6af855ba2546","2025-02-22 08:35:42","<1740209742316.de4a882d-6fce-463b-a592-6af855ba2546@smtp.hubapi.com>","","","","","","","20185","AbBatch","","","","","","","","","","","","","",""
"info@nordlicht-innenausbau.de","6890244","348332491","","Wir schenken Ihnen drei Monate ProvenExpert ","""Denise von ProvenExpert"" <denise@provenexpert.com>","[support@provenexpert.com]","[]","[]","2025-02-22 08:35:42","de4a882d-6fce-463b-a592-6af855ba2546","DELIVERED","cd327bf8-a54b-3750-bef7-7c484210a660","2025-02-22 08:35:45","<1740209742316.de4a882d-6fce-463b-a592-6af855ba2546@smtp.hubapi.com>","","","","","","","20185","AbBatch","","","","","","","","","","","","","",""
"m.wachholz@kompetenz-trainieren.de","6890244","348332491","","Wir schenken Ihnen drei Monate ProvenExpert ","""Denise von ProvenExpert"" <denise@provenexpert.com>","[support@provenexpert.com]","[]","[]","2025-02-22 08:36:57","358f303a-dd44-4eb7-9abb-7a44d43fcfb8","OPEN","4e3999d0-bc1f-38d0-b09d-688e5b34a4e7","2025-08-04 15:57:59","<1740209817928.358f303a-dd44-4eb7-9abb-7a44d43fcfb8@smtp.hubapi.com>","","","","","","","20185","AbBatch","Mozilla/5.0 (Macintosh; Intel Mac OS X 10_15_7) AppleWebKit/605.1.15 (KHTML, like Gecko)","","nordrhein-westfalen","GERMANY","","","","7777","","","","","",""
"m.wachholz@kompetenz-trainieren.de","6890244","348332491","","Wir schenken Ihnen drei Monate ProvenExpert ","""Denise von ProvenExpert"" <denise@provenexpert.com>","[support@provenexpert.com]","[]","[]","2025-02-22 08:36:57","358f303a-dd44-4eb7-9abb-7a44d43fcfb8","DELIVERED","b04bb4fe-b255-367b-aea6-45d3eb89da2c","2025-02-22 08:37:00","<1740209817928.358f303a-dd44-4eb7-9abb-7a44d43fcfb8@smtp.hubapi.com>","","","","","","","20185","AbBatch","","","","","","","","","","","","","",""
"m.wachholz@kompetenz-trainieren.de","6890244","348332491","","Wir schenken Ihnen drei Monate ProvenExpert ","""Denise von ProvenExpert"" <denise@provenexpert.com>","[support@provenexpert.com]","[]","[]","2025-02-22 08:36:57","358f303a-dd44-4eb7-9abb-7a44d43fcfb8","SENT","358f303a-dd44-4eb7-9abb-7a44d43fcfb8","2025-02-22 08:36:57","<1740209817928.358f303a-dd44-4eb7-9abb-7a44d43fcfb8@smtp.hubapi.com>","","","","","","","20185","AbBatch","","","","","","","","","","","","","",""
"info@sandrahehn.de","6890244","348332492","","299 € sparen und alle Vorteile für mehr Monate genießen!","""Denise von ProvenExpert"" <denise@provenexpert.com>","[support@provenexpert.com]","[]","[]","2025-02-22 08:37:01","3a2865eb-4db5-4ef7-903d-df124408d168","SENT","3a2865eb-4db5-4ef7-903d-df124408d168","2025-02-22 08:37:01","<1740209821207.3a2865eb-4db5-4ef7-903d-df124408d168@smtp.hubapi.com>","","","","","","","20185","AbBatch","","","","","","","","","","","","","",""
"info@sandrahehn.de","6890244","348332492","","299 € sparen und alle Vorteile für mehr Monate genießen!","""Denise von ProvenExpert"" <denise@provenexpert.com>","[support@provenexpert.com]","[]","[]","2025-02-22 08:37:01","3a2865eb-4db5-4ef7-903d-df124408d168","DELIVERED","204974c5-30ec-3d6f-9cb7-e2412164a8a0","2025-02-22 08:37:04","<1740209821207.3a2865eb-4db5-4ef7-903d-df124408d168@smtp.hubapi.com>","","","","","","","20185","AbBatch","","","","","","","","","","","","","",""
"tobias.groninger@gmail.com","6890244","348332492","","299 € sparen und alle Vorteile für mehr Monate genießen!","""Denise von ProvenExpert"" <denise@provenexpert.com>","[support@provenexpert.com]","[]","[]","2025-02-22 08:36:59","ea5d40c3-873b-45b8-b680-b70da5d4d715","DELIVERED","fef8ca46-4658-35bf-8b87-d866194ecd5e","2025-02-22 08:37:00","<1740209819218.ea5d40c3-873b-45b8-b680-b70da5d4d715@smtp.hubapi.com>","","","","","","","20185","AbBatch","","","","","","","","","","","","","",""
"tobias.groninger@gmail.com","6890244","348332492","","299 € sparen und alle Vorteile für mehr Monate genießen!","""Denise von ProvenExpert"" <denise@provenexpert.com>","[support@provenexpert.com]","[]","[]","2025-02-22 08:36:59","ea5d40c3-873b-45b8-b680-b70da5d4d715","SENT","ea5d40c3-873b-45b8-b680-b70da5d4d715","2025-02-22 08:36:59","<1740209819218.ea5d40c3-873b-45b8-b680-b70da5d4d715@smtp.hubapi.com>","","","","","","","20185","AbBatch","","","","","","","","","","","","","",""
"vorstand@investment-boutique.eu","6890244","348332492","","299 € sparen und alle Vorteile für mehr Monate genießen!","""Denise von ProvenExpert"" <denise@provenexpert.com>","[support@provenexpert.com]","[]","[]","2025-02-22 08:36:59","84f95638-e9a9-42e5-b8b3-f6ba11aeebc2","DROPPED","84f95638-e9a9-42e5-b8b3-f6ba11aeebc2","2025-02-22 08:36:59","<1740209819938.84f95638-e9a9-42e5-b8b3-f6ba11aeebc2@smtp.hubapi.com>","","","26554093-0eea-3ffe-b616-d9378c1d0ecb","2024-11-14 10:59:07","PREVIOUSLY_BOUNCED","Recipient has previously bounced.","20185","AbBatch","","","","","","","","","550","550-The mail server could not deliver mail to vorstand@investment-boutique.eu.  550-The account or domain may not exist, they may be blacklisted, or missing 550 the proper dns entries.","550-The mail server could not deliver mail to vorstand@investment-boutique.eu.  550-The account or domain may not exist, they may be blacklisted, or missing 550 the proper dns entries.","","",""
"movedirect2023@gmail.com","6890244","348332492","","299 € sparen und alle Vorteile für mehr Monate genießen!","""Denise von ProvenExpert"" <denise@provenexpert.com>","[support@provenexpert.com]","[]","[]","2025-02-22 08:36:58","38c43d79-eb0b-4427-a432-5baf9d2168ce","DELIVERED","f38de33a-9413-38d2-9c4f-e78930917be9","2025-02-22 08:36:58","<1740209818010.38c43d79-eb0b-4427-a432-5baf9d2168ce@smtp.hubapi.com>","","","","","","","20185","AbBatch","","","","","","","","","","","","","",""
"movedirect2023@gmail.com","6890244","348332492","","299 € sparen und alle Vorteile für mehr Monate genießen!","""Denise von ProvenExpert"" <denise@provenexpert.com>","[support@provenexpert.com]","[]","[]","2025-02-22 08:36:58","38c43d79-eb0b-4427-a432-5baf9d2168ce","SENT","38c43d79-eb0b-4427-a432-5baf9d2168ce","2025-02-22 08:36:58","<1740209818010.38c43d79-eb0b-4427-a432-5baf9d2168ce@smtp.hubapi.com>","","","","","","","20185","AbBatch","","","","","","","","","","","","","",""
"anke.gropengiesser@icloud.com","6890244","348332492","","299 € sparen und alle Vorteile für mehr Monate genießen!","""Denise von ProvenExpert"" <denise@provenexpert.com>","[support@provenexpert.com]","[]","[]","2025-02-22 08:36:58","306e1161-9f89-421e-883c-a853939203b0","DELIVERED","ca3d1b7e-75c7-3b3b-a5bf-775974accf4b","2025-02-22 08:37:09","<1740209818750.306e1161-9f89-421e-883c-a853939203b0@smtp.hubapi.com>","","","","","","","20185","AbBatch","","","","","","","","","","","","","",""
"anke.gropengiesser@icloud.com","6890244","348332492","","299 € sparen und alle Vorteile für mehr Monate genießen!","""Denise von ProvenExpert"" <denise@provenexpert.com>","[support@provenexpert.com]","[]","[]","2025-02-22 08:36:58","306e1161-9f89-421e-883c-a853939203b0","SENT","306e1161-9f89-421e-883c-a853939203b0","2025-02-22 08:36:58","<1740209818750.306e1161-9f89-421e-883c-a853939203b0@smtp.hubapi.com>","","","","","","","20185","AbBatch","","","","","","","","","","","","","",""
"monika@happychange.de","6890244","348332492","","299 € sparen und alle Vorteile für mehr Monate genießen!","""Denise von ProvenExpert"" <denise@provenexpert.com>","[support@provenexpert.com]","[]","[]","2025-02-22 08:37:01","38cd4981-d089-4edf-803f-2e90d96d0fda","SENT","38cd4981-d089-4edf-803f-2e90d96d0fda","2025-02-22 08:37:01","<1740209821609.38cd4981-d089-4edf-803f-2e90d96d0fda@smtp.hubapi.com>","","","","","","","20185","AbBatch","","","","","","","","","","","","","",""
"monika@happychange.de","6890244","348332492","","299 € sparen und alle Vorteile für mehr Monate genießen!","""Denise von ProvenExpert"" <denise@provenexpert.com>","[support@provenexpert.com]","[]","[]","2025-02-22 08:37:01","38cd4981-d089-4edf-803f-2e90d96d0fda","DELIVERED","a8b983e9-8c03-32e5-8175-54c31ca46d29","2025-02-22 08:37:19","<1740209821609.38cd4981-d089-4edf-803f-2e90d96d0fda@smtp.hubapi.com>","","","","","","","20185","AbBatch","","","","","","","","","","","","","",""
"info@alexanderfleming.de","6890244","348332492","","299 € sparen und alle Vorteile für mehr Monate genießen!","""Denise von ProvenExpert"" <denise@provenexpert.com>","[support@provenexpert.com]","[]","[]","2025-02-22 08:36:57","7aa2cd28-7027-42fd-9a05-2a48381b42c3","DELIVERED","4672d123-0a0b-31db-9b25-f28b988cd95e","2025-02-22 08:37:00","<1740209817823.7aa2cd28-7027-42fd-9a05-2a48381b42c3@smtp.hubapi.com>","","","","","","","20185","AbBatch","","","","","","","","","","","","","",""
"info@alexanderfleming.de","6890244","348332492","","299 € sparen und alle Vorteile für mehr Monate genießen!","""Denise von ProvenExpert"" <denise@provenexpert.com>","[support@provenexpert.com]","[]","[]","2025-02-22 08:36:57","7aa2cd28-7027-42fd-9a05-2a48381b42c3","SENT","7aa2cd28-7027-42fd-9a05-2a48381b42c3","2025-02-22 08:36:57","<1740209817823.7aa2cd28-7027-42fd-9a05-2a48381b42c3@smtp.hubapi.com>","","","","","","","20185","AbBatch","","","","","","","","","","","","","",""
"erzieher24@web.de","6890244","348332491","","Wir schenken Ihnen drei Monate ProvenExpert ","""Denise von ProvenExpert"" <denise@provenexpert.com>","[support@provenexpert.com]","[]","[]","2025-02-22 08:36:59","787267a4-10e5-404c-8840-7425c6d35473","SENT","787267a4-10e5-404c-8840-7425c6d35473","2025-02-22 08:36:59","<1740209819371.787267a4-10e5-404c-8840-7425c6d35473@smtp.hubapi.com>","","","","","","","20185","AbBatch","","","","","","","","","","","","","",""
"erzieher24@web.de","6890244","348332491","","Wir schenken Ihnen drei Monate ProvenExpert ","""Denise von ProvenExpert"" <denise@provenexpert.com>","[support@provenexpert.com]","[]","[]","2025-02-22 08:36:59","787267a4-10e5-404c-8840-7425c6d35473","DELIVERED","949288a3-bc5f-36c9-b269-39e5fbc34140","2025-02-22 08:37:01","<1740209819371.787267a4-10e5-404c-8840-7425c6d35473@smtp.hubapi.com>","","","","","","","20185","AbBatch","","","","","","","","","","","","","",""
"office@erstehilfetraining.at","6890244","348332492","","299 € sparen und alle Vorteile für mehr Monate genießen!","""Denise von ProvenExpert"" <denise@provenexpert.com>","[support@provenexpert.com]","[]","[]","2025-02-22 08:36:58","b9959d60-7045-4bae-b6b1-96711ae23924","DELIVERED","5cbec543-7d39-32be-a73a-a79d35348965","2025-02-22 08:37:03","<1740209818794.b9959d60-7045-4bae-b6b1-96711ae23924@smtp.hubapi.com>","","","","","","","20185","AbBatch","","","","","","","","","","","","","",""
"office@erstehilfetraining.at","6890244","348332492","","299 € sparen und alle Vorteile für mehr Monate genießen!","""Denise von ProvenExpert"" <denise@provenexpert.com>","[support@provenexpert.com]","[]","[]","2025-02-22 08:36:58","b9959d60-7045-4bae-b6b1-96711ae23924","SENT","b9959d60-7045-4bae-b6b1-96711ae23924","2025-02-22 08:36:58","<1740209818794.b9959d60-7045-4bae-b6b1-96711ae23924@smtp.hubapi.com>","","","","","","","20185","AbBatch","","","","","","","","","","","","","",""
"info@body-revolutzion.de","6890244","348332491","","Wir schenken Ihnen drei Monate ProvenExpert ","""Denise von ProvenExpert"" <denise@provenexpert.com>","[support@provenexpert.com]","[]","[]","2025-02-22 08:36:57","63207214-51a8-4b8c-989d-c35b834c2c8a","DELIVERED","e1f998fa-8a00-3cb5-bc82-b5bf5f9d885b","2025-02-22 08:37:00","<1740209817597.63207214-51a8-4b8c-989d-c35b834c2c8a@smtp.hubapi.com>","","","","","","","20185","AbBatch","","","","","","","","","","","","","",""
"info@body-revolutzion.de","6890244","348332491","","Wir schenken Ihnen drei Monate ProvenExpert ","""Denise von ProvenExpert"" <denise@provenexpert.com>","[support@provenexpert.com]","[]","[]","2025-02-22 08:36:57","63207214-51a8-4b8c-989d-c35b834c2c8a","SENT","63207214-51a8-4b8c-989d-c35b834c2c8a","2025-02-22 08:36:57","<1740209817597.63207214-51a8-4b8c-989d-c35b834c2c8a@smtp.hubapi.com>","","","","","","","20185","AbBatch","","","","","","","","","","","","","",""
"info@corinnasiebrecht.de","6890244","348332491","","Wir schenken Ihnen drei Monate ProvenExpert ","""Denise von ProvenExpert"" <denise@provenexpert.com>","[support@provenexpert.com]","[]","[]","2025-02-22 08:36:59","c2a51d41-21bf-4a84-93d3-7eb152cd00aa","SENT","c2a51d41-21bf-4a84-93d3-7eb152cd00aa","2025-02-22 08:36:59","<1740209819075.c2a51d41-21bf-4a84-93d3-7eb152cd00aa@smtp.hubapi.com>","","","","","","","20185","AbBatch","","","","","","","","","","","","","",""
"info@corinnasiebrecht.de","6890244","348332491","","Wir schenken Ihnen drei Monate ProvenExpert ","""Denise von ProvenExpert"" <denise@provenexpert.com>","[support@provenexpert.com]","[]","[]","2025-02-22 08:36:59","c2a51d41-21bf-4a84-93d3-7eb152cd00aa","DELIVERED","bb56f08d-2157-367d-8c3c-0e8b86062e07","2025-02-22 08:37:02","<1740209819075.c2a51d41-21bf-4a84-93d3-7eb152cd00aa@smtp.hubapi.com>","","","","","","","20185","AbBatch","","","","","","","","","","","","","",""
"nathalie-maruszczyk@web.de","6890244","348332492","","299 € sparen und alle Vorteile für mehr Monate genießen!","""Denise von ProvenExpert"" <denise@provenexpert.com>","[support@provenexpert.com]","[]","[]","2025-02-22 08:37:00","cae448d1-be7a-4694-b640-897aeb6fbbb0","SENT","cae448d1-be7a-4694-b640-897aeb6fbbb0","2025-02-22 08:37:00","<1740209820999.cae448d1-be7a-4694-b640-897aeb6fbbb0@smtp.hubapi.com>","","","","","","","20185","AbBatch","","","","","","","","","","","","","",""
"nathalie-maruszczyk@web.de","6890244","348332492","","299 € sparen und alle Vorteile für mehr Monate genießen!","""Denise von ProvenExpert"" <denise@provenexpert.com>","[support@provenexpert.com]","[]","[]","2025-02-22 08:37:00","cae448d1-be7a-4694-b640-897aeb6fbbb0","DELIVERED","8b3a4395-2702-3b21-9117-fda4f70d2f97","2025-02-22 08:37:02","<1740209820999.cae448d1-be7a-4694-b640-897aeb6fbbb0@smtp.hubapi.com>","","","","","","","20185","AbBatch","","","","","","","","","","","","","",""
"info@kingfisher.de","6890244","348332492","","299 € sparen und alle Vorteile für mehr Monate genießen!","""Denise von ProvenExpert"" <denise@provenexpert.com>","[support@provenexpert.com]","[]","[]","2025-02-22 08:37:02","cd342e11-16db-4edd-8eb5-3f1d15b8d969","SENT","cd342e11-16db-4edd-8eb5-3f1d15b8d969","2025-02-22 08:37:02","<1740209822617.cd342e11-16db-4edd-8eb5-3f1d15b8d969@smtp.hubapi.com>","","","","","","","20185","AbBatch","","","","","","","","","","","","","",""
"info@kingfisher.de","6890244","348332492","","299 € sparen und alle Vorteile für mehr Monate genießen!","""Denise von ProvenExpert"" <denise@provenexpert.com>","[support@provenexpert.com]","[]","[]","2025-02-22 08:37:02","cd342e11-16db-4edd-8eb5-3f1d15b8d969","DELIVERED","945fb477-10e0-3264-a832-cf5ee2735851","2025-02-22 08:37:04","<1740209822617.cd342e11-16db-4edd-8eb5-3f1d15b8d969@smtp.hubapi.com>","","","","","","","20185","AbBatch","","","","","","","","","","","","","",""
"impact@vorderwelle.ai","6890244","348332491","","Wir schenken Ihnen drei Monate ProvenExpert ","""Denise von ProvenExpert"" <denise@provenexpert.com>","[support@provenexpert.com]","[]","[]","2025-02-22 08:37:00","47a8aac4-8695-43c9-97dc-6144f93a3c28","OPEN","82a67291-0a91-3cad-ba79-d4f5692ed207","2025-02-22 10:12:23","<1740209820364.47a8aac4-8695-43c9-97dc-6144f93a3c28@smtp.hubapi.com>","","","","","","","20185","AbBatch","Mozilla/5.0 (Windows NT 5.1; rv:11.0) Gecko Firefox/11.0 (via ggpht.com GoogleImageProxy)","Unknown","Unknown","Unknown","","","","0","","","","","",""
"impact@vorderwelle.ai","6890244","348332491","","Wir schenken Ihnen drei Monate ProvenExpert ","""Denise von ProvenExpert"" <denise@provenexpert.com>","[support@provenexpert.com]","[]","[]","2025-02-22 08:37:00","47a8aac4-8695-43c9-97dc-6144f93a3c28","SENT","47a8aac4-8695-43c9-97dc-6144f93a3c28","2025-02-22 08:37:00","<1740209820364.47a8aac4-8695-43c9-97dc-6144f93a3c28@smtp.hubapi.com>","","","","","","","20185","AbBatch","","","","","","","","","","","","","",""
"impact@vorderwelle.ai","6890244","348332491","","Wir schenken Ihnen drei Monate ProvenExpert ","""Denise von ProvenExpert"" <denise@provenexpert.com>","[support@provenexpert.com]","[]","[]","2025-02-22 08:37:00","47a8aac4-8695-43c9-97dc-6144f93a3c28","DELIVERED","b2c1a909-4715-3860-88fd-62318e01598d","2025-02-22 08:37:07","<1740209820364.47a8aac4-8695-43c9-97dc-6144f93a3c28@smtp.hubapi.com>","","","","","","","20185","AbBatch","","","","","","","","","","","","","",""
"tanja.hofmann@belfocus.de","6890244","348332491","","Wir schenken Ihnen drei Monate ProvenExpert ","""Denise von ProvenExpert"" <denise@provenexpert.com>","[support@provenexpert.com]","[]","[]","2025-02-22 08:36:58","c5c8c274-df75-43a6-acc2-2d2c00db0081","DELIVERED","8c708db6-1527-3b26-8d41-025c5090cf14","2025-02-22 08:37:00","<1740209818854.c5c8c274-df75-43a6-acc2-2d2c00db0081@smtp.hubapi.com>","","","","","","","20185","AbBatch","","","","","","","","","","","","","",""
"tanja.hofmann@belfocus.de","6890244","348332491","","Wir schenken Ihnen drei Monate ProvenExpert ","""Denise von ProvenExpert"" <denise@provenexpert.com>","[support@provenexpert.com]","[]","[]","2025-02-22 08:36:58","c5c8c274-df75-43a6-acc2-2d2c00db0081","SENT","c5c8c274-df75-43a6-acc2-2d2c00db0081","2025-02-22 08:36:58","<1740209818854.c5c8c274-df75-43a6-acc2-2d2c00db0081@smtp.hubapi.com>","","","","","","","20185","AbBatch","","","","","","","","","","","","","",""
"info@zauberer-bayern.de","6890244","348332491","","Wir schenken Ihnen drei Monate ProvenExpert ","""Denise von ProvenExpert"" <denise@provenexpert.com>","[support@provenexpert.com]","[]","[]","2025-02-22 08:37:00","202b267f-c4bf-4bc2-8ebf-7282830fccf7","SENT","202b267f-c4bf-4bc2-8ebf-7282830fccf7","2025-02-22 08:37:00","<1740209820789.202b267f-c4bf-4bc2-8ebf-7282830fccf7@smtp.hubapi.com>","","","","","","","20185","AbBatch","","","","","","","","","","","","","",""
"info@zauberer-bayern.de","6890244","348332491","","Wir schenken Ihnen drei Monate ProvenExpert ","""Denise von ProvenExpert"" <denise@provenexpert.com>","[support@provenexpert.com]","[]","[]","2025-02-22 08:37:00","202b267f-c4bf-4bc2-8ebf-7282830fccf7","DELIVERED","f0597fcb-3d90-3d0e-9863-7059c3c25781","2025-02-22 08:37:02","<1740209820789.202b267f-c4bf-4bc2-8ebf-7282830fccf7@smtp.hubapi.com>","","","","","","","20185","AbBatch","","","","","","","","","","","","","",""
"mut.ich.lerntherapie@gmail.com","6890244","348332492","","299 € sparen und alle Vorteile für mehr Monate genießen!","""Denise von ProvenExpert"" <denise@provenexpert.com>","[support@provenexpert.com]","[]","[]","2025-02-22 08:37:01","b565cf70-72f6-4a64-a64c-9d2687816c56","OPEN","a741b486-c624-389d-a29c-99d06cc16a6a","2025-02-22 11:52:52","<1740209821695.b565cf70-72f6-4a64-a64c-9d2687816c56@smtp.hubapi.com>","","","","","","","20185","AbBatch","Mozilla/5.0 (Windows NT 5.1; rv:11.0) Gecko Firefox/11.0 (via ggpht.com GoogleImageProxy)","Unknown","Unknown","Unknown","","","","0","","","","","",""
"mut.ich.lerntherapie@gmail.com","6890244","348332492","","299 € sparen und alle Vorteile für mehr Monate genießen!","""Denise von ProvenExpert"" <denise@provenexpert.com>","[support@provenexpert.com]","[]","[]","2025-02-22 08:37:01","b565cf70-72f6-4a64-a64c-9d2687816c56","SENT","b565cf70-72f6-4a64-a64c-9d2687816c56","2025-02-22 08:37:01","<1740209821695.b565cf70-72f6-4a64-a64c-9d2687816c56@smtp.hubapi.com>","","","","","","","20185","AbBatch","","","","","","","","","","","","","",""
"mut.ich.lerntherapie@gmail.com","6890244","348332492","","299 € sparen und alle Vorteile für mehr Monate genießen!","""Denise von ProvenExpert"" <denise@provenexpert.com>","[support@provenexpert.com]","[]","[]","2025-02-22 08:37:01","b565cf70-72f6-4a64-a64c-9d2687816c56","DELIVERED","3391f6fc-6b74-3c61-8f90-09a710a20331","2025-02-22 08:37:02","<1740209821695.b565cf70-72f6-4a64-a64c-9d2687816c56@smtp.hubapi.com>","","","","","","","20185","AbBatch","","","","","","","","","","","","","",""
"info@brehmermanufaktur.de","6890244","348332492","","299 € sparen und alle Vorteile für mehr Monate genießen!","""Denise von ProvenExpert"" <denise@provenexpert.com>","[support@provenexpert.com]","[]","[]","2025-02-22 08:37:02","68c784b0-ec5a-4098-8c8b-49d916d1e1d4","SENT","68c784b0-ec5a-4098-8c8b-49d916d1e1d4","2025-02-22 08:37:02","<1740209822432.68c784b0-ec5a-4098-8c8b-49d916d1e1d4@smtp.hubapi.com>","","","","","","","20185","AbBatch","","","","","","","","","","","","","",""
"info@brehmermanufaktur.de","6890244","348332492","","299 € sparen und alle Vorteile für mehr Monate genießen!","""Denise von ProvenExpert"" <denise@provenexpert.com>","[support@provenexpert.com]","[]","[]","2025-02-22 08:37:02","68c784b0-ec5a-4098-8c8b-49d916d1e1d4","DELIVERED","62a18683-5331-3dea-8370-83956d773a9d","2025-02-22 08:37:07","<1740209822432.68c784b0-ec5a-4098-8c8b-49d916d1e1d4@smtp.hubapi.com>","","","","","","","20185","AbBatch","","","","","","","","","","","","","",""
"sascha.rosenow@dvag.de","6890244","348332492","","299 € sparen und alle Vorteile für mehr Monate genießen!","""Denise von ProvenExpert"" <denise@provenexpert.com>","[support@provenexpert.com]","[]","[]","2025-02-22 08:37:01","e645c82f-13f6-432d-a10e-177a21dc6d71","DELIVERED","52de9a5f-a530-3968-9c55-510f5be253df","2025-02-22 08:37:05","<1740209821309.e645c82f-13f6-432d-a10e-177a21dc6d71@smtp.hubapi.com>","","","","","","","20185","AbBatch","","","","","","","","","","","","","",""
"sascha.rosenow@dvag.de","6890244","348332492","","299 € sparen und alle Vorteile für mehr Monate genießen!","""Denise von ProvenExpert"" <denise@provenexpert.com>","[support@provenexpert.com]","[]","[]","2025-02-22 08:37:01","e645c82f-13f6-432d-a10e-177a21dc6d71","SENT","e645c82f-13f6-432d-a10e-177a21dc6d71","2025-02-22 08:37:01","<1740209821309.e645c82f-13f6-432d-a10e-177a21dc6d71@smtp.hubapi.com>","","","","","","","20185","AbBatch","","","","","","","","","","","","","",""
"lutz@lutzkadereit.com","6890244","348332491","","Wir schenken Ihnen drei Monate ProvenExpert ","""Denise von ProvenExpert"" <denise@provenexpert.com>","[support@provenexpert.com]","[]","[]","2025-02-22 08:36:58","e2c5f72f-b5e8-4f32-ada3-e5936ef9e10e","SENT","e2c5f72f-b5e8-4f32-ada3-e5936ef9e10e","2025-02-22 08:36:58","<1740209818447.e2c5f72f-b5e8-4f32-ada3-e5936ef9e10e@smtp.hubapi.com>","","","","","","","20185","AbBatch","","","","","","","","","","","","","",""
"lutz@lutzkadereit.com","6890244","348332491","","Wir schenken Ihnen drei Monate ProvenExpert ","""Denise von ProvenExpert"" <denise@provenexpert.com>","[support@provenexpert.com]","[]","[]","2025-02-22 08:36:58","e2c5f72f-b5e8-4f32-ada3-e5936ef9e10e","DELIVERED","30b964d6-be4d-31f4-9fda-419a3e44ba53","2025-02-22 08:37:00","<1740209818447.e2c5f72f-b5e8-4f32-ada3-e5936ef9e10e@smtp.hubapi.com>","","","","","","","20185","AbBatch","","","","","","","","","","","","","",""
"info@investmentprofismitherz.de","6890244","348332491","","Wir schenken Ihnen drei Monate ProvenExpert ","""Denise von ProvenExpert"" <denise@provenexpert.com>","[support@provenexpert.com]","[]","[]","2025-02-22 08:37:01","61389455-ac07-4a2d-8c3e-aa3a2929b235","DELIVERED","dcbcd40e-8bc6-312a-8ec5-c7ebaae95e27","2025-02-22 08:37:03","<1740209821094.61389455-ac07-4a2d-8c3e-aa3a2929b235@smtp.hubapi.com>","","","","","","","20185","AbBatch","","","","","","","","","","","","","",""
"info@investmentprofismitherz.de","6890244","348332491","","Wir schenken Ihnen drei Monate ProvenExpert ","""Denise von ProvenExpert"" <denise@provenexpert.com>","[support@provenexpert.com]","[]","[]","2025-02-22 08:37:01","61389455-ac07-4a2d-8c3e-aa3a2929b235","SENT","61389455-ac07-4a2d-8c3e-aa3a2929b235","2025-02-22 08:37:01","<1740209821094.61389455-ac07-4a2d-8c3e-aa3a2929b235@smtp.hubapi.com>","","","","","","","20185","AbBatch","","","","","","","","","","","","","",""
"a.vornhusen@taunus-relocation.com","6890244","348332491","","Wir schenken Ihnen drei Monate ProvenExpert ","""Denise von ProvenExpert"" <denise@provenexpert.com>","[support@provenexpert.com]","[]","[]","2025-02-22 08:35:42","2328957f-a3dd-4456-aae2-53de90f1dd0e","SENT","2328957f-a3dd-4456-aae2-53de90f1dd0e","2025-02-22 08:35:42","<1740209742594.2328957f-a3dd-4456-aae2-53de90f1dd0e@smtp.hubapi.com>","","","","","","","20185","AbBatch","","","","","","","","","","","","","",""
"a.vornhusen@taunus-relocation.com","6890244","348332491","","Wir schenken Ihnen drei Monate ProvenExpert ","""Denise von ProvenExpert"" <denise@provenexpert.com>","[support@provenexpert.com]","[]","[]","2025-02-22 08:35:42","2328957f-a3dd-4456-aae2-53de90f1dd0e","DELIVERED","d0165831-baa4-37d2-8a2f-0119f55edbde","2025-02-22 08:35:50","<1740209742594.2328957f-a3dd-4456-aae2-53de90f1dd0e@smtp.hubapi.com>","","","","","","","20185","AbBatch","","","","","","","","","","","","","",""
"kontakt@wilhelmscholze.com","6890244","348332492","","299 € sparen und alle Vorteile für mehr Monate genießen!","""Denise von ProvenExpert"" <denise@provenexpert.com>","[support@provenexpert.com]","[]","[]","2025-02-22 08:37:01","ebea26d4-d7f7-4ed6-b430-666aa0cc52cb","DELIVERED","9dd0de8d-fddc-3fb7-bb20-fa4e988c3677","2025-02-22 08:37:03","<1740209821653.ebea26d4-d7f7-4ed6-b430-666aa0cc52cb@smtp.hubapi.com>","","","","","","","20185","AbBatch","","","","","","","","","","","","","",""
"kontakt@wilhelmscholze.com","6890244","348332492","","299 € sparen und alle Vorteile für mehr Monate genießen!","""Denise von ProvenExpert"" <denise@provenexpert.com>","[support@provenexpert.com]","[]","[]","2025-02-22 08:37:01","ebea26d4-d7f7-4ed6-b430-666aa0cc52cb","SENT","ebea26d4-d7f7-4ed6-b430-666aa0cc52cb","2025-02-22 08:37:01","<1740209821653.ebea26d4-d7f7-4ed6-b430-666aa0cc52cb@smtp.hubapi.com>","","","","","","","20185","AbBatch","","","","","","","","","","","","","",""
"info@immobilien-hertlein.de","6890244","348332492","","299 € sparen und alle Vorteile für mehr Monate genießen!","""Denise von ProvenExpert"" <denise@provenexpert.com>","[support@provenexpert.com]","[]","[]","2025-02-22 08:36:58","66117fab-dc9f-4f8e-a226-2fe360db8e24","SENT","66117fab-dc9f-4f8e-a226-2fe360db8e24","2025-02-22 08:36:58","<1740209818246.66117fab-dc9f-4f8e-a226-2fe360db8e24@smtp.hubapi.com>","","","","","","","20185","AbBatch","","","","","","","","","","","","","",""
"info@immobilien-hertlein.de","6890244","348332492","","299 € sparen und alle Vorteile für mehr Monate genießen!","""Denise von ProvenExpert"" <denise@provenexpert.com>","[support@provenexpert.com]","[]","[]","2025-02-22 08:36:58","66117fab-dc9f-4f8e-a226-2fe360db8e24","DELIVERED","ab770405-fbdc-3263-83d8-ebab2a051999","2025-02-22 08:37:01","<1740209818246.66117fab-dc9f-4f8e-a226-2fe360db8e24@smtp.hubapi.com>","","","","","","","20185","AbBatch","","","","","","","","","","","","","",""
"bastian.mayerhofer@periplaneta.com","6890244","348332492","","299 € sparen und alle Vorteile für mehr Monate genießen!","""Denise von ProvenExpert"" <denise@provenexpert.com>","[support@provenexpert.com]","[]","[]","2025-02-22 08:37:02","a4b6c346-e149-45b6-887a-c3f5fc24e6b4","SENT","a4b6c346-e149-45b6-887a-c3f5fc24e6b4","2025-02-22 08:37:02","<1740209822536.a4b6c346-e149-45b6-887a-c3f5fc24e6b4@smtp.hubapi.com>","","","","","","","20185","AbBatch","","","","","","","","","","","","","",""
"bastian.mayerhofer@periplaneta.com","6890244","348332492","","299 € sparen und alle Vorteile für mehr Monate genießen!","""Denise von ProvenExpert"" <denise@provenexpert.com>","[support@provenexpert.com]","[]","[]","2025-02-22 08:37:02","a4b6c346-e149-45b6-887a-c3f5fc24e6b4","DELIVERED","2a8635a0-0435-3ddb-8b57-4f3e004cbf6c","2025-02-22 08:37:03","<1740209822536.a4b6c346-e149-45b6-887a-c3f5fc24e6b4@smtp.hubapi.com>","","","","","","","20185","AbBatch","","","","","","","","","","","","","",""
"business@chahne.de","6890244","348332492","","299 € sparen und alle Vorteile für mehr Monate genießen!","""Denise von ProvenExpert"" <denise@provenexpert.com>","[support@provenexpert.com]","[]","[]","2025-02-22 08:36:57","fd2f2ee9-00de-4b93-8fe8-2418bfc08b84","SENT","fd2f2ee9-00de-4b93-8fe8-2418bfc08b84","2025-02-22 08:36:57","<1740209817921.fd2f2ee9-00de-4b93-8fe8-2418bfc08b84@smtp.hubapi.com>","","","","","","","20185","AbBatch","","","","","","","","","","","","","",""
"business@chahne.de","6890244","348332492","","299 € sparen und alle Vorteile für mehr Monate genießen!","""Denise von ProvenExpert"" <denise@provenexpert.com>","[support@provenexpert.com]","[]","[]","2025-02-22 08:36:57","fd2f2ee9-00de-4b93-8fe8-2418bfc08b84","DELIVERED","0820bb21-efa1-33c6-8abe-956abab764ca","2025-02-22 08:36:59","<1740209817921.fd2f2ee9-00de-4b93-8fe8-2418bfc08b84@smtp.hubapi.com>","","","","","","","20185","AbBatch","","","","","","","","","","","","","",""
"kontakt@growbueroservice.de","6890244","348332491","","Wir schenken Ihnen drei Monate ProvenExpert ","""Denise von ProvenExpert"" <denise@provenexpert.com>","[support@provenexpert.com]","[]","[]","2025-02-22 08:36:58","91b5a2b7-14ae-4d14-a5d5-1c4c4864a004","OPEN","3c2f757d-65fb-34ff-9e0d-4e9468d462ab","2025-02-22 15:48:16","<1740209818226.91b5a2b7-14ae-4d14-a5d5-1c4c4864a004@smtp.hubapi.com>","","","","","","","20185","AbBatch","Mozilla/5.0 (iPhone; CPU iPhone OS 18_3_1 like Mac OS X) AppleWebKit/605.1.15 (KHTML, like Gecko) Mobile/15E148","","saarland","GERMANY","","","","46183","","","","","",""
"kontakt@growbueroservice.de","6890244","348332491","","Wir schenken Ihnen drei Monate ProvenExpert ","""Denise von ProvenExpert"" <denise@provenexpert.com>","[support@provenexpert.com]","[]","[]","2025-02-22 08:36:58","91b5a2b7-14ae-4d14-a5d5-1c4c4864a004","OPEN","f7c735d8-98ee-339b-88c5-934f483f10be","2025-02-22 15:48:15","<1740209818226.91b5a2b7-14ae-4d14-a5d5-1c4c4864a004@smtp.hubapi.com>","","","","","","","20185","AbBatch","Mozilla/5.0 (iPhone; CPU iPhone OS 18_3_1 like Mac OS X) AppleWebKit/605.1.15 (KHTML, like Gecko) Mobile/15E148","","saarland","GERMANY","","","","32318","","","","","",""
"kontakt@growbueroservice.de","6890244","348332491","","Wir schenken Ihnen drei Monate ProvenExpert ","""Denise von ProvenExpert"" <denise@provenexpert.com>","[support@provenexpert.com]","[]","[]","2025-02-22 08:36:58","91b5a2b7-14ae-4d14-a5d5-1c4c4864a004","DELIVERED","1956fd14-280f-3bc2-9913-54a419c38ef2","2025-02-22 08:37:00","<1740209818226.91b5a2b7-14ae-4d14-a5d5-1c4c4864a004@smtp.hubapi.com>","","","","","","","20185","AbBatch","","","","","","","","","","","","","",""
"kontakt@growbueroservice.de","6890244","348332491","","Wir schenken Ihnen drei Monate ProvenExpert ","""Denise von ProvenExpert"" <denise@provenexpert.com>","[support@provenexpert.com]","[]","[]","2025-02-22 08:36:58","91b5a2b7-14ae-4d14-a5d5-1c4c4864a004","SENT","91b5a2b7-14ae-4d14-a5d5-1c4c4864a004","2025-02-22 08:36:58","<1740209818226.91b5a2b7-14ae-4d14-a5d5-1c4c4864a004@smtp.hubapi.com>","","","","","","","20185","AbBatch","","","","","","","","","","","","","",""
"finn.leinberger@mlp.de","6890244","348332491","","Wir schenken Ihnen drei Monate ProvenExpert ","""Denise von ProvenExpert"" <denise@provenexpert.com>","[support@provenexpert.com]","[]","[]","2025-02-22 08:36:59","17596d43-9c49-4ff2-84e4-6ed1c7043ce8","OPEN","981542cc-7883-3241-a0e3-d45fc9e07ed0","2025-02-22 11:25:05","<1740209819222.17596d43-9c49-4ff2-84e4-6ed1c7043ce8@smtp.hubapi.com>","","","","","","","20185","AbBatch","Mozilla/5.0 (iPhone; CPU iPhone OS 18_3_1 like Mac OS X) AppleWebKit/605.1.15 (KHTML, like Gecko) Mobile/15E148","kassel","hessen","GERMANY","","","","14985","","","","","",""
"finn.leinberger@mlp.de","6890244","348332491","","Wir schenken Ihnen drei Monate ProvenExpert ","""Denise von ProvenExpert"" <denise@provenexpert.com>","[support@provenexpert.com]","[]","[]","2025-02-22 08:36:59","17596d43-9c49-4ff2-84e4-6ed1c7043ce8","DELIVERED","fae71986-9f76-3d49-a050-7827a457e2bf","2025-02-22 08:37:01","<1740209819222.17596d43-9c49-4ff2-84e4-6ed1c7043ce8@smtp.hubapi.com>","","","","","","","20185","AbBatch","","","","","","","","","","","","","",""
"finn.leinberger@mlp.de","6890244","348332491","","Wir schenken Ihnen drei Monate ProvenExpert ","""Denise von ProvenExpert"" <denise@provenexpert.com>","[support@provenexpert.com]","[]","[]","2025-02-22 08:36:59","17596d43-9c49-4ff2-84e4-6ed1c7043ce8","SENT","17596d43-9c49-4ff2-84e4-6ed1c7043ce8","2025-02-22 08:36:59","<1740209819222.17596d43-9c49-4ff2-84e4-6ed1c7043ce8@smtp.hubapi.com>","","","","","","","20185","AbBatch","","","","","","","","","","","","","",""
"finn.leinberger@mlp.de","6890244","348332491","","Wir schenken Ihnen drei Monate ProvenExpert ","""Denise von ProvenExpert"" <denise@provenexpert.com>","[support@provenexpert.com]","[]","[]","2025-02-22 08:36:59","17596d43-9c49-4ff2-84e4-6ed1c7043ce8","OPEN","69914f6b-6b43-34e1-942b-df5a35a2ff84","2025-02-22 11:25:06","<1740209819222.17596d43-9c49-4ff2-84e4-6ed1c7043ce8@smtp.hubapi.com>","","","","","","","20185","AbBatch","Mozilla/5.0 (iPhone; CPU iPhone OS 18_3_1 like Mac OS X) AppleWebKit/605.1.15 (KHTML, like Gecko) Mobile/15E148","kassel","hessen","GERMANY","","","","10047","","","","","",""
"notash.t@gmail.com","6890244","348332491","","Wir schenken Ihnen drei Monate ProvenExpert ","""Denise von ProvenExpert"" <denise@provenexpert.com>","[support@provenexpert.com]","[]","[]","2025-02-22 08:37:01","c6338fd0-8276-4946-88c2-b3923a394d8a","SENT","c6338fd0-8276-4946-88c2-b3923a394d8a","2025-02-22 08:37:01","<1740209821684.c6338fd0-8276-4946-88c2-b3923a394d8a@smtp.hubapi.com>","","","","","","","20185","AbBatch","","","","","","","","","","","","","",""
"notash.t@gmail.com","6890244","348332491","","Wir schenken Ihnen drei Monate ProvenExpert ","""Denise von ProvenExpert"" <denise@provenexpert.com>","[support@provenexpert.com]","[]","[]","2025-02-22 08:37:01","c6338fd0-8276-4946-88c2-b3923a394d8a","DELIVERED","f23a21c0-68b8-3015-b015-d8e14bd6734e","2025-02-22 08:37:02","<1740209821684.c6338fd0-8276-4946-88c2-b3923a394d8a@smtp.hubapi.com>","","","","","","","20185","AbBatch","","","","","","","","","","","","","",""
"sebastian.both.beratung@gmail.com","6890244","348332492","","299 € sparen und alle Vorteile für mehr Monate genießen!","""Denise von ProvenExpert"" <denise@provenexpert.com>","[support@provenexpert.com]","[]","[]","2025-02-22 08:36:59","98dce8d3-d174-477c-b485-a59109fa1144","DELIVERED","1d341349-ec2b-39ca-84fd-fc66923ae116","2025-02-22 08:37:00","<1740209819256.98dce8d3-d174-477c-b485-a59109fa1144@smtp.hubapi.com>","","","","","","","20185","AbBatch","","","","","","","","","","","","","",""
"sebastian.both.beratung@gmail.com","6890244","348332492","","299 € sparen und alle Vorteile für mehr Monate genießen!","""Denise von ProvenExpert"" <denise@provenexpert.com>","[support@provenexpert.com]","[]","[]","2025-02-22 08:36:59","98dce8d3-d174-477c-b485-a59109fa1144","SENT","98dce8d3-d174-477c-b485-a59109fa1144","2025-02-22 08:36:59","<1740209819256.98dce8d3-d174-477c-b485-a59109fa1144@smtp.hubapi.com>","","","","","","","20185","AbBatch","","","","","","","","","","","","","",""
"info@pro-found.de","6890244","348332492","","299 € sparen und alle Vorteile für mehr Monate genießen!","""Denise von ProvenExpert"" <denise@provenexpert.com>","[support@provenexpert.com]","[]","[]","2025-02-22 08:37:02","a9f108cd-3449-4c7f-8867-8dcdaa34bba4","SENT","a9f108cd-3449-4c7f-8867-8dcdaa34bba4","2025-02-22 08:37:02","<1740209822907.a9f108cd-3449-4c7f-8867-8dcdaa34bba4@smtp.hubapi.com>","","","","","","","20185","AbBatch","","","","","","","","","","","","","",""
"info@pro-found.de","6890244","348332492","","299 € sparen und alle Vorteile für mehr Monate genießen!","""Denise von ProvenExpert"" <denise@provenexpert.com>","[support@provenexpert.com]","[]","[]","2025-02-22 08:37:02","a9f108cd-3449-4c7f-8867-8dcdaa34bba4","DELIVERED","1e011963-b5c4-3e95-af29-748b4291a24b","2025-02-22 08:37:04","<1740209822907.a9f108cd-3449-4c7f-8867-8dcdaa34bba4@smtp.hubapi.com>","","","","","","","20185","AbBatch","","","","","","","","","","","","","",""
"info@praxis-riesenfeld.de","6890244","348332491","","Wir schenken Ihnen drei Monate ProvenExpert ","""Denise von ProvenExpert"" <denise@provenexpert.com>","[support@provenexpert.com]","[]","[]","2025-02-22 08:35:41","7acd04d3-74aa-46c4-8733-3c8a84c81e00","DELIVERED","1d23b6a9-64a0-3e2b-b84f-769263910c1a","2025-02-22 08:35:44","<1740209741990.7acd04d3-74aa-46c4-8733-3c8a84c81e00@smtp.hubapi.com>","","","","","","","20185","AbBatch","","","","","","","","","","","","","",""
"info@praxis-riesenfeld.de","6890244","348332491","","Wir schenken Ihnen drei Monate ProvenExpert ","""Denise von ProvenExpert"" <denise@provenexpert.com>","[support@provenexpert.com]","[]","[]","2025-02-22 08:35:41","7acd04d3-74aa-46c4-8733-3c8a84c81e00","SENT","7acd04d3-74aa-46c4-8733-3c8a84c81e00","2025-02-22 08:35:41","<1740209741990.7acd04d3-74aa-46c4-8733-3c8a84c81e00@smtp.hubapi.com>","","","","","","","20185","AbBatch","","","","","","","","","","","","","",""
"abaz.online.marketing@gmail.com","6890244","348332491","","Wir schenken Ihnen drei Monate ProvenExpert ","""Denise von ProvenExpert"" <denise@provenexpert.com>","[support@provenexpert.com]","[]","[]","2025-02-22 08:36:58","53ec43b1-2889-4ccb-ba65-19653fba76fa","DELIVERED","ed38903b-b446-36fc-95cd-602601c2beb0","2025-02-22 08:36:59","<1740209818625.53ec43b1-2889-4ccb-ba65-19653fba76fa@smtp.hubapi.com>","","","","","","","20185","AbBatch","","","","","","","","","","","","","",""
"abaz.online.marketing@gmail.com","6890244","348332491","","Wir schenken Ihnen drei Monate ProvenExpert ","""Denise von ProvenExpert"" <denise@provenexpert.com>","[support@provenexpert.com]","[]","[]","2025-02-22 08:36:58","53ec43b1-2889-4ccb-ba65-19653fba76fa","SENT","53ec43b1-2889-4ccb-ba65-19653fba76fa","2025-02-22 08:36:58","<1740209818625.53ec43b1-2889-4ccb-ba65-19653fba76fa@smtp.hubapi.com>","","","","","","","20185","AbBatch","","","","","","","","","","","","","",""
"hello@adsway.de","6890244","348332492","","299 € sparen und alle Vorteile für mehr Monate genießen!","""Denise von ProvenExpert"" <denise@provenexpert.com>","[support@provenexpert.com]","[]","[]","2025-02-22 08:37:00","1298c518-220b-46ab-b9e4-33d56c41608a","SENT","1298c518-220b-46ab-b9e4-33d56c41608a","2025-02-22 08:37:00","<1740209820918.1298c518-220b-46ab-b9e4-33d56c41608a@smtp.hubapi.com>","","","","","","","20185","AbBatch","","","","","","","","","","","","","",""
"hello@adsway.de","6890244","348332492","","299 € sparen und alle Vorteile für mehr Monate genießen!","""Denise von ProvenExpert"" <denise@provenexpert.com>","[support@provenexpert.com]","[]","[]","2025-02-22 08:37:00","1298c518-220b-46ab-b9e4-33d56c41608a","DELIVERED","677fea5d-d085-309d-b36a-4d1f76626f15","2025-02-22 08:37:04","<1740209820918.1298c518-220b-46ab-b9e4-33d56c41608a@smtp.hubapi.com>","","","","","","","20185","AbBatch","","","","","","","","","","","","","",""
"info@vet-dogs.de","6890244","348332492","","299 € sparen und alle Vorteile für mehr Monate genießen!","""Denise von ProvenExpert"" <denise@provenexpert.com>","[support@provenexpert.com]","[]","[]","2025-02-22 08:37:00","5b68defc-e475-43c3-9e9f-e355641aaee0","DELIVERED","66f01db2-0568-372e-a01e-d255f9a94c1d","2025-02-22 08:37:03","<1740209820699.5b68defc-e475-43c3-9e9f-e355641aaee0@smtp.hubapi.com>","","","","","","","20185","AbBatch","","","","","","","","","","","","","",""
"info@vet-dogs.de","6890244","348332492","","299 € sparen und alle Vorteile für mehr Monate genießen!","""Denise von ProvenExpert"" <denise@provenexpert.com>","[support@provenexpert.com]","[]","[]","2025-02-22 08:37:00","5b68defc-e475-43c3-9e9f-e355641aaee0","SENT","5b68defc-e475-43c3-9e9f-e355641aaee0","2025-02-22 08:37:00","<1740209820699.5b68defc-e475-43c3-9e9f-e355641aaee0@smtp.hubapi.com>","","","","","","","20185","AbBatch","","","","","","","","","","","","","",""
"post@tina-husemann.de","6890244","348332492","","299 € sparen und alle Vorteile für mehr Monate genießen!","""Denise von ProvenExpert"" <denise@provenexpert.com>","[support@provenexpert.com]","[]","[]","2025-02-22 08:36:58","171b90f4-6fb8-49ed-877c-0cdbc8518e74","SENT","171b90f4-6fb8-49ed-877c-0cdbc8518e74","2025-02-22 08:36:58","<1740209818137.171b90f4-6fb8-49ed-877c-0cdbc8518e74@smtp.hubapi.com>","","","","","","","20185","AbBatch","","","","","","","","","","","","","",""
"post@tina-husemann.de","6890244","348332492","","299 € sparen und alle Vorteile für mehr Monate genießen!","""Denise von ProvenExpert"" <denise@provenexpert.com>","[support@provenexpert.com]","[]","[]","2025-02-22 08:36:58","171b90f4-6fb8-49ed-877c-0cdbc8518e74","DELIVERED","06c165f3-1982-3a76-b881-bb0cff13a0bc","2025-02-22 08:37:00","<1740209818137.171b90f4-6fb8-49ed-877c-0cdbc8518e74@smtp.hubapi.com>","","","","","","","20185","AbBatch","","","","","","","","","","","","","",""
"info@nicola-anders.de","6890244","348332492","","299 € sparen und alle Vorteile für mehr Monate genießen!","""Denise von ProvenExpert"" <denise@provenexpert.com>","[support@provenexpert.com]","[]","[]","2025-02-22 08:37:00","32749efc-402f-4a45-8f3c-343fccde1b6e","OPEN","4a45ff43-078d-3a7d-b5f0-8f0cc0edf472","2025-02-22 09:25:01","<1740209820456.32749efc-402f-4a45-8f3c-343fccde1b6e@smtp.hubapi.com>","","","","","","","20185","AbBatch","Mozilla/5.0 (iPhone; CPU iPhone OS 18_1_1 like Mac OS X) AppleWebKit/605.1.15 (KHTML, like Gecko) Mobile/15E148","leipzig","sachsen","GERMANY","","","","1298","","","","","",""
"info@nicola-anders.de","6890244","348332492","","299 € sparen und alle Vorteile für mehr Monate genießen!","""Denise von ProvenExpert"" <denise@provenexpert.com>","[support@provenexpert.com]","[]","[]","2025-02-22 08:37:00","32749efc-402f-4a45-8f3c-343fccde1b6e","DELIVERED","ac9d5f17-732e-3c99-ba80-efd45097d580","2025-02-22 08:37:01","<1740209820456.32749efc-402f-4a45-8f3c-343fccde1b6e@smtp.hubapi.com>","","","","","","","20185","AbBatch","","","","","","","","","","","","","",""
"info@nicola-anders.de","6890244","348332492","","299 € sparen und alle Vorteile für mehr Monate genießen!","""Denise von ProvenExpert"" <denise@provenexpert.com>","[support@provenexpert.com]","[]","[]","2025-02-22 08:37:00","32749efc-402f-4a45-8f3c-343fccde1b6e","SENT","32749efc-402f-4a45-8f3c-343fccde1b6e","2025-02-22 08:37:00","<1740209820456.32749efc-402f-4a45-8f3c-343fccde1b6e@smtp.hubapi.com>","","","","","","","20185","AbBatch","","","","","","","","","","","","","",""
