campaign_id,campaign_name,source_campaign_id,variant,phase,recipient_id,recipient_linkable,internal_domain_candidate,message_id,event_id,event_type,sent_at_local,event_at_local,subject_template,event_superseded,superseded_by_event_id,caused_by_event_id,link_id,not_sent_reason,bot_filtering_reported
C01,DACH_DE_BASIC_checkoutfeb25_2A,348332491,A,test,person_814b6f782bd4a429842b1332,1,0,message_e9bd56640c7a67be0d897012,event_75bdd4dd941f653a5a740769,SENT,2025-02-22 08:37:01,2025-02-22 08:37:01,Wir schenken Ihnen drei Monate ProvenExpert,0,,,,,on
C01,DACH_DE_BASIC_checkoutfeb25_2A,348332491,A,test,person_814b6f782bd4a429842b1332,1,0,message_e9bd56640c7a67be0d897012,event_31eeff58cc4568d7844debb5,DELIVERED,2025-02-22 08:37:01,2025-02-22 08:37:04,Wir schenken Ihnen drei Monate ProvenExpert,0,,,,,on
C01,DACH_DE_BASIC_checkoutfeb25_2A,348332492,B,test,person_be233cf49c9fe1bf95c991e1,1,0,message_ca1c49858349b29716bb5bed,event_dec99f3d03b659511744f15f,SENT,2025-02-22 08:37:01,2025-02-22 08:37:01,299 € sparen und alle Vorteile für mehr Monate genießen!,0,,,,,on
C01,DACH_DE_BASIC_checkoutfeb25_2A,348332492,B,test,person_be233cf49c9fe1bf95c991e1,1,0,message_ca1c49858349b29716bb5bed,event_73861ead5300dbd95ca3e32b,DELIVERED,2025-02-22 08:37:01,2025-02-22 08:37:05,299 € sparen und alle Vorteile für mehr Monate genießen!,0,,,,,on
C01,DACH_DE_BASIC_checkoutfeb25_2A,348332492,B,test,person_30ab253a1712401e28cb76f9,1,0,message_fcd3d26dc188f75259b0a2bc,event_6c5c2d91d7b299ce875d0fb1,SENT,2025-02-22 08:37:01,2025-02-22 08:37:01,299 € sparen und alle Vorteile für mehr Monate genießen!,0,,,,,on
C01,DACH_DE_BASIC_checkoutfeb25_2A,348332492,B,test,person_30ab253a1712401e28cb76f9,1,0,message_fcd3d26dc188f75259b0a2bc,event_2620fc21aeb8b90715ee057b,DELIVERED,2025-02-22 08:37:01,2025-02-22 08:37:03,299 € sparen und alle Vorteile für mehr Monate genießen!,0,,,,,on
C01,DACH_DE_BASIC_checkoutfeb25_2A,348332492,B,test,person_c75dcda78e5fabaa54fd2293,1,0,message_e775f3378cf7278e85807957,event_5d0bc7ab2667a8cdfc5ecd69,OPEN,2025-02-22 08:36:57,2025-02-22 08:50:43,299 € sparen und alle Vorteile für mehr Monate genießen!,0,,,,,on
C01,DACH_DE_BASIC_checkoutfeb25_2A,348332492,B,test,person_c75dcda78e5fabaa54fd2293,1,0,message_e775f3378cf7278e85807957,event_8f4f43287b94b0d613b29209,SENT,2025-02-22 08:36:57,2025-02-22 08:36:57,299 € sparen und alle Vorteile für mehr Monate genießen!,0,,,,,on
C01,DACH_DE_BASIC_checkoutfeb25_2A,348332492,B,test,person_c75dcda78e5fabaa54fd2293,1,0,message_e775f3378cf7278e85807957,event_661876aef7e2f12386640736,DELIVERED,2025-02-22 08:36:57,2025-02-22 08:36:59,299 € sparen und alle Vorteile für mehr Monate genießen!,0,,,,,on
C01,DACH_DE_BASIC_checkoutfeb25_2A,348332492,B,test,person_9c5ad851161289c79684b10c,1,0,message_6ef276a88059cb5eff02749b,event_7129373149a727f69625ccac,DELIVERED,2025-02-22 08:36:58,2025-02-22 08:37:01,299 € sparen und alle Vorteile für mehr Monate genießen!,0,,,,,on
C01,DACH_DE_BASIC_checkoutfeb25_2A,348332492,B,test,person_a38e0835d2aaf8e1694a2a38,1,0,message_8af40e788a4b7807d3ccf650,event_dd3da22e8d4974a7bfa2f12b,DROPPED,2025-02-22 08:36:58,2025-02-22 08:36:58,299 € sparen und alle Vorteile für mehr Monate genießen!,0,,event_61ed0e5b36d927505cc3c187,,PREVIOUSLY_BOUNCED,on
C01,DACH_DE_BASIC_checkoutfeb25_2A,348332492,B,test,person_9c5ad851161289c79684b10c,1,0,message_6ef276a88059cb5eff02749b,event_382b6b6bbd88f71c4262ae71,SENT,2025-02-22 08:36:58,2025-02-22 08:36:58,299 € sparen und alle Vorteile für mehr Monate genießen!,0,,,,,on
C01,DACH_DE_BASIC_checkoutfeb25_2A,348332491,A,test,person_bd6ddab3317f77443f89dcc7,1,0,message_101984d81d59eae4d283ead9,event_e65d574b8a08c43f4bea8c46,DELIVERED,2025-02-22 08:36:58,2025-02-22 08:37:01,Wir schenken Ihnen drei Monate ProvenExpert,0,,,,,on
C01,DACH_DE_BASIC_checkoutfeb25_2A,348332491,A,test,person_bd6ddab3317f77443f89dcc7,1,0,message_101984d81d59eae4d283ead9,event_cb0a2afde141bc1cc117d7f1,SENT,2025-02-22 08:36:58,2025-02-22 08:36:58,Wir schenken Ihnen drei Monate ProvenExpert,0,,,,,on
C01,DACH_DE_BASIC_checkoutfeb25_2A,348332491,A,test,person_92cdb9b3ac3de638c1864752,1,0,message_fbb5f2c33cf18fb9cdc23684,event_f52c190cb3d3113704d228b6,DELIVERED,2025-02-22 08:36:59,2025-02-22 08:37:08,Wir schenken Ihnen drei Monate ProvenExpert,0,,,,,on
C01,DACH_DE_BASIC_checkoutfeb25_2A,348332491,A,test,person_92cdb9b3ac3de638c1864752,1,0,message_fbb5f2c33cf18fb9cdc23684,event_b0168e4cef69a998fe3c1bce,SENT,2025-02-22 08:36:59,2025-02-22 08:36:59,Wir schenken Ihnen drei Monate ProvenExpert,0,,,,,on
C01,DACH_DE_BASIC_checkoutfeb25_2A,348332491,A,test,person_c32af878990af92ef25316c8,1,0,message_753a7402f28baecf4e90aff1,event_ecbeb28a63ea960bbd0720d3,OPEN,2025-02-22 08:37:00,2025-02-22 09:40:17,Wir schenken Ihnen drei Monate ProvenExpert,0,,,,,on
C01,DACH_DE_BASIC_checkoutfeb25_2A,348332491,A,test,person_c32af878990af92ef25316c8,1,0,message_753a7402f28baecf4e90aff1,event_3003794716a3e1950b6aadcf,SENT,2025-02-22 08:37:00,2025-02-22 08:37:00,Wir schenken Ihnen drei Monate ProvenExpert,0,,,,,on
C01,DACH_DE_BASIC_checkoutfeb25_2A,348332491,A,test,person_c32af878990af92ef25316c8,1,0,message_753a7402f28baecf4e90aff1,event_90fc8e09e47356f2823fe952,DELIVERED,2025-02-22 08:37:00,2025-02-22 08:37:02,Wir schenken Ihnen drei Monate ProvenExpert,0,,,,,on
C01,DACH_DE_BASIC_checkoutfeb25_2A,348332492,B,test,person_2920e67cd651701211d0292d,1,0,message_a1d1f13904aa8c483a09c3d1,event_afe250dc3a4263395c4bad85,SENT,2025-02-22 08:37:01,2025-02-22 08:37:01,299 € sparen und alle Vorteile für mehr Monate genießen!,0,,,,,on
C01,DACH_DE_BASIC_checkoutfeb25_2A,348332492,B,test,person_2920e67cd651701211d0292d,1,0,message_a1d1f13904aa8c483a09c3d1,event_b6fb794a0634499227506314,DELIVERED,2025-02-22 08:37:01,2025-02-22 08:37:04,299 € sparen und alle Vorteile für mehr Monate genießen!,0,,,,,on
C01,DACH_DE_BASIC_checkoutfeb25_2A,348332492,B,test,person_2452b7fa6586a8c6ac5e2a77,1,0,message_28ff810b6e02649d2167ab4a,event_70feaa98eba946c86253a9f8,DELIVERED,2025-02-22 08:37:00,2025-02-22 08:37:02,299 € sparen und alle Vorteile für mehr Monate genießen!,0,,,,,on
C01,DACH_DE_BASIC_checkoutfeb25_2A,348332492,B,test,person_2452b7fa6586a8c6ac5e2a77,1,0,message_28ff810b6e02649d2167ab4a,event_69857aef98604a44ff8955d4,SENT,2025-02-22 08:37:00,2025-02-22 08:37:00,299 € sparen und alle Vorteile für mehr Monate genießen!,0,,,,,on
C01,DACH_DE_BASIC_checkoutfeb25_2A,348332492,B,test,person_b36b7b68ae41c1c6e58c0f95,1,0,message_51e91cc3ae9d572dbff8d1a0,event_9911c30769d9b7cf34cbc0a9,DELIVERED,2025-02-22 08:36:59,2025-02-22 08:37:00,299 € sparen und alle Vorteile für mehr Monate genießen!,0,,,,,on
C01,DACH_DE_BASIC_checkoutfeb25_2A,348332492,B,test,person_b36b7b68ae41c1c6e58c0f95,1,0,message_51e91cc3ae9d572dbff8d1a0,event_25de680941980291d9a2d33a,SENT,2025-02-22 08:36:59,2025-02-22 08:36:59,299 € sparen und alle Vorteile für mehr Monate genießen!,0,,,,,on
C01,DACH_DE_BASIC_checkoutfeb25_2A,348332492,B,test,person_a40c4a2456155172037facb0,1,0,message_9fa1c027e89c1260c9dc4750,event_196fba5a7ad9c08d5bf0098b,DELIVERED,2025-02-22 08:36:58,2025-02-22 08:36:59,299 € sparen und alle Vorteile für mehr Monate genießen!,0,,,,,on
C01,DACH_DE_BASIC_checkoutfeb25_2A,348332492,B,test,person_a40c4a2456155172037facb0,1,0,message_9fa1c027e89c1260c9dc4750,event_0cd538e29d156dc26db1d7bb,SENT,2025-02-22 08:36:58,2025-02-22 08:36:58,299 € sparen und alle Vorteile für mehr Monate genießen!,0,,,,,on
C01,DACH_DE_BASIC_checkoutfeb25_2A,348332492,B,test,person_2a24586f2b1d15614974388c,1,0,message_51f0dc47bf5539402929b46d,event_cdadd39be480a9d5e7f627f1,SENT,2025-02-22 08:37:02,2025-02-22 08:37:02,299 € sparen und alle Vorteile für mehr Monate genießen!,0,,,,,on
C01,DACH_DE_BASIC_checkoutfeb25_2A,348332492,B,test,person_2a24586f2b1d15614974388c,1,0,message_51f0dc47bf5539402929b46d,event_edd9508e948f011770f6735b,DELIVERED,2025-02-22 08:37:02,2025-02-22 08:37:03,299 € sparen und alle Vorteile für mehr Monate genießen!,0,,,,,on
C01,DACH_DE_BASIC_checkoutfeb25_2A,348332492,B,test,person_e6b34d6ccc5c583924c8c96f,1,0,message_6c0f401ffa950e92eebd815c,event_b7545c221aa59b4df5b0c1b1,DELIVERED,2025-02-22 08:37:01,2025-02-22 08:37:07,299 € sparen und alle Vorteile für mehr Monate genießen!,0,,,,,on
C01,DACH_DE_BASIC_checkoutfeb25_2A,348332492,B,test,person_e6b34d6ccc5c583924c8c96f,1,0,message_6c0f401ffa950e92eebd815c,event_ef341a8a016ca15c8a0becfb,SENT,2025-02-22 08:37:01,2025-02-22 08:37:01,299 € sparen und alle Vorteile für mehr Monate genießen!,0,,,,,on
C01,DACH_DE_BASIC_checkoutfeb25_2A,348332491,A,test,person_4b8915dba7f73562865bcc7e,1,0,message_af331b8911d40504b6218617,event_7aac233f346573a0d1fe4223,SENT,2025-02-22 08:35:41,2025-02-22 08:35:41,Wir schenken Ihnen drei Monate ProvenExpert,0,,,,,on
C01,DACH_DE_BASIC_checkoutfeb25_2A,348332491,A,test,person_4b8915dba7f73562865bcc7e,1,0,message_af331b8911d40504b6218617,event_7045c0b6d735e03e18363ff1,DELIVERED,2025-02-22 08:35:41,2025-02-22 08:35:43,Wir schenken Ihnen drei Monate ProvenExpert,0,,,,,on
C01,DACH_DE_BASIC_checkoutfeb25_2A,348332491,A,test,person_9769ded834098397d3949dbd,1,0,message_802dc0f17ece1a8282f548fa,event_3229ca244d1e627f88009d56,DELIVERED,2025-02-22 08:36:58,2025-02-22 08:36:59,Wir schenken Ihnen drei Monate ProvenExpert,0,,,,,on
C01,DACH_DE_BASIC_checkoutfeb25_2A,348332491,A,test,person_9769ded834098397d3949dbd,1,0,message_802dc0f17ece1a8282f548fa,event_b49c8f4f78efefcbc277d97f,SENT,2025-02-22 08:36:58,2025-02-22 08:36:58,Wir schenken Ihnen drei Monate ProvenExpert,0,,,,,on
C01,DACH_DE_BASIC_checkoutfeb25_2A,348332492,B,test,person_5d1b702dde4367d50dc48557,1,0,message_b70ab88a918a0abb1d58ca0b,event_6485736e66ef43756413be70,DELIVERED,2025-02-22 08:37:00,2025-02-22 08:39:03,299 € sparen und alle Vorteile für mehr Monate genießen!,0,,,,,on
C01,DACH_DE_BASIC_checkoutfeb25_2A,348332492,B,test,person_5d1b702dde4367d50dc48557,1,0,message_b70ab88a918a0abb1d58ca0b,event_3ccd2ef7b6e673fd86ed4f80,SENT,2025-02-22 08:37:00,2025-02-22 08:37:00,299 € sparen und alle Vorteile für mehr Monate genießen!,0,,,,,on
C01,DACH_DE_BASIC_checkoutfeb25_2A,348332492,B,test,person_5d1b702dde4367d50dc48557,1,0,message_b70ab88a918a0abb1d58ca0b,event_cad375c88eedfd3e2d754103,DEFERRED,2025-02-22 08:37:00,2025-02-22 08:37:02,299 € sparen und alle Vorteile für mehr Monate genießen!,0,,,,,on
C01,DACH_DE_BASIC_checkoutfeb25_2A,348332492,B,test,person_bef7e155bbf0034547c3e59d,1,0,message_c0031580c0cd4a5c1148be8e,event_7e95eb1ecc53885dbac080a5,DELIVERED,2025-02-22 08:37:02,2025-02-22 08:37:04,299 € sparen und alle Vorteile für mehr Monate genießen!,0,,,,,on
C01,DACH_DE_BASIC_checkoutfeb25_2A,348332492,B,test,person_bef7e155bbf0034547c3e59d,1,0,message_c0031580c0cd4a5c1148be8e,event_358699f16493d1b6c44b3013,SENT,2025-02-22 08:37:02,2025-02-22 08:37:02,299 € sparen und alle Vorteile für mehr Monate genießen!,0,,,,,on
C01,DACH_DE_BASIC_checkoutfeb25_2A,348332492,B,test,person_bef7e155bbf0034547c3e59d,1,0,message_c0031580c0cd4a5c1148be8e,event_ae3be318914cad128af75504,OPEN,2025-02-22 08:37:02,2025-02-22 12:11:13,299 € sparen und alle Vorteile für mehr Monate genießen!,0,,,,,on
C01,DACH_DE_BASIC_checkoutfeb25_2A,348332491,A,test,person_0d8fc8e179772ff2c0d79d38,1,0,message_18d575b1ea298e2d07f620b7,event_6247c4a26af83c9816628169,DELIVERED,2025-02-22 08:35:42,2025-02-22 08:35:43,Wir schenken Ihnen drei Monate ProvenExpert,0,,,,,on
C01,DACH_DE_BASIC_checkoutfeb25_2A,348332491,A,test,person_0d8fc8e179772ff2c0d79d38,1,0,message_18d575b1ea298e2d07f620b7,event_653bb01b479b849ca1744847,SENT,2025-02-22 08:35:42,2025-02-22 08:35:42,Wir schenken Ihnen drei Monate ProvenExpert,0,,,,,on
C01,DACH_DE_BASIC_checkoutfeb25_2A,348332492,B,test,person_94b14f91ba9f1e67cc0a6abd,1,0,message_19ea3f78ec2b52a978517d8f,event_2017fd866ada4797d55c3919,DELIVERED,2025-02-22 08:37:01,2025-02-22 08:37:03,299 € sparen und alle Vorteile für mehr Monate genießen!,0,,,,,on
C01,DACH_DE_BASIC_checkoutfeb25_2A,348332492,B,test,person_94b14f91ba9f1e67cc0a6abd,1,0,message_19ea3f78ec2b52a978517d8f,event_ad76c6a769bc7de4be4158f1,SENT,2025-02-22 08:37:01,2025-02-22 08:37:01,299 € sparen und alle Vorteile für mehr Monate genießen!,0,,,,,on
C01,DACH_DE_BASIC_checkoutfeb25_2A,348332492,B,test,person_7263d468f6ff733b802d6bfd,1,0,message_e43a2707e7e84fd880a0b001,event_909c58b2f208d0a2d9383ab7,DELIVERED,2025-02-22 08:37:02,2025-02-22 08:37:03,299 € sparen und alle Vorteile für mehr Monate genießen!,0,,,,,on
C01,DACH_DE_BASIC_checkoutfeb25_2A,348332492,B,test,person_7263d468f6ff733b802d6bfd,1,0,message_e43a2707e7e84fd880a0b001,event_b097a7334ba90f3e1720322b,SENT,2025-02-22 08:37:02,2025-02-22 08:37:02,299 € sparen und alle Vorteile für mehr Monate genießen!,0,,,,,on
C01,DACH_DE_BASIC_checkoutfeb25_2A,348332492,B,test,person_7263d468f6ff733b802d6bfd,1,0,message_e43a2707e7e84fd880a0b001,event_76b8e208f67c4b677c6d7b3a,OPEN,2025-02-22 08:37:02,2025-02-22 09:05:17,299 € sparen und alle Vorteile für mehr Monate genießen!,0,,,,,on
C01,DACH_DE_BASIC_checkoutfeb25_2A,348332492,B,test,person_7263d468f6ff733b802d6bfd,1,0,message_e43a2707e7e84fd880a0b001,event_f8c1b22d76cb6ff7f6516450,OPEN,2025-02-22 08:37:02,2025-02-22 08:37:06,299 € sparen und alle Vorteile für mehr Monate genießen!,0,,,,,on
C01,DACH_DE_BASIC_checkoutfeb25_2A,348332491,A,test,person_cb10fd18b984ce8422e9739a,1,0,message_9fbb87c67aab57861c7cd7b0,event_3b9844a7bccf3b6d95a7bd22,DELIVERED,2025-02-22 08:37:00,2025-02-22 08:37:03,Wir schenken Ihnen drei Monate ProvenExpert,0,,,,,on
C01,DACH_DE_BASIC_checkoutfeb25_2A,348332492,B,test,person_e4f7b9b6ca7e0933fae8ed4a,1,0,message_4112ba42404a8ee98ed54943,event_06eb13de2103f65d1ce52f9b,DROPPED,2025-02-22 08:37:01,2025-02-22 08:37:01,299 € sparen und alle Vorteile für mehr Monate genießen!,0,,event_d8e24fa8564d8bb6364b1611,,PREVIOUSLY_BOUNCED,on
C01,DACH_DE_BASIC_checkoutfeb25_2A,348332492,B,test,person_262b7af4a5306f5e9ab54dfa,1,0,message_081640ba39c04f6c01d0ddfe,event_1d08e3f7a8bd4ce52fc99b20,DROPPED,2025-02-22 08:36:59,2025-02-22 08:36:59,299 € sparen und alle Vorteile für mehr Monate genießen!,0,,event_302dff38f9d49978d79ffa6d,,PREVIOUSLY_BOUNCED,on
C01,DACH_DE_BASIC_checkoutfeb25_2A,348332491,A,test,person_cb10fd18b984ce8422e9739a,1,0,message_9fbb87c67aab57861c7cd7b0,event_363f043d934b7ff20f22b9de,SENT,2025-02-22 08:37:00,2025-02-22 08:37:00,Wir schenken Ihnen drei Monate ProvenExpert,0,,,,,on
C01,DACH_DE_BASIC_checkoutfeb25_2A,348332492,B,test,person_0070704a4bc9a15145305143,1,0,message_93767d609ea1e83e404cec12,event_c4983923031f978e6436b7ab,OPEN,2025-02-22 08:37:00,2025-03-01 00:03:24,299 € sparen und alle Vorteile für mehr Monate genießen!,0,,,,,on
C01,DACH_DE_BASIC_checkoutfeb25_2A,348332492,B,test,person_0070704a4bc9a15145305143,1,0,message_93767d609ea1e83e404cec12,event_36eb11450e9185eabfd672dd,SENT,2025-02-22 08:37:00,2025-02-22 08:37:00,299 € sparen und alle Vorteile für mehr Monate genießen!,0,,,,,on
C01,DACH_DE_BASIC_checkoutfeb25_2A,348332492,B,test,person_0070704a4bc9a15145305143,1,0,message_93767d609ea1e83e404cec12,event_6634b3335f78ebdfc4f19428,DELIVERED,2025-02-22 08:37:00,2025-02-22 08:37:01,299 € sparen und alle Vorteile für mehr Monate genießen!,0,,,,,on
C01,DACH_DE_BASIC_checkoutfeb25_2A,348332492,B,test,person_a17577d108c7c61c7f1d97c9,1,0,message_592c77d224406de3994b5ce1,event_f3119be8b1ed541488265b7a,DELIVERED,2025-02-22 08:36:59,2025-02-22 08:37:02,299 € sparen und alle Vorteile für mehr Monate genießen!,0,,,,,on
C01,DACH_DE_BASIC_checkoutfeb25_2A,348332492,B,test,person_a17577d108c7c61c7f1d97c9,1,0,message_592c77d224406de3994b5ce1,event_2fa5edbf9c88698c207044cc,SENT,2025-02-22 08:36:59,2025-02-22 08:36:59,299 € sparen und alle Vorteile für mehr Monate genießen!,0,,,,,on
C01,DACH_DE_BASIC_checkoutfeb25_2A,348332491,A,test,person_fd43f3f0bf916e7ee4ec82ad,1,0,message_d872108cbec61955a37221a9,event_fbae0bed76a16776804239d2,SENT,2025-02-22 08:37:00,2025-02-22 08:37:00,Wir schenken Ihnen drei Monate ProvenExpert,0,,,,,on
C01,DACH_DE_BASIC_checkoutfeb25_2A,348332491,A,test,person_fd43f3f0bf916e7ee4ec82ad,1,0,message_d872108cbec61955a37221a9,event_d588a975d63fbc22f65cb8fb,DELIVERED,2025-02-22 08:37:00,2025-02-22 08:37:04,Wir schenken Ihnen drei Monate ProvenExpert,0,,,,,on
C01,DACH_DE_BASIC_checkoutfeb25_2A,348332492,B,test,person_30449a21d2798cc26c85a01f,1,0,message_546fe66ebb290fcce7adf27a,event_aa2f7a4a48af3ac4bda03bc0,DROPPED,2025-02-22 08:37:00,2025-02-22 08:37:00,299 € sparen und alle Vorteile für mehr Monate genießen!,0,,event_ed956f644df17818d7efe9e1,,PREVIOUSLY_BOUNCED,on
C01,DACH_DE_BASIC_checkoutfeb25_2A,348332492,B,test,person_91c7e5393a940a6aa04cc54d,1,0,message_e6a2f0ef866133c7599aeb63,event_e8cd951bce28611e5ec93e29,SENT,2025-02-22 08:37:02,2025-02-22 08:37:02,299 € sparen und alle Vorteile für mehr Monate genießen!,0,,,,,on
C01,DACH_DE_BASIC_checkoutfeb25_2A,348332492,B,test,person_91c7e5393a940a6aa04cc54d,1,0,message_e6a2f0ef866133c7599aeb63,event_fbe125b8de4b7d685802fd34,DELIVERED,2025-02-22 08:37:02,2025-02-22 08:37:06,299 € sparen und alle Vorteile für mehr Monate genießen!,0,,,,,on
C01,DACH_DE_BASIC_checkoutfeb25_2A,348332491,A,test,person_4894f92b8c987d2319cb342a,1,0,message_a79255cc8220a94d77e0a1bd,event_551914da7cca75296b42df26,OPEN,2025-02-22 08:36:59,2025-02-22 10:16:06,Wir schenken Ihnen drei Monate ProvenExpert,0,,,,,on
C01,DACH_DE_BASIC_checkoutfeb25_2A,348332491,A,test,person_4894f92b8c987d2319cb342a,1,0,message_a79255cc8220a94d77e0a1bd,event_c3ddfece43ddd27c6946da0c,SENT,2025-02-22 08:36:59,2025-02-22 08:36:59,Wir schenken Ihnen drei Monate ProvenExpert,0,,,,,on
C01,DACH_DE_BASIC_checkoutfeb25_2A,348332491,A,test,person_4894f92b8c987d2319cb342a,1,0,message_a79255cc8220a94d77e0a1bd,event_8ac1a30754b8f2c4683a49ff,DELIVERED,2025-02-22 08:36:59,2025-02-22 08:37:01,Wir schenken Ihnen drei Monate ProvenExpert,0,,,,,on
C01,DACH_DE_BASIC_checkoutfeb25_2A,348332491,A,test,person_5fa943983272bdb3e3a60220,1,0,message_a44b2cdba430daec0523ac77,event_8a84c431303d607b34f6d768,SENT,2025-02-22 08:36:58,2025-02-22 08:36:58,Wir schenken Ihnen drei Monate ProvenExpert,0,,,,,on
C01,DACH_DE_BASIC_checkoutfeb25_2A,348332491,A,test,person_5fa943983272bdb3e3a60220,1,0,message_a44b2cdba430daec0523ac77,event_633ce1eda499802b64a7e799,DELIVERED,2025-02-22 08:36:58,2025-02-22 08:37:02,Wir schenken Ihnen drei Monate ProvenExpert,0,,,,,on
C01,DACH_DE_BASIC_checkoutfeb25_2A,348332492,B,test,person_6fac00a9e540a0cad5818c95,1,0,message_25f8f901a50f679f7209c3ea,event_4685d1fae573278a38017d25,DELIVERED,2025-02-22 08:36:58,2025-02-22 08:37:00,299 € sparen und alle Vorteile für mehr Monate genießen!,0,,,,,on
C01,DACH_DE_BASIC_checkoutfeb25_2A,348332492,B,test,person_6fac00a9e540a0cad5818c95,1,0,message_25f8f901a50f679f7209c3ea,event_74e1494292b858022a9aabe8,SENT,2025-02-22 08:36:58,2025-02-22 08:36:58,299 € sparen und alle Vorteile für mehr Monate genießen!,0,,,,,on
C01,DACH_DE_BASIC_checkoutfeb25_2A,348332492,B,test,person_3752b3e6c7abc48cda19cf3c,1,0,message_dda100b441085c53434dd14d,event_de07e6dcd684ba9a54d94ef3,DROPPED,2025-02-22 08:37:00,2025-02-22 08:37:00,299 € sparen und alle Vorteile für mehr Monate genießen!,0,,event_109b58372b6f3c021c9d46b0,,PREVIOUSLY_BOUNCED,on
C01,DACH_DE_BASIC_checkoutfeb25_2A,348332492,B,test,person_fc96dc4f33fa855f446a975f,1,0,message_d9497eb5bd61a3dc4f49bc3a,event_4df90e74045f4ec9201fea0e,DROPPED,2025-02-22 08:37:01,2025-02-22 08:37:01,299 € sparen und alle Vorteile für mehr Monate genießen!,0,,event_daef871b5bf9ba2675c2318a,,PREVIOUSLY_BOUNCED,on
C01,DACH_DE_BASIC_checkoutfeb25_2A,348332492,B,test,person_ac85e17c32384b9da7ba2a65,1,0,message_f9780598c2325175ff008ca0,event_84e3bf32567e5df035f37f98,DELIVERED,2025-02-22 08:37:01,2025-02-22 08:37:02,299 € sparen und alle Vorteile für mehr Monate genießen!,0,,,,,on
C01,DACH_DE_BASIC_checkoutfeb25_2A,348332492,B,test,person_ac85e17c32384b9da7ba2a65,1,0,message_f9780598c2325175ff008ca0,event_af89ca593517992b685054b6,SENT,2025-02-22 08:37:01,2025-02-22 08:37:01,299 € sparen und alle Vorteile für mehr Monate genießen!,0,,,,,on
C01,DACH_DE_BASIC_checkoutfeb25_2A,348332491,A,test,person_937b0390e5c363639a142803,1,0,message_2728eb0d86762cff080401c0,event_7312beb94c03b10522686747,SENT,2025-02-22 08:36:59,2025-02-22 08:36:59,Wir schenken Ihnen drei Monate ProvenExpert,0,,,,,on
C01,DACH_DE_BASIC_checkoutfeb25_2A,348332491,A,test,person_937b0390e5c363639a142803,1,0,message_2728eb0d86762cff080401c0,event_01c03e1acf108851f8cad3fd,DELIVERED,2025-02-22 08:36:59,2025-02-22 08:37:01,Wir schenken Ihnen drei Monate ProvenExpert,0,,,,,on
C01,DACH_DE_BASIC_checkoutfeb25_2A,348332491,A,test,person_dc2cd23f37bd280c572dcada,1,0,message_599baa37cce4901a378fc20d,event_10e59ec8fc735f08b3d9c779,DELIVERED,2025-02-22 08:37:00,2025-02-22 08:37:02,Wir schenken Ihnen drei Monate ProvenExpert,0,,,,,on
C01,DACH_DE_BASIC_checkoutfeb25_2A,348332491,A,test,person_dc2cd23f37bd280c572dcada,1,0,message_599baa37cce4901a378fc20d,event_44e3c6ba2ada3c74ce2003d4,SENT,2025-02-22 08:37:00,2025-02-22 08:37:00,Wir schenken Ihnen drei Monate ProvenExpert,0,,,,,on
C01,DACH_DE_BASIC_checkoutfeb25_2A,348332491,A,test,person_157313db6746a682b28f2b06,1,0,message_3f51152370fa54b0004c75da,event_a37f02ccf84372e58611cace,DELIVERED,2025-02-22 08:35:42,2025-02-22 08:35:48,Wir schenken Ihnen drei Monate ProvenExpert,0,,,,,on
C01,DACH_DE_BASIC_checkoutfeb25_2A,348332491,A,test,person_157313db6746a682b28f2b06,1,0,message_3f51152370fa54b0004c75da,event_cc8feb523d0bcbcaa3f18e8b,SENT,2025-02-22 08:35:42,2025-02-22 08:35:42,Wir schenken Ihnen drei Monate ProvenExpert,0,,,,,on
C01,DACH_DE_BASIC_checkoutfeb25_2A,348332492,B,test,person_ab8b51de991a025b4932c1bd,1,0,message_c048993ba3f6cc9b5e6c33d1,event_e5b0bf7952d221dfe4283a2b,SENT,2025-02-22 08:36:58,2025-02-22 08:36:58,299 € sparen und alle Vorteile für mehr Monate genießen!,0,,,,,on
C01,DACH_DE_BASIC_checkoutfeb25_2A,348332492,B,test,person_ab8b51de991a025b4932c1bd,1,0,message_c048993ba3f6cc9b5e6c33d1,event_7820a4f0a4f38c30120c6e0f,DELIVERED,2025-02-22 08:36:58,2025-02-22 08:37:00,299 € sparen und alle Vorteile für mehr Monate genießen!,0,,,,,on
C01,DACH_DE_BASIC_checkoutfeb25_2A,348332491,A,test,person_191d81ff706be9fc6c01969c,1,0,message_93119866bc2d6de158db6bab,event_b4bcd855ae9fbffc53b43799,SENT,2025-02-22 08:37:01,2025-02-22 08:37:01,Wir schenken Ihnen drei Monate ProvenExpert,0,,,,,on
C01,DACH_DE_BASIC_checkoutfeb25_2A,348332491,A,test,person_191d81ff706be9fc6c01969c,1,0,message_93119866bc2d6de158db6bab,event_5e83f8ed6c3b31e1bdabe2bf,DELIVERED,2025-02-22 08:37:01,2025-02-22 08:37:07,Wir schenken Ihnen drei Monate ProvenExpert,0,,,,,on
C01,DACH_DE_BASIC_checkoutfeb25_2A,348332491,A,test,person_f9023fbb7bdf210d6758359b,1,0,message_ba298f58171d8639a3ca4d91,event_89d89ed8788908468666c526,SENT,2025-02-22 08:36:59,2025-02-22 08:36:59,Wir schenken Ihnen drei Monate ProvenExpert,0,,,,,on
C01,DACH_DE_BASIC_checkoutfeb25_2A,348332491,A,test,person_f9023fbb7bdf210d6758359b,1,0,message_ba298f58171d8639a3ca4d91,event_6f2e42cfef3a986fa7b2a535,OPEN,2025-02-22 08:36:59,2025-02-22 19:08:52,Wir schenken Ihnen drei Monate ProvenExpert,0,,,,,on
C01,DACH_DE_BASIC_checkoutfeb25_2A,348332491,A,test,person_f9023fbb7bdf210d6758359b,1,0,message_ba298f58171d8639a3ca4d91,event_919c8b103605dca1cb92f244,OPEN,2025-02-22 08:36:59,2025-02-22 19:08:51,Wir schenken Ihnen drei Monate ProvenExpert,0,,,,,on
C01,DACH_DE_BASIC_checkoutfeb25_2A,348332491,A,test,person_f9023fbb7bdf210d6758359b,1,0,message_ba298f58171d8639a3ca4d91,event_7fc50bd67e1558d8860b7469,DELIVERED,2025-02-22 08:36:59,2025-02-22 08:37:03,Wir schenken Ihnen drei Monate ProvenExpert,0,,,,,on
C01,DACH_DE_BASIC_checkoutfeb25_2A,348332491,A,test,person_6528fb5aad2e33f41359494d,1,0,message_8142ed032e011740b6796700,event_ad12d965d69cb8124f47dbd5,SENT,2025-02-22 08:35:42,2025-02-22 08:35:42,Wir schenken Ihnen drei Monate ProvenExpert,0,,,,,on
C01,DACH_DE_BASIC_checkoutfeb25_2A,348332491,A,test,person_6528fb5aad2e33f41359494d,1,0,message_8142ed032e011740b6796700,event_3ac5761e74007ac43d99a238,DELIVERED,2025-02-22 08:35:42,2025-02-22 08:35:45,Wir schenken Ihnen drei Monate ProvenExpert,0,,,,,on
C01,DACH_DE_BASIC_checkoutfeb25_2A,348332492,B,test,person_054f787d0c0f64f29300d140,1,0,message_9532e98e8993b3edc2ad2288,event_2cad40b6be723523096cedb7,SENT,2025-02-22 08:36:58,2025-02-22 08:36:58,299 € sparen und alle Vorteile für mehr Monate genießen!,0,,,,,on
C01,DACH_DE_BASIC_checkoutfeb25_2A,348332492,B,test,person_054f787d0c0f64f29300d140,1,0,message_9532e98e8993b3edc2ad2288,event_4924af88c016c84dbdf83646,DELIVERED,2025-02-22 08:36:58,2025-02-22 08:37:01,299 € sparen und alle Vorteile für mehr Monate genießen!,0,,,,,on
C01,DACH_DE_BASIC_checkoutfeb25_2A,348332492,B,test,person_49778a9d80d427974a204309,1,0,message_15dc2659a5225f7086aad61a,event_bcd7f29602270984e46a22ff,SENT,2025-02-22 08:36:57,2025-02-22 08:36:57,299 € sparen und alle Vorteile für mehr Monate genießen!,0,,,,,on
C01,DACH_DE_BASIC_checkoutfeb25_2A,348332492,B,test,person_49778a9d80d427974a204309,1,0,message_15dc2659a5225f7086aad61a,event_6d2e26561ed5708a3b01c4ba,DELIVERED,2025-02-22 08:36:57,2025-02-22 08:37:00,299 € sparen und alle Vorteile für mehr Monate genießen!,0,,,,,on
C01,DACH_DE_BASIC_checkoutfeb25_2A,348332492,B,test,person_d1f6268c171590025cc33502,1,0,message_052ef5d71620b028fd9f2fa8,event_2e8dd1f6a7637c30c290dc2c,DELIVERED,2025-02-22 08:36:59,2025-02-22 08:37:01,299 € sparen und alle Vorteile für mehr Monate genießen!,0,,,,,on
C01,DACH_DE_BASIC_checkoutfeb25_2A,348332492,B,test,person_d1f6268c171590025cc33502,1,0,message_052ef5d71620b028fd9f2fa8,event_0261d8029b42e7f0f796045e,SENT,2025-02-22 08:36:59,2025-02-22 08:36:59,299 € sparen und alle Vorteile für mehr Monate genießen!,0,,,,,on
C01,DACH_DE_BASIC_checkoutfeb25_2A,348332492,B,test,person_354d02d8c156b76de655a81a,1,0,message_c73ce0e8416524662e704930,event_eab109af5c7ddc6e150098d7,SENT,2025-02-22 08:36:58,2025-02-22 08:36:58,299 € sparen und alle Vorteile für mehr Monate genießen!,0,,,,,on
C01,DACH_DE_BASIC_checkoutfeb25_2A,348332492,B,test,person_354d02d8c156b76de655a81a,1,0,message_c73ce0e8416524662e704930,event_396648cd1ddb9c98207477d9,OPEN,2025-02-22 08:36:58,2025-02-22 09:59:31,299 € sparen und alle Vorteile für mehr Monate genießen!,0,,,,,on
C01,DACH_DE_BASIC_checkoutfeb25_2A,348332492,B,test,person_354d02d8c156b76de655a81a,1,0,message_c73ce0e8416524662e704930,event_1d86e1af6595e0b12d8df2ee,OPEN,2025-02-22 08:36:58,2025-02-22 09:59:31,299 € sparen und alle Vorteile für mehr Monate genießen!,0,,,,,on
C01,DACH_DE_BASIC_checkoutfeb25_2A,348332492,B,test,person_354d02d8c156b76de655a81a,1,0,message_c73ce0e8416524662e704930,event_892ef337562fc5a2423e0718,DELIVERED,2025-02-22 08:36:58,2025-02-22 08:37:00,299 € sparen und alle Vorteile für mehr Monate genießen!,0,,,,,on
C01,DACH_DE_BASIC_checkoutfeb25_2A,348332492,B,test,person_d19e55c9feebd40db1367f89,1,0,message_e01a77440b7193a2336a2d49,event_500cbd2074e0b591ace2420b,SENT,2025-02-22 08:37:00,2025-02-22 08:37:00,299 € sparen und alle Vorteile für mehr Monate genießen!,0,,,,,on
C01,DACH_DE_BASIC_checkoutfeb25_2A,348332492,B,test,person_d19e55c9feebd40db1367f89,1,0,message_e01a77440b7193a2336a2d49,event_8bb7b7b415c27971f24b405d,DELIVERED,2025-02-22 08:37:00,2025-02-22 08:37:02,299 € sparen und alle Vorteile für mehr Monate genießen!,0,,,,,on
C01,DACH_DE_BASIC_checkoutfeb25_2A,348332492,B,test,person_55803a07113f423b18797bd0,1,0,message_963563e9cf493b2f272d64be,event_a45dc91868b549dddf024bf8,STATUSCHANGE,2025-02-22 08:37:02,2025-02-23 14:16:36,299 € sparen und alle Vorteile für mehr Monate genießen!,0,,,,,on
C01,DACH_DE_BASIC_checkoutfeb25_2A,348332492,B,test,person_55803a07113f423b18797bd0,1,0,message_963563e9cf493b2f272d64be,event_a514c6d681609863d1f7eb5f,STATUSCHANGE,2025-02-22 08:37:02,2025-02-23 14:16:36,299 € sparen und alle Vorteile für mehr Monate genießen!,0,,,,,on
C01,DACH_DE_BASIC_checkoutfeb25_2A,348332492,B,test,person_55803a07113f423b18797bd0,1,0,message_963563e9cf493b2f272d64be,event_ea2a2e181fad5b904c1c8375,STATUSCHANGE,2025-02-22 08:37:02,2025-02-23 14:16:36,299 € sparen und alle Vorteile für mehr Monate genießen!,0,,,,,on
C01,DACH_DE_BASIC_checkoutfeb25_2A,348332492,B,test,person_55803a07113f423b18797bd0,1,0,message_963563e9cf493b2f272d64be,event_c69969d2a763efb8c99468f3,SENT,2025-02-22 08:37:02,2025-02-22 08:37:02,299 € sparen und alle Vorteile für mehr Monate genießen!,0,,,,,on
C01,DACH_DE_BASIC_checkoutfeb25_2A,348332492,B,test,person_55803a07113f423b18797bd0,1,0,message_963563e9cf493b2f272d64be,event_2e60c8301736b2ce802ec527,STATUSCHANGE,2025-02-22 08:37:02,2025-02-23 14:16:36,299 € sparen und alle Vorteile für mehr Monate genießen!,0,,,,,on
C01,DACH_DE_BASIC_checkoutfeb25_2A,348332492,B,test,person_55803a07113f423b18797bd0,1,0,message_963563e9cf493b2f272d64be,event_57b231d9a49f7e155c10a5f2,STATUSCHANGE,2025-02-22 08:37:02,2025-02-23 14:16:36,299 € sparen und alle Vorteile für mehr Monate genießen!,0,,,,,on
C01,DACH_DE_BASIC_checkoutfeb25_2A,348332492,B,test,person_55803a07113f423b18797bd0,1,0,message_963563e9cf493b2f272d64be,event_c8f2f82a7f53ec22661d57cf,DELIVERED,2025-02-22 08:37:02,2025-02-22 08:37:03,299 € sparen und alle Vorteile für mehr Monate genießen!,0,,,,,on
C01,DACH_DE_BASIC_checkoutfeb25_2A,348332492,B,test,person_55803a07113f423b18797bd0,1,0,message_963563e9cf493b2f272d64be,event_366b2de96b7fdbf4429d97c6,STATUSCHANGE,2025-02-22 08:37:02,2025-02-23 14:16:36,299 € sparen und alle Vorteile für mehr Monate genießen!,0,,,,,on
C01,DACH_DE_BASIC_checkoutfeb25_2A,348332492,B,test,person_c2ee7c19bc978bddcc837a87,1,0,message_c67be4fb6a309c27c613fb01,event_290e4c871e6287cc1e459635,DROPPED,2025-02-22 08:36:59,2025-02-22 08:36:59,299 € sparen und alle Vorteile für mehr Monate genießen!,0,,event_8dd93f00dc4567a819ea16ca,,PREVIOUSLY_BOUNCED,on
C01,DACH_DE_BASIC_checkoutfeb25_2A,348332492,B,test,person_79bb38234cce83ae9f2196ec,1,0,message_125837c78a8fa61e097c31b8,event_ba3f579ba408c1ea185eff8a,DROPPED,2025-02-22 08:37:01,2025-02-22 08:37:01,299 € sparen und alle Vorteile für mehr Monate genießen!,0,,event_c24c53bd29fff6a507643654,,PREVIOUSLY_BOUNCED,on
C01,DACH_DE_BASIC_checkoutfeb25_2A,348332492,B,test,person_55803a07113f423b18797bd0,1,0,message_963563e9cf493b2f272d64be,event_cf7b834673002f4a79ac2e82,STATUSCHANGE,2025-02-22 08:37:02,2025-02-23 14:16:36,299 € sparen und alle Vorteile für mehr Monate genießen!,0,,,,,on
C01,DACH_DE_BASIC_checkoutfeb25_2A,348332492,B,test,person_1066108b1623ed2ecab0ac75,1,0,message_c5fffa4cb961743e4c8c4b2f,event_2b986a4174e169d1d7ae52e3,DELIVERED,2025-02-22 08:36:58,2025-02-22 08:36:59,299 € sparen und alle Vorteile für mehr Monate genießen!,0,,,,,on
C01,DACH_DE_BASIC_checkoutfeb25_2A,348332492,B,test,person_1066108b1623ed2ecab0ac75,1,0,message_c5fffa4cb961743e4c8c4b2f,event_98967d5943029e8d707145f8,OPEN,2025-02-22 08:36:58,2025-02-23 12:34:36,299 € sparen und alle Vorteile für mehr Monate genießen!,0,,,,,on
C01,DACH_DE_BASIC_checkoutfeb25_2A,348332492,B,test,person_1066108b1623ed2ecab0ac75,1,0,message_c5fffa4cb961743e4c8c4b2f,event_88ab9940bb8a1c2773153d46,SENT,2025-02-22 08:36:58,2025-02-22 08:36:58,299 € sparen und alle Vorteile für mehr Monate genießen!,0,,,,,on
C01,DACH_DE_BASIC_checkoutfeb25_2A,348332491,A,test,person_757c38e07cbd4269b2778bff,1,0,message_212fe563a2b96bf7f3054610,event_8bb8cf8f39bd4917a33919d0,DELIVERED,2025-02-22 08:35:42,2025-02-22 08:35:45,Wir schenken Ihnen drei Monate ProvenExpert,0,,,,,on
C01,DACH_DE_BASIC_checkoutfeb25_2A,348332491,A,test,person_757c38e07cbd4269b2778bff,1,0,message_212fe563a2b96bf7f3054610,event_b38e8b270b7e93c82cf0dae1,SENT,2025-02-22 08:35:42,2025-02-22 08:35:42,Wir schenken Ihnen drei Monate ProvenExpert,0,,,,,on
C01,DACH_DE_BASIC_checkoutfeb25_2A,348332492,B,test,person_0a1162ee07f329ae28f049b9,1,0,message_5238183b5da5ed3ee35ca04f,event_72856cd1f1bfba0adcbdeda3,DELIVERED,2025-02-22 08:37:00,2025-02-22 08:37:05,299 € sparen und alle Vorteile für mehr Monate genießen!,0,,,,,on
C01,DACH_DE_BASIC_checkoutfeb25_2A,348332492,B,test,person_0a1162ee07f329ae28f049b9,1,0,message_5238183b5da5ed3ee35ca04f,event_87d60e1cd2bb2913bfa49f3c,SENT,2025-02-22 08:37:00,2025-02-22 08:37:00,299 € sparen und alle Vorteile für mehr Monate genießen!,0,,,,,on
C01,DACH_DE_BASIC_checkoutfeb25_2A,348332491,A,test,person_aabcae6e6a2a236f725be28d,1,0,message_a2a807ecf9ecba0e6e5ec3a8,event_282ecd4d0417742b047d1312,DROPPED,2025-02-22 08:36:59,2025-02-22 08:36:59,Wir schenken Ihnen drei Monate ProvenExpert,0,,event_a7c234a7a32e98749cadce77,,PREVIOUSLY_BOUNCED,on
C01,DACH_DE_BASIC_checkoutfeb25_2A,348332491,A,test,person_711a03f0155149961fb2a27e,1,0,message_f76f0c6ade2379a85a519d16,event_ccb96ff6135d5db77d0b9045,SENT,2025-02-22 08:37:01,2025-02-22 08:37:01,Wir schenken Ihnen drei Monate ProvenExpert,0,,,,,on
C01,DACH_DE_BASIC_checkoutfeb25_2A,348332491,A,test,person_711a03f0155149961fb2a27e,1,0,message_f76f0c6ade2379a85a519d16,event_6e9dc499e7be14ee29092120,DELIVERED,2025-02-22 08:37:01,2025-02-22 08:37:02,Wir schenken Ihnen drei Monate ProvenExpert,0,,,,,on
C01,DACH_DE_BASIC_checkoutfeb25_2A,348332492,B,test,person_af91856fa07f2adcbb1ba4c6,1,0,message_589700810c0d48df7ed21640,event_cc43ff17adaa1a6f21777b44,SENT,2025-02-22 08:37:02,2025-02-22 08:37:02,299 € sparen und alle Vorteile für mehr Monate genießen!,0,,,,,on
C01,DACH_DE_BASIC_checkoutfeb25_2A,348332492,B,test,person_af91856fa07f2adcbb1ba4c6,1,0,message_589700810c0d48df7ed21640,event_7af8da2ad506dfb95de656db,DELIVERED,2025-02-22 08:37:02,2025-02-22 08:37:03,299 € sparen und alle Vorteile für mehr Monate genießen!,0,,,,,on
C01,DACH_DE_BASIC_checkoutfeb25_2A,348332491,A,test,person_4027f78a0edc8456215f1c5a,1,0,message_2876f0b1dca9075b2115bda2,event_85816c8cca037a92bb7066d5,DELIVERED,2025-02-22 08:36:58,2025-02-22 08:37:00,Wir schenken Ihnen drei Monate ProvenExpert,0,,,,,on
C01,DACH_DE_BASIC_checkoutfeb25_2A,348332491,A,test,person_4027f78a0edc8456215f1c5a,1,0,message_2876f0b1dca9075b2115bda2,event_d98230c75f19b0fd537e6378,SENT,2025-02-22 08:36:58,2025-02-22 08:36:58,Wir schenken Ihnen drei Monate ProvenExpert,0,,,,,on
C01,DACH_DE_BASIC_checkoutfeb25_2A,348332492,B,test,person_9a371dd64fe781b89943a937,1,0,message_c3e243b814a608d0e318656e,event_2f72feabc44fbc7544e24237,SENT,2025-02-22 08:37:02,2025-02-22 08:37:02,299 € sparen und alle Vorteile für mehr Monate genießen!,0,,,,,on
C01,DACH_DE_BASIC_checkoutfeb25_2A,348332492,B,test,person_9a371dd64fe781b89943a937,1,0,message_c3e243b814a608d0e318656e,event_681a15ef9b620a1ca38836c8,DELIVERED,2025-02-22 08:37:02,2025-02-22 08:37:04,299 € sparen und alle Vorteile für mehr Monate genießen!,0,,,,,on
C01,DACH_DE_BASIC_checkoutfeb25_2A,348332491,A,test,person_4e8a57d7dc79ad5e7120177d,1,0,message_e2a747749125c94631f3ef4e,event_ebc79f5dcfa9c71ca24c833d,DELIVERED,2025-02-22 08:37:01,2025-02-22 08:37:08,Wir schenken Ihnen drei Monate ProvenExpert,0,,,,,on
C01,DACH_DE_BASIC_checkoutfeb25_2A,348332491,A,test,person_4e8a57d7dc79ad5e7120177d,1,0,message_e2a747749125c94631f3ef4e,event_309509a6c7b9cc97411d6516,SENT,2025-02-22 08:37:01,2025-02-22 08:37:01,Wir schenken Ihnen drei Monate ProvenExpert,0,,,,,on
C01,DACH_DE_BASIC_checkoutfeb25_2A,348332492,B,test,person_dcadfa55f89c2274b1e5b98d,1,0,message_c8c89ca35105927c909667bb,event_02d1f97a5b7491521b3f43bb,SENT,2025-02-22 08:36:59,2025-02-22 08:36:59,299 € sparen und alle Vorteile für mehr Monate genießen!,0,,,,,on
C01,DACH_DE_BASIC_checkoutfeb25_2A,348332492,B,test,person_dcadfa55f89c2274b1e5b98d,1,0,message_c8c89ca35105927c909667bb,event_7dc77e1c3c257216ad05a979,DELIVERED,2025-02-22 08:36:59,2025-02-22 08:37:01,299 € sparen und alle Vorteile für mehr Monate genießen!,0,,,,,on
C01,DACH_DE_BASIC_checkoutfeb25_2A,348332491,A,test,person_3abf9caf8af47fe3a49e1361,1,0,message_6b5a0e97fa2db9cf3cc74612,event_acf6dcf52475fb97706167f2,DELIVERED,2025-02-22 08:37:00,2025-02-22 08:37:01,Wir schenken Ihnen drei Monate ProvenExpert,0,,,,,on
C01,DACH_DE_BASIC_checkoutfeb25_2A,348332491,A,test,person_3abf9caf8af47fe3a49e1361,1,0,message_6b5a0e97fa2db9cf3cc74612,event_7dd7ef6495cfc0e8d4573e17,SENT,2025-02-22 08:37:00,2025-02-22 08:37:00,Wir schenken Ihnen drei Monate ProvenExpert,0,,,,,on
C01,DACH_DE_BASIC_checkoutfeb25_2A,348332491,A,test,person_fc23a8985f78efab9133a126,1,0,message_ec424998abb68692120cbe2d,event_ac562f4c08dc5b246fb6ca3b,SENT,2025-02-22 08:36:57,2025-02-22 08:36:57,Wir schenken Ihnen drei Monate ProvenExpert,0,,,,,on
C01,DACH_DE_BASIC_checkoutfeb25_2A,348332491,A,test,person_fc23a8985f78efab9133a126,1,0,message_ec424998abb68692120cbe2d,event_6e41fe842cb7876dbd660a53,DELIVERED,2025-02-22 08:36:57,2025-02-22 08:36:59,Wir schenken Ihnen drei Monate ProvenExpert,0,,,,,on
C01,DACH_DE_BASIC_checkoutfeb25_2A,348332492,B,test,person_7df58d06d15372f5a6f58d98,1,0,message_4d3b3c1103b48c9af7a03e36,event_de4f2f414ff03ac19aa9ddd2,DELIVERED,2025-02-22 08:37:01,2025-02-22 08:37:02,299 € sparen und alle Vorteile für mehr Monate genießen!,0,,,,,on
C01,DACH_DE_BASIC_checkoutfeb25_2A,348332492,B,test,person_7df58d06d15372f5a6f58d98,1,0,message_4d3b3c1103b48c9af7a03e36,event_106d7eb5ad78e1fe81a446ad,SENT,2025-02-22 08:37:01,2025-02-22 08:37:01,299 € sparen und alle Vorteile für mehr Monate genießen!,0,,,,,on
C01,DACH_DE_BASIC_checkoutfeb25_2A,348332491,A,test,person_60bef49b48ea2a18abb9dc6f,1,0,message_41b79bff3c5f5dfde52c569c,event_fad3c10e36527889cb0ce92d,DELIVERED,2025-02-22 08:37:01,2025-02-22 08:37:02,Wir schenken Ihnen drei Monate ProvenExpert,0,,,,,on
C01,DACH_DE_BASIC_checkoutfeb25_2A,348332492,B,test,person_d72efe2952c0ec6eca781ee6,1,0,message_57388abf81a96c1928092100,event_884977dd5b0dc77bcd853de2,DROPPED,2025-02-22 08:37:02,2025-02-22 08:37:02,299 € sparen und alle Vorteile für mehr Monate genießen!,0,,event_aa4b444387372a113a38f934,,PREVIOUSLY_BOUNCED,on
C01,DACH_DE_BASIC_checkoutfeb25_2A,348332491,A,test,person_25417524c936f3d3ed3961ad,1,0,message_4aed813314b7a9ef34911473,event_4ba373fd80b98faa1634d023,DROPPED,2025-02-22 08:36:59,2025-02-22 08:36:59,Wir schenken Ihnen drei Monate ProvenExpert,0,,event_ea8a2c0e09cb8b2cc75cfb45,,PREVIOUSLY_BOUNCED,on
C01,DACH_DE_BASIC_checkoutfeb25_2A,348332491,A,test,person_60bef49b48ea2a18abb9dc6f,1,0,message_41b79bff3c5f5dfde52c569c,event_71fb781970c28526fd7eceec,SENT,2025-02-22 08:37:01,2025-02-22 08:37:01,Wir schenken Ihnen drei Monate ProvenExpert,0,,,,,on
C01,DACH_DE_BASIC_checkoutfeb25_2A,348332492,B,test,person_1826a47eda6db1f5d3470824,1,0,message_b075ffdd5f7bede8342df662,event_950302883b37650db2aa9225,DELIVERED,2025-02-22 08:37:02,2025-02-22 08:37:05,299 € sparen und alle Vorteile für mehr Monate genießen!,0,,,,,on
C01,DACH_DE_BASIC_checkoutfeb25_2A,348332492,B,test,person_1826a47eda6db1f5d3470824,1,0,message_b075ffdd5f7bede8342df662,event_23cc7b5a3c9bde734197e7cc,SENT,2025-02-22 08:37:02,2025-02-22 08:37:02,299 € sparen und alle Vorteile für mehr Monate genießen!,0,,,,,on
C01,DACH_DE_BASIC_checkoutfeb25_2A,348332492,B,test,person_c05ff616a6509d55bf2f7087,1,0,message_5d8f4406fa79c9ffdf1869b4,event_b8d32aa8958b78fcb28b567e,DELIVERED,2025-02-22 08:36:59,2025-02-22 08:37:02,299 € sparen und alle Vorteile für mehr Monate genießen!,0,,,,,on
C01,DACH_DE_BASIC_checkoutfeb25_2A,348332492,B,test,person_c05ff616a6509d55bf2f7087,1,0,message_5d8f4406fa79c9ffdf1869b4,event_3a7145d94bf82826f13cbafe,SENT,2025-02-22 08:36:59,2025-02-22 08:36:59,299 € sparen und alle Vorteile für mehr Monate genießen!,0,,,,,on
C01,DACH_DE_BASIC_checkoutfeb25_2A,348332491,A,test,person_afb14a94102297a454c9e42b,1,0,message_0e9e9b66ff44dd25094b48b0,event_6d2da13db6c7fb65f7e452ac,DELIVERED,2025-02-22 08:35:42,2025-02-22 08:35:44,Wir schenken Ihnen drei Monate ProvenExpert,0,,,,,on
C01,DACH_DE_BASIC_checkoutfeb25_2A,348332491,A,test,person_afb14a94102297a454c9e42b,1,0,message_0e9e9b66ff44dd25094b48b0,event_49285c32c600d113ef38baba,SENT,2025-02-22 08:35:42,2025-02-22 08:35:42,Wir schenken Ihnen drei Monate ProvenExpert,0,,,,,on
C01,DACH_DE_BASIC_checkoutfeb25_2A,348332492,B,test,person_3604887c4a198baf30198768,1,0,message_f541630452a16eedf748d649,event_6d16564e7c2fda72fc70f405,DELIVERED,2025-02-22 08:37:02,2025-02-22 08:37:03,299 € sparen und alle Vorteile für mehr Monate genießen!,0,,,,,on
C01,DACH_DE_BASIC_checkoutfeb25_2A,348332492,B,test,person_3604887c4a198baf30198768,1,0,message_f541630452a16eedf748d649,event_2d144a513e36ad9b7bfa7553,SENT,2025-02-22 08:37:02,2025-02-22 08:37:02,299 € sparen und alle Vorteile für mehr Monate genießen!,0,,,,,on
C01,DACH_DE_BASIC_checkoutfeb25_2A,348332492,B,test,person_de01f88d322e948ca4899c24,1,0,message_d17a2674e7a4f20f4b175547,event_2eac6acb4d5e452ad4d6bcc1,SENT,2025-02-22 08:36:59,2025-02-22 08:36:59,299 € sparen und alle Vorteile für mehr Monate genießen!,0,,,,,on
C01,DACH_DE_BASIC_checkoutfeb25_2A,348332492,B,test,person_de01f88d322e948ca4899c24,1,0,message_d17a2674e7a4f20f4b175547,event_c437ed1486a41488454ac8ce,DELIVERED,2025-02-22 08:36:59,2025-02-22 08:37:01,299 € sparen und alle Vorteile für mehr Monate genießen!,0,,,,,on
C01,DACH_DE_BASIC_checkoutfeb25_2A,348332491,A,test,person_2d3adb44f1ad13548bc284bf,1,0,message_5d53b860e1e8cc5a712687e8,event_f169b339325503de89aa1f57,SENT,2025-02-22 08:36:58,2025-02-22 08:36:58,Wir schenken Ihnen drei Monate ProvenExpert,0,,,,,on
C01,DACH_DE_BASIC_checkoutfeb25_2A,348332491,A,test,person_2d3adb44f1ad13548bc284bf,1,0,message_5d53b860e1e8cc5a712687e8,event_fd79f1265a43326778d1819b,DELIVERED,2025-02-22 08:36:58,2025-02-22 08:37:01,Wir schenken Ihnen drei Monate ProvenExpert,0,,,,,on
C01,DACH_DE_BASIC_checkoutfeb25_2A,348332491,A,test,person_3ad704a1047a7d2726823b6e,1,0,message_4508b097ee995e392365c297,event_d57baf7ecf0254c2820018d0,SENT,2025-02-22 08:35:42,2025-02-22 08:35:42,Wir schenken Ihnen drei Monate ProvenExpert,0,,,,,on
C01,DACH_DE_BASIC_checkoutfeb25_2A,348332491,A,test,person_3ad704a1047a7d2726823b6e,1,0,message_4508b097ee995e392365c297,event_cf1fb235bae5a7eb6010888f,DELIVERED,2025-02-22 08:35:42,2025-02-22 08:35:44,Wir schenken Ihnen drei Monate ProvenExpert,0,,,,,on
C01,DACH_DE_BASIC_checkoutfeb25_2A,348332491,A,test,person_1b50d62a74c460717ca56a54,1,0,message_4cffe38eb05d66dd2c817948,event_cd4e07acbd56a69856b61731,SENT,2025-02-22 08:37:01,2025-02-22 08:37:01,Wir schenken Ihnen drei Monate ProvenExpert,0,,,,,on
C01,DACH_DE_BASIC_checkoutfeb25_2A,348332491,A,test,person_1b50d62a74c460717ca56a54,1,0,message_4cffe38eb05d66dd2c817948,event_2a6bb63400fc65f4b440cda5,DELIVERED,2025-02-22 08:37:01,2025-02-22 08:37:03,Wir schenken Ihnen drei Monate ProvenExpert,0,,,,,on
C01,DACH_DE_BASIC_checkoutfeb25_2A,348332492,B,test,person_8c64babd2def2f9409bff0aa,1,0,message_d8fcd0260db543b00baffab7,event_b6d8248f0e9d52c66f9aa5e7,DELIVERED,2025-02-22 08:36:59,2025-02-22 08:37:00,299 € sparen und alle Vorteile für mehr Monate genießen!,0,,,,,on
C01,DACH_DE_BASIC_checkoutfeb25_2A,348332492,B,test,person_8c64babd2def2f9409bff0aa,1,0,message_d8fcd0260db543b00baffab7,event_2876e36ee576477b0d614338,OPEN,2025-02-22 08:36:59,2025-02-22 08:58:23,299 € sparen und alle Vorteile für mehr Monate genießen!,0,,,,,on
C01,DACH_DE_BASIC_checkoutfeb25_2A,348332492,B,test,person_8c64babd2def2f9409bff0aa,1,0,message_d8fcd0260db543b00baffab7,event_4b7067967d50dcf594bbf1c4,OPEN,2025-02-22 08:36:59,2025-02-22 08:58:33,299 € sparen und alle Vorteile für mehr Monate genießen!,0,,,,,on
C01,DACH_DE_BASIC_checkoutfeb25_2A,348332492,B,test,person_8c64babd2def2f9409bff0aa,1,0,message_d8fcd0260db543b00baffab7,event_1b22376c86ad97bcd191cdac,OPEN,2025-02-22 08:36:59,2025-02-22 08:37:04,299 € sparen und alle Vorteile für mehr Monate genießen!,0,,,,,on
C01,DACH_DE_BASIC_checkoutfeb25_2A,348332492,B,test,person_8c64babd2def2f9409bff0aa,1,0,message_d8fcd0260db543b00baffab7,event_ac5e23eac3dd67612c8e39c4,SENT,2025-02-22 08:36:59,2025-02-22 08:36:59,299 € sparen und alle Vorteile für mehr Monate genießen!,0,,,,,on
C01,DACH_DE_BASIC_checkoutfeb25_2A,348332492,B,test,person_8c64babd2def2f9409bff0aa,1,0,message_d8fcd0260db543b00baffab7,event_e66a0555aeb412dfcc2814e3,OPEN,2025-02-22 08:36:59,2025-02-22 08:37:06,299 € sparen und alle Vorteile für mehr Monate genießen!,0,,,,,on
C01,DACH_DE_BASIC_checkoutfeb25_2A,348332491,A,test,person_b4e888daf5156ec30b451cec,1,0,message_974c9b1c30cac366683c30cf,event_6e17905695ad2e84a279dbe5,SENT,2025-02-22 08:35:42,2025-02-22 08:35:42,Wir schenken Ihnen drei Monate ProvenExpert,0,,,,,on
C01,DACH_DE_BASIC_checkoutfeb25_2A,348332491,A,test,person_b4e888daf5156ec30b451cec,1,0,message_974c9b1c30cac366683c30cf,event_89af16ba2de2a49fbe23ef77,DELIVERED,2025-02-22 08:35:42,2025-02-22 08:35:44,Wir schenken Ihnen drei Monate ProvenExpert,0,,,,,on
C01,DACH_DE_BASIC_checkoutfeb25_2A,348332492,B,test,person_07bff7aaf07887c4cc246d1a,1,0,message_c5d9fe87a1523db50735a8f9,event_0ebd582b20582c88498b6abb,SENT,2025-02-22 08:36:58,2025-02-22 08:36:58,299 € sparen und alle Vorteile für mehr Monate genießen!,0,,,,,on
C01,DACH_DE_BASIC_checkoutfeb25_2A,348332492,B,test,person_07bff7aaf07887c4cc246d1a,1,0,message_c5d9fe87a1523db50735a8f9,event_9c785db6c934bffbcae0e01f,DELIVERED,2025-02-22 08:36:58,2025-02-22 08:37:01,299 € sparen und alle Vorteile für mehr Monate genießen!,0,,,,,on
C01,DACH_DE_BASIC_checkoutfeb25_2A,348332491,A,test,person_b8b1da2f09364063d8bbbfa5,1,0,message_3d0590c6de89111a95f3f772,event_147b0f1be7190b9bd11a0087,DELIVERED,2025-02-22 08:37:00,2025-02-22 08:37:03,Wir schenken Ihnen drei Monate ProvenExpert,0,,,,,on
C01,DACH_DE_BASIC_checkoutfeb25_2A,348332491,A,test,person_5c3d703adefa98cd4a9a0ef8,1,0,message_5cf34ad01c4fb462fc98bd01,event_f316e8588881c7d5af448ce4,DROPPED,2025-02-22 08:35:42,2025-02-22 08:35:42,Wir schenken Ihnen drei Monate ProvenExpert,0,,event_0f7de33acc34beba24b82a04,,PREVIOUSLY_BOUNCED,on
C01,DACH_DE_BASIC_checkoutfeb25_2A,348332491,A,test,person_b8b1da2f09364063d8bbbfa5,1,0,message_3d0590c6de89111a95f3f772,event_9dc8bee72651edb776959416,SENT,2025-02-22 08:37:00,2025-02-22 08:37:00,Wir schenken Ihnen drei Monate ProvenExpert,0,,,,,on
C01,DACH_DE_BASIC_checkoutfeb25_2A,348332492,B,test,person_54d50db05b547b0a991e3f34,1,0,message_da07824ef7fb22a5fbc1a5b4,event_01e2f71faf7251dc7e2211ab,DEFERRED,2025-02-22 08:36:59,2025-02-22 08:37:21,299 € sparen und alle Vorteile für mehr Monate genießen!,0,,,,,on
C01,DACH_DE_BASIC_checkoutfeb25_2A,348332492,B,test,person_54d50db05b547b0a991e3f34,1,0,message_da07824ef7fb22a5fbc1a5b4,event_fc64eff10db05831f01a0fab,SENT,2025-02-22 08:36:59,2025-02-22 08:36:59,299 € sparen und alle Vorteile für mehr Monate genießen!,0,,,,,on
C01,DACH_DE_BASIC_checkoutfeb25_2A,348332492,B,test,person_54d50db05b547b0a991e3f34,1,0,message_da07824ef7fb22a5fbc1a5b4,event_52537469b4cd0784bb276f49,DELIVERED,2025-02-22 08:36:59,2025-02-22 08:37:28,299 € sparen und alle Vorteile für mehr Monate genießen!,0,,,,,on
C01,DACH_DE_BASIC_checkoutfeb25_2A,348332491,A,test,person_0099696a1c8d8c7ea2b62a83,1,0,message_09a392f310642367fac6b7d9,event_c936c5df421f103691a31263,SENT,2025-02-22 08:36:58,2025-02-22 08:36:58,Wir schenken Ihnen drei Monate ProvenExpert,0,,,,,on
C01,DACH_DE_BASIC_checkoutfeb25_2A,348332491,A,test,person_0099696a1c8d8c7ea2b62a83,1,0,message_09a392f310642367fac6b7d9,event_d92845c1f95b55fede30b71a,DELIVERED,2025-02-22 08:36:58,2025-02-22 08:37:00,Wir schenken Ihnen drei Monate ProvenExpert,0,,,,,on
C01,DACH_DE_BASIC_checkoutfeb25_2A,348332492,B,test,person_88bbd3077693dfaf0738eeed,1,0,message_e42632825b3f0037396bf189,event_ca7a3d55f47ac46985cdeab1,DELIVERED,2025-02-22 08:37:02,2025-02-22 08:37:05,299 € sparen und alle Vorteile für mehr Monate genießen!,0,,,,,on
C01,DACH_DE_BASIC_checkoutfeb25_2A,348332492,B,test,person_88bbd3077693dfaf0738eeed,1,0,message_e42632825b3f0037396bf189,event_11e8ef1dc8e732ffc62c0ce7,SENT,2025-02-22 08:37:02,2025-02-22 08:37:02,299 € sparen und alle Vorteile für mehr Monate genießen!,0,,,,,on
C01,DACH_DE_BASIC_checkoutfeb25_2A,348332491,A,test,person_fc1574147aa4ee8293055333,1,0,message_b17d7b77599318a315adfe70,event_fe1d697c745b0951046ab484,SENT,2025-02-22 08:35:42,2025-02-22 08:35:42,Wir schenken Ihnen drei Monate ProvenExpert,0,,,,,on
C01,DACH_DE_BASIC_checkoutfeb25_2A,348332491,A,test,person_fc1574147aa4ee8293055333,1,0,message_b17d7b77599318a315adfe70,event_95d5261d7486567b11dc173d,DELIVERED,2025-02-22 08:35:42,2025-02-22 08:35:46,Wir schenken Ihnen drei Monate ProvenExpert,0,,,,,on
C01,DACH_DE_BASIC_checkoutfeb25_2A,348332492,B,test,person_61a9ef680f85751a02bf03c4,1,0,message_d0a6e0b695c89b15cd85b80d,event_c97d0365f0842acfa59f52a5,SENT,2025-02-22 08:37:01,2025-02-22 08:37:01,299 € sparen und alle Vorteile für mehr Monate genießen!,0,,,,,on
C01,DACH_DE_BASIC_checkoutfeb25_2A,348332492,B,test,person_61a9ef680f85751a02bf03c4,1,0,message_d0a6e0b695c89b15cd85b80d,event_0135596dddd77dbaf7970e60,DELIVERED,2025-02-22 08:37:01,2025-02-22 08:37:02,299 € sparen und alle Vorteile für mehr Monate genießen!,0,,,,,on
C01,DACH_DE_BASIC_checkoutfeb25_2A,348332492,B,test,person_b237b10e01d8f8b264f9b974,1,0,message_9ffe68757bf7bfce07b3bda8,event_49d53db954540c203ffaa06e,DELIVERED,2025-02-22 08:36:58,2025-02-22 08:37:00,299 € sparen und alle Vorteile für mehr Monate genießen!,0,,,,,on
C01,DACH_DE_BASIC_checkoutfeb25_2A,348332492,B,test,person_b237b10e01d8f8b264f9b974,1,0,message_9ffe68757bf7bfce07b3bda8,event_1916aa525959a1f625bcab6e,SENT,2025-02-22 08:36:58,2025-02-22 08:36:58,299 € sparen und alle Vorteile für mehr Monate genießen!,0,,,,,on
C01,DACH_DE_BASIC_checkoutfeb25_2A,348332491,A,test,person_166272995e6ca931f0cdb595,1,0,message_f068c30ebf825a44c82fcdf8,event_20c60ca81a0282793978352c,DELIVERED,2025-02-22 08:36:57,2025-02-22 08:37:00,Wir schenken Ihnen drei Monate ProvenExpert,0,,,,,on
C01,DACH_DE_BASIC_checkoutfeb25_2A,348332491,A,test,person_166272995e6ca931f0cdb595,1,0,message_f068c30ebf825a44c82fcdf8,event_445b2a8996e7999f6dbc4bf0,SENT,2025-02-22 08:36:57,2025-02-22 08:36:57,Wir schenken Ihnen drei Monate ProvenExpert,0,,,,,on
C01,DACH_DE_BASIC_checkoutfeb25_2A,348332491,A,test,person_166272995e6ca931f0cdb595,1,0,message_f068c30ebf825a44c82fcdf8,event_4fc26a1096e7078c52ff0cdb,OPEN,2025-02-22 08:36:57,2025-02-24 10:33:23,Wir schenken Ihnen drei Monate ProvenExpert,0,,,,,on
C01,DACH_DE_BASIC_checkoutfeb25_2A,348332492,B,test,person_12489b173d7e15780bf44b0e,1,0,message_73fe1269b8b18bebaf3deca7,event_ef2f17674a98539815c573f6,DELIVERED,2025-02-22 08:36:58,2025-02-22 08:37:01,299 € sparen und alle Vorteile für mehr Monate genießen!,0,,,,,on
C01,DACH_DE_BASIC_checkoutfeb25_2A,348332492,B,test,person_12489b173d7e15780bf44b0e,1,0,message_73fe1269b8b18bebaf3deca7,event_789f4e84c4e035fdd5312253,SENT,2025-02-22 08:36:58,2025-02-22 08:36:58,299 € sparen und alle Vorteile für mehr Monate genießen!,0,,,,,on
C01,DACH_DE_BASIC_checkoutfeb25_2A,348332491,A,test,person_188b2dcbbb4a2af859ddc62c,1,0,message_1c30028c964b8d33553f6c81,event_34bf7306f816c6d17c9636ed,SENT,2025-02-22 08:37:00,2025-02-22 08:37:00,Wir schenken Ihnen drei Monate ProvenExpert,0,,,,,on
C01,DACH_DE_BASIC_checkoutfeb25_2A,348332491,A,test,person_188b2dcbbb4a2af859ddc62c,1,0,message_1c30028c964b8d33553f6c81,event_db727e21f40dfa4b7609ff8a,DELIVERED,2025-02-22 08:37:00,2025-02-22 08:37:03,Wir schenken Ihnen drei Monate ProvenExpert,0,,,,,on
C01,DACH_DE_BASIC_checkoutfeb25_2A,348332492,B,test,person_34eda07ce29da958d5693d87,1,0,message_98876144c3cf3f9c31d67126,event_7e6841152519e012fb3939ff,DELIVERED,2025-02-22 08:36:58,2025-02-22 08:37:00,299 € sparen und alle Vorteile für mehr Monate genießen!,0,,,,,on
C01,DACH_DE_BASIC_checkoutfeb25_2A,348332492,B,test,person_34eda07ce29da958d5693d87,1,0,message_98876144c3cf3f9c31d67126,event_b6d853848c2b1c455afed312,SENT,2025-02-22 08:36:58,2025-02-22 08:36:58,299 € sparen und alle Vorteile für mehr Monate genießen!,0,,,,,on
C01,DACH_DE_BASIC_checkoutfeb25_2A,348332491,A,test,person_a92a9fd3b08ae608c1f2fd33,1,0,message_469e00005a3903754a18ba63,event_e6ca5d9e0106438955f2312e,OPEN,2025-02-22 08:36:58,2025-02-24 09:15:09,Wir schenken Ihnen drei Monate ProvenExpert,0,,event_f7b5a12a2a61544d74f44ada,,,on
C01,DACH_DE_BASIC_checkoutfeb25_2A,348332491,A,test,person_a92a9fd3b08ae608c1f2fd33,1,0,message_469e00005a3903754a18ba63,event_86683ad33ce48f5cf8719c98,CLICK,2025-02-22 08:36:58,2025-02-24 09:16:28,Wir schenken Ihnen drei Monate ProvenExpert,0,,,link_8c755275fd479999f20343b2,,on
C01,DACH_DE_BASIC_checkoutfeb25_2A,348332491,A,test,person_a92a9fd3b08ae608c1f2fd33,1,0,message_469e00005a3903754a18ba63,event_4e39ecdf90e1361dc2342ac0,OPEN,2025-02-22 08:36:58,2025-02-24 09:16:28,Wir schenken Ihnen drei Monate ProvenExpert,0,,event_86683ad33ce48f5cf8719c98,,,on
C01,DACH_DE_BASIC_checkoutfeb25_2A,348332491,A,test,person_a92a9fd3b08ae608c1f2fd33,1,0,message_469e00005a3903754a18ba63,event_b7abb0d9592527aec9d7d209,DELIVERED,2025-02-22 08:36:58,2025-02-22 08:37:01,Wir schenken Ihnen drei Monate ProvenExpert,0,,,,,on
C01,DACH_DE_BASIC_checkoutfeb25_2A,348332491,A,test,person_a92a9fd3b08ae608c1f2fd33,1,0,message_469e00005a3903754a18ba63,event_b0ff973831a89b0bc44b9597,SENT,2025-02-22 08:36:58,2025-02-22 08:36:58,Wir schenken Ihnen drei Monate ProvenExpert,0,,,,,on
C01,DACH_DE_BASIC_checkoutfeb25_2A,348332491,A,test,person_a92a9fd3b08ae608c1f2fd33,1,0,message_469e00005a3903754a18ba63,event_f7b5a12a2a61544d74f44ada,CLICK,2025-02-22 08:36:58,2025-02-24 09:15:09,Wir schenken Ihnen drei Monate ProvenExpert,0,,,link_8c755275fd479999f20343b2,,on
C01,DACH_DE_BASIC_checkoutfeb25_2A,348332491,A,test,person_43593deecdac0816233b7a7d,1,0,message_59ad1dedd0842eacdbb18a53,event_ab05b461125c95667fbb7042,DROPPED,2025-02-22 08:37:00,2025-02-22 08:37:00,Wir schenken Ihnen drei Monate ProvenExpert,0,,event_07afba4684f5f2e51d4c8ad5,,PREVIOUSLY_BOUNCED,on
C01,DACH_DE_BASIC_checkoutfeb25_2A,348332491,A,test,person_e5445868ac7124a88f661613,1,0,message_ff71a8c4a044182c8c139713,event_345203a23634f0e1a43fad04,DELIVERED,2025-02-22 08:37:00,2025-02-22 08:37:02,Wir schenken Ihnen drei Monate ProvenExpert,0,,,,,on
C01,DACH_DE_BASIC_checkoutfeb25_2A,348332491,A,test,person_e5445868ac7124a88f661613,1,0,message_ff71a8c4a044182c8c139713,event_e0c460d7188552f275de39a1,SENT,2025-02-22 08:37:00,2025-02-22 08:37:00,Wir schenken Ihnen drei Monate ProvenExpert,0,,,,,on
C01,DACH_DE_BASIC_checkoutfeb25_2A,348332491,A,test,person_fe31aff534f929f5a39fbf75,1,0,message_9a34aaad9a7c3c44df68cbf6,event_14068e4618dda37aa1f7ea2a,DELIVERED,2025-02-22 08:36:58,2025-02-22 08:37:00,Wir schenken Ihnen drei Monate ProvenExpert,0,,,,,on
C01,DACH_DE_BASIC_checkoutfeb25_2A,348332491,A,test,person_fe31aff534f929f5a39fbf75,1,0,message_9a34aaad9a7c3c44df68cbf6,event_47461bfb682be6fdf37ca056,SENT,2025-02-22 08:36:58,2025-02-22 08:36:58,Wir schenken Ihnen drei Monate ProvenExpert,0,,,,,on
C01,DACH_DE_BASIC_checkoutfeb25_2A,348332492,B,test,person_47910fe9d22d5c94c5118cca,1,0,message_a87044db7a6c085f0eb5fe18,event_0b5d97f774e0824a340c8d61,DELIVERED,2025-02-22 08:37:00,2025-02-22 08:37:05,299 € sparen und alle Vorteile für mehr Monate genießen!,0,,,,,on
C01,DACH_DE_BASIC_checkoutfeb25_2A,348332492,B,test,person_47910fe9d22d5c94c5118cca,1,0,message_a87044db7a6c085f0eb5fe18,event_7385172bc94d6e263b35a186,SENT,2025-02-22 08:37:00,2025-02-22 08:37:00,299 € sparen und alle Vorteile für mehr Monate genießen!,0,,,,,on
C01,DACH_DE_BASIC_checkoutfeb25_2A,348332492,B,test,person_b1c0d8cdc2e74b3195a701ff,1,0,message_ea3c5e7f1c5c8e6ca805c27a,event_cebcfe1cc596d9a9079d75eb,SENT,2025-02-22 08:37:00,2025-02-22 08:37:00,299 € sparen und alle Vorteile für mehr Monate genießen!,0,,,,,on
C01,DACH_DE_BASIC_checkoutfeb25_2A,348332492,B,test,person_b1c0d8cdc2e74b3195a701ff,1,0,message_ea3c5e7f1c5c8e6ca805c27a,event_8b54b39edf4234c4ad215002,DELIVERED,2025-02-22 08:37:00,2025-02-22 08:37:01,299 € sparen und alle Vorteile für mehr Monate genießen!,0,,,,,on
C01,DACH_DE_BASIC_checkoutfeb25_2A,348332491,A,test,person_0723604b8ccf04196eb51851,1,0,message_96480d8df69c3f7e5a3bf334,event_4e8cf4bd2587882c8a5317b1,DELIVERED,2025-02-22 08:35:42,2025-02-22 08:35:44,Wir schenken Ihnen drei Monate ProvenExpert,0,,,,,on
C01,DACH_DE_BASIC_checkoutfeb25_2A,348332491,A,test,person_0723604b8ccf04196eb51851,1,0,message_96480d8df69c3f7e5a3bf334,event_14530660d3ab46c1766408ea,SENT,2025-02-22 08:35:42,2025-02-22 08:35:42,Wir schenken Ihnen drei Monate ProvenExpert,0,,,,,on
C01,DACH_DE_BASIC_checkoutfeb25_2A,348332491,A,test,person_6d97e2bb387ed5433ef9766f,1,0,message_3844423dd6af06895551b90b,event_b2533a76cd0cf7c12c9b0a1d,SENT,2025-02-22 08:37:00,2025-02-22 08:37:00,Wir schenken Ihnen drei Monate ProvenExpert,0,,,,,on
C01,DACH_DE_BASIC_checkoutfeb25_2A,348332491,A,test,person_6d97e2bb387ed5433ef9766f,1,0,message_3844423dd6af06895551b90b,event_26f5f4e7db1622694331b2d4,DELIVERED,2025-02-22 08:37:00,2025-02-22 08:37:02,Wir schenken Ihnen drei Monate ProvenExpert,0,,,,,on
C01,DACH_DE_BASIC_checkoutfeb25_2A,348332492,B,test,person_32f86a4b9fa5464927fafb36,1,0,message_e8789cd0835415ed892b55f0,event_15e9ba4a7627ba0b2f39ac77,DELIVERED,2025-02-22 08:36:59,2025-02-22 08:37:01,299 € sparen und alle Vorteile für mehr Monate genießen!,0,,,,,on
C01,DACH_DE_BASIC_checkoutfeb25_2A,348332492,B,test,person_32f86a4b9fa5464927fafb36,1,0,message_e8789cd0835415ed892b55f0,event_7fa569a2a85aa7c7bc576538,SENT,2025-02-22 08:36:59,2025-02-22 08:36:59,299 € sparen und alle Vorteile für mehr Monate genießen!,0,,,,,on
C01,DACH_DE_BASIC_checkoutfeb25_2A,348332491,A,test,person_ed571a9f74a4f08444082b22,1,0,message_b458c229402f1fd7b66a2ba9,event_95891bb6e5284b5ba8f36022,SENT,2025-02-22 08:35:42,2025-02-22 08:35:42,Wir schenken Ihnen drei Monate ProvenExpert,0,,,,,on
C01,DACH_DE_BASIC_checkoutfeb25_2A,348332491,A,test,person_ed571a9f74a4f08444082b22,1,0,message_b458c229402f1fd7b66a2ba9,event_08abcd2a076659ea8cb93665,DELIVERED,2025-02-22 08:35:42,2025-02-22 08:35:44,Wir schenken Ihnen drei Monate ProvenExpert,0,,,,,on
C01,DACH_DE_BASIC_checkoutfeb25_2A,348332492,B,test,person_f54187c664299f5c12d5cd2c,1,0,message_29b2c78513fab204c2131e54,event_b32a353e51a1cfc4692af8ac,SENT,2025-02-22 08:36:59,2025-02-22 08:36:59,299 € sparen und alle Vorteile für mehr Monate genießen!,0,,,,,on
C01,DACH_DE_BASIC_checkoutfeb25_2A,348332492,B,test,person_f54187c664299f5c12d5cd2c,1,0,message_29b2c78513fab204c2131e54,event_2c254dd8c7109a3aad76604f,DELIVERED,2025-02-22 08:36:59,2025-02-22 08:37:00,299 € sparen und alle Vorteile für mehr Monate genießen!,0,,,,,on
C01,DACH_DE_BASIC_checkoutfeb25_2A,348332492,B,test,person_0d9b76918ca7cd68272a7ba0,1,0,message_6b88cc13dc67589434ddb307,event_72ddcecb620374c1f019a6fd,DELIVERED,2025-02-22 08:37:01,2025-02-22 08:37:04,299 € sparen und alle Vorteile für mehr Monate genießen!,0,,,,,on
C01,DACH_DE_BASIC_checkoutfeb25_2A,348332492,B,test,person_0d9b76918ca7cd68272a7ba0,1,0,message_6b88cc13dc67589434ddb307,event_dca98c76b2c71512e2819a27,SENT,2025-02-22 08:37:01,2025-02-22 08:37:01,299 € sparen und alle Vorteile für mehr Monate genießen!,0,,,,,on
C01,DACH_DE_BASIC_checkoutfeb25_2A,348332491,A,test,person_dc55153c92de98626475f83f,1,0,message_9069e9ec63f24791289e52e7,event_e522ad9cdb8ca57fb046a4bc,SENT,2025-02-22 08:35:41,2025-02-22 08:35:41,Wir schenken Ihnen drei Monate ProvenExpert,0,,,,,on
C01,DACH_DE_BASIC_checkoutfeb25_2A,348332491,A,test,person_dc55153c92de98626475f83f,1,0,message_9069e9ec63f24791289e52e7,event_4517a415dd66bb9158b49391,DELIVERED,2025-02-22 08:35:41,2025-02-22 08:35:43,Wir schenken Ihnen drei Monate ProvenExpert,0,,,,,on
C01,DACH_DE_BASIC_checkoutfeb25_2A,348332492,B,test,person_e61082db6d20949397c41f77,1,0,message_17e944252a8d4b5638c81525,event_59547eabc79a11381a66334a,SENT,2025-02-22 08:36:58,2025-02-22 08:36:58,299 € sparen und alle Vorteile für mehr Monate genießen!,0,,,,,on
C01,DACH_DE_BASIC_checkoutfeb25_2A,348332492,B,test,person_e61082db6d20949397c41f77,1,0,message_17e944252a8d4b5638c81525,event_a5e288eae2364568070576f0,DELIVERED,2025-02-22 08:36:58,2025-02-22 08:37:01,299 € sparen und alle Vorteile für mehr Monate genießen!,0,,,,,on
C01,DACH_DE_BASIC_checkoutfeb25_2A,348332491,A,test,person_33444b56aa0f681d56531fe6,1,0,message_c383907a15bfe5e3dd994d4b,event_dfb6dee0ac77c95e59af96b8,OPEN,2025-02-22 08:36:58,2025-02-22 08:48:42,Wir schenken Ihnen drei Monate ProvenExpert,0,,,,,on
C01,DACH_DE_BASIC_checkoutfeb25_2A,348332491,A,test,person_33444b56aa0f681d56531fe6,1,0,message_c383907a15bfe5e3dd994d4b,event_ce2b97fdbaf5e9f1e88c0111,DELIVERED,2025-02-22 08:36:58,2025-02-22 08:36:59,Wir schenken Ihnen drei Monate ProvenExpert,0,,,,,on
C01,DACH_DE_BASIC_checkoutfeb25_2A,348332491,A,test,person_33444b56aa0f681d56531fe6,1,0,message_c383907a15bfe5e3dd994d4b,event_bd6efc16cc6a37597d2a63ce,SENT,2025-02-22 08:36:58,2025-02-22 08:36:58,Wir schenken Ihnen drei Monate ProvenExpert,0,,,,,on
C01,DACH_DE_BASIC_checkoutfeb25_2A,348332491,A,test,person_33444b56aa0f681d56531fe6,1,0,message_c383907a15bfe5e3dd994d4b,event_dc92430487060e360e7da82e,OPEN,2025-02-22 08:36:58,2025-02-24 06:43:42,Wir schenken Ihnen drei Monate ProvenExpert,0,,,,,on
C01,DACH_DE_BASIC_checkoutfeb25_2A,348332491,A,test,person_914cdc14844f78736a762c53,1,0,message_f29c75792d003a827928bdba,event_d11c6448f692cc3dbad8998a,DELIVERED,2025-02-22 08:36:59,2025-02-22 08:37:00,Wir schenken Ihnen drei Monate ProvenExpert,0,,,,,on
C01,DACH_DE_BASIC_checkoutfeb25_2A,348332491,A,test,person_914cdc14844f78736a762c53,1,0,message_f29c75792d003a827928bdba,event_68bf0c8446f2460e8b86032a,SENT,2025-02-22 08:36:59,2025-02-22 08:36:59,Wir schenken Ihnen drei Monate ProvenExpert,0,,,,,on
C01,DACH_DE_BASIC_checkoutfeb25_2A,348332492,B,test,person_083ca219760d2f3ac721e471,1,0,message_b2afb5977b062da0f4809764,event_ddb0187675c3a748c4fd45f0,SENT,2025-02-22 08:37:02,2025-02-22 08:37:02,299 € sparen und alle Vorteile für mehr Monate genießen!,0,,,,,on
C01,DACH_DE_BASIC_checkoutfeb25_2A,348332492,B,test,person_083ca219760d2f3ac721e471,1,0,message_b2afb5977b062da0f4809764,event_c20abfef117a4baea4e58544,OPEN,2025-02-22 08:37:02,2025-02-22 10:17:36,299 € sparen und alle Vorteile für mehr Monate genießen!,0,,,,,on
C01,DACH_DE_BASIC_checkoutfeb25_2A,348332492,B,test,person_083ca219760d2f3ac721e471,1,0,message_b2afb5977b062da0f4809764,event_2105a292e3492c1548d122e3,DELIVERED,2025-02-22 08:37:02,2025-02-22 08:37:03,299 € sparen und alle Vorteile für mehr Monate genießen!,0,,,,,on
C01,DACH_DE_BASIC_checkoutfeb25_2A,348332492,B,test,person_083ca219760d2f3ac721e471,1,0,message_b2afb5977b062da0f4809764,event_5793ae93f8ebbf1a264745d4,OPEN,2025-02-22 08:37:02,2025-02-22 08:37:14,299 € sparen und alle Vorteile für mehr Monate genießen!,0,,,,,on
C01,DACH_DE_BASIC_checkoutfeb25_2A,348332491,A,test,person_b2800b039641110c76f4be70,1,0,message_aedd54bc9b718d53fad83e52,event_922941dbb5d42e257ca27be9,SENT,2025-02-22 08:35:42,2025-02-22 08:35:42,Wir schenken Ihnen drei Monate ProvenExpert,0,,,,,on
C01,DACH_DE_BASIC_checkoutfeb25_2A,348332491,A,test,person_b2800b039641110c76f4be70,1,0,message_aedd54bc9b718d53fad83e52,event_09682f46dec1103e25141333,DELIVERED,2025-02-22 08:35:42,2025-02-22 08:35:44,Wir schenken Ihnen drei Monate ProvenExpert,0,,,,,on
C01,DACH_DE_BASIC_checkoutfeb25_2A,348332492,B,test,person_2e27dde714c1666b487c1778,1,0,message_11d6d55574ad442cd2b7a00e,event_c0a9684f73ff82d7217a57f9,DELIVERED,2025-02-22 08:37:00,2025-02-22 08:37:02,299 € sparen und alle Vorteile für mehr Monate genießen!,0,,,,,on
C01,DACH_DE_BASIC_checkoutfeb25_2A,348332492,B,test,person_2e27dde714c1666b487c1778,1,0,message_11d6d55574ad442cd2b7a00e,event_d80b387121dfeeea23d3a0c6,SENT,2025-02-22 08:37:00,2025-02-22 08:37:00,299 € sparen und alle Vorteile für mehr Monate genießen!,0,,,,,on
C01,DACH_DE_BASIC_checkoutfeb25_2A,348332491,A,test,person_009032e8f529d38306801029,1,0,message_92b5955b1b5895e05f3ce8f8,event_597ec97a6925c1bb7e4c2434,DELIVERED,2025-02-22 08:36:59,2025-02-22 08:37:02,Wir schenken Ihnen drei Monate ProvenExpert,0,,,,,on
C01,DACH_DE_BASIC_checkoutfeb25_2A,348332491,A,test,person_009032e8f529d38306801029,1,0,message_92b5955b1b5895e05f3ce8f8,event_27fe1b602be2d6d7a0e2adaa,SENT,2025-02-22 08:36:59,2025-02-22 08:36:59,Wir schenken Ihnen drei Monate ProvenExpert,0,,,,,on
C01,DACH_DE_BASIC_checkoutfeb25_2A,348332491,A,test,person_75fe63994cff8e5e4ee5376b,1,0,message_a277f6a4911e50abcbf4eb2d,event_578a25898f22b3275a380451,DELIVERED,2025-02-22 08:36:57,2025-02-22 08:36:59,Wir schenken Ihnen drei Monate ProvenExpert,0,,,,,on
C01,DACH_DE_BASIC_checkoutfeb25_2A,348332491,A,test,person_75fe63994cff8e5e4ee5376b,1,0,message_a277f6a4911e50abcbf4eb2d,event_e6364ed63ea14d842c285799,SENT,2025-02-22 08:36:57,2025-02-22 08:36:57,Wir schenken Ihnen drei Monate ProvenExpert,0,,,,,on
C01,DACH_DE_BASIC_checkoutfeb25_2A,348332491,A,test,person_cc870470218a1d1e0dd7198f,1,0,message_de6193276d913fcf1b8929b2,event_f2348892a4d7dd63c0a69468,DELIVERED,2025-02-22 08:37:01,2025-02-22 08:37:02,Wir schenken Ihnen drei Monate ProvenExpert,0,,,,,on
C01,DACH_DE_BASIC_checkoutfeb25_2A,348332491,A,test,person_cc870470218a1d1e0dd7198f,1,0,message_de6193276d913fcf1b8929b2,event_212d9333d30cf230a8151c1e,SENT,2025-02-22 08:37:01,2025-02-22 08:37:01,Wir schenken Ihnen drei Monate ProvenExpert,0,,,,,on
C01,DACH_DE_BASIC_checkoutfeb25_2A,348332491,A,test,person_dbac31ca5f3d1f08e067fe9a,1,0,message_b8f8aaec4d3e49c4e2548eda,event_f3df2f3ffff525eb6fdcf16d,SENT,2025-02-22 08:37:00,2025-02-22 08:37:00,Wir schenken Ihnen drei Monate ProvenExpert,0,,,,,on
C01,DACH_DE_BASIC_checkoutfeb25_2A,348332491,A,test,person_dbac31ca5f3d1f08e067fe9a,1,0,message_b8f8aaec4d3e49c4e2548eda,event_9114f4249860beb277033d8e,DELIVERED,2025-02-22 08:37:00,2025-02-22 08:37:01,Wir schenken Ihnen drei Monate ProvenExpert,0,,,,,on
C01,DACH_DE_BASIC_checkoutfeb25_2A,348332492,B,test,person_55e75d5bf8445c9a12ea9cac,1,0,message_033078663d1ab8e38d929acf,event_cac7bb136d91a8521e8b1ec0,SENT,2025-02-22 08:36:59,2025-02-22 08:36:59,299 € sparen und alle Vorteile für mehr Monate genießen!,0,,,,,on
C01,DACH_DE_BASIC_checkoutfeb25_2A,348332492,B,test,person_55e75d5bf8445c9a12ea9cac,1,0,message_033078663d1ab8e38d929acf,event_f93326c5689fedd7e831d385,DELIVERED,2025-02-22 08:36:59,2025-02-22 08:37:01,299 € sparen und alle Vorteile für mehr Monate genießen!,0,,,,,on
C01,DACH_DE_BASIC_checkoutfeb25_2A,348332492,B,test,person_7c1b1c3b0b49bd06e4426a16,1,0,message_1b07d713e5e5e7283fd7a53b,event_45eb6870869e9a0eedb5ba64,DELIVERED,2025-02-22 08:37:00,2025-02-22 08:37:02,299 € sparen und alle Vorteile für mehr Monate genießen!,0,,,,,on
C01,DACH_DE_BASIC_checkoutfeb25_2A,348332492,B,test,person_14a173fb635cd7df1c83645e,1,0,message_a082279b0a49a8b6c16f2098,event_6cac9420d15c4f7dadd9e19b,DROPPED,2025-02-22 08:36:58,2025-02-22 08:36:58,299 € sparen und alle Vorteile für mehr Monate genießen!,0,,event_89b772eb23197a1a8cd1c91d,,PREVIOUSLY_BOUNCED,on
C01,DACH_DE_BASIC_checkoutfeb25_2A,348332492,B,test,person_7c1b1c3b0b49bd06e4426a16,1,0,message_1b07d713e5e5e7283fd7a53b,event_ee0b2d61548bdddd7b4a10df,SENT,2025-02-22 08:37:00,2025-02-22 08:37:00,299 € sparen und alle Vorteile für mehr Monate genießen!,0,,,,,on
C01,DACH_DE_BASIC_checkoutfeb25_2A,348332491,A,test,person_0c5aad15966b9cab294ff23f,1,0,message_e6e1e0d3fc03a616f3ef2ad8,event_73eeb9450d0d55750b2d9dc9,DELIVERED,2025-02-22 08:36:57,2025-02-22 08:37:04,Wir schenken Ihnen drei Monate ProvenExpert,0,,,,,on
C01,DACH_DE_BASIC_checkoutfeb25_2A,348332491,A,test,person_0c5aad15966b9cab294ff23f,1,0,message_e6e1e0d3fc03a616f3ef2ad8,event_10d8373e9528d9fe05728631,SENT,2025-02-22 08:36:57,2025-02-22 08:36:57,Wir schenken Ihnen drei Monate ProvenExpert,0,,,,,on
C01,DACH_DE_BASIC_checkoutfeb25_2A,348332492,B,test,person_8fb6166695707f18e2e742bc,1,0,message_f50918fb1000f9eacf97eae6,event_ab49c7bae9118a961d9d0a4f,DELIVERED,2025-02-22 08:37:02,2025-02-22 08:37:05,299 € sparen und alle Vorteile für mehr Monate genießen!,0,,,,,on
C01,DACH_DE_BASIC_checkoutfeb25_2A,348332492,B,test,person_8fb6166695707f18e2e742bc,1,0,message_f50918fb1000f9eacf97eae6,event_f4fa4bf01224433af2f02283,SENT,2025-02-22 08:37:02,2025-02-22 08:37:02,299 € sparen und alle Vorteile für mehr Monate genießen!,0,,,,,on
C01,DACH_DE_BASIC_checkoutfeb25_2A,348332491,A,test,person_4bace46868bfa15a57f0a56e,1,0,message_087168a00b7dffdce183edd1,event_5ba1113602a0bcd97622e80e,SENT,2025-02-22 08:35:42,2025-02-22 08:35:42,Wir schenken Ihnen drei Monate ProvenExpert,0,,,,,on
C01,DACH_DE_BASIC_checkoutfeb25_2A,348332491,A,test,person_4bace46868bfa15a57f0a56e,1,0,message_087168a00b7dffdce183edd1,event_ca9b03fcc50dc50bf070007e,DELIVERED,2025-02-22 08:35:42,2025-02-22 08:35:45,Wir schenken Ihnen drei Monate ProvenExpert,0,,,,,on
C01,DACH_DE_BASIC_checkoutfeb25_2A,348332491,A,test,person_a7ba12e6edc160355f465899,1,0,message_e05e15db87cbb3980558f4f1,event_5955d2d8012456733a4423d5,SENT,2025-02-22 08:36:57,2025-02-22 08:36:57,Wir schenken Ihnen drei Monate ProvenExpert,0,,,,,on
C01,DACH_DE_BASIC_checkoutfeb25_2A,348332491,A,test,person_a7ba12e6edc160355f465899,1,0,message_e05e15db87cbb3980558f4f1,event_6fe489f39de469d63750ecbb,DELIVERED,2025-02-22 08:36:57,2025-02-22 08:36:59,Wir schenken Ihnen drei Monate ProvenExpert,0,,,,,on
C01,DACH_DE_BASIC_checkoutfeb25_2A,348332491,A,test,person_a4a5365679015a9dd9cf613c,1,0,message_9df6ca0fc4e256a0cde8eb3c,event_70a8eee3a34afb27051d1b7e,DELIVERED,2025-02-22 08:36:58,2025-02-22 08:37:01,Wir schenken Ihnen drei Monate ProvenExpert,0,,,,,on
C01,DACH_DE_BASIC_checkoutfeb25_2A,348332491,A,test,person_a4a5365679015a9dd9cf613c,1,0,message_9df6ca0fc4e256a0cde8eb3c,event_c08b85e39f53c9a5b800fb8e,SENT,2025-02-22 08:36:58,2025-02-22 08:36:58,Wir schenken Ihnen drei Monate ProvenExpert,0,,,,,on
C01,DACH_DE_BASIC_checkoutfeb25_2A,348332491,A,test,person_1e577f7597705873a2b3b3d7,1,0,message_6773011c9971bbe09bb53ab9,event_fd24cd65ad6c9dd0316ce41a,SENT,2025-02-22 08:36:59,2025-02-22 08:36:59,Wir schenken Ihnen drei Monate ProvenExpert,0,,,,,on
C01,DACH_DE_BASIC_checkoutfeb25_2A,348332491,A,test,person_1e577f7597705873a2b3b3d7,1,0,message_6773011c9971bbe09bb53ab9,event_f5d64a4270a2173b3fade86b,DELIVERED,2025-02-22 08:36:59,2025-02-22 08:37:01,Wir schenken Ihnen drei Monate ProvenExpert,0,,,,,on
C01,DACH_DE_BASIC_checkoutfeb25_2A,348332491,A,test,person_d4a0fa698885f8bc3df8535e,1,0,message_157a1b9fb7b1c1c2386cd28e,event_33d41a3faa09e38790625138,SENT,2025-02-22 08:35:42,2025-02-22 08:35:42,Wir schenken Ihnen drei Monate ProvenExpert,0,,,,,on
C01,DACH_DE_BASIC_checkoutfeb25_2A,348332491,A,test,person_d4a0fa698885f8bc3df8535e,1,0,message_157a1b9fb7b1c1c2386cd28e,event_c846972ce36ab48355e2a6a1,OPEN,2025-02-22 08:35:42,2025-02-22 10:23:38,Wir schenken Ihnen drei Monate ProvenExpert,0,,,,,on
C01,DACH_DE_BASIC_checkoutfeb25_2A,348332491,A,test,person_d4a0fa698885f8bc3df8535e,1,0,message_157a1b9fb7b1c1c2386cd28e,event_5d97d2b8b85467257aeb8d6a,DELIVERED,2025-02-22 08:35:42,2025-02-22 08:35:44,Wir schenken Ihnen drei Monate ProvenExpert,0,,,,,on
C01,DACH_DE_BASIC_checkoutfeb25_2A,348332491,A,test,person_d4a0fa698885f8bc3df8535e,1,0,message_157a1b9fb7b1c1c2386cd28e,event_3d656d95327ff67ecee1a8c8,OPEN,2025-02-22 08:35:42,2025-02-22 10:23:38,Wir schenken Ihnen drei Monate ProvenExpert,0,,,,,on
C01,DACH_DE_BASIC_checkoutfeb25_2A,348332492,B,test,person_5db185c85f2416e4de3f1261,1,0,message_4df9a054cacde0f361c1c17d,event_168316e6ec63eea9aefaffd6,SENT,2025-02-22 08:37:01,2025-02-22 08:37:01,299 € sparen und alle Vorteile für mehr Monate genießen!,0,,,,,on
C01,DACH_DE_BASIC_checkoutfeb25_2A,348332492,B,test,person_5db185c85f2416e4de3f1261,1,0,message_4df9a054cacde0f361c1c17d,event_4bdea90178a004f428319ede,DELIVERED,2025-02-22 08:37:01,2025-02-22 08:37:02,299 € sparen und alle Vorteile für mehr Monate genießen!,0,,,,,on
C01,DACH_DE_BASIC_checkoutfeb25_2A,348332491,A,test,person_211b853cea8aa331344dd62d,1,0,message_b763fd6f57d2f18a15f55814,event_261bd1e66ad464f2da66c7ff,OPEN,2025-02-22 08:36:58,2025-02-23 11:27:33,Wir schenken Ihnen drei Monate ProvenExpert,0,,,,,on
C01,DACH_DE_BASIC_checkoutfeb25_2A,348332491,A,test,person_211b853cea8aa331344dd62d,1,0,message_b763fd6f57d2f18a15f55814,event_0b413609a372cf612a85e375,SENT,2025-02-22 08:36:58,2025-02-22 08:36:58,Wir schenken Ihnen drei Monate ProvenExpert,0,,,,,on
C01,DACH_DE_BASIC_checkoutfeb25_2A,348332491,A,test,person_211b853cea8aa331344dd62d,1,0,message_b763fd6f57d2f18a15f55814,event_6280f42fa5c8c6f6d18bfcd5,DELIVERED,2025-02-22 08:36:58,2025-02-22 08:37:00,Wir schenken Ihnen drei Monate ProvenExpert,0,,,,,on
C01,DACH_DE_BASIC_checkoutfeb25_2A,348332492,B,test,person_654545e219cca5f2aace6978,1,0,message_9a9c1eca4a3ac6cc3bd9c0a2,event_8c70eba194ccd79694d6be50,SENT,2025-02-22 08:36:58,2025-02-22 08:36:58,299 € sparen und alle Vorteile für mehr Monate genießen!,0,,,,,on
C01,DACH_DE_BASIC_checkoutfeb25_2A,348332492,B,test,person_654545e219cca5f2aace6978,1,0,message_9a9c1eca4a3ac6cc3bd9c0a2,event_b8222afb3f3e896d0c2af0aa,DELIVERED,2025-02-22 08:36:58,2025-02-22 08:37:01,299 € sparen und alle Vorteile für mehr Monate genießen!,0,,,,,on
C01,DACH_DE_BASIC_checkoutfeb25_2A,348332491,A,test,person_e2d8475cafaf8ceac22f19c6,1,0,message_9d19ce508cf2cb3f542065a6,event_754cab260adca5cb0c892e2b,DELIVERED,2025-02-22 08:37:01,2025-02-22 08:37:05,Wir schenken Ihnen drei Monate ProvenExpert,0,,,,,on
C01,DACH_DE_BASIC_checkoutfeb25_2A,348332491,A,test,person_e2d8475cafaf8ceac22f19c6,1,0,message_9d19ce508cf2cb3f542065a6,event_fc19664eb03630d79d2e97b4,SENT,2025-02-22 08:37:01,2025-02-22 08:37:01,Wir schenken Ihnen drei Monate ProvenExpert,0,,,,,on
C01,DACH_DE_BASIC_checkoutfeb25_2A,348332491,A,test,person_17b5284b33d41739b005c19e,1,0,message_ce6fe402ee4cec78c5159cf4,event_791fefc1dab1540c7c86b990,DELIVERED,2025-02-22 08:36:59,2025-02-22 08:37:01,Wir schenken Ihnen drei Monate ProvenExpert,0,,,,,on
C01,DACH_DE_BASIC_checkoutfeb25_2A,348332491,A,test,person_17b5284b33d41739b005c19e,1,0,message_ce6fe402ee4cec78c5159cf4,event_37e9fefc666fe2583e57487d,SENT,2025-02-22 08:36:59,2025-02-22 08:36:59,Wir schenken Ihnen drei Monate ProvenExpert,0,,,,,on
C01,DACH_DE_BASIC_checkoutfeb25_2A,348332491,A,test,person_22e3e0af6479a70244a72994,1,0,message_4ec025f978ce265e827840c0,event_5dbc9f530d90def4de6a2b21,SENT,2025-02-22 08:37:00,2025-02-22 08:37:00,Wir schenken Ihnen drei Monate ProvenExpert,0,,,,,on
C01,DACH_DE_BASIC_checkoutfeb25_2A,348332491,A,test,person_22e3e0af6479a70244a72994,1,0,message_4ec025f978ce265e827840c0,event_8031717ef2660843bf66f70a,DELIVERED,2025-02-22 08:37:00,2025-02-22 08:37:04,Wir schenken Ihnen drei Monate ProvenExpert,0,,,,,on
C01,DACH_DE_BASIC_checkoutfeb25_2A,348332491,A,test,person_07c5899b15a502b1641006f8,1,0,message_0d7e8a805fed6f9839bd4077,event_82290c387ee18d8df8c62720,SENT,2025-02-22 08:37:01,2025-02-22 08:37:01,Wir schenken Ihnen drei Monate ProvenExpert,0,,,,,on
C01,DACH_DE_BASIC_checkoutfeb25_2A,348332491,A,test,person_07c5899b15a502b1641006f8,1,0,message_0d7e8a805fed6f9839bd4077,event_04712bb06ea736989fad8003,DELIVERED,2025-02-22 08:37:01,2025-02-22 08:37:03,Wir schenken Ihnen drei Monate ProvenExpert,0,,,,,on
C01,DACH_DE_BASIC_checkoutfeb25_2A,348332492,B,test,person_6e06050f88a63a0734ac5ff2,1,0,message_0e991b152429aeecf096a5aa,event_f00dabe217096c9c77330b58,SENT,2025-02-22 08:36:58,2025-02-22 08:36:58,299 € sparen und alle Vorteile für mehr Monate genießen!,0,,,,,on
C01,DACH_DE_BASIC_checkoutfeb25_2A,348332492,B,test,person_6e06050f88a63a0734ac5ff2,1,0,message_0e991b152429aeecf096a5aa,event_120fc5968373e3c54937241f,DELIVERED,2025-02-22 08:36:58,2025-02-22 08:37:00,299 € sparen und alle Vorteile für mehr Monate genießen!,0,,,,,on
C01,DACH_DE_BASIC_checkoutfeb25_2A,348332491,A,test,person_bd349a34cf13ab49ac7a206b,1,0,message_34ce2e5d8db3377ef2e4f7e4,event_3f3d089b6bccbe39f869c525,DEFERRED,2025-02-22 08:36:59,2025-02-22 08:37:03,Wir schenken Ihnen drei Monate ProvenExpert,0,,,,,on
C01,DACH_DE_BASIC_checkoutfeb25_2A,348332491,A,test,person_bd349a34cf13ab49ac7a206b,1,0,message_34ce2e5d8db3377ef2e4f7e4,event_708018c91e37a356024e1ff0,SENT,2025-02-22 08:36:59,2025-02-22 08:36:59,Wir schenken Ihnen drei Monate ProvenExpert,0,,,,,on
C01,DACH_DE_BASIC_checkoutfeb25_2A,348332491,A,test,person_bd349a34cf13ab49ac7a206b,1,0,message_34ce2e5d8db3377ef2e4f7e4,event_8b93f85abffe5053fa0d564e,DEFERRED,2025-02-22 08:36:59,2025-02-22 08:39:47,Wir schenken Ihnen drei Monate ProvenExpert,0,,,,,on
C01,DACH_DE_BASIC_checkoutfeb25_2A,348332491,A,test,person_bd349a34cf13ab49ac7a206b,1,0,message_34ce2e5d8db3377ef2e4f7e4,event_fcebaf0d6fa7bd77bc1b0458,DELIVERED,2025-02-22 08:36:59,2025-02-22 09:00:16,Wir schenken Ihnen drei Monate ProvenExpert,0,,,,,on
C01,DACH_DE_BASIC_checkoutfeb25_2A,348332491,A,test,person_07dc5fc902ce517be9507a9d,1,0,message_b04d02094b44a10791d2c923,event_3bb1e2cae04c05ec5eb8cd1a,SENT,2025-02-22 08:37:00,2025-02-22 08:37:00,Wir schenken Ihnen drei Monate ProvenExpert,0,,,,,on
C01,DACH_DE_BASIC_checkoutfeb25_2A,348332491,A,test,person_07dc5fc902ce517be9507a9d,1,0,message_b04d02094b44a10791d2c923,event_f17ec7039ea522592c58319a,DELIVERED,2025-02-22 08:37:00,2025-02-22 08:37:03,Wir schenken Ihnen drei Monate ProvenExpert,0,,,,,on
C01,DACH_DE_BASIC_checkoutfeb25_2A,348332492,B,test,person_3c6e2f0400eebde1abed8447,1,0,message_4093cb9004c8f20677d6439d,event_7b9959dff99401822385cf2a,DELIVERED,2025-02-22 08:37:01,2025-02-22 08:37:02,299 € sparen und alle Vorteile für mehr Monate genießen!,0,,,,,on
C01,DACH_DE_BASIC_checkoutfeb25_2A,348332492,B,test,person_3c6e2f0400eebde1abed8447,1,0,message_4093cb9004c8f20677d6439d,event_d3efdedd2c02bcd896b7e0ca,SENT,2025-02-22 08:37:01,2025-02-22 08:37:01,299 € sparen und alle Vorteile für mehr Monate genießen!,0,,,,,on
C01,DACH_DE_BASIC_checkoutfeb25_2A,348332491,A,test,person_93e6b741545667bf805de344,1,0,message_6d0553d83317881979819e31,event_8037964141e3c66ed0b19cf2,SENT,2025-02-22 08:36:59,2025-02-22 08:36:59,Wir schenken Ihnen drei Monate ProvenExpert,0,,,,,on
C01,DACH_DE_BASIC_checkoutfeb25_2A,348332491,A,test,person_93e6b741545667bf805de344,1,0,message_6d0553d83317881979819e31,event_c82859322843d0f5f225ee78,DELIVERED,2025-02-22 08:36:59,2025-02-22 08:37:01,Wir schenken Ihnen drei Monate ProvenExpert,0,,,,,on
C01,DACH_DE_BASIC_checkoutfeb25_2A,348332492,B,test,person_90152775f4b1b520c6615403,1,0,message_ebb8765de9b027fc4022eefa,event_7ea529d4b4e05aea138da573,DELIVERED,2025-02-22 08:36:58,2025-02-22 08:37:03,299 € sparen und alle Vorteile für mehr Monate genießen!,0,,,,,on
C01,DACH_DE_BASIC_checkoutfeb25_2A,348332492,B,test,person_90152775f4b1b520c6615403,1,0,message_ebb8765de9b027fc4022eefa,event_0c6c173f9252edf70ff0d36a,SENT,2025-02-22 08:36:58,2025-02-22 08:36:58,299 € sparen und alle Vorteile für mehr Monate genießen!,0,,,,,on
C01,DACH_DE_BASIC_checkoutfeb25_2A,348332492,B,test,person_8047b71c42694b1a2b1fd692,1,0,message_103419fcbe057ba780b30334,event_540a620fdaa9418ade5da4d0,DELIVERED,2025-02-22 08:37:02,2025-02-22 08:37:04,299 € sparen und alle Vorteile für mehr Monate genießen!,0,,,,,on
C01,DACH_DE_BASIC_checkoutfeb25_2A,348332492,B,test,person_8047b71c42694b1a2b1fd692,1,0,message_103419fcbe057ba780b30334,event_65b0350f7d63722a083d0ae4,SENT,2025-02-22 08:37:02,2025-02-22 08:37:02,299 € sparen und alle Vorteile für mehr Monate genießen!,0,,,,,on
C01,DACH_DE_BASIC_checkoutfeb25_2A,348332492,B,test,person_3fa66ad18949195cd60df241,1,0,message_ae162e4aa877829e0531bea3,event_be5f6a80f0fe042ad8b10bc7,OPEN,2025-02-22 08:36:58,2025-02-22 22:10:22,299 € sparen und alle Vorteile für mehr Monate genießen!,0,,,,,on
C01,DACH_DE_BASIC_checkoutfeb25_2A,348332492,B,test,person_3fa66ad18949195cd60df241,1,0,message_ae162e4aa877829e0531bea3,event_07652d91820d23561658df71,DELIVERED,2025-02-22 08:36:58,2025-02-22 08:36:59,299 € sparen und alle Vorteile für mehr Monate genießen!,0,,,,,on
C01,DACH_DE_BASIC_checkoutfeb25_2A,348332492,B,test,person_3fa66ad18949195cd60df241,1,0,message_ae162e4aa877829e0531bea3,event_067e4a737ff6eb95fd15fe6d,OPEN,2025-02-22 08:36:58,2025-02-22 08:37:06,299 € sparen und alle Vorteile für mehr Monate genießen!,0,,,,,on
C01,DACH_DE_BASIC_checkoutfeb25_2A,348332492,B,test,person_3fa66ad18949195cd60df241,1,0,message_ae162e4aa877829e0531bea3,event_c2255ea706008b4ef2afab49,SENT,2025-02-22 08:36:58,2025-02-22 08:36:58,299 € sparen und alle Vorteile für mehr Monate genießen!,0,,,,,on
C01,DACH_DE_BASIC_checkoutfeb25_2A,348332492,B,test,person_3fa66ad18949195cd60df241,1,0,message_ae162e4aa877829e0531bea3,event_42ba2790b9d195cca2e40920,OPEN,2025-02-22 08:36:58,2025-02-22 08:37:05,299 € sparen und alle Vorteile für mehr Monate genießen!,0,,,,,on
C01,DACH_DE_BASIC_checkoutfeb25_2A,348332492,B,test,person_aeeb307953bf3f3180b602d2,1,0,message_853b52f3678f5bef6ab0468a,event_afe8137fc295a1cce073b4bd,SENT,2025-02-22 08:36:58,2025-02-22 08:36:58,299 € sparen und alle Vorteile für mehr Monate genießen!,0,,,,,on
C01,DACH_DE_BASIC_checkoutfeb25_2A,348332492,B,test,person_aeeb307953bf3f3180b602d2,1,0,message_853b52f3678f5bef6ab0468a,event_5dbd83766ff90f6812ba7e56,DELIVERED,2025-02-22 08:36:58,2025-02-22 08:36:59,299 € sparen und alle Vorteile für mehr Monate genießen!,0,,,,,on
C01,DACH_DE_BASIC_checkoutfeb25_2A,348332492,B,test,person_abcf9df0edf08d0247a50c58,1,0,message_4b6d839bae40730c7dda4527,event_a231d90ed34ab7d7b4a4f7c5,DELIVERED,2025-02-22 08:36:59,2025-02-22 08:37:02,299 € sparen und alle Vorteile für mehr Monate genießen!,0,,,,,on
C01,DACH_DE_BASIC_checkoutfeb25_2A,348332492,B,test,person_abcf9df0edf08d0247a50c58,1,0,message_4b6d839bae40730c7dda4527,event_bfb0d47b04e4c8e193c1c338,SENT,2025-02-22 08:36:59,2025-02-22 08:36:59,299 € sparen und alle Vorteile für mehr Monate genießen!,0,,,,,on
C01,DACH_DE_BASIC_checkoutfeb25_2A,348332491,A,test,person_740a59cdbee6d8023bcb966e,1,0,message_d9f05f76135f5d7aad576ab1,event_0b97c39011a5e779e15a9ff5,SENT,2025-02-22 08:36:59,2025-02-22 08:36:59,Wir schenken Ihnen drei Monate ProvenExpert,0,,,,,on
C01,DACH_DE_BASIC_checkoutfeb25_2A,348332491,A,test,person_740a59cdbee6d8023bcb966e,1,0,message_d9f05f76135f5d7aad576ab1,event_8af466e7fb231eef1564d000,DELIVERED,2025-02-22 08:36:59,2025-02-22 08:37:00,Wir schenken Ihnen drei Monate ProvenExpert,0,,,,,on
C01,DACH_DE_BASIC_checkoutfeb25_2A,348332492,B,test,person_14e731abc9c60ba1507d8c40,1,0,message_4b2ab5ff45f4c3b5c8443ed1,event_404c2888e38d9168bc770f77,DROPPED,2025-02-22 08:36:58,2025-02-22 08:36:58,299 € sparen und alle Vorteile für mehr Monate genießen!,0,,event_b87e901d9df35689b952f5ba,,PREVIOUSLY_BOUNCED,on
C01,DACH_DE_BASIC_checkoutfeb25_2A,348332492,B,test,person_13930998d5b3e1734625c412,1,0,message_5c528f688a09066beeab17b6,event_dcf5ae4ef563e2aa0f5a2b14,SENT,2025-02-22 08:37:01,2025-02-22 08:37:01,299 € sparen und alle Vorteile für mehr Monate genießen!,0,,,,,on
C01,DACH_DE_BASIC_checkoutfeb25_2A,348332492,B,test,person_13930998d5b3e1734625c412,1,0,message_5c528f688a09066beeab17b6,event_8f49f33065bc575cbad48761,DELIVERED,2025-02-22 08:37:01,2025-02-22 08:37:03,299 € sparen und alle Vorteile für mehr Monate genießen!,0,,,,,on
C01,DACH_DE_BASIC_checkoutfeb25_2A,348332492,B,test,person_ba6837777ae5ed9331718b84,1,0,message_db64d899016db8551e5bea53,event_b07a31db29171a25ff596576,DELIVERED,2025-02-22 08:37:00,2025-02-22 08:37:03,299 € sparen und alle Vorteile für mehr Monate genießen!,0,,,,,on
C01,DACH_DE_BASIC_checkoutfeb25_2A,348332492,B,test,person_ba6837777ae5ed9331718b84,1,0,message_db64d899016db8551e5bea53,event_56a20e73ea52c185892ba768,CLICK,2025-02-22 08:37:00,2025-02-22 09:06:28,299 € sparen und alle Vorteile für mehr Monate genießen!,0,,,link_1bcc28a412a9c967f1a1e858,,on
C01,DACH_DE_BASIC_checkoutfeb25_2A,348332492,B,test,person_ba6837777ae5ed9331718b84,1,0,message_db64d899016db8551e5bea53,event_56c81578e1d96f9c751f25e5,SENT,2025-02-22 08:37:00,2025-02-22 08:37:00,299 € sparen und alle Vorteile für mehr Monate genießen!,0,,,,,on
C01,DACH_DE_BASIC_checkoutfeb25_2A,348332492,B,test,person_ba6837777ae5ed9331718b84,1,0,message_db64d899016db8551e5bea53,event_352d82e17f6de4432d39578d,OPEN,2025-02-22 08:37:00,2025-02-22 09:05:47,299 € sparen und alle Vorteile für mehr Monate genießen!,0,,,,,on
C01,DACH_DE_BASIC_checkoutfeb25_2A,348332491,A,test,person_a4a06052c0cd9765b72ceea7,1,0,message_b6713c5518ea6b7826291688,event_88c65cf174732b280cbe3371,DELIVERED,2025-02-22 08:36:57,2025-02-22 08:37:00,Wir schenken Ihnen drei Monate ProvenExpert,0,,,,,on
C01,DACH_DE_BASIC_checkoutfeb25_2A,348332491,A,test,person_a4a06052c0cd9765b72ceea7,1,0,message_b6713c5518ea6b7826291688,event_c4d5cd67e9237984f0a1659e,SENT,2025-02-22 08:36:57,2025-02-22 08:36:57,Wir schenken Ihnen drei Monate ProvenExpert,0,,,,,on
C01,DACH_DE_BASIC_checkoutfeb25_2A,348332492,B,test,person_bbc8ce137f023f65035b96b6,1,0,message_84f7fddab692b581c2681b62,event_2d0b93f5812ea27fc5c7c086,SENT,2025-02-22 08:37:02,2025-02-22 08:37:02,299 € sparen und alle Vorteile für mehr Monate genießen!,0,,,,,on
C01,DACH_DE_BASIC_checkoutfeb25_2A,348332492,B,test,person_bbc8ce137f023f65035b96b6,1,0,message_84f7fddab692b581c2681b62,event_b970b070f1965336bbf846ea,DELIVERED,2025-02-22 08:37:02,2025-02-22 08:37:05,299 € sparen und alle Vorteile für mehr Monate genießen!,0,,,,,on
C01,DACH_DE_BASIC_checkoutfeb25_2A,348332491,A,test,person_f1aa9853f940b113f5b840b9,1,0,message_8a4cce03ec21ed758f6bfacd,event_4a6c657cd23559231a994215,DELIVERED,2025-02-22 08:37:01,2025-02-22 08:37:03,Wir schenken Ihnen drei Monate ProvenExpert,0,,,,,on
C01,DACH_DE_BASIC_checkoutfeb25_2A,348332491,A,test,person_f1aa9853f940b113f5b840b9,1,0,message_8a4cce03ec21ed758f6bfacd,event_e1f39c76f8ac45dbe58ebf16,SENT,2025-02-22 08:37:01,2025-02-22 08:37:01,Wir schenken Ihnen drei Monate ProvenExpert,0,,,,,on
C01,DACH_DE_BASIC_checkoutfeb25_2A,348332492,B,test,person_8c47b67b5252ff82bc431748,1,0,message_1f1ca93ba805270fe775818e,event_0315638a8129ebc7ef6eb75e,SENT,2025-02-22 08:36:58,2025-02-22 08:36:58,299 € sparen und alle Vorteile für mehr Monate genießen!,0,,,,,on
C01,DACH_DE_BASIC_checkoutfeb25_2A,348332492,B,test,person_8c47b67b5252ff82bc431748,1,0,message_1f1ca93ba805270fe775818e,event_1211c647c78094a4ccd60ac6,DELIVERED,2025-02-22 08:36:58,2025-02-22 08:37:03,299 € sparen und alle Vorteile für mehr Monate genießen!,0,,,,,on
C01,DACH_DE_BASIC_checkoutfeb25_2A,348332491,A,test,person_79e585e75e979bcca35f79ea,1,0,message_3f1569e80288f7b7d722b14c,event_8421a500acebae929fc7f7ab,DELIVERED,2025-02-22 08:37:00,2025-02-22 08:37:02,Wir schenken Ihnen drei Monate ProvenExpert,0,,,,,on
C01,DACH_DE_BASIC_checkoutfeb25_2A,348332491,A,test,person_79e585e75e979bcca35f79ea,1,0,message_3f1569e80288f7b7d722b14c,event_696da268af881102e608a570,OPEN,2025-02-22 08:37:00,2025-02-22 08:39:06,Wir schenken Ihnen drei Monate ProvenExpert,0,,,,,on
C01,DACH_DE_BASIC_checkoutfeb25_2A,348332491,A,test,person_79e585e75e979bcca35f79ea,1,0,message_3f1569e80288f7b7d722b14c,event_7b2705bf2fba99ab9bc01962,SENT,2025-02-22 08:37:00,2025-02-22 08:37:00,Wir schenken Ihnen drei Monate ProvenExpert,0,,,,,on
C01,DACH_DE_BASIC_checkoutfeb25_2A,348332491,A,test,person_79e585e75e979bcca35f79ea,1,0,message_3f1569e80288f7b7d722b14c,event_9fc7cbdca00c34e5296c2243,OPEN,2025-02-22 08:37:00,2025-02-22 12:07:31,Wir schenken Ihnen drei Monate ProvenExpert,0,,,,,on
C01,DACH_DE_BASIC_checkoutfeb25_2A,348332491,A,test,person_79e585e75e979bcca35f79ea,1,0,message_3f1569e80288f7b7d722b14c,event_efb970632635a544f14d33e5,CLICK,2025-02-22 08:37:00,2025-02-22 12:07:38,Wir schenken Ihnen drei Monate ProvenExpert,0,,,link_8c755275fd479999f20343b2,,on
C01,DACH_DE_BASIC_checkoutfeb25_2A,348332491,A,test,person_268fd6c18bba644a6329e86f,1,0,message_3b40ac561e0f108a2d7aedf0,event_db6b680ba60e17ef49fc8eb0,OPEN,2025-02-22 08:37:00,2025-02-24 10:03:45,Wir schenken Ihnen drei Monate ProvenExpert,0,,,,,on
C01,DACH_DE_BASIC_checkoutfeb25_2A,348332491,A,test,person_268fd6c18bba644a6329e86f,1,0,message_3b40ac561e0f108a2d7aedf0,event_93349f7b8d16bc7b94913d78,DELIVERED,2025-02-22 08:37:00,2025-02-22 08:37:02,Wir schenken Ihnen drei Monate ProvenExpert,0,,,,,on
C01,DACH_DE_BASIC_checkoutfeb25_2A,348332491,A,test,person_268fd6c18bba644a6329e86f,1,0,message_3b40ac561e0f108a2d7aedf0,event_2fd57cec8c5962ec5e6246f0,OPEN,2025-02-22 08:37:00,2025-02-24 10:00:43,Wir schenken Ihnen drei Monate ProvenExpert,0,,,,,on
C01,DACH_DE_BASIC_checkoutfeb25_2A,348332491,A,test,person_268fd6c18bba644a6329e86f,1,0,message_3b40ac561e0f108a2d7aedf0,event_5d89441148dd3824383377d0,SENT,2025-02-22 08:37:00,2025-02-22 08:37:00,Wir schenken Ihnen drei Monate ProvenExpert,0,,,,,on
C01,DACH_DE_BASIC_checkoutfeb25_2A,348332492,B,test,person_b7f3e8d69f673586206e6592,1,0,message_521b5aacf4d53f1a42304816,event_56b71916ee86631a06ccf1d3,SENT,2025-02-22 08:37:02,2025-02-22 08:37:02,299 € sparen und alle Vorteile für mehr Monate genießen!,0,,,,,on
C01,DACH_DE_BASIC_checkoutfeb25_2A,348332492,B,test,person_b7f3e8d69f673586206e6592,1,0,message_521b5aacf4d53f1a42304816,event_318745f2da9565fe295ea5b6,DELIVERED,2025-02-22 08:37:02,2025-02-22 08:37:04,299 € sparen und alle Vorteile für mehr Monate genießen!,0,,,,,on
C01,DACH_DE_BASIC_checkoutfeb25_2A,348332492,B,test,person_ca17c81f2cd1cef0be2c7215,1,0,message_0fbba73e814a0c425fd743bc,event_89e3f0c5746f4e1498e8e11e,DELIVERED,2025-02-22 08:37:01,2025-02-22 08:37:01,299 € sparen und alle Vorteile für mehr Monate genießen!,0,,,,,on
C01,DACH_DE_BASIC_checkoutfeb25_2A,348332492,B,test,person_ca17c81f2cd1cef0be2c7215,1,0,message_0fbba73e814a0c425fd743bc,event_39483be54d55b2df23d1928d,SENT,2025-02-22 08:37:01,2025-02-22 08:37:01,299 € sparen und alle Vorteile für mehr Monate genießen!,0,,,,,on
C01,DACH_DE_BASIC_checkoutfeb25_2A,348332491,A,test,person_5d24289ead7d9074562869de,1,0,message_47f96d2998b615ba704f5882,event_55d5959107299d685d36d57e,SENT,2025-02-22 08:36:58,2025-02-22 08:36:58,Wir schenken Ihnen drei Monate ProvenExpert,0,,,,,on
C01,DACH_DE_BASIC_checkoutfeb25_2A,348332491,A,test,person_5d24289ead7d9074562869de,1,0,message_47f96d2998b615ba704f5882,event_9471abebe9aacdd3a89dc4f3,DELIVERED,2025-02-22 08:36:58,2025-02-22 08:37:19,Wir schenken Ihnen drei Monate ProvenExpert,0,,,,,on
C01,DACH_DE_BASIC_checkoutfeb25_2A,348332492,B,test,person_bac37aa60429560751991ac9,1,0,message_9555979d6b645c420301c0a7,event_ede3dd39dac50f025dfb4f24,DROPPED,2025-02-22 08:37:00,2025-02-22 08:37:00,299 € sparen und alle Vorteile für mehr Monate genießen!,0,,event_37f9adba4e9571db9f5886cd,,PREVIOUSLY_BOUNCED,on
C01,DACH_DE_BASIC_checkoutfeb25_2A,348332492,B,test,person_795738cf9cc993058fc5d620,1,0,message_8b72e8629ba6a64b50084476,event_7f56b9a56891fdea5683e7d5,DROPPED,2025-02-22 08:37:00,2025-02-22 08:37:00,299 € sparen und alle Vorteile für mehr Monate genießen!,0,,event_daa88ac8bacf4127ecdcb7c3,,PREVIOUSLY_BOUNCED,on
C01,DACH_DE_BASIC_checkoutfeb25_2A,348332492,B,test,person_1bba193b020a83ca1d5a0846,1,0,message_e917cef6db0d42c1a06d6573,event_53b72152d5ba20ebbaac45b0,SENT,2025-02-22 08:36:58,2025-02-22 08:36:58,299 € sparen und alle Vorteile für mehr Monate genießen!,0,,,,,on
C01,DACH_DE_BASIC_checkoutfeb25_2A,348332492,B,test,person_1bba193b020a83ca1d5a0846,1,0,message_e917cef6db0d42c1a06d6573,event_6db27cb18c6df47d86f12b82,DELIVERED,2025-02-22 08:36:58,2025-02-22 08:37:00,299 € sparen und alle Vorteile für mehr Monate genießen!,0,,,,,on
C01,DACH_DE_BASIC_checkoutfeb25_2A,348332492,B,test,person_1f20d33257bb6c058fc92bb4,1,0,message_d95e8c09ff1fe50a4ef07470,event_bbbb79fbd7ff6dc9185cf010,SENT,2025-02-22 08:36:57,2025-02-22 08:36:57,299 € sparen und alle Vorteile für mehr Monate genießen!,0,,,,,on
C01,DACH_DE_BASIC_checkoutfeb25_2A,348332492,B,test,person_1f20d33257bb6c058fc92bb4,1,0,message_d95e8c09ff1fe50a4ef07470,event_1573c0da596621cf56bdb557,DELIVERED,2025-02-22 08:36:57,2025-02-22 08:37:00,299 € sparen und alle Vorteile für mehr Monate genießen!,0,,,,,on
C01,DACH_DE_BASIC_checkoutfeb25_2A,348332491,A,test,person_5f9fe42d876db5b5600598da,1,0,message_db3a8d11a31d3e35e9530c84,event_29f1f14fde09ee5017b527d7,DELIVERED,2025-02-22 08:37:00,2025-02-22 08:37:02,Wir schenken Ihnen drei Monate ProvenExpert,0,,,,,on
C01,DACH_DE_BASIC_checkoutfeb25_2A,348332491,A,test,person_5f9fe42d876db5b5600598da,1,0,message_db3a8d11a31d3e35e9530c84,event_1141468d7a863646602e0023,SENT,2025-02-22 08:37:00,2025-02-22 08:37:00,Wir schenken Ihnen drei Monate ProvenExpert,0,,,,,on
C01,DACH_DE_BASIC_checkoutfeb25_2A,348332491,A,test,person_fcf8263765ee399872e3b6f6,1,0,message_bde4fcda49a99bc733f11b54,event_6b056c077f55ee59185b520b,SENT,2025-02-22 08:36:57,2025-02-22 08:36:57,Wir schenken Ihnen drei Monate ProvenExpert,0,,,,,on
C01,DACH_DE_BASIC_checkoutfeb25_2A,348332491,A,test,person_fcf8263765ee399872e3b6f6,1,0,message_bde4fcda49a99bc733f11b54,event_86c3e939c0666da336d366fb,DELIVERED,2025-02-22 08:36:57,2025-02-22 08:37:00,Wir schenken Ihnen drei Monate ProvenExpert,0,,,,,on
C01,DACH_DE_BASIC_checkoutfeb25_2A,348332491,A,test,person_fbfe541a127e2e66ee99b59c,1,0,message_c888fc69289e4e5d2c498298,event_64b467c9e8dabc7682b3ef83,SENT,2025-02-22 08:35:42,2025-02-22 08:35:42,Wir schenken Ihnen drei Monate ProvenExpert,0,,,,,on
C01,DACH_DE_BASIC_checkoutfeb25_2A,348332491,A,test,person_fbfe541a127e2e66ee99b59c,1,0,message_c888fc69289e4e5d2c498298,event_d028da32f45350644a987133,DELIVERED,2025-02-22 08:35:42,2025-02-22 08:35:44,Wir schenken Ihnen drei Monate ProvenExpert,0,,,,,on
C01,DACH_DE_BASIC_checkoutfeb25_2A,348332492,B,test,person_1f5516c7fc432d1f4c79edd9,1,0,message_2fc799171f8d2f69faa3b0da,event_dd12649f013f79bf471a26f9,SENT,2025-02-22 08:37:00,2025-02-22 08:37:00,299 € sparen und alle Vorteile für mehr Monate genießen!,0,,,,,on
C01,DACH_DE_BASIC_checkoutfeb25_2A,348332492,B,test,person_1f5516c7fc432d1f4c79edd9,1,0,message_2fc799171f8d2f69faa3b0da,event_6a74e12d6cdd9169b1f377e2,DELIVERED,2025-02-22 08:37:00,2025-02-22 08:37:02,299 € sparen und alle Vorteile für mehr Monate genießen!,0,,,,,on
C01,DACH_DE_BASIC_checkoutfeb25_2A,348332492,B,test,person_df2d6b6508f8e0a7d8efb23a,1,0,message_3b7f89a6e69f6f2d3640d1f3,event_32a73fb255067c49e755f067,SENT,2025-02-22 08:36:57,2025-02-22 08:36:57,299 € sparen und alle Vorteile für mehr Monate genießen!,0,,,,,on
C01,DACH_DE_BASIC_checkoutfeb25_2A,348332492,B,test,person_df2d6b6508f8e0a7d8efb23a,1,0,message_3b7f89a6e69f6f2d3640d1f3,event_7f676fac9244d573197dce10,DELIVERED,2025-02-22 08:36:57,2025-02-22 08:36:59,299 € sparen und alle Vorteile für mehr Monate genießen!,0,,,,,on
C01,DACH_DE_BASIC_checkoutfeb25_2A,348332492,B,test,person_1dfb664463afe0f61c6c0fbc,1,0,message_b303cbd615591385eae5626d,event_f2c55c51854929d736c76696,SENT,2025-02-22 08:37:01,2025-02-22 08:37:01,299 € sparen und alle Vorteile für mehr Monate genießen!,0,,,,,on
C01,DACH_DE_BASIC_checkoutfeb25_2A,348332492,B,test,person_1dfb664463afe0f61c6c0fbc,1,0,message_b303cbd615591385eae5626d,event_848370108a24e7edf6bdcb20,DELIVERED,2025-02-22 08:37:01,2025-02-22 08:37:02,299 € sparen und alle Vorteile für mehr Monate genießen!,0,,,,,on
C01,DACH_DE_BASIC_checkoutfeb25_2A,348332492,B,test,person_a31511fca33a5a4311410984,1,0,message_d98eef869e746a2811b27ef6,event_19d51845abfd3adaad9abaab,DELIVERED,2025-02-22 08:37:02,2025-02-22 08:37:04,299 € sparen und alle Vorteile für mehr Monate genießen!,0,,,,,on
C01,DACH_DE_BASIC_checkoutfeb25_2A,348332492,B,test,person_a31511fca33a5a4311410984,1,0,message_d98eef869e746a2811b27ef6,event_f6afcf236c0e0b1b8f90f996,SENT,2025-02-22 08:37:02,2025-02-22 08:37:02,299 € sparen und alle Vorteile für mehr Monate genießen!,0,,,,,on
C01,DACH_DE_BASIC_checkoutfeb25_2A,348332492,B,test,person_fdbd42c06f74f976a3b0d917,1,0,message_4d82e081a9a884fdb6f56fa1,event_254dfecaa27513396886291b,SENT,2025-02-22 08:37:01,2025-02-22 08:37:01,299 € sparen und alle Vorteile für mehr Monate genießen!,0,,,,,on
C01,DACH_DE_BASIC_checkoutfeb25_2A,348332492,B,test,person_fdbd42c06f74f976a3b0d917,1,0,message_4d82e081a9a884fdb6f56fa1,event_098fee14ee4a6e7ae133032a,DELIVERED,2025-02-22 08:37:01,2025-02-22 08:37:02,299 € sparen und alle Vorteile für mehr Monate genießen!,0,,,,,on
C01,DACH_DE_BASIC_checkoutfeb25_2A,348332492,B,test,person_78f659207c397f54ffcc2bef,1,0,message_6595a97e70c68b98263cdbc0,event_1472eea5fd29d5454af7528c,SENT,2025-02-22 08:37:01,2025-02-22 08:37:01,299 € sparen und alle Vorteile für mehr Monate genießen!,0,,,,,on
C01,DACH_DE_BASIC_checkoutfeb25_2A,348332492,B,test,person_78f659207c397f54ffcc2bef,1,0,message_6595a97e70c68b98263cdbc0,event_113254fadfe8d8b34128f022,DELIVERED,2025-02-22 08:37:01,2025-02-22 08:37:02,299 € sparen und alle Vorteile für mehr Monate genießen!,0,,,,,on
C01,DACH_DE_BASIC_checkoutfeb25_2A,348332492,B,test,person_ef6c1f248cc0f95ca79e36fa,1,0,message_672f97863f8e298c4658c92b,event_e53e5a3374cbc9df8048ce79,SENT,2025-02-22 08:37:01,2025-02-22 08:37:01,299 € sparen und alle Vorteile für mehr Monate genießen!,0,,,,,on
C01,DACH_DE_BASIC_checkoutfeb25_2A,348332492,B,test,person_ef6c1f248cc0f95ca79e36fa,1,0,message_672f97863f8e298c4658c92b,event_8f854c28baf9a09041d06874,DELIVERED,2025-02-22 08:37:01,2025-02-22 08:37:02,299 € sparen und alle Vorteile für mehr Monate genießen!,0,,,,,on
C01,DACH_DE_BASIC_checkoutfeb25_2A,348332492,B,test,person_fdf2c5b4da8890194ff609e6,1,0,message_ab5d60f666a068a1f1f0d2ed,event_ef92c47b5f833f7316f9b062,SENT,2025-02-22 08:36:58,2025-02-22 08:36:58,299 € sparen und alle Vorteile für mehr Monate genießen!,0,,,,,on
C01,DACH_DE_BASIC_checkoutfeb25_2A,348332492,B,test,person_fdf2c5b4da8890194ff609e6,1,0,message_ab5d60f666a068a1f1f0d2ed,event_eca7729472796c88079de777,DELIVERED,2025-02-22 08:36:58,2025-02-22 08:37:08,299 € sparen und alle Vorteile für mehr Monate genießen!,0,,,,,on
C01,DACH_DE_BASIC_checkoutfeb25_2A,348332492,B,test,person_ebd82fd9dc204df887c53b32,1,0,message_a2c4cd30f1862538a704e770,event_9fa859f8f5131f66a97d8c96,SENT,2025-02-22 08:37:00,2025-02-22 08:37:00,299 € sparen und alle Vorteile für mehr Monate genießen!,0,,,,,on
C01,DACH_DE_BASIC_checkoutfeb25_2A,348332492,B,test,person_ebd82fd9dc204df887c53b32,1,0,message_a2c4cd30f1862538a704e770,event_7d1a76acc0706e274384fdd2,DELIVERED,2025-02-22 08:37:00,2025-02-22 08:37:04,299 € sparen und alle Vorteile für mehr Monate genießen!,0,,,,,on
C01,DACH_DE_BASIC_checkoutfeb25_2A,348332492,B,test,person_cf8932acc0aceb9cdf2440d2,1,0,message_fd48e4bc9cf50935caacff5a,event_4f08efb5a534f281d7be25d9,SENT,2025-02-22 08:36:58,2025-02-22 08:36:58,299 € sparen und alle Vorteile für mehr Monate genießen!,0,,,,,on
C01,DACH_DE_BASIC_checkoutfeb25_2A,348332492,B,test,person_cf8932acc0aceb9cdf2440d2,1,0,message_fd48e4bc9cf50935caacff5a,event_33ee4c187ebc7e612f274aa8,DELIVERED,2025-02-22 08:36:58,2025-02-22 08:37:15,299 € sparen und alle Vorteile für mehr Monate genießen!,0,,,,,on
C01,DACH_DE_BASIC_checkoutfeb25_2A,348332492,B,test,person_4de4e2913af89b458dd105eb,1,0,message_a2b04ed60ec55368b10ba6a1,event_fa711a97d6a1e878ae43231c,DELIVERED,2025-02-22 08:36:58,2025-02-22 08:37:06,299 € sparen und alle Vorteile für mehr Monate genießen!,0,,,,,on
C01,DACH_DE_BASIC_checkoutfeb25_2A,348332492,B,test,person_4de4e2913af89b458dd105eb,1,0,message_a2b04ed60ec55368b10ba6a1,event_dd704ceb83d702794c9adea4,SENT,2025-02-22 08:36:58,2025-02-22 08:36:58,299 € sparen und alle Vorteile für mehr Monate genießen!,0,,,,,on
C01,DACH_DE_BASIC_checkoutfeb25_2A,348332491,A,test,person_337b183bd64d857d56ca9182,1,0,message_b452c45612d0c4240f00fe76,event_8a213606452feda19c21da2c,DELIVERED,2025-02-22 08:36:58,2025-02-22 08:37:00,Wir schenken Ihnen drei Monate ProvenExpert,0,,,,,on
C01,DACH_DE_BASIC_checkoutfeb25_2A,348332491,A,test,person_337b183bd64d857d56ca9182,1,0,message_b452c45612d0c4240f00fe76,event_8291cc916008123fb78ed9b0,SENT,2025-02-22 08:36:58,2025-02-22 08:36:58,Wir schenken Ihnen drei Monate ProvenExpert,0,,,,,on
C01,DACH_DE_BASIC_checkoutfeb25_2A,348332491,A,test,person_29d550f75b084cda71eab59d,1,0,message_07861e3fbec55968545c5008,event_09ac1fd05597c0dfa533262a,DELIVERED,2025-02-22 08:36:59,2025-02-22 08:37:08,Wir schenken Ihnen drei Monate ProvenExpert,0,,,,,on
C01,DACH_DE_BASIC_checkoutfeb25_2A,348332491,A,test,person_29d550f75b084cda71eab59d,1,0,message_07861e3fbec55968545c5008,event_06a302bf772547387a92fcc9,SENT,2025-02-22 08:36:59,2025-02-22 08:36:59,Wir schenken Ihnen drei Monate ProvenExpert,0,,,,,on
C01,DACH_DE_BASIC_checkoutfeb25_2A,348332491,A,test,person_cd4f86275b92fef9877eb4bc,1,0,message_b5d8f9b2504972d5944699d1,event_c4303023b0017f89ccb7bbe4,SENT,2025-02-22 08:37:01,2025-02-22 08:37:01,Wir schenken Ihnen drei Monate ProvenExpert,0,,,,,on
C01,DACH_DE_BASIC_checkoutfeb25_2A,348332491,A,test,person_cd4f86275b92fef9877eb4bc,1,0,message_b5d8f9b2504972d5944699d1,event_49dc4dfc25d465b253169894,OPEN,2025-02-22 08:37:01,2025-02-26 21:02:04,Wir schenken Ihnen drei Monate ProvenExpert,0,,,,,on
C01,DACH_DE_BASIC_checkoutfeb25_2A,348332492,B,test,person_39f91d6f495450d2a4597cf1,1,0,message_bae0af0db2c678bada2dfda7,event_eb177e91a384e1d8321018ec,DROPPED,2025-02-22 08:36:58,2025-02-22 08:36:58,299 € sparen und alle Vorteile für mehr Monate genießen!,0,,event_ae62994cd99471bb8f569b8f,,PREVIOUSLY_BOUNCED,on
C01,DACH_DE_BASIC_checkoutfeb25_2A,348332491,A,test,person_cd4f86275b92fef9877eb4bc,1,0,message_b5d8f9b2504972d5944699d1,event_82c78ab77df01ed468eb5cae,DELIVERED,2025-02-22 08:37:01,2025-02-22 08:37:04,Wir schenken Ihnen drei Monate ProvenExpert,0,,,,,on
C01,DACH_DE_BASIC_checkoutfeb25_2A,348332491,A,test,person_fe62e88910c52fafb8aed627,1,0,message_84c202bf829165bbde28f964,event_51a2a4aad66f693802150793,SENT,2025-02-22 08:36:58,2025-02-22 08:36:58,Wir schenken Ihnen drei Monate ProvenExpert,0,,,,,on
C01,DACH_DE_BASIC_checkoutfeb25_2A,348332491,A,test,person_fe62e88910c52fafb8aed627,1,0,message_84c202bf829165bbde28f964,event_4dd68741ff54d9aea22a0beb,DELIVERED,2025-02-22 08:36:58,2025-02-22 08:36:59,Wir schenken Ihnen drei Monate ProvenExpert,0,,,,,on
C01,DACH_DE_BASIC_checkoutfeb25_2A,348332491,A,test,person_6a9df1cb92bf5af3eae3542d,1,0,message_4475f269c93473e75032d385,event_88b72f45eac57650de709e7c,DELIVERED,2025-02-22 08:36:58,2025-02-22 08:37:03,Wir schenken Ihnen drei Monate ProvenExpert,0,,,,,on
C01,DACH_DE_BASIC_checkoutfeb25_2A,348332491,A,test,person_6a9df1cb92bf5af3eae3542d,1,0,message_4475f269c93473e75032d385,event_fa5d1d65d06055b828614bd0,OPEN,2025-02-22 08:36:58,2025-02-22 09:00:32,Wir schenken Ihnen drei Monate ProvenExpert,0,,,,,on
C01,DACH_DE_BASIC_checkoutfeb25_2A,348332491,A,test,person_6a9df1cb92bf5af3eae3542d,1,0,message_4475f269c93473e75032d385,event_08610fa22680fdf8a7334d25,SENT,2025-02-22 08:36:58,2025-02-22 08:36:58,Wir schenken Ihnen drei Monate ProvenExpert,0,,,,,on
C01,DACH_DE_BASIC_checkoutfeb25_2A,348332492,B,test,person_58d8a27c1418837bd6cd93e2,1,0,message_4eaed86e2964b4cd52956834,event_7f04fe0c5b0b97c5de4a2a19,DELIVERED,2025-02-22 08:37:00,2025-02-22 08:37:02,299 € sparen und alle Vorteile für mehr Monate genießen!,0,,,,,on
C01,DACH_DE_BASIC_checkoutfeb25_2A,348332492,B,test,person_58d8a27c1418837bd6cd93e2,1,0,message_4eaed86e2964b4cd52956834,event_482a219de562f27dd93647d7,SENT,2025-02-22 08:37:00,2025-02-22 08:37:00,299 € sparen und alle Vorteile für mehr Monate genießen!,0,,,,,on
C01,DACH_DE_BASIC_checkoutfeb25_2A,348332491,A,test,person_f094560bd27d278b0260a1e5,1,0,message_906cdad44b64f2a678c48f48,event_390bd9cc68b148ad764ec905,OPEN,2025-02-22 08:37:00,2025-02-22 12:55:29,Wir schenken Ihnen drei Monate ProvenExpert,0,,,,,on
C01,DACH_DE_BASIC_checkoutfeb25_2A,348332491,A,test,person_f094560bd27d278b0260a1e5,1,0,message_906cdad44b64f2a678c48f48,event_e46488fdaf714f5de3a4d046,SENT,2025-02-22 08:37:00,2025-02-22 08:37:00,Wir schenken Ihnen drei Monate ProvenExpert,0,,,,,on
C01,DACH_DE_BASIC_checkoutfeb25_2A,348332491,A,test,person_f094560bd27d278b0260a1e5,1,0,message_906cdad44b64f2a678c48f48,event_8f1a765ad9c0248b7a78e0f1,DELIVERED,2025-02-22 08:37:00,2025-02-22 08:37:01,Wir schenken Ihnen drei Monate ProvenExpert,0,,,,,on
C01,DACH_DE_BASIC_checkoutfeb25_2A,348332492,B,test,person_9d99d3b1e1801265ff369668,1,0,message_837099c85cda206d3869a59f,event_35d1bcd9c3ee56e85e9f987e,SENT,2025-02-22 08:36:59,2025-02-22 08:36:59,299 € sparen und alle Vorteile für mehr Monate genießen!,0,,,,,on
C01,DACH_DE_BASIC_checkoutfeb25_2A,348332492,B,test,person_9d99d3b1e1801265ff369668,1,0,message_837099c85cda206d3869a59f,event_bab307e11e7825f7e0986f89,DELIVERED,2025-02-22 08:36:59,2025-02-22 08:37:00,299 € sparen und alle Vorteile für mehr Monate genießen!,0,,,,,on
C01,DACH_DE_BASIC_checkoutfeb25_2A,348332491,A,test,person_beed282b65beee7364ee135a,1,0,message_5a54c89953725e2cfc530303,event_9a3fa65e77f79d9937f9125e,DELIVERED,2025-02-22 08:37:00,2025-02-22 08:37:02,Wir schenken Ihnen drei Monate ProvenExpert,0,,,,,on
C01,DACH_DE_BASIC_checkoutfeb25_2A,348332491,A,test,person_beed282b65beee7364ee135a,1,0,message_5a54c89953725e2cfc530303,event_ca9e6e8237fae176543dbe17,SENT,2025-02-22 08:37:00,2025-02-22 08:37:00,Wir schenken Ihnen drei Monate ProvenExpert,0,,,,,on
C01,DACH_DE_BASIC_checkoutfeb25_2A,348332491,A,test,person_bf13dcdc6c7badfe6026fecc,1,0,message_6fb6b819c7ca66af52552289,event_0a5eb543f0bc1437be161b9b,DELIVERED,2025-02-22 08:36:59,2025-02-22 08:37:02,Wir schenken Ihnen drei Monate ProvenExpert,0,,,,,on
C01,DACH_DE_BASIC_checkoutfeb25_2A,348332491,A,test,person_bf13dcdc6c7badfe6026fecc,1,0,message_6fb6b819c7ca66af52552289,event_7e4e92b8257221680a61c376,SENT,2025-02-22 08:36:59,2025-02-22 08:36:59,Wir schenken Ihnen drei Monate ProvenExpert,0,,,,,on
C01,DACH_DE_BASIC_checkoutfeb25_2A,348332492,B,test,person_04ee2a37d3a3ad854d5602dc,1,0,message_5ae8dd088fa73b0ea64c6550,event_847067b35b19c7f4d1e57089,SENT,2025-02-22 08:36:59,2025-02-22 08:36:59,299 € sparen und alle Vorteile für mehr Monate genießen!,0,,,,,on
C01,DACH_DE_BASIC_checkoutfeb25_2A,348332492,B,test,person_04ee2a37d3a3ad854d5602dc,1,0,message_5ae8dd088fa73b0ea64c6550,event_490a838f0d27b4007f84dcf6,DELIVERED,2025-02-22 08:36:59,2025-02-22 08:37:03,299 € sparen und alle Vorteile für mehr Monate genießen!,0,,,,,on
C01,DACH_DE_BASIC_checkoutfeb25_2A,348332491,A,test,person_1f9e1ed73438b35af2098a4e,1,0,message_99df673f1614ef1b641ec658,event_7a63d0927bfe595c62fd4013,SENT,2025-02-22 08:37:00,2025-02-22 08:37:00,Wir schenken Ihnen drei Monate ProvenExpert,0,,,,,on
C01,DACH_DE_BASIC_checkoutfeb25_2A,348332491,A,test,person_1f9e1ed73438b35af2098a4e,1,0,message_99df673f1614ef1b641ec658,event_d50195eb56ff47e640e3d63d,DELIVERED,2025-02-22 08:37:00,2025-02-22 08:37:02,Wir schenken Ihnen drei Monate ProvenExpert,0,,,,,on
C01,DACH_DE_BASIC_checkoutfeb25_2A,348332492,B,test,person_12c6f75b612f98cda036cbdb,1,0,message_5e6225084dbad6202eb91bba,event_9469875ed6fc6699966cb4d7,SENT,2025-02-22 08:36:59,2025-02-22 08:36:59,299 € sparen und alle Vorteile für mehr Monate genießen!,0,,,,,on
C01,DACH_DE_BASIC_checkoutfeb25_2A,348332492,B,test,person_12c6f75b612f98cda036cbdb,1,0,message_5e6225084dbad6202eb91bba,event_7c7ee6fce9c08a583d385944,DELIVERED,2025-02-22 08:36:59,2025-02-22 08:37:03,299 € sparen und alle Vorteile für mehr Monate genießen!,0,,,,,on
C01,DACH_DE_BASIC_checkoutfeb25_2A,348332491,A,test,person_5ad589fbba9c576bd47980ea,1,0,message_f4b8f9940f33e50df98d61fd,event_7302461eaa100d0fa1461d45,SENT,2025-02-22 08:37:01,2025-02-22 08:37:01,Wir schenken Ihnen drei Monate ProvenExpert,0,,,,,on
C01,DACH_DE_BASIC_checkoutfeb25_2A,348332491,A,test,person_5ad589fbba9c576bd47980ea,1,0,message_f4b8f9940f33e50df98d61fd,event_9bdee3c7e4d6245116faf4c9,DELIVERED,2025-02-22 08:37:01,2025-02-22 08:37:05,Wir schenken Ihnen drei Monate ProvenExpert,0,,,,,on
C01,DACH_DE_BASIC_checkoutfeb25_2A,348332492,B,test,person_9f07c252d01a47bdd677b368,1,0,message_3775a36025a6faf1a8577880,event_155d631ce86a55ed4cf49d10,DELIVERED,2025-02-22 08:37:01,2025-02-22 08:37:04,299 € sparen und alle Vorteile für mehr Monate genießen!,0,,,,,on
C01,DACH_DE_BASIC_checkoutfeb25_2A,348332492,B,test,person_9f07c252d01a47bdd677b368,1,0,message_3775a36025a6faf1a8577880,event_a30cba44bc084422e763896b,SENT,2025-02-22 08:37:01,2025-02-22 08:37:01,299 € sparen und alle Vorteile für mehr Monate genießen!,0,,,,,on
C01,DACH_DE_BASIC_checkoutfeb25_2A,348332492,B,test,person_9d4a327bc9948051320a0ddb,1,0,message_b137c2eafe2aea8acf7404b7,event_b3b959c46a53704e09a20357,SENT,2025-02-22 08:37:01,2025-02-22 08:37:01,299 € sparen und alle Vorteile für mehr Monate genießen!,0,,,,,on
C01,DACH_DE_BASIC_checkoutfeb25_2A,348332492,B,test,person_9d4a327bc9948051320a0ddb,1,0,message_b137c2eafe2aea8acf7404b7,event_2a18ef14aef8ea435a0a7b34,DELIVERED,2025-02-22 08:37:01,2025-02-22 08:37:02,299 € sparen und alle Vorteile für mehr Monate genießen!,0,,,,,on
C01,DACH_DE_BASIC_checkoutfeb25_2A,348332492,B,test,person_4c8c8b7c385ba9bdf443e0fd,1,0,message_6a7413640e2ff45b36c2f49c,event_273c829f80a2f09e72cd91e7,DELIVERED,2025-02-22 08:37:00,2025-02-22 08:37:03,299 € sparen und alle Vorteile für mehr Monate genießen!,0,,,,,on
C01,DACH_DE_BASIC_checkoutfeb25_2A,348332492,B,test,person_4c8c8b7c385ba9bdf443e0fd,1,0,message_6a7413640e2ff45b36c2f49c,event_e4b47193595dc3309fc2dbf4,SENT,2025-02-22 08:37:00,2025-02-22 08:37:00,299 € sparen und alle Vorteile für mehr Monate genießen!,0,,,,,on
C01,DACH_DE_BASIC_checkoutfeb25_2A,348332491,A,test,person_a4aa4de3be8ca0733d097383,1,0,message_c0b25abafd9b179e32d6f534,event_d55e70f91abf02934327aa8f,DELIVERED,2025-02-22 08:37:01,2025-02-22 08:37:02,Wir schenken Ihnen drei Monate ProvenExpert,0,,,,,on
C01,DACH_DE_BASIC_checkoutfeb25_2A,348332491,A,test,person_a4aa4de3be8ca0733d097383,1,0,message_c0b25abafd9b179e32d6f534,event_06e26adfaff2e1b695aec829,SENT,2025-02-22 08:37:01,2025-02-22 08:37:01,Wir schenken Ihnen drei Monate ProvenExpert,0,,,,,on
C01,DACH_DE_BASIC_checkoutfeb25_2A,348332492,B,test,person_04117e40c88deada0b6da261,1,0,message_aa1967c38c6b21a3e3c38486,event_dc6a13d72ddfa4c93de6ca5a,SENT,2025-02-22 08:37:02,2025-02-22 08:37:02,299 € sparen und alle Vorteile für mehr Monate genießen!,0,,,,,on
C01,DACH_DE_BASIC_checkoutfeb25_2A,348332492,B,test,person_04117e40c88deada0b6da261,1,0,message_aa1967c38c6b21a3e3c38486,event_1004d216fef64572971253aa,DELIVERED,2025-02-22 08:37:02,2025-02-22 08:37:06,299 € sparen und alle Vorteile für mehr Monate genießen!,0,,,,,on
C01,DACH_DE_BASIC_checkoutfeb25_2A,348332492,B,test,person_3cf2965820395193a4972013,1,0,message_b7239ac846d08c9fb608906e,event_7d5c2a4b304116ecedbe822b,DELIVERED,2025-02-22 08:36:58,2025-02-22 08:37:02,299 € sparen und alle Vorteile für mehr Monate genießen!,0,,,,,on
C01,DACH_DE_BASIC_checkoutfeb25_2A,348332492,B,test,person_3cf2965820395193a4972013,1,0,message_b7239ac846d08c9fb608906e,event_d4ee3cf577d725a5d36feafa,SENT,2025-02-22 08:36:58,2025-02-22 08:36:58,299 € sparen und alle Vorteile für mehr Monate genießen!,0,,,,,on
C01,DACH_DE_BASIC_checkoutfeb25_2A,348332492,B,test,person_0878a0b54dcbf3d40bc565bf,1,0,message_fe12dd0e0f809c9fb2c22b1c,event_fb34593bae36e5ddeac6b8a2,SENT,2025-02-22 08:37:01,2025-02-22 08:37:01,299 € sparen und alle Vorteile für mehr Monate genießen!,0,,,,,on
C01,DACH_DE_BASIC_checkoutfeb25_2A,348332492,B,test,person_0878a0b54dcbf3d40bc565bf,1,0,message_fe12dd0e0f809c9fb2c22b1c,event_b21fe5f85a1da6c6d5674a4a,DELIVERED,2025-02-22 08:37:01,2025-02-22 08:37:04,299 € sparen und alle Vorteile für mehr Monate genießen!,0,,,,,on
C01,DACH_DE_BASIC_checkoutfeb25_2A,348332491,A,test,person_21357e0a2efaaef2f7101a34,1,0,message_7d9e051d3ded077eb09b672d,event_7f539d52c8e26f01809f2201,SENT,2025-02-22 08:36:57,2025-02-22 08:36:57,Wir schenken Ihnen drei Monate ProvenExpert,0,,,,,on
C01,DACH_DE_BASIC_checkoutfeb25_2A,348332491,A,test,person_21357e0a2efaaef2f7101a34,1,0,message_7d9e051d3ded077eb09b672d,event_e5b600eafbdf180670d4c96c,DELIVERED,2025-02-22 08:36:57,2025-02-22 08:36:59,Wir schenken Ihnen drei Monate ProvenExpert,0,,,,,on
C01,DACH_DE_BASIC_checkoutfeb25_2A,348332492,B,test,person_1774a68c8bd891edf3db4f10,1,0,message_6efd3a015f9547e705a30339,event_656a29e46fe7d3e31d730e27,SENT,2025-02-22 08:36:57,2025-02-22 08:36:57,299 € sparen und alle Vorteile für mehr Monate genießen!,0,,,,,on
C01,DACH_DE_BASIC_checkoutfeb25_2A,348332492,B,test,person_1774a68c8bd891edf3db4f10,1,0,message_6efd3a015f9547e705a30339,event_57cd1c73b888a08989db587f,DELIVERED,2025-02-22 08:36:57,2025-02-22 08:36:59,299 € sparen und alle Vorteile für mehr Monate genießen!,0,,,,,on
C01,DACH_DE_BASIC_checkoutfeb25_2A,348332492,B,test,person_363ed62b872b7245da0339ba,1,0,message_38df115bf1c2738e01c524b0,event_1b53493f59085154594197a6,DELIVERED,2025-02-22 08:36:59,2025-02-22 08:37:43,299 € sparen und alle Vorteile für mehr Monate genießen!,0,,,,,on
C01,DACH_DE_BASIC_checkoutfeb25_2A,348332492,B,test,person_363ed62b872b7245da0339ba,1,0,message_38df115bf1c2738e01c524b0,event_09c06bbe56767f6ff8573844,SENT,2025-02-22 08:36:59,2025-02-22 08:36:59,299 € sparen und alle Vorteile für mehr Monate genießen!,0,,,,,on
C01,DACH_DE_BASIC_checkoutfeb25_2A,348332491,A,test,person_1dba3f91db2d524fd493ecc4,1,0,message_b3f040f77cb282ca6b069bbf,event_9be9a0672e61361ec9e6149a,SENT,2025-02-22 08:36:59,2025-02-22 08:36:59,Wir schenken Ihnen drei Monate ProvenExpert,0,,,,,on
C01,DACH_DE_BASIC_checkoutfeb25_2A,348332491,A,test,person_1dba3f91db2d524fd493ecc4,1,0,message_b3f040f77cb282ca6b069bbf,event_cdd858060dd2773c9148e9ea,DELIVERED,2025-02-22 08:36:59,2025-02-22 08:37:01,Wir schenken Ihnen drei Monate ProvenExpert,0,,,,,on
C01,DACH_DE_BASIC_checkoutfeb25_2A,348332492,B,test,person_0be3b6301f37fc2149b179d0,1,0,message_062c056e209966b7f49f0334,event_337514191e600828642afa10,DELIVERED,2025-02-22 08:36:59,2025-02-22 08:37:01,299 € sparen und alle Vorteile für mehr Monate genießen!,0,,,,,on
C01,DACH_DE_BASIC_checkoutfeb25_2A,348332492,B,test,person_0be3b6301f37fc2149b179d0,1,0,message_062c056e209966b7f49f0334,event_d9c5cc63859961e3103d3e52,SENT,2025-02-22 08:36:59,2025-02-22 08:36:59,299 € sparen und alle Vorteile für mehr Monate genießen!,0,,,,,on
C01,DACH_DE_BASIC_checkoutfeb25_2A,348332492,B,test,person_d702c50975e6db7c5c72cf89,1,0,message_452d74f7aad0e4c487ea6e4a,event_4b84ec28a6c980be397319c0,SENT,2025-02-22 08:37:00,2025-02-22 08:37:00,299 € sparen und alle Vorteile für mehr Monate genießen!,0,,,,,on
C01,DACH_DE_BASIC_checkoutfeb25_2A,348332492,B,test,person_d702c50975e6db7c5c72cf89,1,0,message_452d74f7aad0e4c487ea6e4a,event_d19dde2fca3b91a863ce6b27,OPEN,2025-02-22 08:37:00,2025-02-23 11:10:02,299 € sparen und alle Vorteile für mehr Monate genießen!,0,,,,,on
C01,DACH_DE_BASIC_checkoutfeb25_2A,348332492,B,test,person_d702c50975e6db7c5c72cf89,1,0,message_452d74f7aad0e4c487ea6e4a,event_89d2a7e51b8c4a41be2318a9,DELIVERED,2025-02-22 08:37:00,2025-02-22 08:37:02,299 € sparen und alle Vorteile für mehr Monate genießen!,0,,,,,on
C01,DACH_DE_BASIC_checkoutfeb25_2A,348332492,B,test,person_d702c50975e6db7c5c72cf89,1,0,message_452d74f7aad0e4c487ea6e4a,event_47879ca391c1fe77b978e437,OPEN,2025-02-22 08:37:00,2025-02-22 11:16:09,299 € sparen und alle Vorteile für mehr Monate genießen!,0,,,,,on
C01,DACH_DE_BASIC_checkoutfeb25_2A,348332492,B,test,person_d702c50975e6db7c5c72cf89,1,0,message_452d74f7aad0e4c487ea6e4a,event_d64a9b947d4f49f5cdbcb185,OPEN,2025-02-22 08:37:00,2025-02-22 11:17:51,299 € sparen und alle Vorteile für mehr Monate genießen!,0,,,,,on
C01,DACH_DE_BASIC_checkoutfeb25_2A,348332492,B,test,person_ed1c541e7e953ff0c6e14f27,1,0,message_7f508c2f8620cc775a02c9c3,event_bfb6a6e2aa41144379d1eec9,SENT,2025-02-22 08:37:02,2025-02-22 08:37:02,299 € sparen und alle Vorteile für mehr Monate genießen!,0,,,,,on
C01,DACH_DE_BASIC_checkoutfeb25_2A,348332492,B,test,person_ed1c541e7e953ff0c6e14f27,1,0,message_7f508c2f8620cc775a02c9c3,event_b6f4220d769924b33592a59e,DELIVERED,2025-02-22 08:37:02,2025-02-22 08:37:04,299 € sparen und alle Vorteile für mehr Monate genießen!,0,,,,,on
C01,DACH_DE_BASIC_checkoutfeb25_2A,348332492,B,test,person_ed1c541e7e953ff0c6e14f27,1,0,message_7f508c2f8620cc775a02c9c3,event_7c3862331b31e31ff45d95a6,OPEN,2025-02-22 08:37:02,2025-02-22 18:14:28,299 € sparen und alle Vorteile für mehr Monate genießen!,0,,,,,on
C01,DACH_DE_BASIC_checkoutfeb25_2A,348332492,B,test,person_ed1c541e7e953ff0c6e14f27,1,0,message_7f508c2f8620cc775a02c9c3,event_4ba79a37911e9e6523e4ac84,OPEN,2025-02-22 08:37:02,2025-02-22 18:14:29,299 € sparen und alle Vorteile für mehr Monate genießen!,0,,,,,on
C01,DACH_DE_BASIC_checkoutfeb25_2A,348332491,A,test,person_a2466ad66bb70ea0b342fcfd,1,0,message_5582eaae091b03a535d90a27,event_30784a25f915ca4c2ed4b5c0,SENT,2025-02-22 08:37:00,2025-02-22 08:37:00,Wir schenken Ihnen drei Monate ProvenExpert,0,,,,,on
C01,DACH_DE_BASIC_checkoutfeb25_2A,348332491,A,test,person_a2466ad66bb70ea0b342fcfd,1,0,message_5582eaae091b03a535d90a27,event_4ca569c73360d3a28a8a5e74,DELIVERED,2025-02-22 08:37:00,2025-02-22 08:37:03,Wir schenken Ihnen drei Monate ProvenExpert,0,,,,,on
C01,DACH_DE_BASIC_checkoutfeb25_2A,348332492,B,test,person_0aa26a2543f3b8bf2c4637d7,1,0,message_4560cbda9c4681117bec58c4,event_e51cb9f22f80f30437ab011f,SENT,2025-02-22 08:37:01,2025-02-22 08:37:01,299 € sparen und alle Vorteile für mehr Monate genießen!,0,,,,,on
C01,DACH_DE_BASIC_checkoutfeb25_2A,348332492,B,test,person_0aa26a2543f3b8bf2c4637d7,1,0,message_4560cbda9c4681117bec58c4,event_9ff6397c9be9423eaee7e68d,DELIVERED,2025-02-22 08:37:01,2025-02-22 08:37:06,299 € sparen und alle Vorteile für mehr Monate genießen!,0,,,,,on
C01,DACH_DE_BASIC_checkoutfeb25_2A,348332491,A,test,person_ad901677e3a5497cb1c92204,1,0,message_173b3f8d9c030d9a889241f1,event_2032f3b5e1765d3f4fd04212,OPEN,2025-02-22 08:37:01,2025-02-22 08:47:14,Wir schenken Ihnen drei Monate ProvenExpert,0,,,,,on
C01,DACH_DE_BASIC_checkoutfeb25_2A,348332491,A,test,person_ad901677e3a5497cb1c92204,1,0,message_173b3f8d9c030d9a889241f1,event_6dd6f835543da13bcf3ba0d9,OPEN,2025-02-22 08:37:01,2025-05-14 11:51:12,Wir schenken Ihnen drei Monate ProvenExpert,0,,,,,on
C01,DACH_DE_BASIC_checkoutfeb25_2A,348332491,A,test,person_ad901677e3a5497cb1c92204,1,0,message_173b3f8d9c030d9a889241f1,event_6801a971796847d7879e3492,DELIVERED,2025-02-22 08:37:01,2025-02-22 08:37:03,Wir schenken Ihnen drei Monate ProvenExpert,0,,,,,on
C01,DACH_DE_BASIC_checkoutfeb25_2A,348332491,A,test,person_ad901677e3a5497cb1c92204,1,0,message_173b3f8d9c030d9a889241f1,event_9cdba4be37b70a18cc4b63ee,SENT,2025-02-22 08:37:01,2025-02-22 08:37:01,Wir schenken Ihnen drei Monate ProvenExpert,0,,,,,on
C01,DACH_DE_BASIC_checkoutfeb25_2A,348332491,A,test,person_ad901677e3a5497cb1c92204,1,0,message_173b3f8d9c030d9a889241f1,event_896827d77c235e7e10ae92aa,OPEN,2025-02-22 08:37:01,2025-03-24 10:36:20,Wir schenken Ihnen drei Monate ProvenExpert,0,,,,,on
C01,DACH_DE_BASIC_checkoutfeb25_2A,348332491,A,test,person_ad901677e3a5497cb1c92204,1,0,message_173b3f8d9c030d9a889241f1,event_f6fe7e2f1eaceba4253ff3e8,OPEN,2025-02-22 08:37:01,2025-02-22 08:47:14,Wir schenken Ihnen drei Monate ProvenExpert,0,,,,,on
C01,DACH_DE_BASIC_checkoutfeb25_2A,348332492,B,test,person_60b22ca5832711cbf7044de5,1,0,message_0e1ef507c41cb5fa0f53f852,event_e7c344495db21c7d5864efb2,SENT,2025-02-22 08:36:58,2025-02-22 08:36:58,299 € sparen und alle Vorteile für mehr Monate genießen!,0,,,,,on
C01,DACH_DE_BASIC_checkoutfeb25_2A,348332492,B,test,person_926ba830ebf609ce5c6ef3af,1,0,message_630890c99f2ccd0f1a502f19,event_62c0b653554b6e77254dfb1c,DROPPED,2025-02-22 08:36:58,2025-02-22 08:36:58,299 € sparen und alle Vorteile für mehr Monate genießen!,0,,event_3e685755574e220b6f733a4c,,PREVIOUSLY_BOUNCED,on
C01,DACH_DE_BASIC_checkoutfeb25_2A,348332492,B,test,person_60b22ca5832711cbf7044de5,1,0,message_0e1ef507c41cb5fa0f53f852,event_380d9846d2bd850686a91788,DELIVERED,2025-02-22 08:36:58,2025-02-22 08:37:00,299 € sparen und alle Vorteile für mehr Monate genießen!,0,,,,,on
C01,DACH_DE_BASIC_checkoutfeb25_2A,348332491,A,test,person_04bc7a1feb1677e2ebeeec4c,1,0,message_09e50e8c815dc070c2165870,event_d2be5fb060d40fe233f4e241,SENT,2025-02-22 08:35:42,2025-02-22 08:35:42,Wir schenken Ihnen drei Monate ProvenExpert,0,,,,,on
C01,DACH_DE_BASIC_checkoutfeb25_2A,348332491,A,test,person_04bc7a1feb1677e2ebeeec4c,1,0,message_09e50e8c815dc070c2165870,event_e95b88f002e9635976054398,DELIVERED,2025-02-22 08:35:42,2025-02-22 08:35:44,Wir schenken Ihnen drei Monate ProvenExpert,0,,,,,on
C01,DACH_DE_BASIC_checkoutfeb25_2A,348332491,A,test,person_dae064313b014c19d619a0fa,1,0,message_cd4d78416558d15382b51a7d,event_106efbe171406d7c31967e0e,SENT,2025-02-22 08:37:01,2025-02-22 08:37:01,Wir schenken Ihnen drei Monate ProvenExpert,0,,,,,on
C01,DACH_DE_BASIC_checkoutfeb25_2A,348332491,A,test,person_dae064313b014c19d619a0fa,1,0,message_cd4d78416558d15382b51a7d,event_b0784f8ad8cbb974f9a1d1da,DELIVERED,2025-02-22 08:37:01,2025-02-22 08:37:02,Wir schenken Ihnen drei Monate ProvenExpert,0,,,,,on
C01,DACH_DE_BASIC_checkoutfeb25_2A,348332491,A,test,person_8ab000c25bd39dd82f6bc375,1,0,message_6a96f42b10948a9e735345f2,event_1a8866d26b56462721b50655,DELIVERED,2025-02-22 08:36:58,2025-02-22 08:37:00,Wir schenken Ihnen drei Monate ProvenExpert,0,,,,,on
C01,DACH_DE_BASIC_checkoutfeb25_2A,348332491,A,test,person_8ab000c25bd39dd82f6bc375,1,0,message_6a96f42b10948a9e735345f2,event_f22c45b1395393eb3eed73d1,SENT,2025-02-22 08:36:58,2025-02-22 08:36:58,Wir schenken Ihnen drei Monate ProvenExpert,0,,,,,on
C01,DACH_DE_BASIC_checkoutfeb25_2A,348332491,A,test,person_464b280d85c87f53940991d4,1,0,message_035101f28fc004659d41ea94,event_055a9bdb07b66d8445b6c3b7,SENT,2025-02-22 08:36:58,2025-02-22 08:36:58,Wir schenken Ihnen drei Monate ProvenExpert,0,,,,,on
C01,DACH_DE_BASIC_checkoutfeb25_2A,348332491,A,test,person_464b280d85c87f53940991d4,1,0,message_035101f28fc004659d41ea94,event_6e8cee53778e530841525171,DELIVERED,2025-02-22 08:36:58,2025-02-22 08:36:59,Wir schenken Ihnen drei Monate ProvenExpert,0,,,,,on
C01,DACH_DE_BASIC_checkoutfeb25_2A,348332491,A,test,person_ac49eb92d68068e4a0d670cf,1,0,message_21810459eee006ff1da809d7,event_2bd37ad302e0b911234bf8a0,SENT,2025-02-22 08:36:59,2025-02-22 08:36:59,Wir schenken Ihnen drei Monate ProvenExpert,0,,,,,on
C01,DACH_DE_BASIC_checkoutfeb25_2A,348332491,A,test,person_ac49eb92d68068e4a0d670cf,1,0,message_21810459eee006ff1da809d7,event_1f4f262d75feeb38548a2474,DELIVERED,2025-02-22 08:36:59,2025-02-22 08:37:02,Wir schenken Ihnen drei Monate ProvenExpert,0,,,,,on
C01,DACH_DE_BASIC_checkoutfeb25_2A,348332491,A,test,person_ac49eb92d68068e4a0d670cf,1,0,message_21810459eee006ff1da809d7,event_fd2118d38d93e21547c4c82c,OPEN,2025-02-22 08:36:59,2025-02-25 10:31:16,Wir schenken Ihnen drei Monate ProvenExpert,0,,event_e8690ceb9f6f1549e5829b4d,,,on
C01,DACH_DE_BASIC_checkoutfeb25_2A,348332491,A,test,person_ac49eb92d68068e4a0d670cf,1,0,message_21810459eee006ff1da809d7,event_e8690ceb9f6f1549e5829b4d,CLICK,2025-02-22 08:36:59,2025-02-25 10:31:16,Wir schenken Ihnen drei Monate ProvenExpert,0,,,link_8c755275fd479999f20343b2,,on
C01,DACH_DE_BASIC_checkoutfeb25_2A,348332491,A,test,unknown_message_e5d4c905a1b2919a609006b6,0,0,message_86d3abd1bc1f3d6adbbf0f12,event_5166d8cbf4580fe230f90c88,OPEN,2025-02-22 08:37:01,2025-02-22 11:19:03,Wir schenken Ihnen drei Monate ProvenExpert,0,,,,,on
C01,DACH_DE_BASIC_checkoutfeb25_2A,348332491,A,test,unknown_message_e5d4c905a1b2919a609006b6,0,0,message_86d3abd1bc1f3d6adbbf0f12,event_ac6069e68e37e8910d9096d2,OPEN,2025-02-22 08:37:01,2025-02-22 11:19:02,Wir schenken Ihnen drei Monate ProvenExpert,0,,,,,on
C01,DACH_DE_BASIC_checkoutfeb25_2A,348332491,A,test,unknown_message_e5d4c905a1b2919a609006b6,0,0,message_86d3abd1bc1f3d6adbbf0f12,event_1660a8ea23ab8390b2c509e5,SENT,2025-02-22 08:37:01,2025-02-22 08:37:01,Wir schenken Ihnen drei Monate ProvenExpert,0,,,,,on
C01,DACH_DE_BASIC_checkoutfeb25_2A,348332491,A,test,unknown_message_e5d4c905a1b2919a609006b6,0,0,message_86d3abd1bc1f3d6adbbf0f12,event_d24acf38d4c99f796b5b86e5,DELIVERED,2025-02-22 08:37:01,2025-02-22 08:37:02,Wir schenken Ihnen drei Monate ProvenExpert,0,,,,,on
C01,DACH_DE_BASIC_checkoutfeb25_2A,348332491,A,test,unknown_message_e5d4c905a1b2919a609006b6,0,0,message_86d3abd1bc1f3d6adbbf0f12,event_ca13c95c066b3fac95d1c76b,OPEN,2025-02-22 08:37:01,2025-02-22 10:58:23,Wir schenken Ihnen drei Monate ProvenExpert,0,,,,,on
C01,DACH_DE_BASIC_checkoutfeb25_2A,348332491,A,test,unknown_message_e5d4c905a1b2919a609006b6,0,0,message_86d3abd1bc1f3d6adbbf0f12,event_484c9e09f052afb7e3b36679,OPEN,2025-02-22 08:37:01,2025-02-22 23:27:00,Wir schenken Ihnen drei Monate ProvenExpert,0,,,,,on
C01,DACH_DE_BASIC_checkoutfeb25_2A,348332492,B,test,person_c49aa5e07d83f3e7aaf95fbd,1,0,message_981cf8b59570cc722ca080ea,event_c39b6e6c671437a41b1013ca,DELIVERED,2025-02-22 08:36:58,2025-02-22 08:37:04,299 € sparen und alle Vorteile für mehr Monate genießen!,0,,,,,on
C01,DACH_DE_BASIC_checkoutfeb25_2A,348332492,B,test,person_c49aa5e07d83f3e7aaf95fbd,1,0,message_981cf8b59570cc722ca080ea,event_d195ac582e486dfa72e2ef5e,SENT,2025-02-22 08:36:58,2025-02-22 08:36:58,299 € sparen und alle Vorteile für mehr Monate genießen!,0,,,,,on
C01,DACH_DE_BASIC_checkoutfeb25_2A,348332492,B,test,person_e57de5d8a82762bbc79d1566,1,0,message_44ccc02a2d49b685ae8302b4,event_15eaebcdb929098ae1f343a9,SENT,2025-02-22 08:37:01,2025-02-22 08:37:01,299 € sparen und alle Vorteile für mehr Monate genießen!,0,,,,,on
C01,DACH_DE_BASIC_checkoutfeb25_2A,348332492,B,test,person_e57de5d8a82762bbc79d1566,1,0,message_44ccc02a2d49b685ae8302b4,event_f9a7c88ea79eef80ae54ed26,OPEN,2025-02-22 08:37:01,2025-02-22 11:07:55,299 € sparen und alle Vorteile für mehr Monate genießen!,0,,,,,on
C01,DACH_DE_BASIC_checkoutfeb25_2A,348332492,B,test,person_e57de5d8a82762bbc79d1566,1,0,message_44ccc02a2d49b685ae8302b4,event_1d6180e71387915863591562,DELIVERED,2025-02-22 08:37:01,2025-02-22 08:37:02,299 € sparen und alle Vorteile für mehr Monate genießen!,0,,,,,on
C01,DACH_DE_BASIC_checkoutfeb25_2A,348332491,A,test,person_49b20b557f9c941635085a4f,1,0,message_5cad866d40bbbbc6f782764d,event_a79a2da95141416fc5c45f81,SENT,2025-02-22 08:35:42,2025-02-22 08:35:42,Wir schenken Ihnen drei Monate ProvenExpert,0,,,,,on
C01,DACH_DE_BASIC_checkoutfeb25_2A,348332491,A,test,person_49b20b557f9c941635085a4f,1,0,message_5cad866d40bbbbc6f782764d,event_d0e4977f19faf1d594ec980b,DELIVERED,2025-02-22 08:35:42,2025-02-22 08:35:44,Wir schenken Ihnen drei Monate ProvenExpert,0,,,,,on
C01,DACH_DE_BASIC_checkoutfeb25_2A,348332492,B,test,person_1719e67451f76472cdba07a9,1,0,message_afb02f5552a5607f78bded0c,event_7e76d30fd37824d130e523bc,SENT,2025-02-22 08:37:00,2025-02-22 08:37:00,299 € sparen und alle Vorteile für mehr Monate genießen!,0,,,,,on
C01,DACH_DE_BASIC_checkoutfeb25_2A,348332492,B,test,person_1719e67451f76472cdba07a9,1,0,message_afb02f5552a5607f78bded0c,event_836a164046a3b897cc1f6a0a,DELIVERED,2025-02-22 08:37:00,2025-02-22 08:37:01,299 € sparen und alle Vorteile für mehr Monate genießen!,0,,,,,on
C01,DACH_DE_BASIC_checkoutfeb25_2A,348332491,A,test,person_af084aa258f50302bd2b1858,1,0,message_33d5cdbf44b2a5643573144e,event_3d16ca24b56f3154b9309d96,SENT,2025-02-22 08:37:01,2025-02-22 08:37:01,Wir schenken Ihnen drei Monate ProvenExpert,0,,,,,on
C01,DACH_DE_BASIC_checkoutfeb25_2A,348332491,A,test,person_af084aa258f50302bd2b1858,1,0,message_33d5cdbf44b2a5643573144e,event_67f40bd6e0e8267cfb82d69b,DELIVERED,2025-02-22 08:37:01,2025-02-22 08:37:03,Wir schenken Ihnen drei Monate ProvenExpert,0,,,,,on
C01,DACH_DE_BASIC_checkoutfeb25_2A,348332492,B,test,person_6e7435382d1d4157a615ef1d,1,0,message_53b654857da3ae82e390579f,event_9d0700b82cc5fec8aa3ee5f9,SENT,2025-02-22 08:37:01,2025-02-22 08:37:01,299 € sparen und alle Vorteile für mehr Monate genießen!,0,,,,,on
C01,DACH_DE_BASIC_checkoutfeb25_2A,348332492,B,test,person_6e7435382d1d4157a615ef1d,1,0,message_53b654857da3ae82e390579f,event_8e676710d3645b1c08f275ca,DELIVERED,2025-02-22 08:37:01,2025-02-22 08:37:03,299 € sparen und alle Vorteile für mehr Monate genießen!,0,,,,,on
C01,DACH_DE_BASIC_checkoutfeb25_2A,348332492,B,test,person_1108e3a8f2cc91dbcfcfaf55,1,0,message_e2cf19ebf89112c5367e1bf7,event_f373269de21880346c6afb7e,DELIVERED,2025-02-22 08:36:57,2025-02-22 08:37:00,299 € sparen und alle Vorteile für mehr Monate genießen!,0,,,,,on
C01,DACH_DE_BASIC_checkoutfeb25_2A,348332492,B,test,person_1108e3a8f2cc91dbcfcfaf55,1,0,message_e2cf19ebf89112c5367e1bf7,event_c7583419c46f719a71d46093,SENT,2025-02-22 08:36:57,2025-02-22 08:36:57,299 € sparen und alle Vorteile für mehr Monate genießen!,0,,,,,on
C01,DACH_DE_BASIC_checkoutfeb25_2A,348332491,A,test,person_74ed2687978fad9f34ad5001,1,0,message_56b0f5c680874ff3edda33f8,event_26600ce21cd6f1365044c87e,SENT,2025-02-22 08:36:58,2025-02-22 08:36:58,Wir schenken Ihnen drei Monate ProvenExpert,0,,,,,on
C01,DACH_DE_BASIC_checkoutfeb25_2A,348332491,A,test,person_74ed2687978fad9f34ad5001,1,0,message_56b0f5c680874ff3edda33f8,event_7bdff413facf6f24ce2896b8,DELIVERED,2025-02-22 08:36:58,2025-02-22 08:37:00,Wir schenken Ihnen drei Monate ProvenExpert,0,,,,,on
C01,DACH_DE_BASIC_checkoutfeb25_2A,348332491,A,test,person_deacc24d396ab725594c6d27,1,0,message_68d4b123955443f3d21cc359,event_81ec713fec3f3a3622da1cfb,DELIVERED,2025-02-22 08:37:00,2025-02-22 08:37:01,Wir schenken Ihnen drei Monate ProvenExpert,0,,,,,on
C01,DACH_DE_BASIC_checkoutfeb25_2A,348332491,A,test,person_deacc24d396ab725594c6d27,1,0,message_68d4b123955443f3d21cc359,event_d7f2cfb62f31c866fc56a4e5,SENT,2025-02-22 08:37:00,2025-02-22 08:37:00,Wir schenken Ihnen drei Monate ProvenExpert,0,,,,,on
C01,DACH_DE_BASIC_checkoutfeb25_2A,348332491,A,test,person_9edbde9a99d459797edd5efe,1,0,message_aa8dc7ea781529f1ca41be0d,event_f173d4fbc6370d2fbd0c7cad,SENT,2025-02-22 08:36:59,2025-02-22 08:36:59,Wir schenken Ihnen drei Monate ProvenExpert,0,,,,,on
C01,DACH_DE_BASIC_checkoutfeb25_2A,348332491,A,test,person_9edbde9a99d459797edd5efe,1,0,message_aa8dc7ea781529f1ca41be0d,event_cd29a8e52171e861e0e0f995,DELIVERED,2025-02-22 08:36:59,2025-02-22 08:37:02,Wir schenken Ihnen drei Monate ProvenExpert,0,,,,,on
C01,DACH_DE_BASIC_checkoutfeb25_2A,348332491,A,test,person_28421f395a6eb49ab32c151f,1,0,message_d515890b346f0c748c98170b,event_20201fac06354bfc4f85bf6c,SENT,2025-02-22 08:35:42,2025-02-22 08:35:42,Wir schenken Ihnen drei Monate ProvenExpert,0,,,,,on
C01,DACH_DE_BASIC_checkoutfeb25_2A,348332491,A,test,person_28421f395a6eb49ab32c151f,1,0,message_d515890b346f0c748c98170b,event_291fe4f1e7701d728abebe2b,DELIVERED,2025-02-22 08:35:42,2025-02-22 08:35:44,Wir schenken Ihnen drei Monate ProvenExpert,0,,,,,on
C01,DACH_DE_BASIC_checkoutfeb25_2A,348332491,A,test,person_28421f395a6eb49ab32c151f,1,0,message_d515890b346f0c748c98170b,event_156640fa6cb6a618c02b51b4,OPEN,2025-02-22 08:35:42,2025-02-22 20:21:11,Wir schenken Ihnen drei Monate ProvenExpert,0,,,,,on
C01,DACH_DE_BASIC_checkoutfeb25_2A,348332492,B,test,person_21009c7efbc4c78e0daeca59,1,0,message_372efe4bc04ab43af0d70532,event_fc711e6f5cc61aa567378d1c,SENT,2025-02-22 08:36:59,2025-02-22 08:36:59,299 € sparen und alle Vorteile für mehr Monate genießen!,0,,,,,on
C01,DACH_DE_BASIC_checkoutfeb25_2A,348332492,B,test,person_21009c7efbc4c78e0daeca59,1,0,message_372efe4bc04ab43af0d70532,event_cb632bdf268c99600653c131,DELIVERED,2025-02-22 08:36:59,2025-02-22 08:37:16,299 € sparen und alle Vorteile für mehr Monate genießen!,0,,,,,on
C01,DACH_DE_BASIC_checkoutfeb25_2A,348332492,B,test,person_7a1f45a36a3a8832a5816f6a,1,0,message_5ddbcf8ada200a103efe6c72,event_e9eed3527de348ff1960edc2,DELIVERED,2025-02-22 08:36:59,2025-02-22 08:37:02,299 € sparen und alle Vorteile für mehr Monate genießen!,0,,,,,on
C01,DACH_DE_BASIC_checkoutfeb25_2A,348332492,B,test,person_7a1f45a36a3a8832a5816f6a,1,0,message_5ddbcf8ada200a103efe6c72,event_727524d39ecb995d5dd64fad,SENT,2025-02-22 08:36:59,2025-02-22 08:36:59,299 € sparen und alle Vorteile für mehr Monate genießen!,0,,,,,on
C01,DACH_DE_BASIC_checkoutfeb25_2A,348332492,B,test,person_9183374c28eb387cdf2a88f8,1,0,message_5dca53d3dd4c4331c90f4b90,event_58a4c47dc357a57d8eeccba7,SENT,2025-02-22 08:36:59,2025-02-22 08:36:59,299 € sparen und alle Vorteile für mehr Monate genießen!,0,,,,,on
C01,DACH_DE_BASIC_checkoutfeb25_2A,348332492,B,test,person_9183374c28eb387cdf2a88f8,1,0,message_5dca53d3dd4c4331c90f4b90,event_72864e18a5e0d7d03435d84a,DELIVERED,2025-02-22 08:36:59,2025-02-22 08:37:03,299 € sparen und alle Vorteile für mehr Monate genießen!,0,,,,,on
C01,DACH_DE_BASIC_checkoutfeb25_2A,348332492,B,test,person_1352e5446aa76f995710980a,1,0,message_33d6e90f1cbc145419dfa9e1,event_20110e76185265c5a6f96b0b,DROPPED,2025-02-22 08:37:02,2025-02-22 08:37:02,299 € sparen und alle Vorteile für mehr Monate genießen!,0,,event_2c2939592cd065578162b83f,,PREVIOUSLY_BOUNCED,on
C01,DACH_DE_BASIC_checkoutfeb25_2A,348332491,A,test,person_550ba4e306b2ca8d4382f4de,1,0,message_443579c0b52f0f44c6f34560,event_f74f643f7554027ce4ef87eb,DROPPED,2025-02-22 08:35:42,2025-02-22 08:35:42,Wir schenken Ihnen drei Monate ProvenExpert,0,,event_b12f304cc993977af48cee7c,,PREVIOUSLY_BOUNCED,on
C01,DACH_DE_BASIC_checkoutfeb25_2A,348332491,A,test,person_f81b18896beace66734a7da1,1,0,message_be708c888a025cc4cd9cf7a3,event_12e64cd2484105cc7b331f55,SENT,2025-02-22 08:37:00,2025-02-22 08:37:00,Wir schenken Ihnen drei Monate ProvenExpert,0,,,,,on
C01,DACH_DE_BASIC_checkoutfeb25_2A,348332491,A,test,person_f81b18896beace66734a7da1,1,0,message_be708c888a025cc4cd9cf7a3,event_e45ccc56162bf2f96ab53bf8,DELIVERED,2025-02-22 08:37:00,2025-02-22 08:37:02,Wir schenken Ihnen drei Monate ProvenExpert,0,,,,,on
C01,DACH_DE_BASIC_checkoutfeb25_2A,348332492,B,test,person_bde313b043269dfa58f8dd36,1,0,message_d4992c7f8372fabcd73e9073,event_63d45b69bb4ed7fe0731abbd,SENT,2025-02-22 08:37:01,2025-02-22 08:37:01,299 € sparen und alle Vorteile für mehr Monate genießen!,0,,,,,on
C01,DACH_DE_BASIC_checkoutfeb25_2A,348332492,B,test,person_bde313b043269dfa58f8dd36,1,0,message_d4992c7f8372fabcd73e9073,event_ca901a4c2536b5806082e735,DELIVERED,2025-02-22 08:37:01,2025-02-22 08:37:04,299 € sparen und alle Vorteile für mehr Monate genießen!,0,,,,,on
C01,DACH_DE_BASIC_checkoutfeb25_2A,348332491,A,test,person_f7c810b29cdb6ec9e4b6c776,1,0,message_6849086de80de4ff97ae03b8,event_7e5a7db9433e4c6670bf0399,DELIVERED,2025-02-22 08:35:42,2025-02-22 08:35:51,Wir schenken Ihnen drei Monate ProvenExpert,0,,,,,on
C01,DACH_DE_BASIC_checkoutfeb25_2A,348332491,A,test,person_f7c810b29cdb6ec9e4b6c776,1,0,message_6849086de80de4ff97ae03b8,event_a77c7cc7654dd67d2304c71f,SENT,2025-02-22 08:35:42,2025-02-22 08:35:42,Wir schenken Ihnen drei Monate ProvenExpert,0,,,,,on
C01,DACH_DE_BASIC_checkoutfeb25_2A,348332492,B,test,person_8f7e07493c78d9e496063190,1,0,message_d884c513bfaf6ba9bfaadecf,event_6774b6b25c19360601a9a1b1,DELIVERED,2025-02-22 08:36:59,2025-02-22 08:37:14,299 € sparen und alle Vorteile für mehr Monate genießen!,0,,,,,on
C01,DACH_DE_BASIC_checkoutfeb25_2A,348332492,B,test,person_8f7e07493c78d9e496063190,1,0,message_d884c513bfaf6ba9bfaadecf,event_0c6ed31b7f9befa80d7b12df,SENT,2025-02-22 08:36:59,2025-02-22 08:36:59,299 € sparen und alle Vorteile für mehr Monate genießen!,0,,,,,on
C01,DACH_DE_BASIC_checkoutfeb25_2A,348332491,A,test,person_95d8ffa4ab3dca8bd0a2cf3c,1,0,message_ec5bdd52138de30d7eca0ead,event_d72cb1185957adc3b6bb4049,DROPPED,2025-02-22 08:37:00,2025-02-22 08:37:00,Wir schenken Ihnen drei Monate ProvenExpert,0,,event_fec7f3275ecfbe7357c567c7,,PREVIOUSLY_BOUNCED,on
C01,DACH_DE_BASIC_checkoutfeb25_2A,348332492,B,test,person_2684d4aef73cb39fe400cdae,1,0,message_d0e937d17895458b634dc0a4,event_daad16fed8d96678a8104f77,DELIVERED,2025-02-22 08:37:01,2025-02-22 08:37:03,299 € sparen und alle Vorteile für mehr Monate genießen!,0,,,,,on
C01,DACH_DE_BASIC_checkoutfeb25_2A,348332492,B,test,person_2684d4aef73cb39fe400cdae,1,0,message_d0e937d17895458b634dc0a4,event_cab7428afa77a344a17aad55,SENT,2025-02-22 08:37:01,2025-02-22 08:37:01,299 € sparen und alle Vorteile für mehr Monate genießen!,0,,,,,on
C01,DACH_DE_BASIC_checkoutfeb25_2A,348332491,A,test,person_d1e7ce818166f0d1a8d17ce2,1,0,message_ab683cf1db2ef8164a24b93c,event_316bb81fe9b17a3c7c0abb69,DELIVERED,2025-02-22 08:36:58,2025-02-22 08:37:00,Wir schenken Ihnen drei Monate ProvenExpert,0,,,,,on
C01,DACH_DE_BASIC_checkoutfeb25_2A,348332491,A,test,person_d1e7ce818166f0d1a8d17ce2,1,0,message_ab683cf1db2ef8164a24b93c,event_f0fc618d5f66a145a58e6ff6,SENT,2025-02-22 08:36:58,2025-02-22 08:36:58,Wir schenken Ihnen drei Monate ProvenExpert,0,,,,,on
C01,DACH_DE_BASIC_checkoutfeb25_2A,348332492,B,test,person_1eb9966d107e8e807fcddbdc,1,0,message_1fbe960f444e1aa2d2d18df6,event_c6a7bed6f571a62530c2a8b9,SENT,2025-02-22 08:37:01,2025-02-22 08:37:01,299 € sparen und alle Vorteile für mehr Monate genießen!,0,,,,,on
C01,DACH_DE_BASIC_checkoutfeb25_2A,348332492,B,test,person_1eb9966d107e8e807fcddbdc,1,0,message_1fbe960f444e1aa2d2d18df6,event_1b3f8d44a2386955cc7ced40,DELIVERED,2025-02-22 08:37:01,2025-02-22 08:37:04,299 € sparen und alle Vorteile für mehr Monate genießen!,0,,,,,on
C01,DACH_DE_BASIC_checkoutfeb25_2A,348332492,B,test,person_dbfb1bbde0a60d822ddeb4d6,1,0,message_0fbc8d434d3c141f84b3087a,event_9b08c73fe8520c7c53f3e84a,DELIVERED,2025-02-22 08:37:01,2025-02-22 08:37:05,299 € sparen und alle Vorteile für mehr Monate genießen!,0,,,,,on
C01,DACH_DE_BASIC_checkoutfeb25_2A,348332492,B,test,person_dbfb1bbde0a60d822ddeb4d6,1,0,message_0fbc8d434d3c141f84b3087a,event_814407ec6d2215bb2c57371c,SENT,2025-02-22 08:37:01,2025-02-22 08:37:01,299 € sparen und alle Vorteile für mehr Monate genießen!,0,,,,,on
C01,DACH_DE_BASIC_checkoutfeb25_2A,348332492,B,test,person_9371bd847c5480e52a65f828,1,0,message_b3eaba7a42ed72fbabe9ca8c,event_ecabc0c30dbbcb82fcdacedc,SENT,2025-02-22 08:37:01,2025-02-22 08:37:01,299 € sparen und alle Vorteile für mehr Monate genießen!,0,,,,,on
C01,DACH_DE_BASIC_checkoutfeb25_2A,348332492,B,test,person_9371bd847c5480e52a65f828,1,0,message_b3eaba7a42ed72fbabe9ca8c,event_6a50139f15eb3e1fcfab4f61,DELIVERED,2025-02-22 08:37:01,2025-02-22 08:37:04,299 € sparen und alle Vorteile für mehr Monate genießen!,0,,,,,on
C01,DACH_DE_BASIC_checkoutfeb25_2A,348332492,B,test,person_760747ceb2858dc9c1c4fa17,1,0,message_f76e01d88dc66c62ee165924,event_3eb60ae0d2dd599aa29b8ef9,DELIVERED,2025-02-22 08:37:02,2025-02-22 08:37:05,299 € sparen und alle Vorteile für mehr Monate genießen!,0,,,,,on
C01,DACH_DE_BASIC_checkoutfeb25_2A,348332492,B,test,person_760747ceb2858dc9c1c4fa17,1,0,message_f76e01d88dc66c62ee165924,event_6acaf62bd6e2f4f960ce5e36,SENT,2025-02-22 08:37:02,2025-02-22 08:37:02,299 € sparen und alle Vorteile für mehr Monate genießen!,0,,,,,on
C01,DACH_DE_BASIC_checkoutfeb25_2A,348332492,B,test,person_2762ec69cb0fd1c99a8bfb82,1,0,message_07af67e8f4582f6baf903237,event_ff4ec7c74769d9b35fb4845a,SENT,2025-02-22 08:37:02,2025-02-22 08:37:02,299 € sparen und alle Vorteile für mehr Monate genießen!,0,,,,,on
C01,DACH_DE_BASIC_checkoutfeb25_2A,348332492,B,test,person_2762ec69cb0fd1c99a8bfb82,1,0,message_07af67e8f4582f6baf903237,event_f3fb88782bbf64829e4e91f2,DELIVERED,2025-02-22 08:37:02,2025-02-22 08:37:03,299 € sparen und alle Vorteile für mehr Monate genießen!,0,,,,,on
C01,DACH_DE_BASIC_checkoutfeb25_2A,348332491,A,test,person_c0770874658177cbe4480f16,1,0,message_be8348c1a03370fbc26f5c72,event_e377d73e1acaa2dc436cdc4c,SENT,2025-02-22 08:36:59,2025-02-22 08:36:59,Wir schenken Ihnen drei Monate ProvenExpert,0,,,,,on
C01,DACH_DE_BASIC_checkoutfeb25_2A,348332491,A,test,person_c0770874658177cbe4480f16,1,0,message_be8348c1a03370fbc26f5c72,event_d28d14a6a6c6e3bade140c2f,DELIVERED,2025-02-22 08:36:59,2025-02-22 08:37:02,Wir schenken Ihnen drei Monate ProvenExpert,0,,,,,on
C01,DACH_DE_BASIC_checkoutfeb25_2A,348332492,B,test,person_205eb2539c7b4edce0adc616,1,0,message_8abf5956ec60cb5afa0532dc,event_0ec5793ca684d5972084380e,SENT,2025-02-22 08:37:01,2025-02-22 08:37:01,299 € sparen und alle Vorteile für mehr Monate genießen!,0,,,,,on
C01,DACH_DE_BASIC_checkoutfeb25_2A,348332492,B,test,person_205eb2539c7b4edce0adc616,1,0,message_8abf5956ec60cb5afa0532dc,event_294b92291f771f1753f022b6,DELIVERED,2025-02-22 08:37:01,2025-02-22 08:37:03,299 € sparen und alle Vorteile für mehr Monate genießen!,0,,,,,on
C01,DACH_DE_BASIC_checkoutfeb25_2A,348332491,A,test,person_b030d5d9a599163d9110d3ff,1,0,message_519b20919133202f66193a7e,event_a88999ad0e0a4a7dc1a09b7a,SENT,2025-02-22 08:36:58,2025-02-22 08:36:58,Wir schenken Ihnen drei Monate ProvenExpert,0,,,,,on
C01,DACH_DE_BASIC_checkoutfeb25_2A,348332491,A,test,person_b030d5d9a599163d9110d3ff,1,0,message_519b20919133202f66193a7e,event_c6086dfec7c6a548f6fa3610,DELIVERED,2025-02-22 08:36:58,2025-02-22 08:37:04,Wir schenken Ihnen drei Monate ProvenExpert,0,,,,,on
C01,DACH_DE_BASIC_checkoutfeb25_2A,348332491,A,test,person_97030b16a845cb83dd08f000,1,0,message_d8b95be4d79410a843a49830,event_4b83ce8c948b5cb6076c7c6e,SENT,2025-02-22 08:37:00,2025-02-22 08:37:00,Wir schenken Ihnen drei Monate ProvenExpert,0,,,,,on
C01,DACH_DE_BASIC_checkoutfeb25_2A,348332491,A,test,person_97030b16a845cb83dd08f000,1,0,message_d8b95be4d79410a843a49830,event_0ec3538306813271697e7eff,OPEN,2025-02-22 08:37:00,2025-02-23 11:25:48,Wir schenken Ihnen drei Monate ProvenExpert,0,,,,,on
C01,DACH_DE_BASIC_checkoutfeb25_2A,348332491,A,test,person_97030b16a845cb83dd08f000,1,0,message_d8b95be4d79410a843a49830,event_50037f06904448b475b9ad6a,DELIVERED,2025-02-22 08:37:00,2025-02-22 08:37:01,Wir schenken Ihnen drei Monate ProvenExpert,0,,,,,on
C01,DACH_DE_BASIC_checkoutfeb25_2A,348332491,A,test,person_a87dc0f32b669c2335d52bef,1,0,message_fd92788dbb3b241796b2d3eb,event_95509daf771dd93f645715c0,DELIVERED,2025-02-22 08:36:58,2025-02-22 08:37:00,Wir schenken Ihnen drei Monate ProvenExpert,0,,,,,on
C01,DACH_DE_BASIC_checkoutfeb25_2A,348332491,A,test,person_a87dc0f32b669c2335d52bef,1,0,message_fd92788dbb3b241796b2d3eb,event_4ecab68cbcb3275688bd1e41,SENT,2025-02-22 08:36:58,2025-02-22 08:36:58,Wir schenken Ihnen drei Monate ProvenExpert,0,,,,,on
C01,DACH_DE_BASIC_checkoutfeb25_2A,348332491,A,test,person_a87dc0f32b669c2335d52bef,1,0,message_fd92788dbb3b241796b2d3eb,event_23c272493b3b1222b1b0f9de,OPEN,2025-02-22 08:36:58,2025-02-26 13:04:17,Wir schenken Ihnen drei Monate ProvenExpert,0,,,,,on
C01,DACH_DE_BASIC_checkoutfeb25_2A,348332492,B,test,person_4c782bef288bf66c22965470,1,0,message_62ace8dc3c336b10d6fc736e,event_42eb1c7c4b9a49f4b3700e17,SENT,2025-02-22 08:37:01,2025-02-22 08:37:01,299 € sparen und alle Vorteile für mehr Monate genießen!,0,,,,,on
C01,DACH_DE_BASIC_checkoutfeb25_2A,348332492,B,test,person_4c782bef288bf66c22965470,1,0,message_62ace8dc3c336b10d6fc736e,event_ca192a508457c8c0e8a2c521,DELIVERED,2025-02-22 08:37:01,2025-02-22 08:37:04,299 € sparen und alle Vorteile für mehr Monate genießen!,0,,,,,on
C01,DACH_DE_BASIC_checkoutfeb25_2A,348332491,A,test,person_87c6a0c6b2576e7a5d36bb87,1,0,message_78582687c72ec723234c9955,event_405bb5ed180085a9500c2da8,DELIVERED,2025-02-22 08:36:59,2025-02-22 08:37:01,Wir schenken Ihnen drei Monate ProvenExpert,0,,,,,on
C01,DACH_DE_BASIC_checkoutfeb25_2A,348332491,A,test,person_c3f605a934e5a08b4795fad3,1,0,message_0dc03dafd88e83fa00e67fff,event_ccc27de5bb24c080c234f72f,DROPPED,2025-02-22 08:37:01,2025-02-22 08:37:01,Wir schenken Ihnen drei Monate ProvenExpert,0,,event_49d7e1f11236983addeadfdd,,PREVIOUSLY_BOUNCED,on
C01,DACH_DE_BASIC_checkoutfeb25_2A,348332491,A,test,person_87c6a0c6b2576e7a5d36bb87,1,0,message_78582687c72ec723234c9955,event_fd186c61f247d11d27e573e6,SENT,2025-02-22 08:36:59,2025-02-22 08:36:59,Wir schenken Ihnen drei Monate ProvenExpert,0,,,,,on
C01,DACH_DE_BASIC_checkoutfeb25_2A,348332492,B,test,person_5df3677c3f0367062efdfab3,1,0,message_4b5a8126c930376276e24708,event_b9152685cc61ebceebb4504a,SENT,2025-02-22 08:37:01,2025-02-22 08:37:01,299 € sparen und alle Vorteile für mehr Monate genießen!,0,,,,,on
C01,DACH_DE_BASIC_checkoutfeb25_2A,348332492,B,test,person_5df3677c3f0367062efdfab3,1,0,message_4b5a8126c930376276e24708,event_51328f895893267702d1bb59,DELIVERED,2025-02-22 08:37:01,2025-02-22 08:37:03,299 € sparen und alle Vorteile für mehr Monate genießen!,0,,,,,on
C01,DACH_DE_BASIC_checkoutfeb25_2A,348332492,B,test,person_982e586890ffa67735ba8dc1,1,0,message_ec4716175584e88b3195fba2,event_1a9c534c1e9289d430612d1d,OPEN,2025-02-22 08:36:58,2025-02-22 11:44:53,299 € sparen und alle Vorteile für mehr Monate genießen!,0,,,,,on
C01,DACH_DE_BASIC_checkoutfeb25_2A,348332492,B,test,person_982e586890ffa67735ba8dc1,1,0,message_ec4716175584e88b3195fba2,event_65d9583c128c0368c62d9f3c,OPEN,2025-02-22 08:36:58,2025-02-22 11:44:52,299 € sparen und alle Vorteile für mehr Monate genießen!,0,,,,,on
C01,DACH_DE_BASIC_checkoutfeb25_2A,348332492,B,test,person_982e586890ffa67735ba8dc1,1,0,message_ec4716175584e88b3195fba2,event_f83e0a2b87c3c22ddd340e32,SENT,2025-02-22 08:36:58,2025-02-22 08:36:58,299 € sparen und alle Vorteile für mehr Monate genießen!,0,,,,,on
C01,DACH_DE_BASIC_checkoutfeb25_2A,348332492,B,test,person_982e586890ffa67735ba8dc1,1,0,message_ec4716175584e88b3195fba2,event_f75a22177990f0f421661288,DELIVERED,2025-02-22 08:36:58,2025-02-22 08:36:58,299 € sparen und alle Vorteile für mehr Monate genießen!,0,,,,,on
C01,DACH_DE_BASIC_checkoutfeb25_2A,348332491,A,test,person_98a17deabb9c673ef375da99,1,0,message_b990119a95fdd80b6d8a9077,event_f36297d0dd04af9d92dc21ba,SENT,2025-02-22 08:35:42,2025-02-22 08:35:42,Wir schenken Ihnen drei Monate ProvenExpert,0,,,,,on
C01,DACH_DE_BASIC_checkoutfeb25_2A,348332491,A,test,person_98a17deabb9c673ef375da99,1,0,message_b990119a95fdd80b6d8a9077,event_84c78d5db77054b1fbc513b3,DELIVERED,2025-02-22 08:35:42,2025-02-22 08:35:53,Wir schenken Ihnen drei Monate ProvenExpert,0,,,,,on
C01,DACH_DE_BASIC_checkoutfeb25_2A,348332491,A,test,person_8ec13fb94b7b0aee2dfe01c8,1,0,message_3e8fad6a776a851af4294166,event_b6ee95a5078bc2b55d0ef801,SENT,2025-02-22 08:36:57,2025-02-22 08:36:57,Wir schenken Ihnen drei Monate ProvenExpert,0,,,,,on
C01,DACH_DE_BASIC_checkoutfeb25_2A,348332491,A,test,person_8ec13fb94b7b0aee2dfe01c8,1,0,message_3e8fad6a776a851af4294166,event_0223b06d2c2c87014c7e8090,DELIVERED,2025-02-22 08:36:57,2025-02-22 08:36:58,Wir schenken Ihnen drei Monate ProvenExpert,0,,,,,on
C01,DACH_DE_BASIC_checkoutfeb25_2A,348332491,A,test,person_6aa9644f9e8db0cebdca2201,1,0,message_73829bb3f24ab7daa068c990,event_66a8601fcca42cc58ca7d697,SENT,2025-02-22 08:36:58,2025-02-22 08:36:58,Wir schenken Ihnen drei Monate ProvenExpert,0,,,,,on
C01,DACH_DE_BASIC_checkoutfeb25_2A,348332491,A,test,person_6aa9644f9e8db0cebdca2201,1,0,message_73829bb3f24ab7daa068c990,event_47d31ad5a5ff8607a489b3c6,DELIVERED,2025-02-22 08:36:58,2025-02-22 08:37:00,Wir schenken Ihnen drei Monate ProvenExpert,0,,,,,on
C01,DACH_DE_BASIC_checkoutfeb25_2A,348332491,A,test,person_c62780bdd4747b773dc56e53,1,0,message_7f3350e5a3d68baac7f4610e,event_fab5af4543b897b9b10fbd09,DELIVERED,2025-02-22 08:37:00,2025-02-22 08:37:02,Wir schenken Ihnen drei Monate ProvenExpert,0,,,,,on
C01,DACH_DE_BASIC_checkoutfeb25_2A,348332491,A,test,person_c62780bdd4747b773dc56e53,1,0,message_7f3350e5a3d68baac7f4610e,event_d85631d7a8125761fec691bf,SENT,2025-02-22 08:37:00,2025-02-22 08:37:00,Wir schenken Ihnen drei Monate ProvenExpert,0,,,,,on
C01,DACH_DE_BASIC_checkoutfeb25_2A,348332491,A,test,person_a88a9824aa932a7813738323,1,0,message_29e90a88e53d5a197fa51587,event_5402145446fd2f7d29c98749,SENT,2025-02-22 08:36:58,2025-02-22 08:36:58,Wir schenken Ihnen drei Monate ProvenExpert,0,,,,,on
C01,DACH_DE_BASIC_checkoutfeb25_2A,348332491,A,test,person_a88a9824aa932a7813738323,1,0,message_29e90a88e53d5a197fa51587,event_fa91947ef66ce841d3c6ebdf,DELIVERED,2025-02-22 08:36:58,2025-02-22 08:37:01,Wir schenken Ihnen drei Monate ProvenExpert,0,,,,,on
C01,DACH_DE_BASIC_checkoutfeb25_2A,348332491,A,test,person_585e1a9fcec5e8e9081c091a,1,0,message_6fcd06a02d14b87cf0f8bbdd,event_d210545d340023ac5651a674,DELIVERED,2025-02-22 08:36:58,2025-02-22 08:37:03,Wir schenken Ihnen drei Monate ProvenExpert,0,,,,,on
C01,DACH_DE_BASIC_checkoutfeb25_2A,348332491,A,test,person_585e1a9fcec5e8e9081c091a,1,0,message_6fcd06a02d14b87cf0f8bbdd,event_32dc22859d8097a8d46f89d9,SENT,2025-02-22 08:36:58,2025-02-22 08:36:58,Wir schenken Ihnen drei Monate ProvenExpert,0,,,,,on
C01,DACH_DE_BASIC_checkoutfeb25_2A,348332492,B,test,person_0b2ac72fea11393bfb68828d,1,0,message_73197232e9d7f07d82619222,event_c282e8940b167f6d357230ac,DROPPED,2025-02-22 08:36:59,2025-02-22 08:36:59,299 € sparen und alle Vorteile für mehr Monate genießen!,0,,event_1bc1bb84cdb564f4ec4c6cc3,,PREVIOUSLY_BOUNCED,on
C01,DACH_DE_BASIC_checkoutfeb25_2A,348332491,A,test,person_8ac34e53c86a82163445ff66,1,0,message_e6ab923fbee7b259a43dde52,event_afe6245c3eece464c7b165f4,SENT,2025-02-22 08:36:58,2025-02-22 08:36:58,Wir schenken Ihnen drei Monate ProvenExpert,0,,,,,on
C01,DACH_DE_BASIC_checkoutfeb25_2A,348332491,A,test,person_8ac34e53c86a82163445ff66,1,0,message_e6ab923fbee7b259a43dde52,event_d94bc03adab25c02261100b0,DELIVERED,2025-02-22 08:36:58,2025-02-22 08:37:00,Wir schenken Ihnen drei Monate ProvenExpert,0,,,,,on
C01,DACH_DE_BASIC_checkoutfeb25_2A,348332492,B,test,person_5d7b9a4a137dbb1204ae06d2,1,0,message_5406fee917933efd8a4bcb71,event_443aa49af1439118614400fd,SENT,2025-02-22 08:37:00,2025-02-22 08:37:00,299 € sparen und alle Vorteile für mehr Monate genießen!,0,,,,,on
C01,DACH_DE_BASIC_checkoutfeb25_2A,348332492,B,test,person_5d7b9a4a137dbb1204ae06d2,1,0,message_5406fee917933efd8a4bcb71,event_ae1d864bc80b9deb5c13f718,DELIVERED,2025-02-22 08:37:00,2025-02-22 08:37:02,299 € sparen und alle Vorteile für mehr Monate genießen!,0,,,,,on
C01,DACH_DE_BASIC_checkoutfeb25_2A,348332492,B,test,person_f4f1368fac37f401db515526,1,0,message_893b559965bcdd0f903560bd,event_793ba841d2a20dc9d775aab2,OPEN,2025-02-22 08:37:02,2025-02-22 09:53:53,299 € sparen und alle Vorteile für mehr Monate genießen!,0,,,,,on
C01,DACH_DE_BASIC_checkoutfeb25_2A,348332492,B,test,person_f4f1368fac37f401db515526,1,0,message_893b559965bcdd0f903560bd,event_fe11397943544350e6fa97b5,DELIVERED,2025-02-22 08:37:02,2025-02-22 08:37:04,299 € sparen und alle Vorteile für mehr Monate genießen!,0,,,,,on
C01,DACH_DE_BASIC_checkoutfeb25_2A,348332492,B,test,person_f4f1368fac37f401db515526,1,0,message_893b559965bcdd0f903560bd,event_f0c293353119522f399592d0,SENT,2025-02-22 08:37:02,2025-02-22 08:37:02,299 € sparen und alle Vorteile für mehr Monate genießen!,0,,,,,on
C01,DACH_DE_BASIC_checkoutfeb25_2A,348332492,B,test,person_a1f6e86f27db95be5137ca51,1,0,message_d9dc5f5bf544beb30818fd87,event_4a52fa2fadb1fd57c52b4aa0,SENT,2025-02-22 08:37:00,2025-02-22 08:37:00,299 € sparen und alle Vorteile für mehr Monate genießen!,0,,,,,on
C01,DACH_DE_BASIC_checkoutfeb25_2A,348332492,B,test,person_a1f6e86f27db95be5137ca51,1,0,message_d9dc5f5bf544beb30818fd87,event_96d892c1635283106b9b94db,DELIVERED,2025-02-22 08:37:00,2025-02-22 08:37:03,299 € sparen und alle Vorteile für mehr Monate genießen!,0,,,,,on
C01,DACH_DE_BASIC_checkoutfeb25_2A,348332491,A,test,person_a45a8fefe9583d0b8b2a6af5,1,0,message_411fae3bf0fdaa4a2594a629,event_af02ff59f2e0a148fce21747,SENT,2025-02-22 08:36:59,2025-02-22 08:36:59,Wir schenken Ihnen drei Monate ProvenExpert,0,,,,,on
C01,DACH_DE_BASIC_checkoutfeb25_2A,348332491,A,test,person_a45a8fefe9583d0b8b2a6af5,1,0,message_411fae3bf0fdaa4a2594a629,event_4d6b1755ae7d852e1ffdb395,DELIVERED,2025-02-22 08:36:59,2025-02-22 08:37:00,Wir schenken Ihnen drei Monate ProvenExpert,0,,,,,on
C01,DACH_DE_BASIC_checkoutfeb25_2A,348332492,B,test,person_342337f5dd2c4215342654f2,1,0,message_ae24ec1007d51975885c5b88,event_0b94a64721593ec405493f01,OPEN,2025-02-22 08:37:00,2025-02-22 09:08:09,299 € sparen und alle Vorteile für mehr Monate genießen!,0,,,,,on
C01,DACH_DE_BASIC_checkoutfeb25_2A,348332492,B,test,person_342337f5dd2c4215342654f2,1,0,message_ae24ec1007d51975885c5b88,event_5bb7436d062b12896af59c05,DELIVERED,2025-02-22 08:37:00,2025-02-22 08:37:01,299 € sparen und alle Vorteile für mehr Monate genießen!,0,,,,,on
C01,DACH_DE_BASIC_checkoutfeb25_2A,348332492,B,test,person_342337f5dd2c4215342654f2,1,0,message_ae24ec1007d51975885c5b88,event_1ca9c2644163c4e4e9ab8ebb,SENT,2025-02-22 08:37:00,2025-02-22 08:37:00,299 € sparen und alle Vorteile für mehr Monate genießen!,0,,,,,on
C01,DACH_DE_BASIC_checkoutfeb25_2A,348332492,B,test,person_342337f5dd2c4215342654f2,1,0,message_ae24ec1007d51975885c5b88,event_d82aeed795427340b74dae21,CLICK,2025-02-22 08:37:00,2025-02-22 09:08:34,299 € sparen und alle Vorteile für mehr Monate genießen!,0,,,link_c1290305c3cd987aa29e51cb,,on
C01,DACH_DE_BASIC_checkoutfeb25_2A,348332491,A,test,person_5a1741c73b7b93260c176cca,1,0,message_f2d4adabf452672df06a803b,event_6531ed9f67de36653278b4bb,SENT,2025-02-22 08:37:01,2025-02-22 08:37:01,Wir schenken Ihnen drei Monate ProvenExpert,0,,,,,on
C01,DACH_DE_BASIC_checkoutfeb25_2A,348332491,A,test,person_5a1741c73b7b93260c176cca,1,0,message_f2d4adabf452672df06a803b,event_c23fe0b9241bc27529c8b71a,DELIVERED,2025-02-22 08:37:01,2025-02-22 08:37:03,Wir schenken Ihnen drei Monate ProvenExpert,0,,,,,on
C01,DACH_DE_BASIC_checkoutfeb25_2A,348332491,A,test,person_5a1741c73b7b93260c176cca,1,0,message_f2d4adabf452672df06a803b,event_dfcef8f84a9984b2f487e5c5,OPEN,2025-02-22 08:37:01,2025-02-22 08:39:13,Wir schenken Ihnen drei Monate ProvenExpert,0,,,,,on
C01,DACH_DE_BASIC_checkoutfeb25_2A,348332491,A,test,person_5a1741c73b7b93260c176cca,1,0,message_f2d4adabf452672df06a803b,event_6c7acb8303e36086b9e06ac3,OPEN,2025-02-22 08:37:01,2025-02-22 08:39:13,Wir schenken Ihnen drei Monate ProvenExpert,0,,,,,on
C01,DACH_DE_BASIC_checkoutfeb25_2A,348332491,A,test,person_c2a931fe455f0089eb025cb1,1,0,message_756b5e7a266166c944b54c5e,event_19f0103d91cf6f8873eb3985,OPEN,2025-02-22 08:37:00,2025-02-22 08:58:20,Wir schenken Ihnen drei Monate ProvenExpert,0,,event_0574b73b78c2a6f82f395dfc,,,on
C01,DACH_DE_BASIC_checkoutfeb25_2A,348332491,A,test,person_c2a931fe455f0089eb025cb1,1,0,message_756b5e7a266166c944b54c5e,event_90e04936d8a06f5258536c6d,DELIVERED,2025-02-22 08:37:00,2025-02-22 08:37:43,Wir schenken Ihnen drei Monate ProvenExpert,0,,,,,on
C01,DACH_DE_BASIC_checkoutfeb25_2A,348332491,A,test,person_c2a931fe455f0089eb025cb1,1,0,message_756b5e7a266166c944b54c5e,event_0574b73b78c2a6f82f395dfc,CLICK,2025-02-22 08:37:00,2025-02-22 08:58:20,Wir schenken Ihnen drei Monate ProvenExpert,0,,,link_8c755275fd479999f20343b2,,on
C01,DACH_DE_BASIC_checkoutfeb25_2A,348332491,A,test,person_c2a931fe455f0089eb025cb1,1,0,message_756b5e7a266166c944b54c5e,event_052828982519133808b87303,SENT,2025-02-22 08:37:00,2025-02-22 08:37:00,Wir schenken Ihnen drei Monate ProvenExpert,0,,,,,on
C01,DACH_DE_BASIC_checkoutfeb25_2A,348332492,B,test,person_66ec1c4ab23f63517f22f40c,1,0,message_797d63411b023844d7e9b79f,event_dbfecb7320debee01fe9fb38,DELIVERED,2025-02-22 08:36:59,2025-02-22 08:37:02,299 € sparen und alle Vorteile für mehr Monate genießen!,0,,,,,on
C01,DACH_DE_BASIC_checkoutfeb25_2A,348332492,B,test,person_66ec1c4ab23f63517f22f40c,1,0,message_797d63411b023844d7e9b79f,event_3935f69c7cee2cb732926a4c,SENT,2025-02-22 08:36:59,2025-02-22 08:36:59,299 € sparen und alle Vorteile für mehr Monate genießen!,0,,,,,on
C01,DACH_DE_BASIC_checkoutfeb25_2A,348332491,A,test,person_c0266b3c8dda6e073c9845fb,1,0,message_83b4fae8c9801fd2c6e567d7,event_b95003b21f13f73166bcd48d,SENT,2025-02-22 08:36:59,2025-02-22 08:36:59,Wir schenken Ihnen drei Monate ProvenExpert,0,,,,,on
C01,DACH_DE_BASIC_checkoutfeb25_2A,348332491,A,test,person_c0266b3c8dda6e073c9845fb,1,0,message_83b4fae8c9801fd2c6e567d7,event_17afbda302db776f42a86150,DELIVERED,2025-02-22 08:36:59,2025-02-22 08:37:00,Wir schenken Ihnen drei Monate ProvenExpert,0,,,,,on
C01,DACH_DE_BASIC_checkoutfeb25_2A,348332491,A,test,person_1be980f82a2e7162cc56d477,1,0,message_087dd1f1498fb46fee6e110b,event_72d7df7e8eaba784be5c5328,DELIVERED,2025-02-22 08:35:42,2025-02-22 08:35:45,Wir schenken Ihnen drei Monate ProvenExpert,0,,,,,on
C01,DACH_DE_BASIC_checkoutfeb25_2A,348332491,A,test,person_1be980f82a2e7162cc56d477,1,0,message_087dd1f1498fb46fee6e110b,event_167e336fc7ef8ba4d68900b2,SENT,2025-02-22 08:35:42,2025-02-22 08:35:42,Wir schenken Ihnen drei Monate ProvenExpert,0,,,,,on
C01,DACH_DE_BASIC_checkoutfeb25_2A,348332491,A,test,person_80a7eb62a09cb2a0640e8c86,1,0,message_f9ec83a61642513b3a96d3c7,event_92fe0e5476eb0696f1f565ac,DROPPED,2025-02-22 08:36:59,2025-02-22 08:36:59,Wir schenken Ihnen drei Monate ProvenExpert,0,,event_0d4263bc595666f9fcdddaa5,,PREVIOUSLY_BOUNCED,on
C01,DACH_DE_BASIC_checkoutfeb25_2A,348332491,A,test,person_8d2e6a91e8f00ab411d028ea,1,0,message_57304b26e7cdbea2899ab699,event_3f0d33b5b20f8890b22dba81,SENT,2025-02-22 08:37:01,2025-02-22 08:37:01,Wir schenken Ihnen drei Monate ProvenExpert,0,,,,,on
C01,DACH_DE_BASIC_checkoutfeb25_2A,348332491,A,test,person_8d2e6a91e8f00ab411d028ea,1,0,message_57304b26e7cdbea2899ab699,event_c923abcde140668c9995eeb3,DELIVERED,2025-02-22 08:37:01,2025-02-22 08:37:05,Wir schenken Ihnen drei Monate ProvenExpert,0,,,,,on
C01,DACH_DE_BASIC_checkoutfeb25_2A,348332491,A,test,person_391da52a907338a8a3e12375,1,0,message_4827f0f90e6be8b9861d0248,event_a160966437a6f211a87ddaa2,SENT,2025-02-22 08:36:59,2025-02-22 08:36:59,Wir schenken Ihnen drei Monate ProvenExpert,0,,,,,on
C01,DACH_DE_BASIC_checkoutfeb25_2A,348332491,A,test,person_391da52a907338a8a3e12375,1,0,message_4827f0f90e6be8b9861d0248,event_7c1f2a658eec521aa440333e,DELIVERED,2025-02-22 08:36:59,2025-02-22 08:37:19,Wir schenken Ihnen drei Monate ProvenExpert,0,,,,,on
C01,DACH_DE_BASIC_checkoutfeb25_2A,348332492,B,test,person_79042d6e749f93b9af19efdc,1,0,message_c0917ee84e41c1de9241661e,event_05f977fbb3a3c90049b5384e,DELIVERED,2025-02-22 08:37:00,2025-02-22 08:37:03,299 € sparen und alle Vorteile für mehr Monate genießen!,0,,,,,on
C01,DACH_DE_BASIC_checkoutfeb25_2A,348332492,B,test,person_79042d6e749f93b9af19efdc,1,0,message_c0917ee84e41c1de9241661e,event_df4c9d2e2e08cf7a3491a0e8,SENT,2025-02-22 08:37:00,2025-02-22 08:37:00,299 € sparen und alle Vorteile für mehr Monate genießen!,0,,,,,on
C01,DACH_DE_BASIC_checkoutfeb25_2A,348332492,B,test,person_aa238fde227ff96ae154261f,1,0,message_5d013a6ef9dd71854a7a0250,event_7e775e8d530919b22907eaa4,SENT,2025-02-22 08:36:57,2025-02-22 08:36:57,299 € sparen und alle Vorteile für mehr Monate genießen!,0,,,,,on
C01,DACH_DE_BASIC_checkoutfeb25_2A,348332492,B,test,person_aa238fde227ff96ae154261f,1,0,message_5d013a6ef9dd71854a7a0250,event_3314593a7f805cae63406b3c,DELIVERED,2025-02-22 08:36:57,2025-02-22 08:36:59,299 € sparen und alle Vorteile für mehr Monate genießen!,0,,,,,on
C01,DACH_DE_BASIC_checkoutfeb25_2A,348332491,A,test,person_76dddd7f39f4ecc190450c05,1,0,message_d113f56d21db28ccd7217691,event_27b6db7ec1b2bb053cb952ae,SENT,2025-02-22 08:36:58,2025-02-22 08:36:58,Wir schenken Ihnen drei Monate ProvenExpert,0,,,,,on
C01,DACH_DE_BASIC_checkoutfeb25_2A,348332491,A,test,person_eab31f95ffd159d0a64d3644,1,0,message_f0364cc766f8df73604a9710,event_f23a6fec3a79e325b3795fc5,DROPPED,2025-02-22 08:35:42,2025-02-22 08:35:42,Wir schenken Ihnen drei Monate ProvenExpert,0,,event_15cfd02d4fddf862c8720c73,,PREVIOUSLY_BOUNCED,on
C01,DACH_DE_BASIC_checkoutfeb25_2A,348332491,A,test,person_76dddd7f39f4ecc190450c05,1,0,message_d113f56d21db28ccd7217691,event_3963bb813fc368b794adc856,DELIVERED,2025-02-22 08:36:58,2025-02-22 08:37:02,Wir schenken Ihnen drei Monate ProvenExpert,0,,,,,on
C01,DACH_DE_BASIC_checkoutfeb25_2A,348332492,B,test,person_d20f680ccc1082f0f075daf1,1,0,message_bb597fb1e166bbc200c52f1f,event_3f9cd8508e3b4bb2ff98d826,SENT,2025-02-22 08:37:02,2025-02-22 08:37:02,299 € sparen und alle Vorteile für mehr Monate genießen!,0,,,,,on
C01,DACH_DE_BASIC_checkoutfeb25_2A,348332492,B,test,person_d20f680ccc1082f0f075daf1,1,0,message_bb597fb1e166bbc200c52f1f,event_d397e16876b9c0a5850b84c4,DELIVERED,2025-02-22 08:37:02,2025-02-22 08:37:10,299 € sparen und alle Vorteile für mehr Monate genießen!,0,,,,,on
C01,DACH_DE_BASIC_checkoutfeb25_2A,348332491,A,test,person_64a4157d70ba485a8a81c43b,1,0,message_0d3978d209d451cc682ecf4b,event_1a4cc1a11b5ecb0610a9a99c,DELIVERED,2025-02-22 08:36:58,2025-02-22 08:37:01,Wir schenken Ihnen drei Monate ProvenExpert,0,,,,,on
C01,DACH_DE_BASIC_checkoutfeb25_2A,348332491,A,test,person_64a4157d70ba485a8a81c43b,1,0,message_0d3978d209d451cc682ecf4b,event_367608d9646ed884dad6f8e1,SENT,2025-02-22 08:36:58,2025-02-22 08:36:58,Wir schenken Ihnen drei Monate ProvenExpert,0,,,,,on
C01,DACH_DE_BASIC_checkoutfeb25_2A,348332491,A,test,person_bce38cb637f94fa298532e68,1,0,message_bd863c6494c6621405d8f85e,event_927ec001acbe62096e3a8de9,DEFERRED,2025-02-22 08:36:59,2025-02-22 08:37:07,Wir schenken Ihnen drei Monate ProvenExpert,0,,,,,on
C01,DACH_DE_BASIC_checkoutfeb25_2A,348332491,A,test,person_bce38cb637f94fa298532e68,1,0,message_bd863c6494c6621405d8f85e,event_9bfeb2c9f984d2359a40053c,SENT,2025-02-22 08:36:59,2025-02-22 08:36:59,Wir schenken Ihnen drei Monate ProvenExpert,0,,,,,on
C01,DACH_DE_BASIC_checkoutfeb25_2A,348332491,A,test,person_bce38cb637f94fa298532e68,1,0,message_bd863c6494c6621405d8f85e,event_9990476973ebc429c98e6c0c,DELIVERED,2025-02-22 08:36:59,2025-02-22 08:47:11,Wir schenken Ihnen drei Monate ProvenExpert,0,,,,,on
C01,DACH_DE_BASIC_checkoutfeb25_2A,348332491,A,test,person_0ee6c2bedfd3ceaea4d0b3da,1,0,message_a751a75b55be1051de12e0df,event_a73b7e7a39aad87d2ee5b5f7,SENT,2025-02-22 08:35:42,2025-02-22 08:35:42,Wir schenken Ihnen drei Monate ProvenExpert,0,,,,,on
C01,DACH_DE_BASIC_checkoutfeb25_2A,348332491,A,test,person_6969a311d3de67ad7a64ef2c,1,0,message_a15da7f187f26b5f2cf3c0d2,event_1aae621c6a61139c2149f8e9,DROPPED,2025-02-22 08:37:01,2025-02-22 08:37:01,Wir schenken Ihnen drei Monate ProvenExpert,0,,event_850bcd0ebf8be74095525c25,,PREVIOUSLY_BOUNCED,on
C01,DACH_DE_BASIC_checkoutfeb25_2A,348332491,A,test,person_0ee6c2bedfd3ceaea4d0b3da,1,0,message_a751a75b55be1051de12e0df,event_a8f15affe9539da14f1e69a5,DELIVERED,2025-02-22 08:35:42,2025-02-22 08:35:45,Wir schenken Ihnen drei Monate ProvenExpert,0,,,,,on
C01,DACH_DE_BASIC_checkoutfeb25_2A,348332491,A,test,person_1e84c796b5317e06f990395f,1,0,message_d9552d157e951595eaa02183,event_ca9456b44f90038adde77b44,SENT,2025-02-22 08:36:57,2025-02-22 08:36:57,Wir schenken Ihnen drei Monate ProvenExpert,0,,,,,on
C01,DACH_DE_BASIC_checkoutfeb25_2A,348332491,A,test,person_1e84c796b5317e06f990395f,1,0,message_d9552d157e951595eaa02183,event_7c0968668db57b083f085baa,DELIVERED,2025-02-22 08:36:57,2025-02-22 08:36:59,Wir schenken Ihnen drei Monate ProvenExpert,0,,,,,on
C01,DACH_DE_BASIC_checkoutfeb25_2A,348332492,B,test,person_8e78db1ed68ab884817a92c2,1,0,message_efacf25b62ff63259e4fb5a2,event_874037f1d486e5b164b86ac4,DELIVERED,2025-02-22 08:36:59,2025-02-22 08:37:00,299 € sparen und alle Vorteile für mehr Monate genießen!,0,,,,,on
C01,DACH_DE_BASIC_checkoutfeb25_2A,348332492,B,test,person_8e78db1ed68ab884817a92c2,1,0,message_efacf25b62ff63259e4fb5a2,event_5b714d34f48442e3e1e3dc1d,SENT,2025-02-22 08:36:59,2025-02-22 08:36:59,299 € sparen und alle Vorteile für mehr Monate genießen!,0,,,,,on
C01,DACH_DE_BASIC_checkoutfeb25_2A,348332491,A,test,person_581cc7dcd799a8796cd9e5e5,1,0,message_b801835b5cd13e0e12bf3d62,event_91dbe1a07db203113848f58f,DELIVERED,2025-02-22 08:35:42,2025-02-22 08:35:45,Wir schenken Ihnen drei Monate ProvenExpert,0,,,,,on
C01,DACH_DE_BASIC_checkoutfeb25_2A,348332491,A,test,person_581cc7dcd799a8796cd9e5e5,1,0,message_b801835b5cd13e0e12bf3d62,event_50182febf269fa739a9c8d01,SENT,2025-02-22 08:35:42,2025-02-22 08:35:42,Wir schenken Ihnen drei Monate ProvenExpert,0,,,,,on
C01,DACH_DE_BASIC_checkoutfeb25_2A,348332492,B,test,person_f688bd612be017e3c1d1acc7,1,0,message_370b8d7cf0d7e753f6577000,event_f6ec438ff13561432822b208,DELIVERED,2025-02-22 08:36:58,2025-02-22 08:37:01,299 € sparen und alle Vorteile für mehr Monate genießen!,0,,,,,on
C01,DACH_DE_BASIC_checkoutfeb25_2A,348332492,B,test,person_f688bd612be017e3c1d1acc7,1,0,message_370b8d7cf0d7e753f6577000,event_0f7312262316a6cde930d174,SENT,2025-02-22 08:36:58,2025-02-22 08:36:58,299 € sparen und alle Vorteile für mehr Monate genießen!,0,,,,,on
C01,DACH_DE_BASIC_checkoutfeb25_2A,348332492,B,test,person_b523eaa2a1d3b884dc5cf955,1,0,message_0322fab6d579176951b70d40,event_3739debfa7f1cfa19ef54290,DROPPED,2025-02-22 08:37:00,2025-02-22 08:37:00,299 € sparen und alle Vorteile für mehr Monate genießen!,0,,event_f6bc6310b7bcab8d43d8bfaa,,PREVIOUSLY_BOUNCED,on
C01,DACH_DE_BASIC_checkoutfeb25_2A,348332491,A,test,person_282a795ae596cb387d6612f2,1,0,message_c3cb5e944382ae7964590a2c,event_00c1ae145dbdd7d9c85a1cff,SENT,2025-02-22 08:35:42,2025-02-22 08:35:42,Wir schenken Ihnen drei Monate ProvenExpert,0,,,,,on
C01,DACH_DE_BASIC_checkoutfeb25_2A,348332491,A,test,person_282a795ae596cb387d6612f2,1,0,message_c3cb5e944382ae7964590a2c,event_d7af48e1c61d5e1c9a1a7d0b,DELIVERED,2025-02-22 08:35:42,2025-02-22 08:35:47,Wir schenken Ihnen drei Monate ProvenExpert,0,,,,,on
C01,DACH_DE_BASIC_checkoutfeb25_2A,348332491,A,test,person_3dfe6c4fe29904c78a582861,1,0,message_16c877de17cd43ee71956166,event_e591c13838df5f796c299a2a,SENT,2025-02-22 08:37:00,2025-02-22 08:37:00,Wir schenken Ihnen drei Monate ProvenExpert,0,,,,,on
C01,DACH_DE_BASIC_checkoutfeb25_2A,348332491,A,test,person_3dfe6c4fe29904c78a582861,1,0,message_16c877de17cd43ee71956166,event_51fbebfad2cebd5ddbf898c7,DELIVERED,2025-02-22 08:37:00,2025-02-22 08:37:02,Wir schenken Ihnen drei Monate ProvenExpert,0,,,,,on
C01,DACH_DE_BASIC_checkoutfeb25_2A,348332491,A,test,person_f1494c064062214c43dec955,1,0,message_c539f82178c574f7c9870807,event_6fe0f60e06879cf15fcce789,DELIVERED,2025-02-22 08:37:01,2025-02-22 08:37:02,Wir schenken Ihnen drei Monate ProvenExpert,0,,,,,on
C01,DACH_DE_BASIC_checkoutfeb25_2A,348332491,A,test,person_f1494c064062214c43dec955,1,0,message_c539f82178c574f7c9870807,event_ef763be67f129cf7958f45bd,SENT,2025-02-22 08:37:01,2025-02-22 08:37:01,Wir schenken Ihnen drei Monate ProvenExpert,0,,,,,on
C01,DACH_DE_BASIC_checkoutfeb25_2A,348332491,A,test,person_21873caabe246c747a21688e,1,0,message_2791ff29e26a9e87356a57de,event_61250ac2782186da6a13a62b,DELIVERED,2025-02-22 08:36:57,2025-02-22 08:36:59,Wir schenken Ihnen drei Monate ProvenExpert,0,,,,,on
C01,DACH_DE_BASIC_checkoutfeb25_2A,348332491,A,test,person_21873caabe246c747a21688e,1,0,message_2791ff29e26a9e87356a57de,event_637fdcbcce124be01e101dae,SENT,2025-02-22 08:36:57,2025-02-22 08:36:57,Wir schenken Ihnen drei Monate ProvenExpert,0,,,,,on
C01,DACH_DE_BASIC_checkoutfeb25_2A,348332492,B,test,person_df42342f30ef14d32f6e20bd,1,0,message_88842daf539d58ec3b1a6158,event_1e369d07d6b593265c1f927a,SENT,2025-02-22 08:37:02,2025-02-22 08:37:02,299 € sparen und alle Vorteile für mehr Monate genießen!,0,,,,,on
C01,DACH_DE_BASIC_checkoutfeb25_2A,348332492,B,test,person_df42342f30ef14d32f6e20bd,1,0,message_88842daf539d58ec3b1a6158,event_dbd75d83d4c1dcf56f0d7473,DELIVERED,2025-02-22 08:37:02,2025-02-22 08:37:03,299 € sparen und alle Vorteile für mehr Monate genießen!,0,,,,,on
C01,DACH_DE_BASIC_checkoutfeb25_2A,348332492,B,test,person_df42342f30ef14d32f6e20bd,1,0,message_88842daf539d58ec3b1a6158,event_dd1459ba52f65368c13d2c54,OPEN,2025-02-22 08:37:02,2025-02-22 09:58:47,299 € sparen und alle Vorteile für mehr Monate genießen!,0,,,,,on
C01,DACH_DE_BASIC_checkoutfeb25_2A,348332492,B,test,person_38bb124398a7b6a65ee704d8,1,0,message_8b2c569506569c712bf40432,event_ab01b5a4406fc43043584e55,DELIVERED,2025-02-22 08:37:02,2025-02-22 08:37:03,299 € sparen und alle Vorteile für mehr Monate genießen!,0,,,,,on
C01,DACH_DE_BASIC_checkoutfeb25_2A,348332492,B,test,person_38bb124398a7b6a65ee704d8,1,0,message_8b2c569506569c712bf40432,event_4186ffc66a92fff8c78434f1,SENT,2025-02-22 08:37:02,2025-02-22 08:37:02,299 € sparen und alle Vorteile für mehr Monate genießen!,0,,,,,on
C01,DACH_DE_BASIC_checkoutfeb25_2A,348332492,B,test,person_bf39ab597a3fbcd904120b79,1,0,message_293d229a32a53216e31309c8,event_a13553bc84506d459442e0c6,SENT,2025-02-22 08:37:02,2025-02-22 08:37:02,299 € sparen und alle Vorteile für mehr Monate genießen!,0,,,,,on
C01,DACH_DE_BASIC_checkoutfeb25_2A,348332492,B,test,person_bf39ab597a3fbcd904120b79,1,0,message_293d229a32a53216e31309c8,event_00dc8b708a504431a61d38a9,OPEN,2025-02-22 08:37:02,2025-02-22 08:53:56,299 € sparen und alle Vorteile für mehr Monate genießen!,0,,,,,on
C01,DACH_DE_BASIC_checkoutfeb25_2A,348332492,B,test,person_bf39ab597a3fbcd904120b79,1,0,message_293d229a32a53216e31309c8,event_121685d49fc4a4356a357f05,DELIVERED,2025-02-22 08:37:02,2025-02-22 08:37:04,299 € sparen und alle Vorteile für mehr Monate genießen!,0,,,,,on
C01,DACH_DE_BASIC_checkoutfeb25_2A,348332491,A,test,person_86f233f3892e722be99d5626,1,0,message_6fd6c1a0b5948e0b99f6f7f0,event_54cbd5096474876f698a763d,SENT,2025-02-22 08:37:00,2025-02-22 08:37:00,Wir schenken Ihnen drei Monate ProvenExpert,0,,,,,on
C01,DACH_DE_BASIC_checkoutfeb25_2A,348332491,A,test,person_86f233f3892e722be99d5626,1,0,message_6fd6c1a0b5948e0b99f6f7f0,event_e53489f5ffc9bd2a604a4a43,OPEN,2025-02-22 08:37:00,2025-02-22 11:51:19,Wir schenken Ihnen drei Monate ProvenExpert,0,,,,,on
C01,DACH_DE_BASIC_checkoutfeb25_2A,348332491,A,test,person_86f233f3892e722be99d5626,1,0,message_6fd6c1a0b5948e0b99f6f7f0,event_f2a29e535126af2fff932c8d,DELIVERED,2025-02-22 08:37:00,2025-02-22 08:37:01,Wir schenken Ihnen drei Monate ProvenExpert,0,,,,,on
C01,DACH_DE_BASIC_checkoutfeb25_2A,348332491,A,test,person_69fbcd5228459eee1794ca92,1,0,message_c08fcd9b2a5cb003a8128087,event_01debafa2d0edf6b2124bac8,DROPPED,2025-02-22 08:36:58,2025-02-22 08:36:58,Wir schenken Ihnen drei Monate ProvenExpert,0,,event_42b8d9a5ed1f3ca912c21c71,,PREVIOUSLY_BOUNCED,on
C01,DACH_DE_BASIC_checkoutfeb25_2A,348332492,B,test,person_4609a999fdc64699f1cfa5e8,1,0,message_7aed322b27d53141d525268e,event_307e3c933f1f93618acd1a53,SENT,2025-02-22 08:37:00,2025-02-22 08:37:00,299 € sparen und alle Vorteile für mehr Monate genießen!,0,,,,,on
C01,DACH_DE_BASIC_checkoutfeb25_2A,348332492,B,test,person_4609a999fdc64699f1cfa5e8,1,0,message_7aed322b27d53141d525268e,event_b43b025f2a3958b2f6c09b07,DELIVERED,2025-02-22 08:37:00,2025-02-22 08:37:01,299 € sparen und alle Vorteile für mehr Monate genießen!,0,,,,,on
C01,DACH_DE_BASIC_checkoutfeb25_2A,348332491,A,test,person_b62c690dbf08866cc4035d22,1,0,message_fef0f4bff9478dd04dd41271,event_7c2ed2c6174b39431afb0824,SENT,2025-02-22 08:36:58,2025-02-22 08:36:58,Wir schenken Ihnen drei Monate ProvenExpert,0,,,,,on
C01,DACH_DE_BASIC_checkoutfeb25_2A,348332491,A,test,person_b62c690dbf08866cc4035d22,1,0,message_fef0f4bff9478dd04dd41271,event_777a2bbf30d508c3e20981ac,DELIVERED,2025-02-22 08:36:58,2025-02-22 08:37:02,Wir schenken Ihnen drei Monate ProvenExpert,0,,,,,on
C01,DACH_DE_BASIC_checkoutfeb25_2A,348332492,B,test,person_54f71c7fb941eebce8a319e0,1,0,message_e4b36c58465878cca49d68d6,event_7e085b3bf5d52909ebbc568c,DELIVERED,2025-02-22 08:36:59,2025-02-22 08:37:02,299 € sparen und alle Vorteile für mehr Monate genießen!,0,,,,,on
C01,DACH_DE_BASIC_checkoutfeb25_2A,348332492,B,test,person_54f71c7fb941eebce8a319e0,1,0,message_e4b36c58465878cca49d68d6,event_2edf84d242c91f549c186660,SENT,2025-02-22 08:36:59,2025-02-22 08:36:59,299 € sparen und alle Vorteile für mehr Monate genießen!,0,,,,,on
C01,DACH_DE_BASIC_checkoutfeb25_2A,348332491,A,test,person_f3c14320c79753a8e7f83be1,1,0,message_e7822342b193523933abdc48,event_fcb6fc6b6ca95966cc96f7ba,DELIVERED,2025-02-22 08:37:00,2025-02-22 08:37:01,Wir schenken Ihnen drei Monate ProvenExpert,0,,,,,on
C01,DACH_DE_BASIC_checkoutfeb25_2A,348332491,A,test,person_f3c14320c79753a8e7f83be1,1,0,message_e7822342b193523933abdc48,event_be4671fce271715f61e15c26,OPEN,2025-02-22 08:37:00,2025-02-22 13:27:41,Wir schenken Ihnen drei Monate ProvenExpert,0,,,,,on
C01,DACH_DE_BASIC_checkoutfeb25_2A,348332491,A,test,person_f3c14320c79753a8e7f83be1,1,0,message_e7822342b193523933abdc48,event_5859f32ca2c76a30e38776da,SENT,2025-02-22 08:37:00,2025-02-22 08:37:00,Wir schenken Ihnen drei Monate ProvenExpert,0,,,,,on
C01,DACH_DE_BASIC_checkoutfeb25_2A,348332491,A,test,person_a2a1f7b83a3e6ce5dbc3fc70,1,0,message_1cb6938759480bcdca56c4b9,event_68b6db4622a9d27e06d0e586,SENT,2025-02-22 08:37:01,2025-02-22 08:37:01,Wir schenken Ihnen drei Monate ProvenExpert,0,,,,,on
C01,DACH_DE_BASIC_checkoutfeb25_2A,348332491,A,test,person_a2a1f7b83a3e6ce5dbc3fc70,1,0,message_1cb6938759480bcdca56c4b9,event_04261e76f525ddcad1929a5b,OPEN,2025-02-22 08:37:01,2025-02-24 12:56:54,Wir schenken Ihnen drei Monate ProvenExpert,0,,,,,on
C01,DACH_DE_BASIC_checkoutfeb25_2A,348332491,A,test,person_a2a1f7b83a3e6ce5dbc3fc70,1,0,message_1cb6938759480bcdca56c4b9,event_5457a7cf9c742751ebf3d79a,DELIVERED,2025-02-22 08:37:01,2025-02-22 08:37:02,Wir schenken Ihnen drei Monate ProvenExpert,0,,,,,on
C01,DACH_DE_BASIC_checkoutfeb25_2A,348332491,A,test,person_a2a1f7b83a3e6ce5dbc3fc70,1,0,message_1cb6938759480bcdca56c4b9,event_46d536508eb83ac5707f108b,OPEN,2025-02-22 08:37:01,2025-02-24 12:56:54,Wir schenken Ihnen drei Monate ProvenExpert,0,,,,,on
C01,DACH_DE_BASIC_checkoutfeb25_2A,348332491,A,test,person_c32834fbecf5a82fc1134607,1,0,message_317e6fe22e3bf2f77330398d,event_d0cabe53f9749ed5cc0f8e67,DROPPED,2025-02-22 08:35:41,2025-02-22 08:35:41,Wir schenken Ihnen drei Monate ProvenExpert,0,,,,INVALID_TO_ADDRESS,on
C01,DACH_DE_BASIC_checkoutfeb25_2A,348332492,B,test,person_81503fb27cc5b25310a9fcba,1,0,message_a8b70159ed2257bea1b12c30,event_2c2aeaf6ad3e9421b67d1e69,SENT,2025-02-22 08:37:01,2025-02-22 08:37:01,299 € sparen und alle Vorteile für mehr Monate genießen!,0,,,,,on
C01,DACH_DE_BASIC_checkoutfeb25_2A,348332492,B,test,person_81503fb27cc5b25310a9fcba,1,0,message_a8b70159ed2257bea1b12c30,event_8c203c8466f367257a983da1,DELIVERED,2025-02-22 08:37:01,2025-02-22 08:37:04,299 € sparen und alle Vorteile für mehr Monate genießen!,0,,,,,on
C01,DACH_DE_BASIC_checkoutfeb25_2A,348332491,A,test,person_e2ee960d0ab5602cf53fc8e8,1,0,message_650b01601c9112ff5968e7bd,event_66b2a1b7031aeb46bd6eeba5,SENT,2025-02-22 08:36:59,2025-02-22 08:36:59,Wir schenken Ihnen drei Monate ProvenExpert,0,,,,,on
C01,DACH_DE_BASIC_checkoutfeb25_2A,348332491,A,test,person_e2ee960d0ab5602cf53fc8e8,1,0,message_650b01601c9112ff5968e7bd,event_09ce9bd791bec55757ce872d,DELIVERED,2025-02-22 08:36:59,2025-02-22 08:37:01,Wir schenken Ihnen drei Monate ProvenExpert,0,,,,,on
C01,DACH_DE_BASIC_checkoutfeb25_2A,348332491,A,test,person_c81718f29e9708280b3b99d1,1,0,message_5c9aa52e924c966c8844756a,event_98ff5e78075413f00988cf69,SENT,2025-02-22 08:35:42,2025-02-22 08:35:42,Wir schenken Ihnen drei Monate ProvenExpert,0,,,,,on
C01,DACH_DE_BASIC_checkoutfeb25_2A,348332492,B,test,person_581b609c159047415e55c670,1,0,message_3985e23a97888bc0f776552c,event_371c221ca19e1ca8de774b90,DROPPED,2025-02-22 08:36:59,2025-02-22 08:36:59,299 € sparen und alle Vorteile für mehr Monate genießen!,0,,event_651ac7e3e6192c6dc77a821a,,PREVIOUSLY_BOUNCED,on
C01,DACH_DE_BASIC_checkoutfeb25_2A,348332491,A,test,person_c81718f29e9708280b3b99d1,1,0,message_5c9aa52e924c966c8844756a,event_a19d3b2cee6ee072ab0abdb6,DELIVERED,2025-02-22 08:35:42,2025-02-22 08:35:45,Wir schenken Ihnen drei Monate ProvenExpert,0,,,,,on
C01,DACH_DE_BASIC_checkoutfeb25_2A,348332492,B,test,person_525aee7d078bc10d82a903eb,1,0,message_e4a59230afe453924c22cf13,event_8c242bd9fbd08f8d027ddd38,SENT,2025-02-22 08:36:59,2025-02-22 08:36:59,299 € sparen und alle Vorteile für mehr Monate genießen!,0,,,,,on
C01,DACH_DE_BASIC_checkoutfeb25_2A,348332492,B,test,person_525aee7d078bc10d82a903eb,1,0,message_e4a59230afe453924c22cf13,event_26b22fddf591debf39cd4cc9,OPEN,2025-02-22 08:36:59,2025-02-22 16:20:34,299 € sparen und alle Vorteile für mehr Monate genießen!,0,,,,,on
C01,DACH_DE_BASIC_checkoutfeb25_2A,348332492,B,test,person_525aee7d078bc10d82a903eb,1,0,message_e4a59230afe453924c22cf13,event_eb8bd17f2d8de9cdff0698f7,DELIVERED,2025-02-22 08:36:59,2025-02-22 08:37:01,299 € sparen und alle Vorteile für mehr Monate genießen!,0,,,,,on
C01,DACH_DE_BASIC_checkoutfeb25_2A,348332492,B,test,person_45786177ee17616a5488906f,1,0,message_fce598045283d3f0706a6e03,event_15f20d391e53def253b66d09,DELIVERED,2025-02-22 08:37:01,2025-02-22 08:37:04,299 € sparen und alle Vorteile für mehr Monate genießen!,0,,,,,on
C01,DACH_DE_BASIC_checkoutfeb25_2A,348332492,B,test,person_45786177ee17616a5488906f,1,0,message_fce598045283d3f0706a6e03,event_67516649ea3d7c4487960d47,SENT,2025-02-22 08:37:01,2025-02-22 08:37:01,299 € sparen und alle Vorteile für mehr Monate genießen!,0,,,,,on
C01,DACH_DE_BASIC_checkoutfeb25_2A,348332492,B,test,person_f275abbacebb7ae39f8d7f0e,1,0,message_f1f1d26924c0a611e841513b,event_7856d882e27cbe592514fe83,DELIVERED,2025-02-22 08:37:01,2025-02-22 08:37:02,299 € sparen und alle Vorteile für mehr Monate genießen!,0,,,,,on
C01,DACH_DE_BASIC_checkoutfeb25_2A,348332492,B,test,person_f275abbacebb7ae39f8d7f0e,1,0,message_f1f1d26924c0a611e841513b,event_a8945984aecf4ca0249b296a,SENT,2025-02-22 08:37:01,2025-02-22 08:37:01,299 € sparen und alle Vorteile für mehr Monate genießen!,0,,,,,on
C01,DACH_DE_BASIC_checkoutfeb25_2A,348332491,A,test,person_e0c3d812ba498ccec916680b,1,0,message_af6a8394babc958ecb0257fd,event_3486c8120197e5724d423f3e,DELIVERED,2025-02-22 08:36:58,2025-02-22 08:37:01,Wir schenken Ihnen drei Monate ProvenExpert,0,,,,,on
C01,DACH_DE_BASIC_checkoutfeb25_2A,348332491,A,test,person_e0c3d812ba498ccec916680b,1,0,message_af6a8394babc958ecb0257fd,event_7364d45548cc95e4ff9c9a2b,SENT,2025-02-22 08:36:58,2025-02-22 08:36:58,Wir schenken Ihnen drei Monate ProvenExpert,0,,,,,on
C01,DACH_DE_BASIC_checkoutfeb25_2A,348332491,A,test,person_b02168d144fb77494470fa50,1,0,message_169f2de5f17c0f3ef40341e6,event_7ddc22b3398e24d867f98ad2,SENT,2025-02-22 08:36:58,2025-02-22 08:36:58,Wir schenken Ihnen drei Monate ProvenExpert,0,,,,,on
C01,DACH_DE_BASIC_checkoutfeb25_2A,348332491,A,test,person_b02168d144fb77494470fa50,1,0,message_169f2de5f17c0f3ef40341e6,event_a869b30c03ea5b8ff81e988c,DELIVERED,2025-02-22 08:36:58,2025-02-22 08:37:00,Wir schenken Ihnen drei Monate ProvenExpert,0,,,,,on
C01,DACH_DE_BASIC_checkoutfeb25_2A,348332492,B,test,person_085940d582ed36c199e8417e,1,0,message_85d6f2a79ab9d653b385ac5a,event_a401410a573170dbb82ccec0,DELIVERED,2025-02-22 08:37:00,2025-02-22 08:37:02,299 € sparen und alle Vorteile für mehr Monate genießen!,0,,,,,on
C01,DACH_DE_BASIC_checkoutfeb25_2A,348332492,B,test,person_085940d582ed36c199e8417e,1,0,message_85d6f2a79ab9d653b385ac5a,event_12ae98b84f6ae99e1702f98a,SENT,2025-02-22 08:37:00,2025-02-22 08:37:00,299 € sparen und alle Vorteile für mehr Monate genießen!,0,,,,,on
C01,DACH_DE_BASIC_checkoutfeb25_2A,348332492,B,test,person_ed2ea6bb24a6b2281921feec,1,0,message_e293e8965df51fa60e6b4805,event_390215acc9342cb0a203b49f,DELIVERED,2025-02-22 08:37:01,2025-02-22 08:37:03,299 € sparen und alle Vorteile für mehr Monate genießen!,0,,,,,on
C01,DACH_DE_BASIC_checkoutfeb25_2A,348332492,B,test,person_ed2ea6bb24a6b2281921feec,1,0,message_e293e8965df51fa60e6b4805,event_f4ec2fbe84ccda060af8414b,SENT,2025-02-22 08:37:01,2025-02-22 08:37:01,299 € sparen und alle Vorteile für mehr Monate genießen!,0,,,,,on
C01,DACH_DE_BASIC_checkoutfeb25_2A,348332492,B,test,person_1c5e52c007e6d16c8ce9064e,1,0,message_3e94da41c236062fc1294160,event_8f3ddb7f4458343910e3e70c,SENT,2025-02-22 08:37:00,2025-02-22 08:37:00,299 € sparen und alle Vorteile für mehr Monate genießen!,0,,,,,on
C01,DACH_DE_BASIC_checkoutfeb25_2A,348332492,B,test,person_1c5e52c007e6d16c8ce9064e,1,0,message_3e94da41c236062fc1294160,event_dba3c94bc5e419a380eda096,DELIVERED,2025-02-22 08:37:00,2025-02-22 08:37:01,299 € sparen und alle Vorteile für mehr Monate genießen!,0,,,,,on
C01,DACH_DE_BASIC_checkoutfeb25_2A,348332491,A,test,person_0b2c6bcb42ea4f9a1a4ad3f7,1,0,message_2d028acd2e10df95bbb75fd8,event_243a3d44834a85c57910f326,OPEN,2025-02-22 08:37:00,2025-02-23 16:09:54,Wir schenken Ihnen drei Monate ProvenExpert,0,,,,,on
C01,DACH_DE_BASIC_checkoutfeb25_2A,348332491,A,test,person_0b2c6bcb42ea4f9a1a4ad3f7,1,0,message_2d028acd2e10df95bbb75fd8,event_4b45d59f6c6f0ca077dd7716,DELIVERED,2025-02-22 08:37:00,2025-02-22 08:37:02,Wir schenken Ihnen drei Monate ProvenExpert,0,,,,,on
C01,DACH_DE_BASIC_checkoutfeb25_2A,348332491,A,test,person_0b2c6bcb42ea4f9a1a4ad3f7,1,0,message_2d028acd2e10df95bbb75fd8,event_679da8a840a2609ce576996f,OPEN,2025-02-22 08:37:00,2025-02-22 08:39:49,Wir schenken Ihnen drei Monate ProvenExpert,0,,,,,on
C01,DACH_DE_BASIC_checkoutfeb25_2A,348332491,A,test,person_0b2c6bcb42ea4f9a1a4ad3f7,1,0,message_2d028acd2e10df95bbb75fd8,event_c395a66ec4a5601cef81dc25,SENT,2025-02-22 08:37:00,2025-02-22 08:37:00,Wir schenken Ihnen drei Monate ProvenExpert,0,,,,,on
C01,DACH_DE_BASIC_checkoutfeb25_2A,348332491,A,test,person_0b2c6bcb42ea4f9a1a4ad3f7,1,0,message_2d028acd2e10df95bbb75fd8,event_c4d1bb429d68da51195f61b5,OPEN,2025-02-22 08:37:00,2025-02-22 08:39:48,Wir schenken Ihnen drei Monate ProvenExpert,0,,,,,on
C01,DACH_DE_BASIC_checkoutfeb25_2A,348332491,A,test,person_0b2c6bcb42ea4f9a1a4ad3f7,1,0,message_2d028acd2e10df95bbb75fd8,event_bf32de3e325c31380327be02,OPEN,2025-02-22 08:37:00,2025-02-22 08:37:06,Wir schenken Ihnen drei Monate ProvenExpert,0,,,,,on
C01,DACH_DE_BASIC_checkoutfeb25_2A,348332492,B,test,person_6547707ebc38b47a7fb48fac,1,0,message_82fb24d0f4852dc91e4e82be,event_57c6332bda0bedd2d4969b51,SENT,2025-02-22 08:37:02,2025-02-22 08:37:02,299 € sparen und alle Vorteile für mehr Monate genießen!,0,,,,,on
C01,DACH_DE_BASIC_checkoutfeb25_2A,348332492,B,test,person_6547707ebc38b47a7fb48fac,1,0,message_82fb24d0f4852dc91e4e82be,event_16c2373c30415ff45547c079,DELIVERED,2025-02-22 08:37:02,2025-02-22 08:37:07,299 € sparen und alle Vorteile für mehr Monate genießen!,0,,,,,on
C01,DACH_DE_BASIC_checkoutfeb25_2A,348332491,A,test,person_e04bee94662f70244ce532be,1,0,message_3d9bea70cd96bc463fffeac4,event_c1addecf51dd5f76add7e094,DELIVERED,2025-02-22 08:36:59,2025-02-22 08:37:00,Wir schenken Ihnen drei Monate ProvenExpert,0,,,,,on
C01,DACH_DE_BASIC_checkoutfeb25_2A,348332491,A,test,person_e04bee94662f70244ce532be,1,0,message_3d9bea70cd96bc463fffeac4,event_4960d815fa79a15bdeaf9e48,SENT,2025-02-22 08:36:59,2025-02-22 08:36:59,Wir schenken Ihnen drei Monate ProvenExpert,0,,,,,on
C01,DACH_DE_BASIC_checkoutfeb25_2A,348332491,A,test,person_da1fd3d431b64f4c5fd9d6c0,1,0,message_eeca88caf263703fdac4a6b0,event_43aee6530420207d69d0273e,OPEN,2025-02-22 08:37:01,2025-02-22 08:37:06,Wir schenken Ihnen drei Monate ProvenExpert,0,,,,,on
C01,DACH_DE_BASIC_checkoutfeb25_2A,348332491,A,test,person_44180b1580ec3a1c0ed653f6,1,0,message_0cc7a0e1fd8298c3a2332ba9,event_330ed2f6138a7237221a7d27,DROPPED,2025-02-22 08:35:42,2025-02-22 08:35:42,Wir schenken Ihnen drei Monate ProvenExpert,0,,event_f80cb01ab6d72361a189f042,,PREVIOUSLY_BOUNCED,on
C01,DACH_DE_BASIC_checkoutfeb25_2A,348332491,A,test,person_da1fd3d431b64f4c5fd9d6c0,1,0,message_eeca88caf263703fdac4a6b0,event_175fcf0b42f4f7364f9ceb94,DELIVERED,2025-02-22 08:37:01,2025-02-22 08:37:02,Wir schenken Ihnen drei Monate ProvenExpert,0,,,,,on
C01,DACH_DE_BASIC_checkoutfeb25_2A,348332491,A,test,person_da1fd3d431b64f4c5fd9d6c0,1,0,message_eeca88caf263703fdac4a6b0,event_02f44f6bed6198aad31eba07,OPEN,2025-02-22 08:37:01,2025-02-22 08:37:06,Wir schenken Ihnen drei Monate ProvenExpert,0,,,,,on
C01,DACH_DE_BASIC_checkoutfeb25_2A,348332491,A,test,person_da1fd3d431b64f4c5fd9d6c0,1,0,message_eeca88caf263703fdac4a6b0,event_a35100a1fa344431425be5fc,SENT,2025-02-22 08:37:01,2025-02-22 08:37:01,Wir schenken Ihnen drei Monate ProvenExpert,0,,,,,on
C01,DACH_DE_BASIC_checkoutfeb25_2A,348332491,A,test,person_109059503ebb76f8c9ab0cd3,1,0,message_711ba764c4d7c1c105abb5a8,event_8d739b33f16d0f8a58efcf75,SENT,2025-02-22 08:37:01,2025-02-22 08:37:01,Wir schenken Ihnen drei Monate ProvenExpert,0,,,,,on
C01,DACH_DE_BASIC_checkoutfeb25_2A,348332491,A,test,person_109059503ebb76f8c9ab0cd3,1,0,message_711ba764c4d7c1c105abb5a8,event_03b3a6b4ff46c4460c4e3a03,DELIVERED,2025-02-22 08:37:01,2025-02-22 08:37:03,Wir schenken Ihnen drei Monate ProvenExpert,0,,,,,on
C01,DACH_DE_BASIC_checkoutfeb25_2A,348332491,A,test,person_6738adada69833974cf7186e,1,0,message_ad692445725eb79ad17d5771,event_bd88c754eb77649b4110cb95,DELIVERED,2025-02-22 08:36:58,2025-02-22 08:36:59,Wir schenken Ihnen drei Monate ProvenExpert,0,,,,,on
C01,DACH_DE_BASIC_checkoutfeb25_2A,348332491,A,test,person_6738adada69833974cf7186e,1,0,message_ad692445725eb79ad17d5771,event_273b4ec39103e3ef08d988e0,SENT,2025-02-22 08:36:58,2025-02-22 08:36:58,Wir schenken Ihnen drei Monate ProvenExpert,0,,,,,on
C01,DACH_DE_BASIC_checkoutfeb25_2A,348332492,B,test,person_003694fe3790ab850ffb9928,1,0,message_b4409cff10075e150f0fd2cd,event_ca3e32d5cb6defccf655112d,SENT,2025-02-22 08:37:02,2025-02-22 08:37:02,299 € sparen und alle Vorteile für mehr Monate genießen!,0,,,,,on
C01,DACH_DE_BASIC_checkoutfeb25_2A,348332492,B,test,person_003694fe3790ab850ffb9928,1,0,message_b4409cff10075e150f0fd2cd,event_e04330b1159a0bdf9e9f72ad,DELIVERED,2025-02-22 08:37:02,2025-02-22 08:37:04,299 € sparen und alle Vorteile für mehr Monate genießen!,0,,,,,on
C01,DACH_DE_BASIC_checkoutfeb25_2A,348332491,A,test,person_5ac715c6269b9b42d862fc51,1,0,message_5bde50daaf3f74c22a71ebfc,event_5d1cbe0473288c60133ba6ed,DELIVERED,2025-02-22 08:37:00,2025-02-22 08:37:02,Wir schenken Ihnen drei Monate ProvenExpert,0,,,,,on
C01,DACH_DE_BASIC_checkoutfeb25_2A,348332491,A,test,person_5ac715c6269b9b42d862fc51,1,0,message_5bde50daaf3f74c22a71ebfc,event_7162e4b338e6fbb0f0c61f87,SENT,2025-02-22 08:37:00,2025-02-22 08:37:00,Wir schenken Ihnen drei Monate ProvenExpert,0,,,,,on
C01,DACH_DE_BASIC_checkoutfeb25_2A,348332492,B,test,person_82f77df769bee59253567948,1,0,message_cd020a5a01eb6bbe886dad40,event_d0632cc1daf4d717ef834cce,SENT,2025-02-22 08:36:59,2025-02-22 08:36:59,299 € sparen und alle Vorteile für mehr Monate genießen!,0,,,,,on
C01,DACH_DE_BASIC_checkoutfeb25_2A,348332492,B,test,person_82f77df769bee59253567948,1,0,message_cd020a5a01eb6bbe886dad40,event_6e474fdcfea4b1829406ac82,DELIVERED,2025-02-22 08:36:59,2025-02-22 08:37:02,299 € sparen und alle Vorteile für mehr Monate genießen!,0,,,,,on
C01,DACH_DE_BASIC_checkoutfeb25_2A,348332491,A,test,person_1254b8b44305a87c8531fbe6,1,0,message_ba19be711ea82dc09a05951e,event_dbb9f5e3e26bc50995c29bc6,SENT,2025-02-22 08:37:01,2025-02-22 08:37:01,Wir schenken Ihnen drei Monate ProvenExpert,0,,,,,on
C01,DACH_DE_BASIC_checkoutfeb25_2A,348332491,A,test,person_1254b8b44305a87c8531fbe6,1,0,message_ba19be711ea82dc09a05951e,event_e3b5be5f94b998d0519984bd,DELIVERED,2025-02-22 08:37:01,2025-02-22 08:37:04,Wir schenken Ihnen drei Monate ProvenExpert,0,,,,,on
C01,DACH_DE_BASIC_checkoutfeb25_2A,348332492,B,test,person_48ff65b30f04f2d530d6c64f,1,0,message_048fc8a298b549e78f5e8dad,event_15c8c9417e959a6f60b45526,DELIVERED,2025-02-22 08:37:00,2025-02-22 08:37:02,299 € sparen und alle Vorteile für mehr Monate genießen!,0,,,,,on
C01,DACH_DE_BASIC_checkoutfeb25_2A,348332492,B,test,person_48ff65b30f04f2d530d6c64f,1,0,message_048fc8a298b549e78f5e8dad,event_d7dc74f0c098bed574b5b72e,SENT,2025-02-22 08:37:00,2025-02-22 08:37:00,299 € sparen und alle Vorteile für mehr Monate genießen!,0,,,,,on
C01,DACH_DE_BASIC_checkoutfeb25_2A,348332492,B,test,person_7aeef78354f4748316758c87,1,0,message_469a3bf4e6c5e3fb3dbcffa0,event_6e75449ebbaef1076ff736b8,DELIVERED,2025-02-22 08:37:00,2025-02-22 08:37:03,299 € sparen und alle Vorteile für mehr Monate genießen!,0,,,,,on
C01,DACH_DE_BASIC_checkoutfeb25_2A,348332492,B,test,person_7aeef78354f4748316758c87,1,0,message_469a3bf4e6c5e3fb3dbcffa0,event_c529790005c345320806d7ea,SENT,2025-02-22 08:37:00,2025-02-22 08:37:00,299 € sparen und alle Vorteile für mehr Monate genießen!,0,,,,,on
C01,DACH_DE_BASIC_checkoutfeb25_2A,348332492,B,test,person_1a6c0bb1ac7c530213425888,1,0,message_e9f33914ebdcdb8ab339b092,event_6f2ccf2ad5392d942bc91aa7,DROPPED,2025-02-22 08:36:59,2025-02-22 08:36:59,299 € sparen und alle Vorteile für mehr Monate genießen!,0,,event_f8e91e70eb185d963686d61f,,PREVIOUSLY_BOUNCED,on
C01,DACH_DE_BASIC_checkoutfeb25_2A,348332491,A,test,person_b247a5313bf11c2bd97a5746,1,0,message_9d69a06b2da008d3febb58d0,event_ff059e22c4134cf3525e2d02,SENT,2025-02-22 08:35:42,2025-02-22 08:35:42,Wir schenken Ihnen drei Monate ProvenExpert,0,,,,,on
C01,DACH_DE_BASIC_checkoutfeb25_2A,348332491,A,test,person_b247a5313bf11c2bd97a5746,1,0,message_9d69a06b2da008d3febb58d0,event_55a27b9410182f1ca379336e,DELIVERED,2025-02-22 08:35:42,2025-02-22 08:35:43,Wir schenken Ihnen drei Monate ProvenExpert,0,,,,,on
C01,DACH_DE_BASIC_checkoutfeb25_2A,348332492,B,test,person_7664684b6216300d8692aba6,1,0,message_019b65666f6a9cfbb456d25b,event_bd5fa99bdd5c5e9cfecf8dfd,SENT,2025-02-22 08:36:58,2025-02-22 08:36:58,299 € sparen und alle Vorteile für mehr Monate genießen!,0,,,,,on
C01,DACH_DE_BASIC_checkoutfeb25_2A,348332492,B,test,person_7664684b6216300d8692aba6,1,0,message_019b65666f6a9cfbb456d25b,event_c14d581f3640185d5a321f5d,DELIVERED,2025-02-22 08:36:58,2025-02-22 08:37:00,299 € sparen und alle Vorteile für mehr Monate genießen!,0,,,,,on
C01,DACH_DE_BASIC_checkoutfeb25_2A,348332491,A,test,person_d80fc70b2dafffca43bf847d,1,0,message_de368d33738b3a884d65aaa3,event_266c54a564852db7923b996a,DELIVERED,2025-02-22 08:37:00,2025-02-22 08:37:04,Wir schenken Ihnen drei Monate ProvenExpert,0,,,,,on
C01,DACH_DE_BASIC_checkoutfeb25_2A,348332491,A,test,person_d80fc70b2dafffca43bf847d,1,0,message_de368d33738b3a884d65aaa3,event_b780335a069fe99bd5b801b9,SENT,2025-02-22 08:37:00,2025-02-22 08:37:00,Wir schenken Ihnen drei Monate ProvenExpert,0,,,,,on
C01,DACH_DE_BASIC_checkoutfeb25_2A,348332491,A,test,person_64b455e5a512a3973bce5b32,1,0,message_90b64034ba60a5a378ca7b83,event_0b4177013018428a0344c2dc,SENT,2025-02-22 08:36:58,2025-02-22 08:36:58,Wir schenken Ihnen drei Monate ProvenExpert,0,,,,,on
C01,DACH_DE_BASIC_checkoutfeb25_2A,348332491,A,test,person_64b455e5a512a3973bce5b32,1,0,message_90b64034ba60a5a378ca7b83,event_0cee15be4c76ece3d64808f2,DELIVERED,2025-02-22 08:36:58,2025-02-22 08:36:59,Wir schenken Ihnen drei Monate ProvenExpert,0,,,,,on
C01,DACH_DE_BASIC_checkoutfeb25_2A,348332491,A,test,person_64b455e5a512a3973bce5b32,1,0,message_90b64034ba60a5a378ca7b83,event_0ada3c36c66c78bbf340aa26,OPEN,2025-02-22 08:36:58,2025-02-22 15:21:01,Wir schenken Ihnen drei Monate ProvenExpert,0,,,,,on
C01,DACH_DE_BASIC_checkoutfeb25_2A,348332492,B,test,person_cdea7ed4a3f596c682b4f738,1,0,message_15888f35149b542ffd33c7ad,event_48c4c4492af8e8a2fe66c9b0,DELIVERED,2025-02-22 08:37:00,2025-02-22 08:37:03,299 € sparen und alle Vorteile für mehr Monate genießen!,0,,,,,on
C01,DACH_DE_BASIC_checkoutfeb25_2A,348332492,B,test,person_cdea7ed4a3f596c682b4f738,1,0,message_15888f35149b542ffd33c7ad,event_035ff44a343633084c9276fa,SENT,2025-02-22 08:37:00,2025-02-22 08:37:00,299 € sparen und alle Vorteile für mehr Monate genießen!,0,,,,,on
C01,DACH_DE_BASIC_checkoutfeb25_2A,348332491,A,test,person_060542a3a1cd8a8c1f60c934,1,0,message_dc50047774368849ea47bf03,event_090fedc11390f35ab4476693,DELIVERED,2025-02-22 08:36:59,2025-02-22 08:37:02,Wir schenken Ihnen drei Monate ProvenExpert,0,,,,,on
C01,DACH_DE_BASIC_checkoutfeb25_2A,348332491,A,test,person_060542a3a1cd8a8c1f60c934,1,0,message_dc50047774368849ea47bf03,event_4c95d9b47302c2e3e02f98bb,SENT,2025-02-22 08:36:59,2025-02-22 08:36:59,Wir schenken Ihnen drei Monate ProvenExpert,0,,,,,on
C01,DACH_DE_BASIC_checkoutfeb25_2A,348332492,B,test,person_9afb73213f4fc9527335b332,1,0,message_04078f9d921812dd87044158,event_074ccb6f3c79b13d21950eb3,SENT,2025-02-22 08:36:58,2025-02-22 08:36:58,299 € sparen und alle Vorteile für mehr Monate genießen!,0,,,,,on
C01,DACH_DE_BASIC_checkoutfeb25_2A,348332492,B,test,person_9afb73213f4fc9527335b332,1,0,message_04078f9d921812dd87044158,event_42c576acb5684d0b1f302f25,DELIVERED,2025-02-22 08:36:58,2025-02-22 08:37:01,299 € sparen und alle Vorteile für mehr Monate genießen!,0,,,,,on
C01,DACH_DE_BASIC_checkoutfeb25_2A,348332492,B,test,person_22a74f9b1d325356bb90f67e,1,0,message_b6a056b491fa938d04a58045,event_5a04f8cfead2d7d7480c8090,DELIVERED,2025-02-22 08:37:00,2025-02-22 08:37:02,299 € sparen und alle Vorteile für mehr Monate genießen!,0,,,,,on
C01,DACH_DE_BASIC_checkoutfeb25_2A,348332492,B,test,person_22a74f9b1d325356bb90f67e,1,0,message_b6a056b491fa938d04a58045,event_e9e74e79c3e8e3d5e51d49fa,SENT,2025-02-22 08:37:00,2025-02-22 08:37:00,299 € sparen und alle Vorteile für mehr Monate genießen!,0,,,,,on
C01,DACH_DE_BASIC_checkoutfeb25_2A,348332491,A,test,person_f53572971aa894789b0f4ccc,1,0,message_d0ef18507496e17f856f0294,event_296ae29b69970a344ddc9277,SENT,2025-02-22 08:37:01,2025-02-22 08:37:01,Wir schenken Ihnen drei Monate ProvenExpert,0,,,,,on
C01,DACH_DE_BASIC_checkoutfeb25_2A,348332491,A,test,person_f53572971aa894789b0f4ccc,1,0,message_d0ef18507496e17f856f0294,event_49bce0e6b1d63489bd4360cd,DELIVERED,2025-02-22 08:37:01,2025-02-22 08:37:03,Wir schenken Ihnen drei Monate ProvenExpert,0,,,,,on
C01,DACH_DE_BASIC_checkoutfeb25_2A,348332491,A,test,person_8a084f5ddc009a660a1175c2,1,0,message_618cc4f1e0c6f66616d5cd87,event_08ce81f6a1d83144deec1a92,DELIVERED,2025-02-22 08:36:59,2025-02-22 08:37:01,Wir schenken Ihnen drei Monate ProvenExpert,0,,,,,on
C01,DACH_DE_BASIC_checkoutfeb25_2A,348332491,A,test,person_8a084f5ddc009a660a1175c2,1,0,message_618cc4f1e0c6f66616d5cd87,event_6e382e7ad0a18208452e7ff5,SENT,2025-02-22 08:36:59,2025-02-22 08:36:59,Wir schenken Ihnen drei Monate ProvenExpert,0,,,,,on
C01,DACH_DE_BASIC_checkoutfeb25_2A,348332492,B,test,person_3dc8052f8f2b08d2645e3ec4,1,0,message_58d70b9d5b4ed8c7d2758963,event_1853f7a98a3e56cbcdca3e42,SENT,2025-02-22 08:36:58,2025-02-22 08:36:58,299 € sparen und alle Vorteile für mehr Monate genießen!,0,,,,,on
C01,DACH_DE_BASIC_checkoutfeb25_2A,348332492,B,test,person_3dc8052f8f2b08d2645e3ec4,1,0,message_58d70b9d5b4ed8c7d2758963,event_d38fac88f7a0dc9ae89f3d4f,DELIVERED,2025-02-22 08:36:58,2025-02-22 08:37:00,299 € sparen und alle Vorteile für mehr Monate genießen!,0,,,,,on
C01,DACH_DE_BASIC_checkoutfeb25_2A,348332492,B,test,person_3dc8052f8f2b08d2645e3ec4,1,0,message_58d70b9d5b4ed8c7d2758963,event_27698aa5be8a0342585435fb,OPEN,2025-02-22 08:36:58,2025-02-22 14:18:43,299 € sparen und alle Vorteile für mehr Monate genießen!,0,,,,,on
C01,DACH_DE_BASIC_checkoutfeb25_2A,348332491,A,test,person_8741e525dc4a83b7fc7b5280,1,0,message_89936ce112b819732176324c,event_b359d2134a64fd8036fe422e,SENT,2025-02-22 08:37:01,2025-02-22 08:37:01,Wir schenken Ihnen drei Monate ProvenExpert,0,,,,,on
C01,DACH_DE_BASIC_checkoutfeb25_2A,348332491,A,test,person_8741e525dc4a83b7fc7b5280,1,0,message_89936ce112b819732176324c,event_1caa9ecd4159d4bba9ba8ea4,DELIVERED,2025-02-22 08:37:01,2025-02-22 08:37:03,Wir schenken Ihnen drei Monate ProvenExpert,0,,,,,on
C01,DACH_DE_BASIC_checkoutfeb25_2A,348332491,A,test,person_70a2ce6fb5ace3d3dd87114f,1,0,message_c12717a4517b438d5acd2dc9,event_ccbf7bceeb930d90a1cb64cc,SENT,2025-02-22 08:37:00,2025-02-22 08:37:00,Wir schenken Ihnen drei Monate ProvenExpert,0,,,,,on
C01,DACH_DE_BASIC_checkoutfeb25_2A,348332491,A,test,person_70a2ce6fb5ace3d3dd87114f,1,0,message_c12717a4517b438d5acd2dc9,event_4d330e9759bb97fad3dab2c0,DELIVERED,2025-02-22 08:37:00,2025-02-22 08:37:02,Wir schenken Ihnen drei Monate ProvenExpert,0,,,,,on
C01,DACH_DE_BASIC_checkoutfeb25_2A,348332491,A,test,person_16e47e9c934613a620ffc987,1,0,message_425fbd39138c3df375b9a92a,event_d7075bc37cf0cc34eb8a654c,DELIVERED,2025-02-22 08:37:00,2025-02-22 08:37:05,Wir schenken Ihnen drei Monate ProvenExpert,0,,,,,on
C01,DACH_DE_BASIC_checkoutfeb25_2A,348332491,A,test,person_16e47e9c934613a620ffc987,1,0,message_425fbd39138c3df375b9a92a,event_2786b48222653ad502ff6337,SENT,2025-02-22 08:37:00,2025-02-22 08:37:00,Wir schenken Ihnen drei Monate ProvenExpert,0,,,,,on
C01,DACH_DE_BASIC_checkoutfeb25_2A,348332491,A,test,person_ead75611012d02ea3f82f7fb,1,0,message_b92a148ccc52fa27c290ca0c,event_d5c45a81b23ff9a58c27858f,OPEN,2025-02-22 08:36:57,2025-02-22 20:16:24,Wir schenken Ihnen drei Monate ProvenExpert,0,,,,,on
C01,DACH_DE_BASIC_checkoutfeb25_2A,348332491,A,test,person_ead75611012d02ea3f82f7fb,1,0,message_b92a148ccc52fa27c290ca0c,event_3c66e3f77fc3960a46862f0c,DELIVERED,2025-02-22 08:36:57,2025-02-22 08:37:01,Wir schenken Ihnen drei Monate ProvenExpert,0,,,,,on
C01,DACH_DE_BASIC_checkoutfeb25_2A,348332491,A,test,person_ead75611012d02ea3f82f7fb,1,0,message_b92a148ccc52fa27c290ca0c,event_402186bde814e93a2a7e048b,OPEN,2025-02-22 08:36:57,2025-02-22 17:01:53,Wir schenken Ihnen drei Monate ProvenExpert,0,,,,,on
C01,DACH_DE_BASIC_checkoutfeb25_2A,348332491,A,test,person_ead75611012d02ea3f82f7fb,1,0,message_b92a148ccc52fa27c290ca0c,event_62fc43282ac2fef4e83cf409,OPEN,2025-02-22 08:36:57,2025-02-22 11:08:52,Wir schenken Ihnen drei Monate ProvenExpert,0,,,,,on
C01,DACH_DE_BASIC_checkoutfeb25_2A,348332491,A,test,person_ead75611012d02ea3f82f7fb,1,0,message_b92a148ccc52fa27c290ca0c,event_914c31f65941d866acfa54b6,OPEN,2025-02-22 08:36:57,2025-02-22 08:58:57,Wir schenken Ihnen drei Monate ProvenExpert,0,,,,,on
C01,DACH_DE_BASIC_checkoutfeb25_2A,348332491,A,test,person_ead75611012d02ea3f82f7fb,1,0,message_b92a148ccc52fa27c290ca0c,event_74c9903dc8b2598bf99fdecf,SENT,2025-02-22 08:36:57,2025-02-22 08:36:57,Wir schenken Ihnen drei Monate ProvenExpert,0,,,,,on
C01,DACH_DE_BASIC_checkoutfeb25_2A,348332492,B,test,person_5982526bdbbc85d1ad90837b,1,0,message_134975801cd4ecacb76e830e,event_2ef6a1aee423cd24874242ca,DELIVERED,2025-02-22 08:36:57,2025-02-22 08:37:01,299 € sparen und alle Vorteile für mehr Monate genießen!,0,,,,,on
C01,DACH_DE_BASIC_checkoutfeb25_2A,348332492,B,test,person_5982526bdbbc85d1ad90837b,1,0,message_134975801cd4ecacb76e830e,event_fa5591cfa999353df5562400,OPEN,2025-02-22 08:36:57,2025-02-22 09:43:16,299 € sparen und alle Vorteile für mehr Monate genießen!,0,,,,,on
C01,DACH_DE_BASIC_checkoutfeb25_2A,348332492,B,test,person_5982526bdbbc85d1ad90837b,1,0,message_134975801cd4ecacb76e830e,event_e374148ee4608f4f4d152c6d,SENT,2025-02-22 08:36:57,2025-02-22 08:36:57,299 € sparen und alle Vorteile für mehr Monate genießen!,0,,,,,on
C01,DACH_DE_BASIC_checkoutfeb25_2A,348332491,A,test,person_017004ba10ffcda0f3a434f9,1,0,message_c4cda3090d0b4077adee8758,event_09ed16a28907b070e4a5ab47,OPEN,2025-02-22 08:37:00,2025-02-22 08:58:42,Wir schenken Ihnen drei Monate ProvenExpert,0,,,,,on
C01,DACH_DE_BASIC_checkoutfeb25_2A,348332491,A,test,person_017004ba10ffcda0f3a434f9,1,0,message_c4cda3090d0b4077adee8758,event_6c68d5ef026e8ff270e04097,DELIVERED,2025-02-22 08:37:00,2025-02-22 08:37:05,Wir schenken Ihnen drei Monate ProvenExpert,0,,,,,on
C01,DACH_DE_BASIC_checkoutfeb25_2A,348332491,A,test,person_017004ba10ffcda0f3a434f9,1,0,message_c4cda3090d0b4077adee8758,event_86cc659293034fba84eb271e,SENT,2025-02-22 08:37:00,2025-02-22 08:37:00,Wir schenken Ihnen drei Monate ProvenExpert,0,,,,,on
C01,DACH_DE_BASIC_checkoutfeb25_2A,348332492,B,test,person_4e58e24e3a275a74cf661823,1,0,message_431856695d430b7668ca4dc1,event_fac29d23cc5270b753649ee3,SENT,2025-02-22 08:36:58,2025-02-22 08:36:58,299 € sparen und alle Vorteile für mehr Monate genießen!,0,,,,,on
C01,DACH_DE_BASIC_checkoutfeb25_2A,348332492,B,test,person_4e58e24e3a275a74cf661823,1,0,message_431856695d430b7668ca4dc1,event_a7c7e09db06c4df6edfe5db9,DELIVERED,2025-02-22 08:36:58,2025-02-22 08:37:04,299 € sparen und alle Vorteile für mehr Monate genießen!,0,,,,,on
C01,DACH_DE_BASIC_checkoutfeb25_2A,348332492,B,test,person_ade5a9e0197f15149ed91c53,1,0,message_46886c922d11bcdea4dcdfa3,event_81b85a60140626b0a2608ef5,DELIVERED,2025-02-22 08:37:02,2025-02-22 08:37:03,299 € sparen und alle Vorteile für mehr Monate genießen!,0,,,,,on
C01,DACH_DE_BASIC_checkoutfeb25_2A,348332492,B,test,person_ade5a9e0197f15149ed91c53,1,0,message_46886c922d11bcdea4dcdfa3,event_e7bce1905e373b2393de7902,SENT,2025-02-22 08:37:02,2025-02-22 08:37:02,299 € sparen und alle Vorteile für mehr Monate genießen!,0,,,,,on
C01,DACH_DE_BASIC_checkoutfeb25_2A,348332491,A,test,person_533b512431412189f3442af2,1,0,message_7414107baed626afdcfdaf05,event_102fad132a22c69790c5136e,OPEN,2025-02-22 08:37:01,2025-02-22 08:50:03,Wir schenken Ihnen drei Monate ProvenExpert,0,,,,,on
C01,DACH_DE_BASIC_checkoutfeb25_2A,348332491,A,test,person_533b512431412189f3442af2,1,0,message_7414107baed626afdcfdaf05,event_da6ef5efe9caa259d49a319c,SENT,2025-02-22 08:37:01,2025-02-22 08:37:01,Wir schenken Ihnen drei Monate ProvenExpert,0,,,,,on
C01,DACH_DE_BASIC_checkoutfeb25_2A,348332491,A,test,person_533b512431412189f3442af2,1,0,message_7414107baed626afdcfdaf05,event_790b4e0b4fae30b662bc40d9,DELIVERED,2025-02-22 08:37:01,2025-02-22 08:37:03,Wir schenken Ihnen drei Monate ProvenExpert,0,,,,,on
C01,DACH_DE_BASIC_checkoutfeb25_2A,348332491,A,test,person_faa6e25412f8d7144aae3d3e,1,0,message_42cf7cc66e48d15f8f32d6f0,event_e80211392fc290777f210954,SENT,2025-02-22 08:36:59,2025-02-22 08:36:59,Wir schenken Ihnen drei Monate ProvenExpert,0,,,,,on
C01,DACH_DE_BASIC_checkoutfeb25_2A,348332491,A,test,person_faa6e25412f8d7144aae3d3e,1,0,message_42cf7cc66e48d15f8f32d6f0,event_4a0963df57a8d295769ea5ee,DELIVERED,2025-02-22 08:36:59,2025-02-22 08:37:01,Wir schenken Ihnen drei Monate ProvenExpert,0,,,,,on
C01,DACH_DE_BASIC_checkoutfeb25_2A,348332491,A,test,person_a07b335d0031b39312d545a4,1,0,message_4680a2193e37d667654179a0,event_265a0292e92d30c976050cf5,DELIVERED,2025-02-22 08:37:01,2025-02-22 08:37:02,Wir schenken Ihnen drei Monate ProvenExpert,0,,,,,on
C01,DACH_DE_BASIC_checkoutfeb25_2A,348332491,A,test,person_a07b335d0031b39312d545a4,1,0,message_4680a2193e37d667654179a0,event_4290cde1623c551601d4fe89,SENT,2025-02-22 08:37:01,2025-02-22 08:37:01,Wir schenken Ihnen drei Monate ProvenExpert,0,,,,,on
C01,DACH_DE_BASIC_checkoutfeb25_2A,348332491,A,test,person_5fe6ab0cee70e609c989b195,1,0,message_08172c2aac9074eda3b80224,event_2cdbc9e01cea44f4fe5e499c,DELIVERED,2025-02-22 08:35:41,2025-02-22 08:35:43,Wir schenken Ihnen drei Monate ProvenExpert,0,,,,,on
C01,DACH_DE_BASIC_checkoutfeb25_2A,348332491,A,test,person_5fe6ab0cee70e609c989b195,1,0,message_08172c2aac9074eda3b80224,event_edef16786914af17d8306e53,SENT,2025-02-22 08:35:41,2025-02-22 08:35:41,Wir schenken Ihnen drei Monate ProvenExpert,0,,,,,on
C01,DACH_DE_BASIC_checkoutfeb25_2A,348332492,B,test,person_3cf0a76e3d3e782b0425ee4f,1,0,message_0a8bf42d0ef4f559b8a209c1,event_e3ccc2cafd25dff1a2449dce,SENT,2025-02-22 08:36:59,2025-02-22 08:36:59,299 € sparen und alle Vorteile für mehr Monate genießen!,0,,,,,on
C01,DACH_DE_BASIC_checkoutfeb25_2A,348332492,B,test,person_3cf0a76e3d3e782b0425ee4f,1,0,message_0a8bf42d0ef4f559b8a209c1,event_a730e06cd1bcad7d2493f8f5,DELIVERED,2025-02-22 08:36:59,2025-02-22 08:37:02,299 € sparen und alle Vorteile für mehr Monate genießen!,0,,,,,on
C01,DACH_DE_BASIC_checkoutfeb25_2A,348332492,B,test,person_fdf231a1bd25463c8882fa03,1,0,message_008b92770833c4d8a60e4371,event_1e23b2725471db7b75f8f385,DELIVERED,2025-02-22 08:37:00,2025-02-22 08:37:01,299 € sparen und alle Vorteile für mehr Monate genießen!,0,,,,,on
C01,DACH_DE_BASIC_checkoutfeb25_2A,348332492,B,test,person_fdf231a1bd25463c8882fa03,1,0,message_008b92770833c4d8a60e4371,event_ec424cd9924817444aeb8b7b,SENT,2025-02-22 08:37:00,2025-02-22 08:37:00,299 € sparen und alle Vorteile für mehr Monate genießen!,0,,,,,on
C01,DACH_DE_BASIC_checkoutfeb25_2A,348332491,A,test,person_d639b1fe7f0121e93b6b9464,1,0,message_c391ef755ae8821ebd3b81e2,event_9cd704117e0b9dfb301fac1e,DELIVERED,2025-02-22 08:35:42,2025-02-22 08:35:44,Wir schenken Ihnen drei Monate ProvenExpert,0,,,,,on
C01,DACH_DE_BASIC_checkoutfeb25_2A,348332491,A,test,person_d639b1fe7f0121e93b6b9464,1,0,message_c391ef755ae8821ebd3b81e2,event_f022e050bbf73f39044ed989,SENT,2025-02-22 08:35:42,2025-02-22 08:35:42,Wir schenken Ihnen drei Monate ProvenExpert,0,,,,,on
C01,DACH_DE_BASIC_checkoutfeb25_2A,348332491,A,test,person_1a3fa86061a419627b64b8c7,1,0,message_bee3e5a134876bfea935f898,event_43212f27ca5967267b119806,SENT,2025-02-22 08:36:58,2025-02-22 08:36:58,Wir schenken Ihnen drei Monate ProvenExpert,0,,,,,on
C01,DACH_DE_BASIC_checkoutfeb25_2A,348332491,A,test,person_1a3fa86061a419627b64b8c7,1,0,message_bee3e5a134876bfea935f898,event_f8aee5fc10d1c683f6486a8d,DELIVERED,2025-02-22 08:36:58,2025-02-22 08:37:00,Wir schenken Ihnen drei Monate ProvenExpert,0,,,,,on
C01,DACH_DE_BASIC_checkoutfeb25_2A,348332491,A,test,person_873f60dc79b58db0e87daa49,1,0,message_f6b64971515cbe6fbe4f2497,event_202486970c06d651a68d58a5,SENT,2025-02-22 08:36:58,2025-02-22 08:36:58,Wir schenken Ihnen drei Monate ProvenExpert,0,,,,,on
C01,DACH_DE_BASIC_checkoutfeb25_2A,348332491,A,test,person_873f60dc79b58db0e87daa49,1,0,message_f6b64971515cbe6fbe4f2497,event_cae66528e39b287bd2a7ebd6,DELIVERED,2025-02-22 08:36:58,2025-02-22 08:37:00,Wir schenken Ihnen drei Monate ProvenExpert,0,,,,,on
C01,DACH_DE_BASIC_checkoutfeb25_2A,348332492,B,test,person_f2869983a686122807b458e3,1,0,message_e310615e745ddf0ee67231f3,event_3a67b1944109833006a1f14b,DEFERRED,2025-02-22 08:37:01,2025-02-22 08:37:48,299 € sparen und alle Vorteile für mehr Monate genießen!,0,,,,,on
C01,DACH_DE_BASIC_checkoutfeb25_2A,348332492,B,test,person_f2869983a686122807b458e3,1,0,message_e310615e745ddf0ee67231f3,event_4dcb9894f1c43cbc344b1764,DEFERRED,2025-02-22 08:37:01,2025-02-22 08:41:25,299 € sparen und alle Vorteile für mehr Monate genießen!,0,,,,,on
C01,DACH_DE_BASIC_checkoutfeb25_2A,348332492,B,test,person_f2869983a686122807b458e3,1,0,message_e310615e745ddf0ee67231f3,event_a7ed32bb55ea65b6845616ce,DEFERRED,2025-02-22 08:37:01,2025-02-22 09:03:01,299 € sparen und alle Vorteile für mehr Monate genießen!,0,,,,,on
C01,DACH_DE_BASIC_checkoutfeb25_2A,348332492,B,test,person_f2869983a686122807b458e3,1,0,message_e310615e745ddf0ee67231f3,event_c3f99673582d3d3d4d17c210,SENT,2025-02-22 08:37:01,2025-02-22 08:37:01,299 € sparen und alle Vorteile für mehr Monate genießen!,1,event_f858b86b78614a508200e8fe,,,,on
C01,DACH_DE_BASIC_checkoutfeb25_2A,348332492,B,test,person_080bb0feec38f8fceb638980,1,0,message_26a5f613388069a18a3a95d6,event_ef16fe808b614e56828c722a,DROPPED,2025-02-22 08:37:02,2025-02-22 08:37:02,299 € sparen und alle Vorteile für mehr Monate genießen!,0,,event_1b11aef571562fa980126b9b,,PREVIOUSLY_BOUNCED,on
C01,DACH_DE_BASIC_checkoutfeb25_2A,348332492,B,test,person_f2869983a686122807b458e3,1,0,message_e310615e745ddf0ee67231f3,event_f858b86b78614a508200e8fe,DROPPED,2025-02-22 08:37:01,2025-02-22 09:04:52,299 € sparen und alle Vorteile für mehr Monate genießen!,0,,,,MTA_IGNORE,on
C01,DACH_DE_BASIC_checkoutfeb25_2A,348332492,B,test,person_2fc0c6544ecd9c019f92a596,1,0,message_facb435c6301d3df981bb63d,event_c93567f092b87083c0accea9,DELIVERED,2025-02-22 08:36:58,2025-02-22 08:37:01,299 € sparen und alle Vorteile für mehr Monate genießen!,0,,,,,on
C01,DACH_DE_BASIC_checkoutfeb25_2A,348332492,B,test,person_2fc0c6544ecd9c019f92a596,1,0,message_facb435c6301d3df981bb63d,event_4d8a394b62642e1d6dca8839,SENT,2025-02-22 08:36:58,2025-02-22 08:36:58,299 € sparen und alle Vorteile für mehr Monate genießen!,0,,,,,on
C01,DACH_DE_BASIC_checkoutfeb25_2A,348332491,A,test,person_3d1e5d5430274bd99d92ef2d,1,0,message_2794d646b0824935e0afa12e,event_72e833193ea0c9d80b49293b,OPEN,2025-02-22 08:36:58,2025-02-22 10:48:14,Wir schenken Ihnen drei Monate ProvenExpert,0,,,,,on
C01,DACH_DE_BASIC_checkoutfeb25_2A,348332491,A,test,person_3d1e5d5430274bd99d92ef2d,1,0,message_2794d646b0824935e0afa12e,event_319f42e33d7e34d56ff3eb62,DELIVERED,2025-02-22 08:36:58,2025-02-22 08:37:04,Wir schenken Ihnen drei Monate ProvenExpert,0,,,,,on
C01,DACH_DE_BASIC_checkoutfeb25_2A,348332491,A,test,person_3d1e5d5430274bd99d92ef2d,1,0,message_2794d646b0824935e0afa12e,event_478ecb0f666918c5f9c66e9a,SENT,2025-02-22 08:36:58,2025-02-22 08:36:58,Wir schenken Ihnen drei Monate ProvenExpert,0,,,,,on
C01,DACH_DE_BASIC_checkoutfeb25_2A,348332491,A,test,person_3d1e5d5430274bd99d92ef2d,1,0,message_2794d646b0824935e0afa12e,event_1a939517d9694f95f87a1b5b,OPEN,2025-02-22 08:36:58,2025-02-22 10:48:14,Wir schenken Ihnen drei Monate ProvenExpert,0,,,,,on
C01,DACH_DE_BASIC_checkoutfeb25_2A,348332491,A,test,person_e41e56d20ec39c2558b22ef0,1,0,message_236ab57648bcf3952ded01f8,event_4e165a344a2b5d5435f5e004,SENT,2025-02-22 08:36:58,2025-02-22 08:36:58,Wir schenken Ihnen drei Monate ProvenExpert,0,,,,,on
C01,DACH_DE_BASIC_checkoutfeb25_2A,348332491,A,test,person_e41e56d20ec39c2558b22ef0,1,0,message_236ab57648bcf3952ded01f8,event_163a31ee88c9af30ad53a01d,DELIVERED,2025-02-22 08:36:58,2025-02-22 08:37:00,Wir schenken Ihnen drei Monate ProvenExpert,0,,,,,on
C01,DACH_DE_BASIC_checkoutfeb25_2A,348332492,B,test,person_f9ed21915eb03bb1f7f975e0,1,0,message_82bbd148752120ef2b0355e7,event_5d870cfb423dc5b827d77a30,DELIVERED,2025-02-22 08:37:02,2025-02-22 08:37:03,299 € sparen und alle Vorteile für mehr Monate genießen!,0,,,,,on
C01,DACH_DE_BASIC_checkoutfeb25_2A,348332492,B,test,person_f9ed21915eb03bb1f7f975e0,1,0,message_82bbd148752120ef2b0355e7,event_c04f0bd17a6b463d7f228c45,SENT,2025-02-22 08:37:02,2025-02-22 08:37:02,299 € sparen und alle Vorteile für mehr Monate genießen!,0,,,,,on
C01,DACH_DE_BASIC_checkoutfeb25_2A,348332491,A,test,person_5dbd0ef775e2bbbb7d051961,1,0,message_fe8e551b67a7c09c3e55f758,event_d50dc5c5af83d4ee51bb737e,SENT,2025-02-22 08:37:00,2025-02-22 08:37:00,Wir schenken Ihnen drei Monate ProvenExpert,0,,,,,on
C01,DACH_DE_BASIC_checkoutfeb25_2A,348332491,A,test,person_5dbd0ef775e2bbbb7d051961,1,0,message_fe8e551b67a7c09c3e55f758,event_3b845cd2f2c5ef3918f4cc7c,OPEN,2025-02-22 08:37:00,2025-02-24 18:07:53,Wir schenken Ihnen drei Monate ProvenExpert,0,,,,,on
C01,DACH_DE_BASIC_checkoutfeb25_2A,348332491,A,test,person_5dbd0ef775e2bbbb7d051961,1,0,message_fe8e551b67a7c09c3e55f758,event_3577efbdd01fd3fa24a16fd8,OPEN,2025-02-22 08:37:00,2025-02-22 10:34:43,Wir schenken Ihnen drei Monate ProvenExpert,0,,,,,on
C01,DACH_DE_BASIC_checkoutfeb25_2A,348332491,A,test,person_5dbd0ef775e2bbbb7d051961,1,0,message_fe8e551b67a7c09c3e55f758,event_1116835d8fa863fb8220d3e4,OPEN,2025-02-22 08:37:00,2025-02-22 08:37:07,Wir schenken Ihnen drei Monate ProvenExpert,0,,,,,on
C01,DACH_DE_BASIC_checkoutfeb25_2A,348332491,A,test,person_5dbd0ef775e2bbbb7d051961,1,0,message_fe8e551b67a7c09c3e55f758,event_d9d3305d528e053771fa960d,OPEN,2025-02-22 08:37:00,2025-02-22 08:37:08,Wir schenken Ihnen drei Monate ProvenExpert,0,,,,,on
C01,DACH_DE_BASIC_checkoutfeb25_2A,348332491,A,test,person_5dbd0ef775e2bbbb7d051961,1,0,message_fe8e551b67a7c09c3e55f758,event_f3a4e76ecb3b66aaa3022953,OPEN,2025-02-22 08:37:00,2025-02-22 13:28:00,Wir schenken Ihnen drei Monate ProvenExpert,0,,,,,on
C01,DACH_DE_BASIC_checkoutfeb25_2A,348332491,A,test,person_5dbd0ef775e2bbbb7d051961,1,0,message_fe8e551b67a7c09c3e55f758,event_f2b92d0b5212a52f2260c73f,DELIVERED,2025-02-22 08:37:00,2025-02-22 08:37:02,Wir schenken Ihnen drei Monate ProvenExpert,0,,,,,on
C01,DACH_DE_BASIC_checkoutfeb25_2A,348332491,A,test,person_5dbd0ef775e2bbbb7d051961,1,0,message_fe8e551b67a7c09c3e55f758,event_9e1655eab695a8c47abe6ebf,OPEN,2025-02-22 08:37:00,2025-02-27 09:52:59,Wir schenken Ihnen drei Monate ProvenExpert,0,,,,,on
C01,DACH_DE_BASIC_checkoutfeb25_2A,348332491,A,test,person_5dbd0ef775e2bbbb7d051961,1,0,message_fe8e551b67a7c09c3e55f758,event_9a91a0fcb12b0b8308742958,OPEN,2025-02-22 08:37:00,2025-02-26 07:58:47,Wir schenken Ihnen drei Monate ProvenExpert,0,,,,,on
C01,DACH_DE_BASIC_checkoutfeb25_2A,348332491,A,test,person_5dbd0ef775e2bbbb7d051961,1,0,message_fe8e551b67a7c09c3e55f758,event_f75333bc5c6b87d2b98a8033,OPEN,2025-02-22 08:37:00,2025-03-01 08:59:15,Wir schenken Ihnen drei Monate ProvenExpert,0,,,,,on
C01,DACH_DE_BASIC_checkoutfeb25_2A,348332491,A,test,person_229216116481c5dd6c05a67f,1,0,message_37b19df88c8d160c45a4aa60,event_6840fe43c9c8ed230d775467,SENT,2025-02-22 08:37:00,2025-02-22 08:37:00,Wir schenken Ihnen drei Monate ProvenExpert,0,,,,,on
C01,DACH_DE_BASIC_checkoutfeb25_2A,348332491,A,test,person_229216116481c5dd6c05a67f,1,0,message_37b19df88c8d160c45a4aa60,event_fefbeb155ebdfb4c88e738f6,DELIVERED,2025-02-22 08:37:00,2025-02-22 08:37:03,Wir schenken Ihnen drei Monate ProvenExpert,0,,,,,on
C01,DACH_DE_BASIC_checkoutfeb25_2A,348332491,A,test,person_229216116481c5dd6c05a67f,1,0,message_37b19df88c8d160c45a4aa60,event_248db09b0b12d50c04770408,OPEN,2025-02-22 08:37:00,2025-02-22 09:07:27,Wir schenken Ihnen drei Monate ProvenExpert,0,,,,,on
C01,DACH_DE_BASIC_checkoutfeb25_2A,348332491,A,test,person_229216116481c5dd6c05a67f,1,0,message_37b19df88c8d160c45a4aa60,event_c68bcca13d01ee0b5e90ac9d,OPEN,2025-02-22 08:37:00,2025-02-22 09:07:33,Wir schenken Ihnen drei Monate ProvenExpert,0,,,,,on
C01,DACH_DE_BASIC_checkoutfeb25_2A,348332491,A,test,person_b81351beba1254312a627bc4,1,0,message_dc33811a628d0f8f988bfe1a,event_bef6b227a39ea260464727aa,SENT,2025-02-22 08:36:58,2025-02-22 08:36:58,Wir schenken Ihnen drei Monate ProvenExpert,0,,,,,on
C01,DACH_DE_BASIC_checkoutfeb25_2A,348332491,A,test,person_b81351beba1254312a627bc4,1,0,message_dc33811a628d0f8f988bfe1a,event_5b976dd4da9ab6fa0e2edaa2,DELIVERED,2025-02-22 08:36:58,2025-02-22 08:37:01,Wir schenken Ihnen drei Monate ProvenExpert,0,,,,,on
C01,DACH_DE_BASIC_checkoutfeb25_2A,348332491,A,test,person_b81351beba1254312a627bc4,1,0,message_dc33811a628d0f8f988bfe1a,event_ff53579463f882ad0e1a8cf4,OPEN,2025-02-22 08:36:58,2025-02-22 08:49:55,Wir schenken Ihnen drei Monate ProvenExpert,0,,,,,on
C01,DACH_DE_BASIC_checkoutfeb25_2A,348332491,A,test,person_b81351beba1254312a627bc4,1,0,message_dc33811a628d0f8f988bfe1a,event_8159c709eb3fee92690539b4,OPEN,2025-02-22 08:36:58,2025-02-22 08:44:21,Wir schenken Ihnen drei Monate ProvenExpert,0,,,,,on
C01,DACH_DE_BASIC_checkoutfeb25_2A,348332491,A,test,person_6c381c86c7e721b7b8d938fb,1,0,message_8e5889c029492f092f34307a,event_b0ed6c3d14202900b0abdef4,DROPPED,2025-02-22 08:37:01,2025-02-22 08:37:01,Wir schenken Ihnen drei Monate ProvenExpert,0,,event_b6078eced43db715556e3bde,,PREVIOUSLY_BOUNCED,on
C01,DACH_DE_BASIC_checkoutfeb25_2A,348332491,A,test,person_c1f74f4fc2c67440ac18ff5d,1,0,message_b4e36ad977c66543c37f76c6,event_51a10e4cad4ac4330af9650c,DROPPED,2025-02-22 08:37:00,2025-02-22 08:37:00,Wir schenken Ihnen drei Monate ProvenExpert,0,,event_92edc0e7835b6baedd00232d,,PREVIOUSLY_BOUNCED,on
C01,DACH_DE_BASIC_checkoutfeb25_2A,348332492,B,test,person_8056a3aba03117ac469896b4,1,0,message_46e43f5d6133ed6f2b7bd2fb,event_6fb50ae7ec83fb44f5a14984,SENT,2025-02-22 08:36:59,2025-02-22 08:36:59,299 € sparen und alle Vorteile für mehr Monate genießen!,0,,,,,on
C01,DACH_DE_BASIC_checkoutfeb25_2A,348332492,B,test,person_8056a3aba03117ac469896b4,1,0,message_46e43f5d6133ed6f2b7bd2fb,event_d44e944b284502e6b4c90edc,DELIVERED,2025-02-22 08:36:59,2025-02-22 08:37:01,299 € sparen und alle Vorteile für mehr Monate genießen!,0,,,,,on
C01,DACH_DE_BASIC_checkoutfeb25_2A,348332491,A,test,person_e7818cc067eeeff36c3cdb1b,1,0,message_6baed2c8a09633c9eab41413,event_a4d5651d6881ae4f659cbc73,SENT,2025-02-22 08:36:59,2025-02-22 08:36:59,Wir schenken Ihnen drei Monate ProvenExpert,0,,,,,on
C01,DACH_DE_BASIC_checkoutfeb25_2A,348332491,A,test,person_e7818cc067eeeff36c3cdb1b,1,0,message_6baed2c8a09633c9eab41413,event_da07c8d6fe7163360254b7c6,DELIVERED,2025-02-22 08:36:59,2025-02-22 08:37:02,Wir schenken Ihnen drei Monate ProvenExpert,0,,,,,on
C01,DACH_DE_BASIC_checkoutfeb25_2A,348332491,A,test,person_a029667234f29e79d7caaca6,1,0,message_46b6b65f6918cfdb52f114fa,event_15b456e06f02708af22c718e,SENT,2025-02-22 08:35:42,2025-02-22 08:35:42,Wir schenken Ihnen drei Monate ProvenExpert,0,,,,,on
C01,DACH_DE_BASIC_checkoutfeb25_2A,348332491,A,test,person_a029667234f29e79d7caaca6,1,0,message_46b6b65f6918cfdb52f114fa,event_db27fc0588def4a6e1bc782a,DELIVERED,2025-02-22 08:35:42,2025-02-22 08:35:44,Wir schenken Ihnen drei Monate ProvenExpert,0,,,,,on
C01,DACH_DE_BASIC_checkoutfeb25_2A,348332492,B,test,person_d621e467df82c90605cb8629,1,0,message_db20bc856e3adf03702f1c17,event_05c7784c3196ce53f6afd475,DELIVERED,2025-02-22 08:36:58,2025-02-22 08:37:01,299 € sparen und alle Vorteile für mehr Monate genießen!,0,,,,,on
C01,DACH_DE_BASIC_checkoutfeb25_2A,348332492,B,test,person_d621e467df82c90605cb8629,1,0,message_db20bc856e3adf03702f1c17,event_b089bb4763ce3bae872a7636,SENT,2025-02-22 08:36:58,2025-02-22 08:36:58,299 € sparen und alle Vorteile für mehr Monate genießen!,0,,,,,on
C01,DACH_DE_BASIC_checkoutfeb25_2A,348332491,A,test,person_715e652e8a5d806155714bbf,1,0,message_5a79240c457b995fed864ae8,event_64c6787784817dcb04753820,SENT,2025-02-22 08:37:01,2025-02-22 08:37:01,Wir schenken Ihnen drei Monate ProvenExpert,0,,,,,on
C01,DACH_DE_BASIC_checkoutfeb25_2A,348332491,A,test,person_715e652e8a5d806155714bbf,1,0,message_5a79240c457b995fed864ae8,event_dc933b0a78ff7611c6e488d4,DELIVERED,2025-02-22 08:37:01,2025-02-22 08:37:04,Wir schenken Ihnen drei Monate ProvenExpert,0,,,,,on
C01,DACH_DE_BASIC_checkoutfeb25_2A,348332492,B,test,person_d9f76e72e268315f1e56a1a1,1,0,message_217a0c6bd60c6d83e73dea15,event_0e1eac6fd607d0179cb2ed3a,SENT,2025-02-22 08:36:58,2025-02-22 08:36:58,299 € sparen und alle Vorteile für mehr Monate genießen!,0,,,,,on
C01,DACH_DE_BASIC_checkoutfeb25_2A,348332492,B,test,person_d9f76e72e268315f1e56a1a1,1,0,message_217a0c6bd60c6d83e73dea15,event_ec3e79ca0ff0ba9b37eef385,DELIVERED,2025-02-22 08:36:58,2025-02-22 08:37:07,299 € sparen und alle Vorteile für mehr Monate genießen!,0,,,,,on
C01,DACH_DE_BASIC_checkoutfeb25_2A,348332491,A,test,person_0acd243eeef68fa7e969b4cb,1,0,message_21a8aed78241c010b451d808,event_254426977b6f34043dc8f3e1,SENT,2025-02-22 08:35:42,2025-02-22 08:35:42,Wir schenken Ihnen drei Monate ProvenExpert,0,,,,,on
C01,DACH_DE_BASIC_checkoutfeb25_2A,348332491,A,test,person_0acd243eeef68fa7e969b4cb,1,0,message_21a8aed78241c010b451d808,event_5f4779ae6c22651be548eaa0,DELIVERED,2025-02-22 08:35:42,2025-02-22 08:35:43,Wir schenken Ihnen drei Monate ProvenExpert,0,,,,,on
C01,DACH_DE_BASIC_checkoutfeb25_2A,348332492,B,test,person_afcea5d0709daad89e74b1e1,1,0,message_f24a12dc9cad8b6eacaf49bd,event_6efecaf8ae45ae81ee5a7aff,DELIVERED,2025-02-22 08:37:01,2025-02-22 08:37:05,299 € sparen und alle Vorteile für mehr Monate genießen!,0,,,,,on
C01,DACH_DE_BASIC_checkoutfeb25_2A,348332492,B,test,person_afcea5d0709daad89e74b1e1,1,0,message_f24a12dc9cad8b6eacaf49bd,event_4052122521440907826555fb,SENT,2025-02-22 08:37:01,2025-02-22 08:37:01,299 € sparen und alle Vorteile für mehr Monate genießen!,0,,,,,on
C01,DACH_DE_BASIC_checkoutfeb25_2A,348332492,B,test,person_0c9c637ef4ca8e7e4173cece,1,0,message_02784253ff3f8384bf53649b,event_e1dc074f014f01a1473b6b10,DELIVERED,2025-02-22 08:36:58,2025-02-22 08:37:00,299 € sparen und alle Vorteile für mehr Monate genießen!,0,,,,,on
C01,DACH_DE_BASIC_checkoutfeb25_2A,348332492,B,test,person_0c9c637ef4ca8e7e4173cece,1,0,message_02784253ff3f8384bf53649b,event_58ae060372c4d0db977309be,SENT,2025-02-22 08:36:58,2025-02-22 08:36:58,299 € sparen und alle Vorteile für mehr Monate genießen!,0,,,,,on
C01,DACH_DE_BASIC_checkoutfeb25_2A,348332491,A,test,person_be76fe29e95421a47b84986b,1,0,message_c146b847afa82ad0815d1f11,event_4d2bc3a6f647058fc35aeaf7,DROPPED,2025-02-22 08:37:01,2025-02-22 08:37:01,Wir schenken Ihnen drei Monate ProvenExpert,0,,event_00278f86b3a2293a6c6edd56,,PREVIOUSLY_BOUNCED,on
C01,DACH_DE_BASIC_checkoutfeb25_2A,348332492,B,test,person_721d82a10f5f70fcd0dc1d45,1,0,message_390188919d8f7847bf220cc1,event_2c34cfa629c44f024a17906a,SENT,2025-02-22 08:37:02,2025-02-22 08:37:02,299 € sparen und alle Vorteile für mehr Monate genießen!,0,,,,,on
C01,DACH_DE_BASIC_checkoutfeb25_2A,348332492,B,test,person_721d82a10f5f70fcd0dc1d45,1,0,message_390188919d8f7847bf220cc1,event_d8ac16b117d321d4d6f97768,DELIVERED,2025-02-22 08:37:02,2025-02-22 08:37:04,299 € sparen und alle Vorteile für mehr Monate genießen!,0,,,,,on
C01,DACH_DE_BASIC_checkoutfeb25_2A,348332492,B,test,person_a44a577934e41156cea7dd1d,1,0,message_98d382b67ab8584ae9ab0694,event_35d3b684a08cc4e29ab67363,SENT,2025-02-22 08:37:02,2025-02-22 08:37:02,299 € sparen und alle Vorteile für mehr Monate genießen!,0,,,,,on
C01,DACH_DE_BASIC_checkoutfeb25_2A,348332492,B,test,person_a44a577934e41156cea7dd1d,1,0,message_98d382b67ab8584ae9ab0694,event_1cc523ac5b07d58f2f0bc36e,DELIVERED,2025-02-22 08:37:02,2025-02-22 08:37:04,299 € sparen und alle Vorteile für mehr Monate genießen!,0,,,,,on
C01,DACH_DE_BASIC_checkoutfeb25_2A,348332491,A,test,person_f9d34683c388e06935e89815,1,0,message_acc11f468f1a4893d348828a,event_3c981ed2cc061c73f695573f,DELIVERED,2025-02-22 08:37:01,2025-02-22 08:37:02,Wir schenken Ihnen drei Monate ProvenExpert,0,,,,,on
C01,DACH_DE_BASIC_checkoutfeb25_2A,348332491,A,test,person_f9d34683c388e06935e89815,1,0,message_acc11f468f1a4893d348828a,event_723cc154358bf9db173d1935,SENT,2025-02-22 08:37:01,2025-02-22 08:37:01,Wir schenken Ihnen drei Monate ProvenExpert,0,,,,,on
C01,DACH_DE_BASIC_checkoutfeb25_2A,348332491,A,test,person_962d0b1237d5ef9a89991053,1,0,message_8b2b967e26d1f55fa7f72587,event_6c5bc106e5c3c8928761ecb0,SENT,2025-02-22 08:36:58,2025-02-22 08:36:58,Wir schenken Ihnen drei Monate ProvenExpert,0,,,,,on
C01,DACH_DE_BASIC_checkoutfeb25_2A,348332491,A,test,person_962d0b1237d5ef9a89991053,1,0,message_8b2b967e26d1f55fa7f72587,event_1db0d2bedffb5eac09de1bce,DELIVERED,2025-02-22 08:36:58,2025-02-22 08:37:01,Wir schenken Ihnen drei Monate ProvenExpert,0,,,,,on
C01,DACH_DE_BASIC_checkoutfeb25_2A,348332491,A,test,person_2ae0cb00be3c257f46d78917,1,0,message_6d02b60d1315bff5faefab82,event_283fee001292bc7cd2090aff,DELIVERED,2025-02-22 08:36:58,2025-02-22 08:37:00,Wir schenken Ihnen drei Monate ProvenExpert,0,,,,,on
C01,DACH_DE_BASIC_checkoutfeb25_2A,348332491,A,test,person_d4016d030b202816afbd226e,1,0,message_dfddee29551de5ffd709d3f9,event_b427bf97533bbcd372cd7309,DROPPED,2025-02-22 08:35:42,2025-02-22 08:35:42,Wir schenken Ihnen drei Monate ProvenExpert,0,,event_23c686990d1b8c878353a91a,,PREVIOUSLY_BOUNCED,on
C01,DACH_DE_BASIC_checkoutfeb25_2A,348332492,B,test,person_dc80b248a93611fa2949d34e,1,0,message_356ed04bdfe03076ceb5ebe0,event_e3044b5ca9dcb61f1a822d45,DROPPED,2025-02-22 08:37:02,2025-02-22 08:37:02,299 € sparen und alle Vorteile für mehr Monate genießen!,0,,event_7008c0c84c89ccf5f4b930e5,,PREVIOUSLY_BOUNCED,on
C01,DACH_DE_BASIC_checkoutfeb25_2A,348332491,A,test,person_2ae0cb00be3c257f46d78917,1,0,message_6d02b60d1315bff5faefab82,event_afd46f73044922de666124b6,SENT,2025-02-22 08:36:58,2025-02-22 08:36:58,Wir schenken Ihnen drei Monate ProvenExpert,0,,,,,on
C01,DACH_DE_BASIC_checkoutfeb25_2A,348332492,B,test,person_3bff2a5d906d425e8f144a99,1,0,message_c80ce1d2d4a5e5e9fea44e99,event_2a152d7f85e862347c9b1a87,DELIVERED,2025-02-22 08:37:01,2025-02-22 08:37:06,299 € sparen und alle Vorteile für mehr Monate genießen!,0,,,,,on
C01,DACH_DE_BASIC_checkoutfeb25_2A,348332492,B,test,person_3bff2a5d906d425e8f144a99,1,0,message_c80ce1d2d4a5e5e9fea44e99,event_f48b6c9630a3baa8d869fb67,SENT,2025-02-22 08:37:01,2025-02-22 08:37:01,299 € sparen und alle Vorteile für mehr Monate genießen!,0,,,,,on
C01,DACH_DE_BASIC_checkoutfeb25_2A,348332491,A,test,person_b38efd9db380dadc22f46c00,1,0,message_88550c8c9fdb48c3d38dc938,event_4d6b52802984f95e651df1ce,DELIVERED,2025-02-22 08:37:00,2025-02-22 08:37:09,Wir schenken Ihnen drei Monate ProvenExpert,0,,,,,on
C01,DACH_DE_BASIC_checkoutfeb25_2A,348332491,A,test,person_b38efd9db380dadc22f46c00,1,0,message_88550c8c9fdb48c3d38dc938,event_d66039020d3cb203558d34e0,SENT,2025-02-22 08:37:00,2025-02-22 08:37:00,Wir schenken Ihnen drei Monate ProvenExpert,0,,,,,on
C01,DACH_DE_BASIC_checkoutfeb25_2A,348332491,A,test,person_992cbd8910122008ff9dccec,1,0,message_6703f99917326322a1adfd47,event_da34b0d04b81e06fc5ab7dde,DELIVERED,2025-02-22 08:37:00,2025-02-22 08:37:03,Wir schenken Ihnen drei Monate ProvenExpert,0,,,,,on
C01,DACH_DE_BASIC_checkoutfeb25_2A,348332491,A,test,person_992cbd8910122008ff9dccec,1,0,message_6703f99917326322a1adfd47,event_6d86660a107c5242f3e9c123,SENT,2025-02-22 08:37:00,2025-02-22 08:37:00,Wir schenken Ihnen drei Monate ProvenExpert,0,,,,,on
C01,DACH_DE_BASIC_checkoutfeb25_2A,348332491,A,test,person_cd50629b52e838c1e126f379,1,0,message_f7be0a0b7ec3ee029674f468,event_b6fe4d839737b4e3fe73dc1a,DELIVERED,2025-02-22 08:35:42,2025-02-22 08:35:43,Wir schenken Ihnen drei Monate ProvenExpert,0,,,,,on
C01,DACH_DE_BASIC_checkoutfeb25_2A,348332491,A,test,person_cd50629b52e838c1e126f379,1,0,message_f7be0a0b7ec3ee029674f468,event_445ea031caaaa0fb6f0d1fff,SENT,2025-02-22 08:35:42,2025-02-22 08:35:42,Wir schenken Ihnen drei Monate ProvenExpert,0,,,,,on
C01,DACH_DE_BASIC_checkoutfeb25_2A,348332492,B,test,person_7fdbddfce2eadb30bdc6548f,1,0,message_bba54c191367421040831ca1,event_dc03c3c9af3dc7aa4cf537f5,DELIVERED,2025-02-22 08:37:01,2025-02-22 08:37:02,299 € sparen und alle Vorteile für mehr Monate genießen!,0,,,,,on
C01,DACH_DE_BASIC_checkoutfeb25_2A,348332492,B,test,person_7fdbddfce2eadb30bdc6548f,1,0,message_bba54c191367421040831ca1,event_80322e5b2434fe51fcff07b5,SENT,2025-02-22 08:37:01,2025-02-22 08:37:01,299 € sparen und alle Vorteile für mehr Monate genießen!,0,,,,,on
C01,DACH_DE_BASIC_checkoutfeb25_2A,348332492,B,test,person_83bab75a0a5e170f88ef37cd,1,0,message_6b911dae9c237051459dc74a,event_daf28e242f490a03c5ee5a36,DELIVERED,2025-02-22 08:37:02,2025-02-22 08:37:06,299 € sparen und alle Vorteile für mehr Monate genießen!,0,,,,,on
C01,DACH_DE_BASIC_checkoutfeb25_2A,348332492,B,test,person_83bab75a0a5e170f88ef37cd,1,0,message_6b911dae9c237051459dc74a,event_6c0eaf70ac164f35f31fec03,SENT,2025-02-22 08:37:02,2025-02-22 08:37:02,299 € sparen und alle Vorteile für mehr Monate genießen!,0,,,,,on
C01,DACH_DE_BASIC_checkoutfeb25_2A,348332492,B,test,person_b7313c1d739e528bfa5a3e76,1,0,message_6ff9102c776bdfe1d19363e8,event_d1eb60d0b712b27ce13c83b0,SENT,2025-02-22 08:36:58,2025-02-22 08:36:58,299 € sparen und alle Vorteile für mehr Monate genießen!,0,,,,,on
C01,DACH_DE_BASIC_checkoutfeb25_2A,348332492,B,test,person_b7313c1d739e528bfa5a3e76,1,0,message_6ff9102c776bdfe1d19363e8,event_04186c55316dde5f5c978224,DELIVERED,2025-02-22 08:36:58,2025-02-22 08:37:01,299 € sparen und alle Vorteile für mehr Monate genießen!,0,,,,,on
C01,DACH_DE_BASIC_checkoutfeb25_2A,348332491,A,test,person_3d1cc557d5da1de9fd90a3ac,1,0,message_5f20e7fca13d7571b603147c,event_edaaea56638dac0106084020,SENT,2025-02-22 08:36:59,2025-02-22 08:36:59,Wir schenken Ihnen drei Monate ProvenExpert,0,,,,,on
C01,DACH_DE_BASIC_checkoutfeb25_2A,348332491,A,test,person_3d1cc557d5da1de9fd90a3ac,1,0,message_5f20e7fca13d7571b603147c,event_f2c4479d96a54a0a94b0da01,DELIVERED,2025-02-22 08:36:59,2025-02-22 08:37:01,Wir schenken Ihnen drei Monate ProvenExpert,0,,,,,on
C01,DACH_DE_BASIC_checkoutfeb25_2A,348332491,A,test,person_0570989d360892515f906dd8,1,0,message_6573abd9496eeaa0a8efcec7,event_2ad7f65cb811e021428685ac,SENT,2025-02-22 08:36:59,2025-02-22 08:36:59,Wir schenken Ihnen drei Monate ProvenExpert,0,,,,,on
C01,DACH_DE_BASIC_checkoutfeb25_2A,348332491,A,test,person_0570989d360892515f906dd8,1,0,message_6573abd9496eeaa0a8efcec7,event_b1a12e74f2fe37b339f89155,DELIVERED,2025-02-22 08:36:59,2025-02-22 08:37:02,Wir schenken Ihnen drei Monate ProvenExpert,0,,,,,on
C01,DACH_DE_BASIC_checkoutfeb25_2A,348332492,B,test,person_bbded3d046ef0a4e894bd73c,1,0,message_2392a41fac25e28c6fdf4ca7,event_d04542946f73c5803f572a70,SENT,2025-02-22 08:36:59,2025-02-22 08:36:59,299 € sparen und alle Vorteile für mehr Monate genießen!,0,,,,,on
C01,DACH_DE_BASIC_checkoutfeb25_2A,348332492,B,test,person_bbded3d046ef0a4e894bd73c,1,0,message_2392a41fac25e28c6fdf4ca7,event_ac8de398145294e475f5e48e,DELIVERED,2025-02-22 08:36:59,2025-02-22 08:37:01,299 € sparen und alle Vorteile für mehr Monate genießen!,0,,,,,on
C01,DACH_DE_BASIC_checkoutfeb25_2A,348332492,B,test,person_ca1b3b86346a0770c83b0064,1,0,message_7a7ca0e028f66201001bb68d,event_667d0fd8af7e994633f06ddd,DELIVERED,2025-02-22 08:37:00,2025-02-22 08:37:02,299 € sparen und alle Vorteile für mehr Monate genießen!,0,,,,,on
C01,DACH_DE_BASIC_checkoutfeb25_2A,348332492,B,test,person_ca1b3b86346a0770c83b0064,1,0,message_7a7ca0e028f66201001bb68d,event_24cd90095db1715df557b024,SENT,2025-02-22 08:37:00,2025-02-22 08:37:00,299 € sparen und alle Vorteile für mehr Monate genießen!,0,,,,,on
C01,DACH_DE_BASIC_checkoutfeb25_2A,348332491,A,test,person_a022560a4dd631bc8474d3eb,1,0,message_91f5b545e00ce942d4bbc846,event_af80e1dee06a446712660eda,DELIVERED,2025-02-22 08:36:58,2025-02-22 08:37:00,Wir schenken Ihnen drei Monate ProvenExpert,0,,,,,on
C01,DACH_DE_BASIC_checkoutfeb25_2A,348332491,A,test,person_a022560a4dd631bc8474d3eb,1,0,message_91f5b545e00ce942d4bbc846,event_e2170624f86ba0c2a22e72db,SENT,2025-02-22 08:36:58,2025-02-22 08:36:58,Wir schenken Ihnen drei Monate ProvenExpert,0,,,,,on
C01,DACH_DE_BASIC_checkoutfeb25_2A,348332492,B,test,person_273a805c80e3215c89c8cf0a,1,0,message_10a8835dfa2020e3ec46a55a,event_9e6dcc6919644c3e9f677add,SENT,2025-02-22 08:36:59,2025-02-22 08:36:59,299 € sparen und alle Vorteile für mehr Monate genießen!,0,,,,,on
C01,DACH_DE_BASIC_checkoutfeb25_2A,348332492,B,test,person_273a805c80e3215c89c8cf0a,1,0,message_10a8835dfa2020e3ec46a55a,event_9244f5a7491a8e14b013bc29,DELIVERED,2025-02-22 08:36:59,2025-02-22 08:37:03,299 € sparen und alle Vorteile für mehr Monate genießen!,0,,,,,on
C01,DACH_DE_BASIC_checkoutfeb25_2A,348332491,A,test,person_631fd8fb9c296b49d7b208ae,1,0,message_75a79d242d358812bf5414e8,event_f2f825855797bc6d2d672493,DELIVERED,2025-02-22 08:37:00,2025-02-22 08:37:02,Wir schenken Ihnen drei Monate ProvenExpert,0,,,,,on
C01,DACH_DE_BASIC_checkoutfeb25_2A,348332491,A,test,person_631fd8fb9c296b49d7b208ae,1,0,message_75a79d242d358812bf5414e8,event_021343dd0456f13e946caa45,SENT,2025-02-22 08:37:00,2025-02-22 08:37:00,Wir schenken Ihnen drei Monate ProvenExpert,0,,,,,on
C01,DACH_DE_BASIC_checkoutfeb25_2A,348332491,A,test,person_3a665aaf1145b6a64d630621,1,0,message_16ccd73931161c74625a6ed4,event_aad63e7d30cceedc740e28fd,SENT,2025-02-22 08:35:42,2025-02-22 08:35:42,Wir schenken Ihnen drei Monate ProvenExpert,0,,,,,on
C01,DACH_DE_BASIC_checkoutfeb25_2A,348332491,A,test,person_3a665aaf1145b6a64d630621,1,0,message_16ccd73931161c74625a6ed4,event_1eb81600e6202015959d7ae5,DELIVERED,2025-02-22 08:35:42,2025-02-22 08:35:45,Wir schenken Ihnen drei Monate ProvenExpert,0,,,,,on
C01,DACH_DE_BASIC_checkoutfeb25_2A,348332491,A,test,person_50761eb72a74864524126975,1,0,message_4061ebdbccaab9a8035718d5,event_326dd534365ca50898a753b3,OPEN,2025-02-22 08:36:57,2025-08-04 15:57:59,Wir schenken Ihnen drei Monate ProvenExpert,0,,,,,on
C01,DACH_DE_BASIC_checkoutfeb25_2A,348332491,A,test,person_50761eb72a74864524126975,1,0,message_4061ebdbccaab9a8035718d5,event_e8af462da13af89e24caa359,DELIVERED,2025-02-22 08:36:57,2025-02-22 08:37:00,Wir schenken Ihnen drei Monate ProvenExpert,0,,,,,on
C01,DACH_DE_BASIC_checkoutfeb25_2A,348332491,A,test,person_50761eb72a74864524126975,1,0,message_4061ebdbccaab9a8035718d5,event_75c3aa11e5dee0f7b2241ed6,SENT,2025-02-22 08:36:57,2025-02-22 08:36:57,Wir schenken Ihnen drei Monate ProvenExpert,0,,,,,on
C01,DACH_DE_BASIC_checkoutfeb25_2A,348332492,B,test,person_43b8455b8bd0a25f375790ff,1,0,message_462c5e296104c57da4b08f37,event_8443ca4e4cb27f17220dbed3,SENT,2025-02-22 08:37:01,2025-02-22 08:37:01,299 € sparen und alle Vorteile für mehr Monate genießen!,0,,,,,on
C01,DACH_DE_BASIC_checkoutfeb25_2A,348332492,B,test,person_43b8455b8bd0a25f375790ff,1,0,message_462c5e296104c57da4b08f37,event_d5c6e91725cf47ac5412f7e0,DELIVERED,2025-02-22 08:37:01,2025-02-22 08:37:04,299 € sparen und alle Vorteile für mehr Monate genießen!,0,,,,,on
C01,DACH_DE_BASIC_checkoutfeb25_2A,348332492,B,test,person_bf40e9829a309f2bd6347bc1,1,0,message_8fb8f68ddfcd0667868d9330,event_82405b19b540ebde365bf430,DELIVERED,2025-02-22 08:36:59,2025-02-22 08:37:00,299 € sparen und alle Vorteile für mehr Monate genießen!,0,,,,,on
C01,DACH_DE_BASIC_checkoutfeb25_2A,348332492,B,test,person_bf40e9829a309f2bd6347bc1,1,0,message_8fb8f68ddfcd0667868d9330,event_e7ea32ebb94e453b7b5dd36f,SENT,2025-02-22 08:36:59,2025-02-22 08:36:59,299 € sparen und alle Vorteile für mehr Monate genießen!,0,,,,,on
C01,DACH_DE_BASIC_checkoutfeb25_2A,348332492,B,test,person_178016c97cad46741c157bd3,1,0,message_c57c6fafccdaaa9bb6ba15b6,event_6a357e789b3acd6a532832d3,DROPPED,2025-02-22 08:36:59,2025-02-22 08:36:59,299 € sparen und alle Vorteile für mehr Monate genießen!,0,,event_2391c74686ecc14d2490834a,,PREVIOUSLY_BOUNCED,on
C01,DACH_DE_BASIC_checkoutfeb25_2A,348332492,B,test,person_69fa10fbdc14bc59b4cfe8e6,1,0,message_017e1440f6ac9d1f9fceb047,event_ada05d9d1490d5cf00f1a863,DELIVERED,2025-02-22 08:36:58,2025-02-22 08:36:58,299 € sparen und alle Vorteile für mehr Monate genießen!,0,,,,,on
C01,DACH_DE_BASIC_checkoutfeb25_2A,348332492,B,test,person_69fa10fbdc14bc59b4cfe8e6,1,0,message_017e1440f6ac9d1f9fceb047,event_de21350b62055630bf945cf0,SENT,2025-02-22 08:36:58,2025-02-22 08:36:58,299 € sparen und alle Vorteile für mehr Monate genießen!,0,,,,,on
C01,DACH_DE_BASIC_checkoutfeb25_2A,348332492,B,test,person_fcf26adc4f27c6a859ac9703,1,0,message_abfae0ecd7d6fadc1eb7afb9,event_4d00ff56d5b78207cb0e8354,DELIVERED,2025-02-22 08:36:58,2025-02-22 08:37:09,299 € sparen und alle Vorteile für mehr Monate genießen!,0,,,,,on
C01,DACH_DE_BASIC_checkoutfeb25_2A,348332492,B,test,person_fcf26adc4f27c6a859ac9703,1,0,message_abfae0ecd7d6fadc1eb7afb9,event_408cb122456620bb2c287572,SENT,2025-02-22 08:36:58,2025-02-22 08:36:58,299 € sparen und alle Vorteile für mehr Monate genießen!,0,,,,,on
C01,DACH_DE_BASIC_checkoutfeb25_2A,348332492,B,test,person_8b5b6d77d80109812d86a15f,1,0,message_324413643ba9053389fa5a7b,event_9960508e083ff1c242e74f33,SENT,2025-02-22 08:37:01,2025-02-22 08:37:01,299 € sparen und alle Vorteile für mehr Monate genießen!,0,,,,,on
C01,DACH_DE_BASIC_checkoutfeb25_2A,348332492,B,test,person_8b5b6d77d80109812d86a15f,1,0,message_324413643ba9053389fa5a7b,event_c3db0dc89139a2e1a5608670,DELIVERED,2025-02-22 08:37:01,2025-02-22 08:37:19,299 € sparen und alle Vorteile für mehr Monate genießen!,0,,,,,on
C01,DACH_DE_BASIC_checkoutfeb25_2A,348332492,B,test,person_08da36f791e53170e9f2feb1,1,0,message_a22fd47acdb446d281c86553,event_bcf3bc61d8a7d32c29976761,DELIVERED,2025-02-22 08:36:57,2025-02-22 08:37:00,299 € sparen und alle Vorteile für mehr Monate genießen!,0,,,,,on
C01,DACH_DE_BASIC_checkoutfeb25_2A,348332492,B,test,person_08da36f791e53170e9f2feb1,1,0,message_a22fd47acdb446d281c86553,event_c468d0bbccd70f02d01eb8d7,SENT,2025-02-22 08:36:57,2025-02-22 08:36:57,299 € sparen und alle Vorteile für mehr Monate genießen!,0,,,,,on
C01,DACH_DE_BASIC_checkoutfeb25_2A,348332491,A,test,person_b841d7d573a3f9c2bd05e7b5,1,0,message_c8f57896337684b1df34e0cf,event_e4d61c54ccfa4340824e540c,SENT,2025-02-22 08:36:59,2025-02-22 08:36:59,Wir schenken Ihnen drei Monate ProvenExpert,0,,,,,on
C01,DACH_DE_BASIC_checkoutfeb25_2A,348332491,A,test,person_b841d7d573a3f9c2bd05e7b5,1,0,message_c8f57896337684b1df34e0cf,event_d167825716d56beff41b21f4,DELIVERED,2025-02-22 08:36:59,2025-02-22 08:37:01,Wir schenken Ihnen drei Monate ProvenExpert,0,,,,,on
C01,DACH_DE_BASIC_checkoutfeb25_2A,348332492,B,test,person_8a0bf1eb3d94eccfa5cee4ac,1,0,message_ea19513f520916fe109fb357,event_e2c5d204fc6c826f8cf6bc6f,DELIVERED,2025-02-22 08:36:58,2025-02-22 08:37:03,299 € sparen und alle Vorteile für mehr Monate genießen!,0,,,,,on
C01,DACH_DE_BASIC_checkoutfeb25_2A,348332492,B,test,person_8a0bf1eb3d94eccfa5cee4ac,1,0,message_ea19513f520916fe109fb357,event_63c57e06ac849986ed0b6c30,SENT,2025-02-22 08:36:58,2025-02-22 08:36:58,299 € sparen und alle Vorteile für mehr Monate genießen!,0,,,,,on
C01,DACH_DE_BASIC_checkoutfeb25_2A,348332491,A,test,person_3f6e12b2803805a69bf5cd68,1,0,message_e28298c1a5751ebcd78eabb8,event_9ea614786906d9c131129c86,DELIVERED,2025-02-22 08:36:57,2025-02-22 08:37:00,Wir schenken Ihnen drei Monate ProvenExpert,0,,,,,on
C01,DACH_DE_BASIC_checkoutfeb25_2A,348332491,A,test,person_3f6e12b2803805a69bf5cd68,1,0,message_e28298c1a5751ebcd78eabb8,event_7e99becb75bca762d330c314,SENT,2025-02-22 08:36:57,2025-02-22 08:36:57,Wir schenken Ihnen drei Monate ProvenExpert,0,,,,,on
C01,DACH_DE_BASIC_checkoutfeb25_2A,348332491,A,test,person_a02fdd85a8eb546b1d90e6de,1,0,message_dbd43c16af299855c4f51439,event_65ccba80c2e6de179b8f5559,SENT,2025-02-22 08:36:59,2025-02-22 08:36:59,Wir schenken Ihnen drei Monate ProvenExpert,0,,,,,on
C01,DACH_DE_BASIC_checkoutfeb25_2A,348332491,A,test,person_a02fdd85a8eb546b1d90e6de,1,0,message_dbd43c16af299855c4f51439,event_70d0a0bf2f0de8275b62445a,DELIVERED,2025-02-22 08:36:59,2025-02-22 08:37:02,Wir schenken Ihnen drei Monate ProvenExpert,0,,,,,on
C01,DACH_DE_BASIC_checkoutfeb25_2A,348332492,B,test,person_6db69cdbd5fdb0496d1fabb9,1,0,message_0a1dcd726c0477b84ea96642,event_1791b435d49b2a0ea3fbba09,SENT,2025-02-22 08:37:00,2025-02-22 08:37:00,299 € sparen und alle Vorteile für mehr Monate genießen!,0,,,,,on
C01,DACH_DE_BASIC_checkoutfeb25_2A,348332492,B,test,person_6db69cdbd5fdb0496d1fabb9,1,0,message_0a1dcd726c0477b84ea96642,event_1893414b053e044be2afa2c8,DELIVERED,2025-02-22 08:37:00,2025-02-22 08:37:02,299 € sparen und alle Vorteile für mehr Monate genießen!,0,,,,,on
C01,DACH_DE_BASIC_checkoutfeb25_2A,348332492,B,test,person_18601b339538514de8d288ce,1,0,message_95ee3a2af928575a4cc80941,event_616d20e677256e9133f54616,SENT,2025-02-22 08:37:02,2025-02-22 08:37:02,299 € sparen und alle Vorteile für mehr Monate genießen!,0,,,,,on
C01,DACH_DE_BASIC_checkoutfeb25_2A,348332492,B,test,person_18601b339538514de8d288ce,1,0,message_95ee3a2af928575a4cc80941,event_fab290965b105d83fc126a7c,DELIVERED,2025-02-22 08:37:02,2025-02-22 08:37:04,299 € sparen und alle Vorteile für mehr Monate genießen!,0,,,,,on
C01,DACH_DE_BASIC_checkoutfeb25_2A,348332491,A,test,person_4ff88c804e4e788f8ba4480a,1,0,message_485a70ed15b091d5e34760ce,event_d0029714f24ad3188599e599,OPEN,2025-02-22 08:37:00,2025-02-22 10:12:23,Wir schenken Ihnen drei Monate ProvenExpert,0,,,,,on
C01,DACH_DE_BASIC_checkoutfeb25_2A,348332491,A,test,person_4ff88c804e4e788f8ba4480a,1,0,message_485a70ed15b091d5e34760ce,event_33ca2d5eef0e59b104904088,SENT,2025-02-22 08:37:00,2025-02-22 08:37:00,Wir schenken Ihnen drei Monate ProvenExpert,0,,,,,on
C01,DACH_DE_BASIC_checkoutfeb25_2A,348332491,A,test,person_4ff88c804e4e788f8ba4480a,1,0,message_485a70ed15b091d5e34760ce,event_4bc454456ecb8195b870d008,DELIVERED,2025-02-22 08:37:00,2025-02-22 08:37:07,Wir schenken Ihnen drei Monate ProvenExpert,0,,,,,on
C01,DACH_DE_BASIC_checkoutfeb25_2A,348332491,A,test,person_19f96e29fd739b904db5f482,1,0,message_7b22c0c1801fe88daeb0c212,event_ec8a44f58d74ff4be744c188,DELIVERED,2025-02-22 08:36:58,2025-02-22 08:37:00,Wir schenken Ihnen drei Monate ProvenExpert,0,,,,,on
C01,DACH_DE_BASIC_checkoutfeb25_2A,348332491,A,test,person_19f96e29fd739b904db5f482,1,0,message_7b22c0c1801fe88daeb0c212,event_291c40e2de5817d470c2cd81,SENT,2025-02-22 08:36:58,2025-02-22 08:36:58,Wir schenken Ihnen drei Monate ProvenExpert,0,,,,,on
C01,DACH_DE_BASIC_checkoutfeb25_2A,348332491,A,test,person_93315f9910b7cd84f0c427a0,1,0,message_ed84fdf16badc1e9dd906c9b,event_056757aaae872851062f6062,SENT,2025-02-22 08:37:00,2025-02-22 08:37:00,Wir schenken Ihnen drei Monate ProvenExpert,0,,,,,on
C01,DACH_DE_BASIC_checkoutfeb25_2A,348332491,A,test,person_93315f9910b7cd84f0c427a0,1,0,message_ed84fdf16badc1e9dd906c9b,event_d51af1ebac595f56ef8ffe2d,DELIVERED,2025-02-22 08:37:00,2025-02-22 08:37:02,Wir schenken Ihnen drei Monate ProvenExpert,0,,,,,on
C01,DACH_DE_BASIC_checkoutfeb25_2A,348332492,B,test,person_b7e71db2d987b4e62169c9b0,1,0,message_23a960653e60d32a0d1e6588,event_0891b5fc0ff933c1613032d0,OPEN,2025-02-22 08:37:01,2025-02-22 11:52:52,299 € sparen und alle Vorteile für mehr Monate genießen!,0,,,,,on
C01,DACH_DE_BASIC_checkoutfeb25_2A,348332492,B,test,person_b7e71db2d987b4e62169c9b0,1,0,message_23a960653e60d32a0d1e6588,event_feec2f4d435624a97ff63d73,SENT,2025-02-22 08:37:01,2025-02-22 08:37:01,299 € sparen und alle Vorteile für mehr Monate genießen!,0,,,,,on
C01,DACH_DE_BASIC_checkoutfeb25_2A,348332492,B,test,person_b7e71db2d987b4e62169c9b0,1,0,message_23a960653e60d32a0d1e6588,event_ccd9440d9eaa048f2494bbc5,DELIVERED,2025-02-22 08:37:01,2025-02-22 08:37:02,299 € sparen und alle Vorteile für mehr Monate genießen!,0,,,,,on
C01,DACH_DE_BASIC_checkoutfeb25_2A,348332492,B,test,person_33a0c1403645762a0037e1c7,1,0,message_c85c80b5b31047773e3af835,event_02ee2280db6af7ab88551b3c,SENT,2025-02-22 08:37:02,2025-02-22 08:37:02,299 € sparen und alle Vorteile für mehr Monate genießen!,0,,,,,on
C01,DACH_DE_BASIC_checkoutfeb25_2A,348332492,B,test,person_33a0c1403645762a0037e1c7,1,0,message_c85c80b5b31047773e3af835,event_bb5ecc3734d59e149bb51df6,DELIVERED,2025-02-22 08:37:02,2025-02-22 08:37:07,299 € sparen und alle Vorteile für mehr Monate genießen!,0,,,,,on
C01,DACH_DE_BASIC_checkoutfeb25_2A,348332492,B,test,person_f2734c4cd986f3acbcde8628,1,0,message_9af77fde3029b90e25bf6a69,event_495616d89e6b4bde84c6e578,DELIVERED,2025-02-22 08:37:01,2025-02-22 08:37:05,299 € sparen und alle Vorteile für mehr Monate genießen!,0,,,,,on
C01,DACH_DE_BASIC_checkoutfeb25_2A,348332492,B,test,person_f2734c4cd986f3acbcde8628,1,0,message_9af77fde3029b90e25bf6a69,event_f43c3e977e6b0ec9d4b0f041,SENT,2025-02-22 08:37:01,2025-02-22 08:37:01,299 € sparen und alle Vorteile für mehr Monate genießen!,0,,,,,on
C01,DACH_DE_BASIC_checkoutfeb25_2A,348332491,A,test,person_329dc090d8973319f64b0a2c,1,0,message_a3fb4c32675523f2837499fb,event_2937c3f4e47b40f9647b420c,SENT,2025-02-22 08:36:58,2025-02-22 08:36:58,Wir schenken Ihnen drei Monate ProvenExpert,0,,,,,on
C01,DACH_DE_BASIC_checkoutfeb25_2A,348332491,A,test,person_329dc090d8973319f64b0a2c,1,0,message_a3fb4c32675523f2837499fb,event_fda30549b6e084b5a3f22048,DELIVERED,2025-02-22 08:36:58,2025-02-22 08:37:00,Wir schenken Ihnen drei Monate ProvenExpert,0,,,,,on
C01,DACH_DE_BASIC_checkoutfeb25_2A,348332491,A,test,person_d72b2160362155313f248fbf,1,0,message_e1f5bdef619834531fc0ebe6,event_a139c3488e31b4b83a86adc1,DELIVERED,2025-02-22 08:37:01,2025-02-22 08:37:03,Wir schenken Ihnen drei Monate ProvenExpert,0,,,,,on
C01,DACH_DE_BASIC_checkoutfeb25_2A,348332491,A,test,person_d72b2160362155313f248fbf,1,0,message_e1f5bdef619834531fc0ebe6,event_30244e59c186c9f7dc810621,SENT,2025-02-22 08:37:01,2025-02-22 08:37:01,Wir schenken Ihnen drei Monate ProvenExpert,0,,,,,on
C01,DACH_DE_BASIC_checkoutfeb25_2A,348332491,A,test,person_aaa51dfb24e6ec0874c5c3d3,1,0,message_03e8dceb8b7ce28c05a35921,event_e801024b16fe0d223cf214ed,SENT,2025-02-22 08:35:42,2025-02-22 08:35:42,Wir schenken Ihnen drei Monate ProvenExpert,0,,,,,on
C01,DACH_DE_BASIC_checkoutfeb25_2A,348332491,A,test,person_aaa51dfb24e6ec0874c5c3d3,1,0,message_03e8dceb8b7ce28c05a35921,event_67835660504448f255acf22d,DELIVERED,2025-02-22 08:35:42,2025-02-22 08:35:50,Wir schenken Ihnen drei Monate ProvenExpert,0,,,,,on
C01,DACH_DE_BASIC_checkoutfeb25_2A,348332492,B,test,person_80f9ee496857b5809e93bcdd,1,0,message_b266d19c4b07d259ba3cc6e5,event_20294477ef9082e8de86af76,DELIVERED,2025-02-22 08:37:01,2025-02-22 08:37:03,299 € sparen und alle Vorteile für mehr Monate genießen!,0,,,,,on
C01,DACH_DE_BASIC_checkoutfeb25_2A,348332492,B,test,person_80f9ee496857b5809e93bcdd,1,0,message_b266d19c4b07d259ba3cc6e5,event_1ee71847d837d2e18e7a8f8f,SENT,2025-02-22 08:37:01,2025-02-22 08:37:01,299 € sparen und alle Vorteile für mehr Monate genießen!,0,,,,,on
C01,DACH_DE_BASIC_checkoutfeb25_2A,348332492,B,test,person_89c24fe198eeba36f9ce0399,1,0,message_1bafb1cb7f38cc9f8f57f2f4,event_b675e9b89db0d472288afc59,SENT,2025-02-22 08:36:58,2025-02-22 08:36:58,299 € sparen und alle Vorteile für mehr Monate genießen!,0,,,,,on
C01,DACH_DE_BASIC_checkoutfeb25_2A,348332492,B,test,person_89c24fe198eeba36f9ce0399,1,0,message_1bafb1cb7f38cc9f8f57f2f4,event_ae9624dffce8f118e903b6f3,DELIVERED,2025-02-22 08:36:58,2025-02-22 08:37:01,299 € sparen und alle Vorteile für mehr Monate genießen!,0,,,,,on
C01,DACH_DE_BASIC_checkoutfeb25_2A,348332492,B,test,person_f63e2e2c088a64c11daf1649,1,0,message_cc2d14032b52c89bcdb2fe50,event_ba84914f6d8eeb0d00457674,SENT,2025-02-22 08:37:02,2025-02-22 08:37:02,299 € sparen und alle Vorteile für mehr Monate genießen!,0,,,,,on
C01,DACH_DE_BASIC_checkoutfeb25_2A,348332492,B,test,person_f63e2e2c088a64c11daf1649,1,0,message_cc2d14032b52c89bcdb2fe50,event_eb1ddd449de954938372e8b4,DELIVERED,2025-02-22 08:37:02,2025-02-22 08:37:03,299 € sparen und alle Vorteile für mehr Monate genießen!,0,,,,,on
C01,DACH_DE_BASIC_checkoutfeb25_2A,348332492,B,test,person_7dd844858a163c6ac5e1d110,1,0,message_734a68775b3f5738eeea5a92,event_ab57d001f42eca30cc2eb8f7,SENT,2025-02-22 08:36:57,2025-02-22 08:36:57,299 € sparen und alle Vorteile für mehr Monate genießen!,0,,,,,on
C01,DACH_DE_BASIC_checkoutfeb25_2A,348332492,B,test,person_7dd844858a163c6ac5e1d110,1,0,message_734a68775b3f5738eeea5a92,event_4b9065ba61cd3bcecc11552e,DELIVERED,2025-02-22 08:36:57,2025-02-22 08:36:59,299 € sparen und alle Vorteile für mehr Monate genießen!,0,,,,,on
C01,DACH_DE_BASIC_checkoutfeb25_2A,348332491,A,test,person_5fc94b640294139f785455dd,1,0,message_c19ce1aba2c69b716b1fdf76,event_6635b5686d0f80b3a68788fa,OPEN,2025-02-22 08:36:58,2025-02-22 15:48:16,Wir schenken Ihnen drei Monate ProvenExpert,0,,,,,on
C01,DACH_DE_BASIC_checkoutfeb25_2A,348332491,A,test,person_5fc94b640294139f785455dd,1,0,message_c19ce1aba2c69b716b1fdf76,event_e9f9ccf2e68707489ea654dc,OPEN,2025-02-22 08:36:58,2025-02-22 15:48:15,Wir schenken Ihnen drei Monate ProvenExpert,0,,,,,on
C01,DACH_DE_BASIC_checkoutfeb25_2A,348332491,A,test,person_5fc94b640294139f785455dd,1,0,message_c19ce1aba2c69b716b1fdf76,event_154cbb908f64e4fb0a7d8a41,DELIVERED,2025-02-22 08:36:58,2025-02-22 08:37:00,Wir schenken Ihnen drei Monate ProvenExpert,0,,,,,on
C01,DACH_DE_BASIC_checkoutfeb25_2A,348332491,A,test,person_5fc94b640294139f785455dd,1,0,message_c19ce1aba2c69b716b1fdf76,event_1a53046a4dd55e362065e41f,SENT,2025-02-22 08:36:58,2025-02-22 08:36:58,Wir schenken Ihnen drei Monate ProvenExpert,0,,,,,on
C01,DACH_DE_BASIC_checkoutfeb25_2A,348332491,A,test,person_1826ce4e5ceedc02d7b493fb,1,0,message_8dc423a7d443c4f677f1d386,event_287e07cb48ce1ebea2116ace,OPEN,2025-02-22 08:36:59,2025-02-22 11:25:05,Wir schenken Ihnen drei Monate ProvenExpert,0,,,,,on
C01,DACH_DE_BASIC_checkoutfeb25_2A,348332491,A,test,person_1826ce4e5ceedc02d7b493fb,1,0,message_8dc423a7d443c4f677f1d386,event_5e7e8f3384708508b50b158f,DELIVERED,2025-02-22 08:36:59,2025-02-22 08:37:01,Wir schenken Ihnen drei Monate ProvenExpert,0,,,,,on
C01,DACH_DE_BASIC_checkoutfeb25_2A,348332491,A,test,person_1826ce4e5ceedc02d7b493fb,1,0,message_8dc423a7d443c4f677f1d386,event_0274fa998e4f0190f9d2dcc0,SENT,2025-02-22 08:36:59,2025-02-22 08:36:59,Wir schenken Ihnen drei Monate ProvenExpert,0,,,,,on
C01,DACH_DE_BASIC_checkoutfeb25_2A,348332491,A,test,person_1826ce4e5ceedc02d7b493fb,1,0,message_8dc423a7d443c4f677f1d386,event_3344a18e49180b5f507c7bce,OPEN,2025-02-22 08:36:59,2025-02-22 11:25:06,Wir schenken Ihnen drei Monate ProvenExpert,0,,,,,on
C01,DACH_DE_BASIC_checkoutfeb25_2A,348332491,A,test,person_1d5759a452cab938995b586f,1,0,message_e9020d3b316199ba56fb0560,event_8ff823f34ce49564ffc87e74,SENT,2025-02-22 08:37:01,2025-02-22 08:37:01,Wir schenken Ihnen drei Monate ProvenExpert,0,,,,,on
C01,DACH_DE_BASIC_checkoutfeb25_2A,348332491,A,test,person_1d5759a452cab938995b586f,1,0,message_e9020d3b316199ba56fb0560,event_c1fb21961b394a030142da93,DELIVERED,2025-02-22 08:37:01,2025-02-22 08:37:02,Wir schenken Ihnen drei Monate ProvenExpert,0,,,,,on
C01,DACH_DE_BASIC_checkoutfeb25_2A,348332492,B,test,person_2c6bc30efc9f7a9780adeeaf,1,0,message_a6f2294ff3e2cf90c164fd18,event_22c7740c4fc1e37f2c065e06,DELIVERED,2025-02-22 08:36:59,2025-02-22 08:37:00,299 € sparen und alle Vorteile für mehr Monate genießen!,0,,,,,on
C01,DACH_DE_BASIC_checkoutfeb25_2A,348332492,B,test,person_2c6bc30efc9f7a9780adeeaf,1,0,message_a6f2294ff3e2cf90c164fd18,event_dc4211f6211a22fa8a72f41c,SENT,2025-02-22 08:36:59,2025-02-22 08:36:59,299 € sparen und alle Vorteile für mehr Monate genießen!,0,,,,,on
C01,DACH_DE_BASIC_checkoutfeb25_2A,348332492,B,test,person_7147e274c79240cb0aa9c520,1,0,message_2c1e55e54e3f259ea0de15f9,event_8bd54294a756beeb84e37f96,SENT,2025-02-22 08:37:02,2025-02-22 08:37:02,299 € sparen und alle Vorteile für mehr Monate genießen!,0,,,,,on
C01,DACH_DE_BASIC_checkoutfeb25_2A,348332492,B,test,person_7147e274c79240cb0aa9c520,1,0,message_2c1e55e54e3f259ea0de15f9,event_0c3165035030027e812ba03e,DELIVERED,2025-02-22 08:37:02,2025-02-22 08:37:04,299 € sparen und alle Vorteile für mehr Monate genießen!,0,,,,,on
C01,DACH_DE_BASIC_checkoutfeb25_2A,348332491,A,test,person_1b3d01c73bf12d319cf20d96,1,0,message_91c54a500b2cdffa3c7e0e22,event_1fb53c72c216d3e846724ccc,DELIVERED,2025-02-22 08:35:41,2025-02-22 08:35:44,Wir schenken Ihnen drei Monate ProvenExpert,0,,,,,on
C01,DACH_DE_BASIC_checkoutfeb25_2A,348332491,A,test,person_1b3d01c73bf12d319cf20d96,1,0,message_91c54a500b2cdffa3c7e0e22,event_c4d8e1aa3e9a03458d282f27,SENT,2025-02-22 08:35:41,2025-02-22 08:35:41,Wir schenken Ihnen drei Monate ProvenExpert,0,,,,,on
C01,DACH_DE_BASIC_checkoutfeb25_2A,348332491,A,test,person_47f5b9eea8e2e1a79ef3b0b6,1,0,message_094f846c127b3a22778bd072,event_fc9e815e6f349fdbcf80317b,DELIVERED,2025-02-22 08:36:58,2025-02-22 08:36:59,Wir schenken Ihnen drei Monate ProvenExpert,0,,,,,on
C01,DACH_DE_BASIC_checkoutfeb25_2A,348332491,A,test,person_47f5b9eea8e2e1a79ef3b0b6,1,0,message_094f846c127b3a22778bd072,event_d9cc7e9cc84d112c1155682b,SENT,2025-02-22 08:36:58,2025-02-22 08:36:58,Wir schenken Ihnen drei Monate ProvenExpert,0,,,,,on
C01,DACH_DE_BASIC_checkoutfeb25_2A,348332492,B,test,person_3e931961f217218e4af7a0ee,1,0,message_5f7932fd39529ef46d1cd3cd,event_01083b8efabf90949dffdcca,SENT,2025-02-22 08:37:00,2025-02-22 08:37:00,299 € sparen und alle Vorteile für mehr Monate genießen!,0,,,,,on
C01,DACH_DE_BASIC_checkoutfeb25_2A,348332492,B,test,person_3e931961f217218e4af7a0ee,1,0,message_5f7932fd39529ef46d1cd3cd,event_99800b3119ea03517d2fe5af,DELIVERED,2025-02-22 08:37:00,2025-02-22 08:37:04,299 € sparen und alle Vorteile für mehr Monate genießen!,0,,,,,on
C01,DACH_DE_BASIC_checkoutfeb25_2A,348332492,B,test,person_2463e13c9858d292f893390c,1,0,message_627d5329bf9ee2e1355f7180,event_b38c79f021a22e0b8ab7f294,DELIVERED,2025-02-22 08:37:00,2025-02-22 08:37:03,299 € sparen und alle Vorteile für mehr Monate genießen!,0,,,,,on
C01,DACH_DE_BASIC_checkoutfeb25_2A,348332492,B,test,person_2463e13c9858d292f893390c,1,0,message_627d5329bf9ee2e1355f7180,event_8177573842333b8c43178dc6,SENT,2025-02-22 08:37:00,2025-02-22 08:37:00,299 € sparen und alle Vorteile für mehr Monate genießen!,0,,,,,on
C01,DACH_DE_BASIC_checkoutfeb25_2A,348332492,B,test,person_1e88fd74ae07cb6c70ff9545,1,0,message_8012e8e98d10be5f754184cc,event_84da369fc461915237a57df0,SENT,2025-02-22 08:36:58,2025-02-22 08:36:58,299 € sparen und alle Vorteile für mehr Monate genießen!,0,,,,,on
C01,DACH_DE_BASIC_checkoutfeb25_2A,348332492,B,test,person_1e88fd74ae07cb6c70ff9545,1,0,message_8012e8e98d10be5f754184cc,event_48c3901a60a9626cde82c767,DELIVERED,2025-02-22 08:36:58,2025-02-22 08:37:00,299 € sparen und alle Vorteile für mehr Monate genießen!,0,,,,,on
C01,DACH_DE_BASIC_checkoutfeb25_2A,348332492,B,test,person_453e8a69dae3e95f6284b904,1,0,message_9ac7bc2a98fdcccd830470b8,event_d13479564c6e90f795311fb7,OPEN,2025-02-22 08:37:00,2025-02-22 09:25:01,299 € sparen und alle Vorteile für mehr Monate genießen!,0,,,,,on
C01,DACH_DE_BASIC_checkoutfeb25_2A,348332492,B,test,person_453e8a69dae3e95f6284b904,1,0,message_9ac7bc2a98fdcccd830470b8,event_7caa3406ff40444d79b593c3,DELIVERED,2025-02-22 08:37:00,2025-02-22 08:37:01,299 € sparen und alle Vorteile für mehr Monate genießen!,0,,,,,on
C01,DACH_DE_BASIC_checkoutfeb25_2A,348332492,B,test,person_453e8a69dae3e95f6284b904,1,0,message_9ac7bc2a98fdcccd830470b8,event_0c2c3567faf77453069b1b7c,SENT,2025-02-22 08:37:00,2025-02-22 08:37:00,299 € sparen und alle Vorteile für mehr Monate genießen!,0,,,,,on
