"Recipient","Hub ID","Email Campaign ID","SubType","Subject","From","Reply-To","CC","BCC","Sent Date (Your time zone)","Sent By Event ID","Event Type","Event ID","Event Created Date (Your time zone)","Message ID","Obsoleted by Event ID","Obsoleted by Date (Your time zone)","Caused by Event ID","Caused by Date (Your time zone)","Not Sent Reason","Not Sent Message","App ID","App Name","User Agent","City","State","Country","CTA ID","CTA Name","Click URL","Open duration (ms)","Bounce status","Bounce reason","Bounce message","Subscription Change Requested By","Subscription Change Source","Portal Subscription Status"
"marketing@planorg.de","6890244","431881086","","Was sieht ein Kunde, wenn er dich heute online überprüft?","""Vero von ProvenExpert"" <veronica@provenexpert.com>","[support@provenexpert.com]","[]","[]","2026-08-07 09:00:44","d342317a-1c13-4e01-b169-04cf370d216f","DROPPED","d342317a-1c13-4e01-b169-04cf370d216f","2026-08-07 09:00:44","<1786086044057.d342317a-1c13-4e01-b169-04cf370d216f@smtp.hubapi.com>","","","cb682756-b628-3ce7-a19e-b3e9d04b3b1f","2021-10-12 10:59:40","PREVIOUSLY_BOUNCED","Recipient has previously bounced.","20185","AbBatch","","","","","","","","","550","Remote Server returned '550 5.1.1 RESOLVER.ADR.RecipNotFound; not found'","Remote Server returned '550 5.1.1 RESOLVER.ADR.RecipNotFound; not found'","","",""
"kontakt@dr-annette-herold.de","6890244","431881085","","Was sieht ein Kunde, wenn er dich heute online überprüft?","""Vero von ProvenExpert"" <veronica@provenexpert.com>","[support@provenexpert.com]","[]","[]","2026-08-07 11:00:53","c9e6c482-c70a-4be0-a340-466a23e322b0","DELIVERED","e4101ff9-adfe-361a-a317-6879c363e82a","2026-08-07 11:00:56","<1786093253240.c9e6c482-c70a-4be0-a340-466a23e322b0@smtp.hubapi.com>","","","","","","","20185","AbBatch","","","","","","","","","","","","","",""
"kontakt@dr-annette-herold.de","6890244","431881085","","Was sieht ein Kunde, wenn er dich heute online überprüft?","""Vero von ProvenExpert"" <veronica@provenexpert.com>","[support@provenexpert.com]","[]","[]","2026-08-07 11:00:53","c9e6c482-c70a-4be0-a340-466a23e322b0","SENT","c9e6c482-c70a-4be0-a340-466a23e322b0","2026-08-07 11:00:53","<1786093253240.c9e6c482-c70a-4be0-a340-466a23e322b0@smtp.hubapi.com>","","","","","","","20185","AbBatch","","","","","","","","","","","","","",""
"juergen@commitly.com","6890244","431881087","","Eigene Reputation stärken und exklusives 30 % Rabatt-Angebot nutzen","""Vero von ProvenExpert"" <veronica@provenexpert.com>","[support@provenexpert.com]","[]","[]","2026-08-07 09:00:44","91c4bb01-1d7f-4d51-97bb-181b5e93bac0","DELIVERED","46705660-b0ad-3cca-87c0-95f8e1ac6cf3","2026-08-07 09:00:47","<1786086044087.91c4bb01-1d7f-4d51-97bb-181b5e93bac0@smtp.hubapi.com>","","","","","","","20185","AbBatch","","","","","","","","","","","","","",""
"juergen@commitly.com","6890244","431881087","","Eigene Reputation stärken und exklusives 30 % Rabatt-Angebot nutzen","""Vero von ProvenExpert"" <veronica@provenexpert.com>","[support@provenexpert.com]","[]","[]","2026-08-07 09:00:44","91c4bb01-1d7f-4d51-97bb-181b5e93bac0","SENT","91c4bb01-1d7f-4d51-97bb-181b5e93bac0","2026-08-07 09:00:44","<1786086044087.91c4bb01-1d7f-4d51-97bb-181b5e93bac0@smtp.hubapi.com>","","","","","","","20185","AbBatch","","","","","","","","","","","","","",""
"juergen@commitly.com","6890244","431881087","","Eigene Reputation stärken und exklusives 30 % Rabatt-Angebot nutzen","""Vero von ProvenExpert"" <veronica@provenexpert.com>","[support@provenexpert.com]","[]","[]","2026-08-07 09:00:44","91c4bb01-1d7f-4d51-97bb-181b5e93bac0","OPEN","b3226001-0f18-3023-a6fc-5a854dc89ea6","2026-08-07 09:00:48","<1786086044087.91c4bb01-1d7f-4d51-97bb-181b5e93bac0@smtp.hubapi.com>","","","","","","","20185","AbBatch","Mozilla/5.0 (Windows NT 10.0; Win64; x64) AppleWebKit/537.36 (KHTML, like Gecko) Chrome/42.0.2311.135 Safari/537.36 Edge/12.246 Mozilla/5.0","mountain view","california","UNITED STATES","","","","0","","","","","",""
"futuresun@t-online.de","6890244","431881085","","Was sieht ein Kunde, wenn er dich heute online überprüft?","""Vero von ProvenExpert"" <veronica@provenexpert.com>","[support@provenexpert.com]","[]","[]","2026-08-07 11:00:53","58fe2672-53d0-4132-8c5b-401ff2052e9f","SENT","58fe2672-53d0-4132-8c5b-401ff2052e9f","2026-08-07 11:00:53","<1786093253313.58fe2672-53d0-4132-8c5b-401ff2052e9f@smtp.hubapi.com>","","","","","","","20185","AbBatch","","","","","","","","","","","","","",""
"futuresun@t-online.de","6890244","431881085","","Was sieht ein Kunde, wenn er dich heute online überprüft?","""Vero von ProvenExpert"" <veronica@provenexpert.com>","[support@provenexpert.com]","[]","[]","2026-08-07 11:00:53","58fe2672-53d0-4132-8c5b-401ff2052e9f","DELIVERED","5fd0ab11-8e0a-3155-bfed-1aaded788046","2026-08-07 11:00:56","<1786093253313.58fe2672-53d0-4132-8c5b-401ff2052e9f@smtp.hubapi.com>","","","","","","","20185","AbBatch","","","","","","","","","","","","","",""
"djalexfinger@gmx.de","6890244","431881085","","Was sieht ein Kunde, wenn er dich heute online überprüft?","""Vero von ProvenExpert"" <veronica@provenexpert.com>","[support@provenexpert.com]","[]","[]","2026-08-07 11:00:52","88fabd26-0548-46e9-9c59-7bfe9d1de016","DELIVERED","3dc8faed-b807-3fa1-9edf-04684871a42d","2026-08-07 11:02:25","<1786093252559.88fabd26-0548-46e9-9c59-7bfe9d1de016@smtp.hubapi.com>","","","","","","","20185","AbBatch","","","","","","","","","","","","","",""
"djalexfinger@gmx.de","6890244","431881085","","Was sieht ein Kunde, wenn er dich heute online überprüft?","""Vero von ProvenExpert"" <veronica@provenexpert.com>","[support@provenexpert.com]","[]","[]","2026-08-07 11:00:52","88fabd26-0548-46e9-9c59-7bfe9d1de016","DEFERRED","7c65afc6-2179-3d75-9255-ed94aa45153f","2026-08-07 11:00:58","<1786093252559.88fabd26-0548-46e9-9c59-7bfe9d1de016@smtp.hubapi.com>","","","","","","","20185","AbBatch","","","","","","","","","","","","","",""
"rkedziorski@magix.net","6890244","431881087","","Eigene Reputation stärken und exklusives 30 % Rabatt-Angebot nutzen","""Vero von ProvenExpert"" <veronica@provenexpert.com>","[support@provenexpert.com]","[]","[]","2026-08-07 09:00:44","5632d7cf-a71c-4eea-a2fe-f2e58c88c97d","DROPPED","5632d7cf-a71c-4eea-a2fe-f2e58c88c97d","2026-08-07 09:00:44","<1786086044051.5632d7cf-a71c-4eea-a2fe-f2e58c88c97d@smtp.hubapi.com>","","","cfa11e15-a7bb-3d48-ac2a-10dc329f7fdc","2020-06-19 17:37:38","PREVIOUSLY_BOUNCED","Recipient has previously bounced.","20185","AbBatch","","","","","","","","","550","smtp;550 5.1.10 RESOLVER.ADR.RecipientNotFound; Recipient rkedziorski@magix.net not found by SMTP address lookup","smtp;550 5.1.10 RESOLVER.ADR.RecipientNotFound; Recipient rkedziorski@magix.net not found by SMTP address lookup","","",""
"djalexfinger@gmx.de","6890244","431881085","","Was sieht ein Kunde, wenn er dich heute online überprüft?","""Vero von ProvenExpert"" <veronica@provenexpert.com>","[support@provenexpert.com]","[]","[]","2026-08-07 11:00:52","88fabd26-0548-46e9-9c59-7bfe9d1de016","SENT","88fabd26-0548-46e9-9c59-7bfe9d1de016","2026-08-07 11:00:52","<1786093252559.88fabd26-0548-46e9-9c59-7bfe9d1de016@smtp.hubapi.com>","","","","","","","20185","AbBatch","","","","","","","","","","","","","",""
"info@htb-schmidt.de","6890244","431881086","","Was sieht ein Kunde, wenn er dich heute online überprüft?","""Vero von ProvenExpert"" <veronica@provenexpert.com>","[support@provenexpert.com]","[]","[]","2026-08-07 09:00:44","a39da3ec-2893-4a11-8aa3-487d8624e5ec","DELIVERED","2c5e7b5f-f217-3ed6-a8da-3e51775d0336","2026-08-07 09:00:47","<1786086044033.a39da3ec-2893-4a11-8aa3-487d8624e5ec@smtp.hubapi.com>","","","","","","","20185","AbBatch","","","","","","","","","","","","","",""
"info@htb-schmidt.de","6890244","431881086","","Was sieht ein Kunde, wenn er dich heute online überprüft?","""Vero von ProvenExpert"" <veronica@provenexpert.com>","[support@provenexpert.com]","[]","[]","2026-08-07 09:00:44","a39da3ec-2893-4a11-8aa3-487d8624e5ec","SENT","a39da3ec-2893-4a11-8aa3-487d8624e5ec","2026-08-07 09:00:44","<1786086044033.a39da3ec-2893-4a11-8aa3-487d8624e5ec@smtp.hubapi.com>","","","","","","","20185","AbBatch","","","","","","","","","","","","","",""
"d.boehme@nuernbergerklinik.de","6890244","431881085","","Was sieht ein Kunde, wenn er dich heute online überprüft?","""Vero von ProvenExpert"" <veronica@provenexpert.com>","[support@provenexpert.com]","[]","[]","2026-08-07 11:00:52","ac6a07d5-7741-45d9-bf12-6ffe7e2ddd33","DELIVERED","de659751-415d-3ca7-82f1-cbdab24d48e3","2026-08-07 11:00:54","<1786093252575.ac6a07d5-7741-45d9-bf12-6ffe7e2ddd33@smtp.hubapi.com>","","","","","","","20185","AbBatch","","","","","","","","","","","","","",""
"d.boehme@nuernbergerklinik.de","6890244","431881085","","Was sieht ein Kunde, wenn er dich heute online überprüft?","""Vero von ProvenExpert"" <veronica@provenexpert.com>","[support@provenexpert.com]","[]","[]","2026-08-07 11:00:52","ac6a07d5-7741-45d9-bf12-6ffe7e2ddd33","SENT","ac6a07d5-7741-45d9-bf12-6ffe7e2ddd33","2026-08-07 11:00:52","<1786093252575.ac6a07d5-7741-45d9-bf12-6ffe7e2ddd33@smtp.hubapi.com>","","","","","","","20185","AbBatch","","","","","","","","","","","","","",""
"info@chronosmedia24.com","6890244","431881087","","Eigene Reputation stärken und exklusives 30 % Rabatt-Angebot nutzen","""Vero von ProvenExpert"" <veronica@provenexpert.com>","[support@provenexpert.com]","[]","[]","2026-08-07 09:00:43","f383472a-7c01-46e1-bffd-11f5e9683a90","DEFERRED","8ca00bf7-5f39-3094-bdc7-ce749cb30788","2026-08-07 09:00:45","<1786086043766.f383472a-7c01-46e1-bffd-11f5e9683a90@smtp.hubapi.com>","","","","","","","20185","AbBatch","","","","","","","","","","","","","",""
"info@chronosmedia24.com","6890244","431881087","","Eigene Reputation stärken und exklusives 30 % Rabatt-Angebot nutzen","""Vero von ProvenExpert"" <veronica@provenexpert.com>","[support@provenexpert.com]","[]","[]","2026-08-07 09:00:43","f383472a-7c01-46e1-bffd-11f5e9683a90","DROPPED","36f20a84-f107-3053-b462-9b44f9b03382","2026-08-07 15:36:36","<1786086043766.f383472a-7c01-46e1-bffd-11f5e9683a90@smtp.hubapi.com>","","","","","MTA_IGNORE","Invalid MX record found for chronosmedia24.com. Invalid reason: NO_RECORD_FOUND","20185","AbBatch","","","","","","","","","","","","","",""
"info@chronosmedia24.com","6890244","431881087","","Eigene Reputation stärken und exklusives 30 % Rabatt-Angebot nutzen","""Vero von ProvenExpert"" <veronica@provenexpert.com>","[support@provenexpert.com]","[]","[]","2026-08-07 09:00:43","f383472a-7c01-46e1-bffd-11f5e9683a90","DEFERRED","474b384a-5da2-3958-a17a-b5743c049df5","2026-08-07 09:25:03","<1786086043766.f383472a-7c01-46e1-bffd-11f5e9683a90@smtp.hubapi.com>","","","","","","","20185","AbBatch","","","","","","","","","","","","","",""
"info@chronosmedia24.com","6890244","431881087","","Eigene Reputation stärken und exklusives 30 % Rabatt-Angebot nutzen","""Vero von ProvenExpert"" <veronica@provenexpert.com>","[support@provenexpert.com]","[]","[]","2026-08-07 09:00:43","f383472a-7c01-46e1-bffd-11f5e9683a90","DEFERRED","d463b248-42d6-3724-8b86-ebedb49be9e6","2026-08-07 09:03:23","<1786086043766.f383472a-7c01-46e1-bffd-11f5e9683a90@smtp.hubapi.com>","","","","","","","20185","AbBatch","","","","","","","","","","","","","",""
"info@chronosmedia24.com","6890244","431881087","","Eigene Reputation stärken und exklusives 30 % Rabatt-Angebot nutzen","""Vero von ProvenExpert"" <veronica@provenexpert.com>","[support@provenexpert.com]","[]","[]","2026-08-07 09:00:43","f383472a-7c01-46e1-bffd-11f5e9683a90","SENT","f383472a-7c01-46e1-bffd-11f5e9683a90","2026-08-07 09:00:43","<1786086043766.f383472a-7c01-46e1-bffd-11f5e9683a90@smtp.hubapi.com>","36f20a84-f107-3053-b462-9b44f9b03382","2026-08-07 15:36:36","","","","","20185","AbBatch","","","","","","","","","","","","","",""
"info@chronosmedia24.com","6890244","431881087","","Eigene Reputation stärken und exklusives 30 % Rabatt-Angebot nutzen","""Vero von ProvenExpert"" <veronica@provenexpert.com>","[support@provenexpert.com]","[]","[]","2026-08-07 09:00:43","f383472a-7c01-46e1-bffd-11f5e9683a90","DEFERRED","060ea331-f822-391a-89d4-222ea5ae58cf","2026-08-07 09:26:19","<1786086043766.f383472a-7c01-46e1-bffd-11f5e9683a90@smtp.hubapi.com>","","","","","","","20185","AbBatch","","","","","","","","","","","","","",""
"info@chronosmedia24.com","6890244","431881087","","Eigene Reputation stärken und exklusives 30 % Rabatt-Angebot nutzen","""Vero von ProvenExpert"" <veronica@provenexpert.com>","[support@provenexpert.com]","[]","[]","2026-08-07 09:00:43","f383472a-7c01-46e1-bffd-11f5e9683a90","DEFERRED","1eb42054-3068-3c4a-a98a-cb82d88a6257","2026-08-07 15:35:54","<1786086043766.f383472a-7c01-46e1-bffd-11f5e9683a90@smtp.hubapi.com>","","","","","","","20185","AbBatch","","","","","","","","","","","","","",""
"jana.noack@trendig.com","6890244","431881085","","Was sieht ein Kunde, wenn er dich heute online überprüft?","""Vero von ProvenExpert"" <veronica@provenexpert.com>","[support@provenexpert.com]","[]","[]","2026-08-07 11:00:53","2c49a9bd-8111-4a67-a014-98dbac5b4535","DELIVERED","7d582cdc-8ff9-33fe-a76b-4512ca821542","2026-08-07 11:00:55","<1786093253175.2c49a9bd-8111-4a67-a014-98dbac5b4535@smtp.hubapi.com>","","","","","","","20185","AbBatch","","","","","","","","","","","","","",""
"jana.noack@trendig.com","6890244","431881085","","Was sieht ein Kunde, wenn er dich heute online überprüft?","""Vero von ProvenExpert"" <veronica@provenexpert.com>","[support@provenexpert.com]","[]","[]","2026-08-07 11:00:53","2c49a9bd-8111-4a67-a014-98dbac5b4535","SENT","2c49a9bd-8111-4a67-a014-98dbac5b4535","2026-08-07 11:00:53","<1786093253175.2c49a9bd-8111-4a67-a014-98dbac5b4535@smtp.hubapi.com>","","","","","","","20185","AbBatch","","","","","","","","","","","","","",""
"info@online-performance-consulting.de","6890244","431881087","","Eigene Reputation stärken und exklusives 30 % Rabatt-Angebot nutzen","""Vero von ProvenExpert"" <veronica@provenexpert.com>","[support@provenexpert.com]","[]","[]","2026-08-07 09:00:44","b74b46a3-d704-414f-b4ef-b73e0fe486fa","DELIVERED","f3cc2d9c-f30a-3a57-82b2-ada719ab7553","2026-08-07 09:00:48","<1786086044221.b74b46a3-d704-414f-b4ef-b73e0fe486fa@smtp.hubapi.com>","","","","","","","20185","AbBatch","","","","","","","","","","","","","",""
"info@online-performance-consulting.de","6890244","431881087","","Eigene Reputation stärken und exklusives 30 % Rabatt-Angebot nutzen","""Vero von ProvenExpert"" <veronica@provenexpert.com>","[support@provenexpert.com]","[]","[]","2026-08-07 09:00:44","b74b46a3-d704-414f-b4ef-b73e0fe486fa","SENT","b74b46a3-d704-414f-b4ef-b73e0fe486fa","2026-08-07 09:00:44","<1786086044221.b74b46a3-d704-414f-b4ef-b73e0fe486fa@smtp.hubapi.com>","","","","","","","20185","AbBatch","","","","","","","","","","","","","",""
"marcel.mankas@gmail.com","6890244","431881086","","Was sieht ein Kunde, wenn er dich heute online überprüft?","""Vero von ProvenExpert"" <veronica@provenexpert.com>","[support@provenexpert.com]","[]","[]","2026-08-07 09:00:44","f2788a0d-b1b6-4d3e-8aa9-3e27cbd920aa","DELIVERED","307a2a49-c650-3c9b-bb34-e4c1562b1e71","2026-08-07 09:00:46","<1786086044112.f2788a0d-b1b6-4d3e-8aa9-3e27cbd920aa@smtp.hubapi.com>","","","","","","","20185","AbBatch","","","","","","","","","","","","","",""
"marcel.mankas@gmail.com","6890244","431881086","","Was sieht ein Kunde, wenn er dich heute online überprüft?","""Vero von ProvenExpert"" <veronica@provenexpert.com>","[support@provenexpert.com]","[]","[]","2026-08-07 09:00:44","f2788a0d-b1b6-4d3e-8aa9-3e27cbd920aa","SENT","f2788a0d-b1b6-4d3e-8aa9-3e27cbd920aa","2026-08-07 09:00:44","<1786086044112.f2788a0d-b1b6-4d3e-8aa9-3e27cbd920aa@smtp.hubapi.com>","","","","","","","20185","AbBatch","","","","","","","","","","","","","",""
"googles@akh-h.de","6890244","431881085","","Was sieht ein Kunde, wenn er dich heute online überprüft?","""Vero von ProvenExpert"" <veronica@provenexpert.com>","[support@provenexpert.com]","[]","[]","2026-08-07 11:00:53","c64427f1-087c-44fa-b327-07a0adf34e25","SENT","c64427f1-087c-44fa-b327-07a0adf34e25","2026-08-07 11:00:53","<1786093253028.c64427f1-087c-44fa-b327-07a0adf34e25@smtp.hubapi.com>","","","","","","","20185","AbBatch","","","","","","","","","","","","","",""
"googles@akh-h.de","6890244","431881085","","Was sieht ein Kunde, wenn er dich heute online überprüft?","""Vero von ProvenExpert"" <veronica@provenexpert.com>","[support@provenexpert.com]","[]","[]","2026-08-07 11:00:53","c64427f1-087c-44fa-b327-07a0adf34e25","DELIVERED","2ef60936-1c17-34b2-94e3-59983f005e3e","2026-08-07 11:00:56","<1786093253028.c64427f1-087c-44fa-b327-07a0adf34e25@smtp.hubapi.com>","","","","","","","20185","AbBatch","","","","","","","","","","","","","",""
"mikerobinsonofficial@gmail.com","6890244","431881085","","Was sieht ein Kunde, wenn er dich heute online überprüft?","""Vero von ProvenExpert"" <veronica@provenexpert.com>","[support@provenexpert.com]","[]","[]","2026-08-07 11:00:53","16805bd8-7014-416d-bd5d-170159e23784","SENT","16805bd8-7014-416d-bd5d-170159e23784","2026-08-07 11:00:53","<1786093253646.16805bd8-7014-416d-bd5d-170159e23784@smtp.hubapi.com>","","","","","","","20185","AbBatch","","","","","","","","","","","","","",""
"mikerobinsonofficial@gmail.com","6890244","431881085","","Was sieht ein Kunde, wenn er dich heute online überprüft?","""Vero von ProvenExpert"" <veronica@provenexpert.com>","[support@provenexpert.com]","[]","[]","2026-08-07 11:00:53","16805bd8-7014-416d-bd5d-170159e23784","DELIVERED","1e6b1ab8-3e67-3156-bfea-867f0f297614","2026-08-07 11:00:56","<1786093253646.16805bd8-7014-416d-bd5d-170159e23784@smtp.hubapi.com>","","","","","","","20185","AbBatch","","","","","","","","","","","","","",""
"info@brandwein-immobilien.de","6890244","431881087","","Eigene Reputation stärken und exklusives 30 % Rabatt-Angebot nutzen","""Vero von ProvenExpert"" <veronica@provenexpert.com>","[support@provenexpert.com]","[]","[]","2026-08-07 09:00:43","6a40d607-9c24-4d33-9b94-757408da4fe5","DELIVERED","c9acddcf-dd55-3a15-a08a-9e05cc0b6d11","2026-08-07 09:00:54","<1786086043936.6a40d607-9c24-4d33-9b94-757408da4fe5@smtp.hubapi.com>","","","","","","","20185","AbBatch","","","","","","","","","","","","","",""
"info@brandwein-immobilien.de","6890244","431881087","","Eigene Reputation stärken und exklusives 30 % Rabatt-Angebot nutzen","""Vero von ProvenExpert"" <veronica@provenexpert.com>","[support@provenexpert.com]","[]","[]","2026-08-07 09:00:43","6a40d607-9c24-4d33-9b94-757408da4fe5","SENT","6a40d607-9c24-4d33-9b94-757408da4fe5","2026-08-07 09:00:43","<1786086043936.6a40d607-9c24-4d33-9b94-757408da4fe5@smtp.hubapi.com>","","","","","","","20185","AbBatch","","","","","","","","","","","","","",""
"gerald.bressel@t-online.de","6890244","431881086","","Was sieht ein Kunde, wenn er dich heute online überprüft?","""Vero von ProvenExpert"" <veronica@provenexpert.com>","[support@provenexpert.com]","[]","[]","2026-08-07 08:59:23","1f2eff27-20b3-4c12-9755-458d1448ac94","SENT","1f2eff27-20b3-4c12-9755-458d1448ac94","2026-08-07 08:59:23","<1786085963645.1f2eff27-20b3-4c12-9755-458d1448ac94@smtp.hubapi.com>","","","","","","","20185","AbBatch","","","","","","","","","","","","","",""
"gerald.bressel@t-online.de","6890244","431881086","","Was sieht ein Kunde, wenn er dich heute online überprüft?","""Vero von ProvenExpert"" <veronica@provenexpert.com>","[support@provenexpert.com]","[]","[]","2026-08-07 08:59:23","1f2eff27-20b3-4c12-9755-458d1448ac94","DELIVERED","127a36ee-5172-3088-9abe-4f0263d4789b","2026-08-07 08:59:26","<1786085963645.1f2eff27-20b3-4c12-9755-458d1448ac94@smtp.hubapi.com>","","","","","","","20185","AbBatch","","","","","","","","","","","","","",""
"info@trafficmanufaktur.de","6890244","431881087","","Eigene Reputation stärken und exklusives 30 % Rabatt-Angebot nutzen","""Vero von ProvenExpert"" <veronica@provenexpert.com>","[support@provenexpert.com]","[]","[]","2026-08-07 09:00:43","c62a319e-8967-4e26-a297-9b6b81d0614f","DELIVERED","a34257a7-e1df-3dc5-ac75-acb47f92ad1a","2026-08-07 09:00:47","<1786086043966.c62a319e-8967-4e26-a297-9b6b81d0614f@smtp.hubapi.com>","","","","","","","20185","AbBatch","","","","","","","","","","","","","",""
"info@trafficmanufaktur.de","6890244","431881087","","Eigene Reputation stärken und exklusives 30 % Rabatt-Angebot nutzen","""Vero von ProvenExpert"" <veronica@provenexpert.com>","[support@provenexpert.com]","[]","[]","2026-08-07 09:00:43","c62a319e-8967-4e26-a297-9b6b81d0614f","SENT","c62a319e-8967-4e26-a297-9b6b81d0614f","2026-08-07 09:00:43","<1786086043966.c62a319e-8967-4e26-a297-9b6b81d0614f@smtp.hubapi.com>","","","","","","","20185","AbBatch","","","","","","","","","","","","","",""
"stefan.neist@sn-v.de","6890244","431881086","","Was sieht ein Kunde, wenn er dich heute online überprüft?","""Vero von ProvenExpert"" <veronica@provenexpert.com>","[support@provenexpert.com]","[]","[]","2026-08-07 08:59:23","a4f8b1ee-c586-45c8-8123-8260ae6d5f52","DEFERRED","3ebbdfd9-f8f9-3640-af37-45511c8027e2","2026-08-07 09:00:58","<1786085963793.a4f8b1ee-c586-45c8-8123-8260ae6d5f52@smtp.hubapi.com>","","","","","","","20185","AbBatch","","","","","","","","","","","","","",""
"lee@cardiopraxis.de","6890244","431881085","","Was sieht ein Kunde, wenn er dich heute online überprüft?","""Vero von ProvenExpert"" <veronica@provenexpert.com>","[support@provenexpert.com]","[]","[]","2026-08-07 11:00:53","a6564416-f3f8-48c0-b1e1-43e4952d46ca","DROPPED","a6564416-f3f8-48c0-b1e1-43e4952d46ca","2026-08-07 11:00:53","<1786093253005.a6564416-f3f8-48c0-b1e1-43e4952d46ca@smtp.hubapi.com>","","","042e25ff-0df8-32aa-b315-183d9b3e7f3a","2023-12-13 15:39:01","PREVIOUSLY_BOUNCED","Recipient has previously bounced.","20185","AbBatch","","","","","","","","","550","550 5.1.1 <lee@cardiopraxis.de>: Recipient address rejected: User unknown in virtual alias table","550 5.1.1 <lee@cardiopraxis.de>: Recipient address rejected: User unknown in virtual alias table","","",""
"info@hausvertrieb-ostalb.de","6890244","431881085","","Was sieht ein Kunde, wenn er dich heute online überprüft?","""Vero von ProvenExpert"" <veronica@provenexpert.com>","[support@provenexpert.com]","[]","[]","2026-08-07 11:00:52","421106ec-347d-4d03-93df-41010db54114","DROPPED","421106ec-347d-4d03-93df-41010db54114","2026-08-07 11:00:52","<1786093252977.421106ec-347d-4d03-93df-41010db54114@smtp.hubapi.com>","","","ed52069a-f9d7-36a3-aefc-66aca9d82629","2025-03-12 08:19:00","PREVIOUSLY_BOUNCED","Recipient has previously bounced.","20185","AbBatch","","","","","","","","","550","550-5.7.1 <info@hausvertrieb-ostalb.de> is not one of our own addresses or at least syntactically incorrect. 550 5.7.1 We do not relay messages for other domains.","550-5.7.1 <info@hausvertrieb-ostalb.de> is not one of our own addresses or at least syntactically incorrect. 550 5.7.1 We do not relay messages for other domains.","","",""
"stefan.neist@sn-v.de","6890244","431881086","","Was sieht ein Kunde, wenn er dich heute online überprüft?","""Vero von ProvenExpert"" <veronica@provenexpert.com>","[support@provenexpert.com]","[]","[]","2026-08-07 08:59:23","a4f8b1ee-c586-45c8-8123-8260ae6d5f52","SENT","a4f8b1ee-c586-45c8-8123-8260ae6d5f52","2026-08-07 08:59:23","<1786085963793.a4f8b1ee-c586-45c8-8123-8260ae6d5f52@smtp.hubapi.com>","","","","","","","20185","AbBatch","","","","","","","","","","","","","",""
"stefan.neist@sn-v.de","6890244","431881086","","Was sieht ein Kunde, wenn er dich heute online überprüft?","""Vero von ProvenExpert"" <veronica@provenexpert.com>","[support@provenexpert.com]","[]","[]","2026-08-07 08:59:23","a4f8b1ee-c586-45c8-8123-8260ae6d5f52","DELIVERED","c3bc9929-9726-3b5e-9329-6a79db0bc2cc","2026-08-07 09:10:50","<1786085963793.a4f8b1ee-c586-45c8-8123-8260ae6d5f52@smtp.hubapi.com>","","","","","","","20185","AbBatch","","","","","","","","","","","","","",""
"kontakt@pg-digital.de","6890244","431881086","","Was sieht ein Kunde, wenn er dich heute online überprüft?","""Vero von ProvenExpert"" <veronica@provenexpert.com>","[support@provenexpert.com]","[]","[]","2026-08-07 08:59:23","e6ca73f8-fa9d-47fc-b43a-fb7a2671bc91","SENT","e6ca73f8-fa9d-47fc-b43a-fb7a2671bc91","2026-08-07 08:59:23","<1786085963587.e6ca73f8-fa9d-47fc-b43a-fb7a2671bc91@smtp.hubapi.com>","","","","","","","20185","AbBatch","","","","","","","","","","","","","",""
"kontakt@pg-digital.de","6890244","431881086","","Was sieht ein Kunde, wenn er dich heute online überprüft?","""Vero von ProvenExpert"" <veronica@provenexpert.com>","[support@provenexpert.com]","[]","[]","2026-08-07 08:59:23","e6ca73f8-fa9d-47fc-b43a-fb7a2671bc91","DELIVERED","954e8582-06e1-3bb0-a20c-9fc52ccd013c","2026-08-07 08:59:26","<1786085963587.e6ca73f8-fa9d-47fc-b43a-fb7a2671bc91@smtp.hubapi.com>","","","","","","","20185","AbBatch","","","","","","","","","","","","","",""
"info@sunprofit.de","6890244","431881087","","Eigene Reputation stärken und exklusives 30 % Rabatt-Angebot nutzen","""Vero von ProvenExpert"" <veronica@provenexpert.com>","[support@provenexpert.com]","[]","[]","2026-08-07 09:00:44","7b05cf83-dc81-4521-9f08-8197ca148a16","SENT","7b05cf83-dc81-4521-9f08-8197ca148a16","2026-08-07 09:00:44","<1786086044028.7b05cf83-dc81-4521-9f08-8197ca148a16@smtp.hubapi.com>","","","","","","","20185","AbBatch","","","","","","","","","","","","","",""
"info@sunprofit.de","6890244","431881087","","Eigene Reputation stärken und exklusives 30 % Rabatt-Angebot nutzen","""Vero von ProvenExpert"" <veronica@provenexpert.com>","[support@provenexpert.com]","[]","[]","2026-08-07 09:00:44","7b05cf83-dc81-4521-9f08-8197ca148a16","DELIVERED","f48e7083-ec12-38c5-a204-5128eda3e445","2026-08-07 09:00:49","<1786086044028.7b05cf83-dc81-4521-9f08-8197ca148a16@smtp.hubapi.com>","","","","","","","20185","AbBatch","","","","","","","","","","","","","",""
"info@babelli.de","6890244","431881087","","Eigene Reputation stärken und exklusives 30 % Rabatt-Angebot nutzen","""Vero von ProvenExpert"" <veronica@provenexpert.com>","[support@provenexpert.com]","[]","[]","2026-08-07 09:00:44","6b2a36d2-bc41-40f4-80d0-9b7142423551","DELIVERED","0a828656-63e2-3c51-a925-3dcdb640b0d7","2026-08-07 09:00:56","<1786086044274.6b2a36d2-bc41-40f4-80d0-9b7142423551@smtp.hubapi.com>","","","","","","","20185","AbBatch","","","","","","","","","","","","","",""
"info@babelli.de","6890244","431881087","","Eigene Reputation stärken und exklusives 30 % Rabatt-Angebot nutzen","""Vero von ProvenExpert"" <veronica@provenexpert.com>","[support@provenexpert.com]","[]","[]","2026-08-07 09:00:44","6b2a36d2-bc41-40f4-80d0-9b7142423551","SENT","6b2a36d2-bc41-40f4-80d0-9b7142423551","2026-08-07 09:00:44","<1786086044274.6b2a36d2-bc41-40f4-80d0-9b7142423551@smtp.hubapi.com>","","","","","","","20185","AbBatch","","","","","","","","","","","","","",""
"info@aufsperrdienst-klein.de","6890244","431881087","","Eigene Reputation stärken und exklusives 30 % Rabatt-Angebot nutzen","""Vero von ProvenExpert"" <veronica@provenexpert.com>","[support@provenexpert.com]","[]","[]","2026-08-07 09:00:43","e9a53bb6-492a-4e6b-89de-931e0151a654","DROPPED","e9a53bb6-492a-4e6b-89de-931e0151a654","2026-08-07 09:00:43","<1786086043731.e9a53bb6-492a-4e6b-89de-931e0151a654@smtp.hubapi.com>","","","849c6366-736f-3b87-b60d-8d74cc86d4d4","2026-07-29 05:33:33","PREVIOUSLY_BOUNCED","Recipient has previously bounced.","20185","AbBatch","","","","","","","","","552","552-Requested mail action aborted: exceeded storage allocation 552-Quota exceeded. 552 For explanation visit https://postmaster.1und1.de/en/case?c=r1503&i=ip&v=108.179.150.159&r=1MmRov-1xF9803fTF-00c7fi","552-Requested mail action aborted: exceeded storage allocation 552-Quota exceeded. 552 For explanation visit https://postmaster.1und1.de/en/case?c=r1503&i=ip&v=108.179.150.159&r=1MmRov-1xF9803fTF-00c7fi","","",""
"info@heta-naturstein.de","6890244","431881087","","Eigene Reputation stärken und exklusives 30 % Rabatt-Angebot nutzen","""Vero von ProvenExpert"" <veronica@provenexpert.com>","[support@provenexpert.com]","[]","[]","2026-08-07 09:00:43","2398a38c-dce1-444f-a3ab-f49110cff80e","SENT","2398a38c-dce1-444f-a3ab-f49110cff80e","2026-08-07 09:00:43","<1786086043696.2398a38c-dce1-444f-a3ab-f49110cff80e@smtp.hubapi.com>","","","","","","","20185","AbBatch","","","","","","","","","","","","","",""
"info@heta-naturstein.de","6890244","431881087","","Eigene Reputation stärken und exklusives 30 % Rabatt-Angebot nutzen","""Vero von ProvenExpert"" <veronica@provenexpert.com>","[support@provenexpert.com]","[]","[]","2026-08-07 09:00:43","2398a38c-dce1-444f-a3ab-f49110cff80e","DELIVERED","dcdb1337-548e-37bb-b8cb-ff54142f3e52","2026-08-07 09:12:26","<1786086043696.2398a38c-dce1-444f-a3ab-f49110cff80e@smtp.hubapi.com>","","","","","","","20185","AbBatch","","","","","","","","","","","","","",""
"info@heta-naturstein.de","6890244","431881087","","Eigene Reputation stärken und exklusives 30 % Rabatt-Angebot nutzen","""Vero von ProvenExpert"" <veronica@provenexpert.com>","[support@provenexpert.com]","[]","[]","2026-08-07 09:00:43","2398a38c-dce1-444f-a3ab-f49110cff80e","DEFERRED","415c3723-f65f-34dc-a43e-765cd8d26eda","2026-08-07 09:02:08","<1786086043696.2398a38c-dce1-444f-a3ab-f49110cff80e@smtp.hubapi.com>","","","","","","","20185","AbBatch","","","","","","","","","","","","","",""
"santiaetshausklein@provenexpert.com","6890244","431881086","","Was sieht ein Kunde, wenn er dich heute online überprüft?","""Vero von ProvenExpert"" <veronica@provenexpert.com>","[support@provenexpert.com]","[]","[]","2026-08-07 09:00:43","aa4675e9-2613-44fe-9dec-3abbe316311f","DELIVERED","ed66c771-cf66-31a9-b1ba-5c32921793b7","2026-08-07 09:00:46","<1786086043809.aa4675e9-2613-44fe-9dec-3abbe316311f@smtp.hubapi.com>","","","","","","","20185","AbBatch","","","","","","","","","","","","","",""
"santiaetshausklein@provenexpert.com","6890244","431881086","","Was sieht ein Kunde, wenn er dich heute online überprüft?","""Vero von ProvenExpert"" <veronica@provenexpert.com>","[support@provenexpert.com]","[]","[]","2026-08-07 09:00:43","aa4675e9-2613-44fe-9dec-3abbe316311f","SENT","aa4675e9-2613-44fe-9dec-3abbe316311f","2026-08-07 09:00:43","<1786086043809.aa4675e9-2613-44fe-9dec-3abbe316311f@smtp.hubapi.com>","","","","","","","20185","AbBatch","","","","","","","","","","","","","",""
"alexander.tremer@googlemail.com","6890244","431881086","","Was sieht ein Kunde, wenn er dich heute online überprüft?","""Vero von ProvenExpert"" <veronica@provenexpert.com>","[support@provenexpert.com]","[]","[]","2026-08-07 08:59:23","5a88b927-b3a4-4d9d-9a5d-b21b9b83883c","DELIVERED","5d9fc829-176c-318f-b7d9-ebcfa4299469","2026-08-07 08:59:24","<1786085963518.5a88b927-b3a4-4d9d-9a5d-b21b9b83883c@smtp.hubapi.com>","","","","","","","20185","AbBatch","","","","","","","","","","","","","",""
"alexander.tremer@googlemail.com","6890244","431881086","","Was sieht ein Kunde, wenn er dich heute online überprüft?","""Vero von ProvenExpert"" <veronica@provenexpert.com>","[support@provenexpert.com]","[]","[]","2026-08-07 08:59:23","5a88b927-b3a4-4d9d-9a5d-b21b9b83883c","SENT","5a88b927-b3a4-4d9d-9a5d-b21b9b83883c","2026-08-07 08:59:23","<1786085963518.5a88b927-b3a4-4d9d-9a5d-b21b9b83883c@smtp.hubapi.com>","","","","","","","20185","AbBatch","","","","","","","","","","","","","",""
"wolfram.baitinger@gmx.de","6890244","431881086","","Was sieht ein Kunde, wenn er dich heute online überprüft?","""Vero von ProvenExpert"" <veronica@provenexpert.com>","[support@provenexpert.com]","[]","[]","2026-08-07 09:00:43","ae3f6b19-c227-4529-8bd4-0ff017336e89","SENT","ae3f6b19-c227-4529-8bd4-0ff017336e89","2026-08-07 09:00:43","<1786086043790.ae3f6b19-c227-4529-8bd4-0ff017336e89@smtp.hubapi.com>","","","","","","","20185","AbBatch","","","","","","","","","","","","","",""
"wolfram.baitinger@gmx.de","6890244","431881086","","Was sieht ein Kunde, wenn er dich heute online überprüft?","""Vero von ProvenExpert"" <veronica@provenexpert.com>","[support@provenexpert.com]","[]","[]","2026-08-07 09:00:43","ae3f6b19-c227-4529-8bd4-0ff017336e89","DELIVERED","0bd1aa43-5724-3339-89eb-dfd5b2f3d35f","2026-08-07 09:00:46","<1786086043790.ae3f6b19-c227-4529-8bd4-0ff017336e89@smtp.hubapi.com>","","","","","","","20185","AbBatch","","","","","","","","","","","","","",""
"webmaster@semtrix.de","6890244","431881085","","Was sieht ein Kunde, wenn er dich heute online überprüft?","""Vero von ProvenExpert"" <veronica@provenexpert.com>","[support@provenexpert.com]","[]","[]","2026-08-07 11:00:53","edc3b71a-95e2-48d4-bdbd-c2330a36e58a","SENT","edc3b71a-95e2-48d4-bdbd-c2330a36e58a","2026-08-07 11:00:53","<1786093253361.edc3b71a-95e2-48d4-bdbd-c2330a36e58a@smtp.hubapi.com>","","","","","","","20185","AbBatch","","","","","","","","","","","","","",""
"webmaster@semtrix.de","6890244","431881085","","Was sieht ein Kunde, wenn er dich heute online überprüft?","""Vero von ProvenExpert"" <veronica@provenexpert.com>","[support@provenexpert.com]","[]","[]","2026-08-07 11:00:53","edc3b71a-95e2-48d4-bdbd-c2330a36e58a","DELIVERED","dc9401b1-aef5-3112-929b-c62578bebac0","2026-08-07 11:00:57","<1786093253361.edc3b71a-95e2-48d4-bdbd-c2330a36e58a@smtp.hubapi.com>","","","","","","","20185","AbBatch","","","","","","","","","","","","","",""
"info@schneider-haustechnik.com","6890244","431881086","","Was sieht ein Kunde, wenn er dich heute online überprüft?","""Vero von ProvenExpert"" <veronica@provenexpert.com>","[support@provenexpert.com]","[]","[]","2026-08-07 09:00:43","fe6d8c4e-187d-4ea6-9ea7-0282fb6422e6","SENT","fe6d8c4e-187d-4ea6-9ea7-0282fb6422e6","2026-08-07 09:00:43","<1786086043966.fe6d8c4e-187d-4ea6-9ea7-0282fb6422e6@smtp.hubapi.com>","","","","","","","20185","AbBatch","","","","","","","","","","","","","",""
"info@schneider-haustechnik.com","6890244","431881086","","Was sieht ein Kunde, wenn er dich heute online überprüft?","""Vero von ProvenExpert"" <veronica@provenexpert.com>","[support@provenexpert.com]","[]","[]","2026-08-07 09:00:43","fe6d8c4e-187d-4ea6-9ea7-0282fb6422e6","DELIVERED","fb4129a0-3f22-3cdc-a9c7-ab3bb907d539","2026-08-07 09:00:47","<1786086043966.fe6d8c4e-187d-4ea6-9ea7-0282fb6422e6@smtp.hubapi.com>","","","","","","","20185","AbBatch","","","","","","","","","","","","","",""
"info@mpu-akademie.eu","6890244","431881085","","Was sieht ein Kunde, wenn er dich heute online überprüft?","""Vero von ProvenExpert"" <veronica@provenexpert.com>","[support@provenexpert.com]","[]","[]","2026-08-07 11:00:52","f2e3be55-f6ab-4ce3-af39-f1fb49e09232","SUPPRESSED","f2e3be55-f6ab-4ce3-af39-f1fb49e09232","2026-08-07 11:00:52","<1786093252667.f2e3be55-f6ab-4ce3-af39-f1fb49e09232@smtp.hubapi.com>","","","","","NON_MARKETABLE_CONTACT","Recipient is not a marketable contact","20185","AbBatch","","","","","","","","","","","","","",""
"hello@tikitaka.digital","6890244","431881086","","Was sieht ein Kunde, wenn er dich heute online überprüft?","""Vero von ProvenExpert"" <veronica@provenexpert.com>","[support@provenexpert.com]","[]","[]","2026-08-07 08:59:23","522f7a2e-479c-4075-a821-0cc2ac05ebd4","OPEN","3f728de1-456e-3ec9-878b-27126fd24d40","2026-08-07 08:59:26","<1786085963715.522f7a2e-479c-4075-a821-0cc2ac05ebd4@smtp.hubapi.com>","","","","","","","20185","AbBatch","Mozilla/5.0 (Windows NT 10.0; Win64; x64) AppleWebKit/537.36 (KHTML, like Gecko) Chrome/42.0.2311.135 Safari/537.36 Edge/12.246 Mozilla/5.0","mountain view","california","UNITED STATES","","","","0","","","","","",""
"hello@tikitaka.digital","6890244","431881086","","Was sieht ein Kunde, wenn er dich heute online überprüft?","""Vero von ProvenExpert"" <veronica@provenexpert.com>","[support@provenexpert.com]","[]","[]","2026-08-07 08:59:23","522f7a2e-479c-4075-a821-0cc2ac05ebd4","SENT","522f7a2e-479c-4075-a821-0cc2ac05ebd4","2026-08-07 08:59:23","<1786085963715.522f7a2e-479c-4075-a821-0cc2ac05ebd4@smtp.hubapi.com>","","","","","","","20185","AbBatch","","","","","","","","","","","","","",""
"hello@tikitaka.digital","6890244","431881086","","Was sieht ein Kunde, wenn er dich heute online überprüft?","""Vero von ProvenExpert"" <veronica@provenexpert.com>","[support@provenexpert.com]","[]","[]","2026-08-07 08:59:23","522f7a2e-479c-4075-a821-0cc2ac05ebd4","DELIVERED","7805cc13-09b5-3ffa-9f48-897a433b0025","2026-08-07 08:59:25","<1786085963715.522f7a2e-479c-4075-a821-0cc2ac05ebd4@smtp.hubapi.com>","","","","","","","20185","AbBatch","","","","","","","","","","","","","",""
"buchhaltung@flyerpilot.de","6890244","431881086","","Was sieht ein Kunde, wenn er dich heute online überprüft?","""Vero von ProvenExpert"" <veronica@provenexpert.com>","[support@provenexpert.com]","[]","[]","2026-08-07 09:00:43","56b27df9-1a7f-4284-80b1-db01325b1bbe","DELIVERED","504589db-c694-3d2a-8260-aa3957a5b272","2026-08-07 09:00:47","<1786086043608.56b27df9-1a7f-4284-80b1-db01325b1bbe@smtp.hubapi.com>","","","","","","","20185","AbBatch","","","","","","","","","","","","","",""
"buchhaltung@flyerpilot.de","6890244","431881086","","Was sieht ein Kunde, wenn er dich heute online überprüft?","""Vero von ProvenExpert"" <veronica@provenexpert.com>","[support@provenexpert.com]","[]","[]","2026-08-07 09:00:43","56b27df9-1a7f-4284-80b1-db01325b1bbe","SENT","56b27df9-1a7f-4284-80b1-db01325b1bbe","2026-08-07 09:00:43","<1786086043608.56b27df9-1a7f-4284-80b1-db01325b1bbe@smtp.hubapi.com>","","","","","","","20185","AbBatch","","","","","","","","","","","","","",""
"info@eventcatering24.de","6890244","431881085","","Was sieht ein Kunde, wenn er dich heute online überprüft?","""Vero von ProvenExpert"" <veronica@provenexpert.com>","[support@provenexpert.com]","[]","[]","2026-08-07 11:00:52","d38c353b-80bb-431a-a0c5-3df42549bf90","DELIVERED","96525e09-63ba-32fc-8970-632c6bef3cf9","2026-08-07 11:00:56","<1786093252911.d38c353b-80bb-431a-a0c5-3df42549bf90@smtp.hubapi.com>","","","","","","","20185","AbBatch","","","","","","","","","","","","","",""
"info@eventcatering24.de","6890244","431881085","","Was sieht ein Kunde, wenn er dich heute online überprüft?","""Vero von ProvenExpert"" <veronica@provenexpert.com>","[support@provenexpert.com]","[]","[]","2026-08-07 11:00:52","d38c353b-80bb-431a-a0c5-3df42549bf90","SENT","d38c353b-80bb-431a-a0c5-3df42549bf90","2026-08-07 11:00:52","<1786093252911.d38c353b-80bb-431a-a0c5-3df42549bf90@smtp.hubapi.com>","","","","","","","20185","AbBatch","","","","","","","","","","","","","",""
"info@finanzierung.sh","6890244","431881085","","Was sieht ein Kunde, wenn er dich heute online überprüft?","""Vero von ProvenExpert"" <veronica@provenexpert.com>","[support@provenexpert.com]","[]","[]","2026-08-07 11:00:53","cdaaf9f2-bdc2-44de-b9b0-eefa628d479d","SENT","cdaaf9f2-bdc2-44de-b9b0-eefa628d479d","2026-08-07 11:00:53","<1786093253506.cdaaf9f2-bdc2-44de-b9b0-eefa628d479d@smtp.hubapi.com>","","","","","","","20185","AbBatch","","","","","","","","","","","","","",""
"info@finanzierung.sh","6890244","431881085","","Was sieht ein Kunde, wenn er dich heute online überprüft?","""Vero von ProvenExpert"" <veronica@provenexpert.com>","[support@provenexpert.com]","[]","[]","2026-08-07 11:00:53","cdaaf9f2-bdc2-44de-b9b0-eefa628d479d","DELIVERED","34a4c12d-1ea6-3d5e-a7c5-c7b39d3bc7de","2026-08-07 11:00:57","<1786093253506.cdaaf9f2-bdc2-44de-b9b0-eefa628d479d@smtp.hubapi.com>","","","","","","","20185","AbBatch","","","","","","","","","","","","","",""
"lbd@provenexpert.com","6890244","431881087","","Eigene Reputation stärken und exklusives 30 % Rabatt-Angebot nutzen","""Vero von ProvenExpert"" <veronica@provenexpert.com>","[support@provenexpert.com]","[]","[]","2026-08-07 09:00:44","5f943fce-86fd-4817-8eb9-69fdb030258f","DEFERRED","5f859740-8d56-3106-aef0-fe458f991026","2026-08-07 09:02:49","<1786086044101.5f943fce-86fd-4817-8eb9-69fdb030258f@smtp.hubapi.com>","","","","","","","20185","AbBatch","","","","","","","","","","","","","",""
"lbd@provenexpert.com","6890244","431881087","","Eigene Reputation stärken und exklusives 30 % Rabatt-Angebot nutzen","""Vero von ProvenExpert"" <veronica@provenexpert.com>","[support@provenexpert.com]","[]","[]","2026-08-07 09:00:44","5f943fce-86fd-4817-8eb9-69fdb030258f","DELIVERED","0e7f178b-3949-3d59-bd11-8db5422bec61","2026-08-07 11:13:44","<1786086044101.5f943fce-86fd-4817-8eb9-69fdb030258f@smtp.hubapi.com>","","","","","","","20185","AbBatch","","","","","","","","","","","","","",""
"lbd@provenexpert.com","6890244","431881087","","Eigene Reputation stärken und exklusives 30 % Rabatt-Angebot nutzen","""Vero von ProvenExpert"" <veronica@provenexpert.com>","[support@provenexpert.com]","[]","[]","2026-08-07 09:00:44","5f943fce-86fd-4817-8eb9-69fdb030258f","DEFERRED","ba2f80c0-cb15-310f-aa35-caaacd8d76c1","2026-08-07 09:13:43","<1786086044101.5f943fce-86fd-4817-8eb9-69fdb030258f@smtp.hubapi.com>","","","","","","","20185","AbBatch","","","","","","","","","","","","","",""
"lbd@provenexpert.com","6890244","431881087","","Eigene Reputation stärken und exklusives 30 % Rabatt-Angebot nutzen","""Vero von ProvenExpert"" <veronica@provenexpert.com>","[support@provenexpert.com]","[]","[]","2026-08-07 09:00:44","5f943fce-86fd-4817-8eb9-69fdb030258f","SENT","5f943fce-86fd-4817-8eb9-69fdb030258f","2026-08-07 09:00:44","<1786086044101.5f943fce-86fd-4817-8eb9-69fdb030258f@smtp.hubapi.com>","","","","","","","20185","AbBatch","","","","","","","","","","","","","",""
"support@asbestwaechter.de","6890244","431881085","","Was sieht ein Kunde, wenn er dich heute online überprüft?","""Vero von ProvenExpert"" <veronica@provenexpert.com>","[support@provenexpert.com]","[]","[]","2026-08-07 11:00:53","b1d86411-e56e-4ed1-8cf7-694eca65d8a6","SUPPRESSED","b1d86411-e56e-4ed1-8cf7-694eca65d8a6","2026-08-07 11:00:53","<1786093253576.b1d86411-e56e-4ed1-8cf7-694eca65d8a6@smtp.hubapi.com>","","","","","NON_MARKETABLE_CONTACT","Recipient is not a marketable contact","20185","AbBatch","","","","","","","","","","","","","",""
"marketing@autogutachter.de","6890244","431881085","","Was sieht ein Kunde, wenn er dich heute online überprüft?","""Vero von ProvenExpert"" <veronica@provenexpert.com>","[support@provenexpert.com]","[]","[]","2026-08-07 11:00:53","d6dfe506-8e84-4ed0-b7d8-1420f88255f9","SENT","d6dfe506-8e84-4ed0-b7d8-1420f88255f9","2026-08-07 11:00:53","<1786093253543.d6dfe506-8e84-4ed0-b7d8-1420f88255f9@smtp.hubapi.com>","","","","","","","20185","AbBatch","","","","","","","","","","","","","",""
"marketing@autogutachter.de","6890244","431881085","","Was sieht ein Kunde, wenn er dich heute online überprüft?","""Vero von ProvenExpert"" <veronica@provenexpert.com>","[support@provenexpert.com]","[]","[]","2026-08-07 11:00:53","d6dfe506-8e84-4ed0-b7d8-1420f88255f9","DELIVERED","7c58031f-a753-34d8-b6a7-868739f257a2","2026-08-07 11:00:59","<1786093253543.d6dfe506-8e84-4ed0-b7d8-1420f88255f9@smtp.hubapi.com>","","","","","","","20185","AbBatch","","","","","","","","","","","","","",""
"jaeckel@beamtendarlehen-center.de","6890244","431881086","","Was sieht ein Kunde, wenn er dich heute online überprüft?","""Vero von ProvenExpert"" <veronica@provenexpert.com>","[support@provenexpert.com]","[]","[]","2026-08-07 09:00:43","2e1c7fee-e762-4093-8afe-f698ba7404e8","SENT","2e1c7fee-e762-4093-8afe-f698ba7404e8","2026-08-07 09:00:43","<1786086043885.2e1c7fee-e762-4093-8afe-f698ba7404e8@smtp.hubapi.com>","","","","","","","20185","AbBatch","","","","","","","","","","","","","",""
"jaeckel@beamtendarlehen-center.de","6890244","431881086","","Was sieht ein Kunde, wenn er dich heute online überprüft?","""Vero von ProvenExpert"" <veronica@provenexpert.com>","[support@provenexpert.com]","[]","[]","2026-08-07 09:00:43","2e1c7fee-e762-4093-8afe-f698ba7404e8","DELIVERED","850a9355-4042-3a1f-a223-1ca494f1a235","2026-08-07 09:00:49","<1786086043885.2e1c7fee-e762-4093-8afe-f698ba7404e8@smtp.hubapi.com>","","","","","","","20185","AbBatch","","","","","","","","","","","","","",""
"info@schluesseldienst-stuttgart-vaihingen-haegele.de","6890244","431881087","","Eigene Reputation stärken und exklusives 30 % Rabatt-Angebot nutzen","""Vero von ProvenExpert"" <veronica@provenexpert.com>","[support@provenexpert.com]","[]","[]","2026-08-07 09:00:44","afc4993c-7bb9-403f-b573-8ba8d2bcab7f","SENT","afc4993c-7bb9-403f-b573-8ba8d2bcab7f","2026-08-07 09:00:44","<1786086044094.afc4993c-7bb9-403f-b573-8ba8d2bcab7f@smtp.hubapi.com>","","","","","","","20185","AbBatch","","","","","","","","","","","","","",""
"info@schluesseldienst-stuttgart-vaihingen-haegele.de","6890244","431881087","","Eigene Reputation stärken und exklusives 30 % Rabatt-Angebot nutzen","""Vero von ProvenExpert"" <veronica@provenexpert.com>","[support@provenexpert.com]","[]","[]","2026-08-07 09:00:44","afc4993c-7bb9-403f-b573-8ba8d2bcab7f","DELIVERED","3efb3f30-451c-3248-8a15-3f177a8e9e5a","2026-08-07 09:00:48","<1786086044094.afc4993c-7bb9-403f-b573-8ba8d2bcab7f@smtp.hubapi.com>","","","","","","","20185","AbBatch","","","","","","","","","","","","","",""
"info@groundheroes.de","6890244","431881087","","Eigene Reputation stärken und exklusives 30 % Rabatt-Angebot nutzen","""Vero von ProvenExpert"" <veronica@provenexpert.com>","[support@provenexpert.com]","[]","[]","2026-08-07 09:00:43","43358fb2-aed4-41f7-bfc4-2b4f54142da1","SENT","43358fb2-aed4-41f7-bfc4-2b4f54142da1","2026-08-07 09:00:43","<1786086043775.43358fb2-aed4-41f7-bfc4-2b4f54142da1@smtp.hubapi.com>","","","","","","","20185","AbBatch","","","","","","","","","","","","","",""
"info@groundheroes.de","6890244","431881087","","Eigene Reputation stärken und exklusives 30 % Rabatt-Angebot nutzen","""Vero von ProvenExpert"" <veronica@provenexpert.com>","[support@provenexpert.com]","[]","[]","2026-08-07 09:00:43","43358fb2-aed4-41f7-bfc4-2b4f54142da1","DELIVERED","ccff08e6-6c31-3754-8a18-c6c5116d33cf","2026-08-07 09:00:55","<1786086043775.43358fb2-aed4-41f7-bfc4-2b4f54142da1@smtp.hubapi.com>","","","","","","","20185","AbBatch","","","","","","","","","","","","","",""
"beratung@anwaltskanzlei-schaefer-muenchen.de","6890244","431881085","","Was sieht ein Kunde, wenn er dich heute online überprüft?","""Vero von ProvenExpert"" <veronica@provenexpert.com>","[support@provenexpert.com]","[]","[]","2026-08-07 11:00:52","15dcb7bd-2090-44e5-8321-64b4e0b7461f","SENT","15dcb7bd-2090-44e5-8321-64b4e0b7461f","2026-08-07 11:00:52","<1786093252670.15dcb7bd-2090-44e5-8321-64b4e0b7461f@smtp.hubapi.com>","","","","","","","20185","AbBatch","","","","","","","","","","","","","",""
"beratung@anwaltskanzlei-schaefer-muenchen.de","6890244","431881085","","Was sieht ein Kunde, wenn er dich heute online überprüft?","""Vero von ProvenExpert"" <veronica@provenexpert.com>","[support@provenexpert.com]","[]","[]","2026-08-07 11:00:52","15dcb7bd-2090-44e5-8321-64b4e0b7461f","DELIVERED","9faab481-0d4d-3e7d-aed4-8f41202913f8","2026-08-07 11:00:55","<1786093252670.15dcb7bd-2090-44e5-8321-64b4e0b7461f@smtp.hubapi.com>","","","","","","","20185","AbBatch","","","","","","","","","","","","","",""
"alexander.ast@baufi24.de","6890244","431881085","","Was sieht ein Kunde, wenn er dich heute online überprüft?","""Vero von ProvenExpert"" <veronica@provenexpert.com>","[support@provenexpert.com]","[]","[]","2026-08-07 11:00:53","55a09640-5341-48a4-866e-47217d9ffa4b","SENT","55a09640-5341-48a4-866e-47217d9ffa4b","2026-08-07 11:00:53","<1786093253528.55a09640-5341-48a4-866e-47217d9ffa4b@smtp.hubapi.com>","","","","","","","20185","AbBatch","","","","","","","","","","","","","",""
"alexander.ast@baufi24.de","6890244","431881085","","Was sieht ein Kunde, wenn er dich heute online überprüft?","""Vero von ProvenExpert"" <veronica@provenexpert.com>","[support@provenexpert.com]","[]","[]","2026-08-07 11:00:53","55a09640-5341-48a4-866e-47217d9ffa4b","DELIVERED","182c2228-dab9-33ac-b872-e0a9f6e55c62","2026-08-07 11:01:01","<1786093253528.55a09640-5341-48a4-866e-47217d9ffa4b@smtp.hubapi.com>","","","","","","","20185","AbBatch","","","","","","","","","","","","","",""
"testwerbeland@provenexpert.com","6890244","431881087","","Eigene Reputation stärken und exklusives 30 % Rabatt-Angebot nutzen","""Vero von ProvenExpert"" <veronica@provenexpert.com>","[support@provenexpert.com]","[]","[]","2026-08-07 09:00:43","7e11cdb7-3410-4135-9e2f-0e619167608f","SENT","7e11cdb7-3410-4135-9e2f-0e619167608f","2026-08-07 09:00:43","<1786086043709.7e11cdb7-3410-4135-9e2f-0e619167608f@smtp.hubapi.com>","","","","","","","20185","AbBatch","","","","","","","","","","","","","",""
"testwerbeland@provenexpert.com","6890244","431881087","","Eigene Reputation stärken und exklusives 30 % Rabatt-Angebot nutzen","""Vero von ProvenExpert"" <veronica@provenexpert.com>","[support@provenexpert.com]","[]","[]","2026-08-07 09:00:43","7e11cdb7-3410-4135-9e2f-0e619167608f","DELIVERED","38ed695a-38b2-38f6-9d8d-010a2713ea24","2026-08-07 09:00:46","<1786086043709.7e11cdb7-3410-4135-9e2f-0e619167608f@smtp.hubapi.com>","","","","","","","20185","AbBatch","","","","","","","","","","","","","",""
"info@wrl-essen.de","6890244","431881085","","Was sieht ein Kunde, wenn er dich heute online überprüft?","""Vero von ProvenExpert"" <veronica@provenexpert.com>","[support@provenexpert.com]","[]","[]","2026-08-07 11:00:53","2454bcdd-421a-4659-b3a2-7407c9a23b63","DEFERRED","6b8aea65-3ca4-3e9a-8fed-30dbecf21be3","2026-08-07 11:01:16","<1786093253520.2454bcdd-421a-4659-b3a2-7407c9a23b63@smtp.hubapi.com>","","","","","","","20185","AbBatch","","","","","","","","","","","","","",""
"info@wrl-essen.de","6890244","431881085","","Was sieht ein Kunde, wenn er dich heute online überprüft?","""Vero von ProvenExpert"" <veronica@provenexpert.com>","[support@provenexpert.com]","[]","[]","2026-08-07 11:00:53","2454bcdd-421a-4659-b3a2-7407c9a23b63","DEFERRED","407a1547-5caf-345b-ada3-cf5e8b796ef8","2026-08-07 13:13:12","<1786093253520.2454bcdd-421a-4659-b3a2-7407c9a23b63@smtp.hubapi.com>","","","","","","","20185","AbBatch","","","","","","","","","","","","","",""
"info@wrl-essen.de","6890244","431881085","","Was sieht ein Kunde, wenn er dich heute online überprüft?","""Vero von ProvenExpert"" <veronica@provenexpert.com>","[support@provenexpert.com]","[]","[]","2026-08-07 11:00:53","2454bcdd-421a-4659-b3a2-7407c9a23b63","DEFERRED","71037d5f-17a9-3775-911d-874dbb70786d","2026-08-07 13:03:21","<1786093253520.2454bcdd-421a-4659-b3a2-7407c9a23b63@smtp.hubapi.com>","","","","","","","20185","AbBatch","","","","","","","","","","","","","",""
"info@wrl-essen.de","6890244","431881085","","Was sieht ein Kunde, wenn er dich heute online überprüft?","""Vero von ProvenExpert"" <veronica@provenexpert.com>","[support@provenexpert.com]","[]","[]","2026-08-07 11:00:53","2454bcdd-421a-4659-b3a2-7407c9a23b63","DELIVERED","33e105d5-58c7-3f86-ac39-a7f5a6660342","2026-08-07 15:13:13","<1786093253520.2454bcdd-421a-4659-b3a2-7407c9a23b63@smtp.hubapi.com>","","","","","","","20185","AbBatch","","","","","","","","","","","","","",""
"info@wrl-essen.de","6890244","431881085","","Was sieht ein Kunde, wenn er dich heute online überprüft?","""Vero von ProvenExpert"" <veronica@provenexpert.com>","[support@provenexpert.com]","[]","[]","2026-08-07 11:00:53","2454bcdd-421a-4659-b3a2-7407c9a23b63","SENT","2454bcdd-421a-4659-b3a2-7407c9a23b63","2026-08-07 11:00:53","<1786093253520.2454bcdd-421a-4659-b3a2-7407c9a23b63@smtp.hubapi.com>","","","","","","","20185","AbBatch","","","","","","","","","","","","","",""
"finanzen@foris.com","6890244","431881085","","Was sieht ein Kunde, wenn er dich heute online überprüft?","""Vero von ProvenExpert"" <veronica@provenexpert.com>","[support@provenexpert.com]","[]","[]","2026-08-07 11:00:53","f7b91081-efc4-4813-b42a-984121c63787","DELIVERED","d986e61a-f501-394a-9224-b4514eb1364c","2026-08-07 11:00:56","<1786093253097.f7b91081-efc4-4813-b42a-984121c63787@smtp.hubapi.com>","","","","","","","20185","AbBatch","","","","","","","","","","","","","",""
"finanzen@foris.com","6890244","431881085","","Was sieht ein Kunde, wenn er dich heute online überprüft?","""Vero von ProvenExpert"" <veronica@provenexpert.com>","[support@provenexpert.com]","[]","[]","2026-08-07 11:00:53","f7b91081-efc4-4813-b42a-984121c63787","SENT","f7b91081-efc4-4813-b42a-984121c63787","2026-08-07 11:00:53","<1786093253097.f7b91081-efc4-4813-b42a-984121c63787@smtp.hubapi.com>","","","","","","","20185","AbBatch","","","","","","","","","","","","","",""
"chris@fitness-private.de","6890244","431881086","","Was sieht ein Kunde, wenn er dich heute online überprüft?","""Vero von ProvenExpert"" <veronica@provenexpert.com>","[support@provenexpert.com]","[]","[]","2026-08-07 09:00:43","291f56ce-814d-4405-b1cd-7019d4a35f6f","SENT","291f56ce-814d-4405-b1cd-7019d4a35f6f","2026-08-07 09:00:43","<1786086043952.291f56ce-814d-4405-b1cd-7019d4a35f6f@smtp.hubapi.com>","","","","","","","20185","AbBatch","","","","","","","","","","","","","",""
"chris@fitness-private.de","6890244","431881086","","Was sieht ein Kunde, wenn er dich heute online überprüft?","""Vero von ProvenExpert"" <veronica@provenexpert.com>","[support@provenexpert.com]","[]","[]","2026-08-07 09:00:43","291f56ce-814d-4405-b1cd-7019d4a35f6f","DELIVERED","8b54e08e-09da-35a2-bdc6-55b29b80dc71","2026-08-07 09:00:48","<1786086043952.291f56ce-814d-4405-b1cd-7019d4a35f6f@smtp.hubapi.com>","","","","","","","20185","AbBatch","","","","","","","","","","","","","",""
"merlin-stumpe@t-online.de","6890244","431881085","","Was sieht ein Kunde, wenn er dich heute online überprüft?","""Vero von ProvenExpert"" <veronica@provenexpert.com>","[support@provenexpert.com]","[]","[]","2026-08-07 11:00:53","1c6d4280-d348-42e6-8b29-bca17a836210","SENT","1c6d4280-d348-42e6-8b29-bca17a836210","2026-08-07 11:00:53","<1786093253381.1c6d4280-d348-42e6-8b29-bca17a836210@smtp.hubapi.com>","","","","","","","20185","AbBatch","","","","","","","","","","","","","",""
"merlin-stumpe@t-online.de","6890244","431881085","","Was sieht ein Kunde, wenn er dich heute online überprüft?","""Vero von ProvenExpert"" <veronica@provenexpert.com>","[support@provenexpert.com]","[]","[]","2026-08-07 11:00:53","1c6d4280-d348-42e6-8b29-bca17a836210","DELIVERED","a6feba52-4a73-3273-a094-83a5a9890a7d","2026-08-07 11:00:57","<1786093253381.1c6d4280-d348-42e6-8b29-bca17a836210@smtp.hubapi.com>","","","","","","","20185","AbBatch","","","","","","","","","","","","","",""
"mail@urquelle.de","6890244","431881087","","Eigene Reputation stärken und exklusives 30 % Rabatt-Angebot nutzen","""Vero von ProvenExpert"" <veronica@provenexpert.com>","[support@provenexpert.com]","[]","[]","2026-08-07 09:00:43","b2c6ee0b-eeb2-4770-8294-a6da9d74f962","SENT","b2c6ee0b-eeb2-4770-8294-a6da9d74f962","2026-08-07 09:00:43","<1786086043891.b2c6ee0b-eeb2-4770-8294-a6da9d74f962@smtp.hubapi.com>","","","","","","","20185","AbBatch","","","","","","","","","","","","","",""
"mail@urquelle.de","6890244","431881087","","Eigene Reputation stärken und exklusives 30 % Rabatt-Angebot nutzen","""Vero von ProvenExpert"" <veronica@provenexpert.com>","[support@provenexpert.com]","[]","[]","2026-08-07 09:00:43","b2c6ee0b-eeb2-4770-8294-a6da9d74f962","DELIVERED","1d32365d-de5d-3024-a11b-d638ec6fa352","2026-08-07 09:00:46","<1786086043891.b2c6ee0b-eeb2-4770-8294-a6da9d74f962@smtp.hubapi.com>","","","","","","","20185","AbBatch","","","","","","","","","","","","","",""
"ch@christianhaak.de","6890244","431881086","","Was sieht ein Kunde, wenn er dich heute online überprüft?","""Vero von ProvenExpert"" <veronica@provenexpert.com>","[support@provenexpert.com]","[]","[]","2026-08-07 09:00:44","ce8f815d-dfab-4b3d-a272-80ae12786576","SENT","ce8f815d-dfab-4b3d-a272-80ae12786576","2026-08-07 09:00:44","<1786086044058.ce8f815d-dfab-4b3d-a272-80ae12786576@smtp.hubapi.com>","","","","","","","20185","AbBatch","","","","","","","","","","","","","",""
"ch@christianhaak.de","6890244","431881086","","Was sieht ein Kunde, wenn er dich heute online überprüft?","""Vero von ProvenExpert"" <veronica@provenexpert.com>","[support@provenexpert.com]","[]","[]","2026-08-07 09:00:44","ce8f815d-dfab-4b3d-a272-80ae12786576","DELIVERED","0d003627-1671-3411-ae9d-33a7c9a36b7f","2026-08-07 09:00:48","<1786086044058.ce8f815d-dfab-4b3d-a272-80ae12786576@smtp.hubapi.com>","","","","","","","20185","AbBatch","","","","","","","","","","","","","",""
"info@vet-tcm.de","6890244","431881085","","Was sieht ein Kunde, wenn er dich heute online überprüft?","""Vero von ProvenExpert"" <veronica@provenexpert.com>","[support@provenexpert.com]","[]","[]","2026-08-07 11:00:52","2c6bcc77-c449-4405-9cbb-60c584743004","SENT","2c6bcc77-c449-4405-9cbb-60c584743004","2026-08-07 11:00:52","<1786093252804.2c6bcc77-c449-4405-9cbb-60c584743004@smtp.hubapi.com>","","","","","","","20185","AbBatch","","","","","","","","","","","","","",""
"info@vet-tcm.de","6890244","431881085","","Was sieht ein Kunde, wenn er dich heute online überprüft?","""Vero von ProvenExpert"" <veronica@provenexpert.com>","[support@provenexpert.com]","[]","[]","2026-08-07 11:00:52","2c6bcc77-c449-4405-9cbb-60c584743004","DELIVERED","b91e9b8b-10bd-3c33-a97b-0f82e8e8ce17","2026-08-07 11:00:56","<1786093252804.2c6bcc77-c449-4405-9cbb-60c584743004@smtp.hubapi.com>","","","","","","","20185","AbBatch","","","","","","","","","","","","","",""
"vaidoo.de@gmail.com","6890244","431881085","","Was sieht ein Kunde, wenn er dich heute online überprüft?","""Vero von ProvenExpert"" <veronica@provenexpert.com>","[support@provenexpert.com]","[]","[]","2026-08-07 11:00:53","ce45506c-3d9a-4bf4-b682-fd69574e162e","SENT","ce45506c-3d9a-4bf4-b682-fd69574e162e","2026-08-07 11:00:53","<1786093253565.ce45506c-3d9a-4bf4-b682-fd69574e162e@smtp.hubapi.com>","","","","","","","20185","AbBatch","","","","","","","","","","","","","",""
"vaidoo.de@gmail.com","6890244","431881085","","Was sieht ein Kunde, wenn er dich heute online überprüft?","""Vero von ProvenExpert"" <veronica@provenexpert.com>","[support@provenexpert.com]","[]","[]","2026-08-07 11:00:53","ce45506c-3d9a-4bf4-b682-fd69574e162e","DELIVERED","96c30b98-a1bb-33c8-864f-099244e2e965","2026-08-07 11:00:56","<1786093253565.ce45506c-3d9a-4bf4-b682-fd69574e162e@smtp.hubapi.com>","","","","","","","20185","AbBatch","","","","","","","","","","","","","",""
"andre.orgis@chemnitzer-autosalon.de","6890244","431881086","","Was sieht ein Kunde, wenn er dich heute online überprüft?","""Vero von ProvenExpert"" <veronica@provenexpert.com>","[support@provenexpert.com]","[]","[]","2026-08-07 08:59:23","d589a276-5483-47e5-b333-0a0dbb8ce68a","SENT","d589a276-5483-47e5-b333-0a0dbb8ce68a","2026-08-07 08:59:23","<1786085963430.d589a276-5483-47e5-b333-0a0dbb8ce68a@smtp.hubapi.com>","","","","","","","20185","AbBatch","","","","","","","","","","","","","",""
"andre.orgis@chemnitzer-autosalon.de","6890244","431881086","","Was sieht ein Kunde, wenn er dich heute online überprüft?","""Vero von ProvenExpert"" <veronica@provenexpert.com>","[support@provenexpert.com]","[]","[]","2026-08-07 08:59:23","d589a276-5483-47e5-b333-0a0dbb8ce68a","DELIVERED","38fc7612-5a6f-386d-acb9-543607e82ebf","2026-08-07 08:59:25","<1786085963430.d589a276-5483-47e5-b333-0a0dbb8ce68a@smtp.hubapi.com>","","","","","","","20185","AbBatch","","","","","","","","","","","","","",""
"andre.orgis@chemnitzer-autosalon.de","6890244","431881086","","Was sieht ein Kunde, wenn er dich heute online überprüft?","""Vero von ProvenExpert"" <veronica@provenexpert.com>","[support@provenexpert.com]","[]","[]","2026-08-07 08:59:23","d589a276-5483-47e5-b333-0a0dbb8ce68a","OPEN","8ddb8c4c-4735-3527-a7e7-fe6ff468feab","2026-08-07 09:17:14","<1786085963430.d589a276-5483-47e5-b333-0a0dbb8ce68a@smtp.hubapi.com>","","","","","","","20185","AbBatch","Mozilla/4.0 (compatible; ms-office; MSOffice 16)","plauen","sachsen","GERMANY","","","","1196","","","","","",""
"c.baumgartner@montagne-mare.de","6890244","431881086","","Was sieht ein Kunde, wenn er dich heute online überprüft?","""Vero von ProvenExpert"" <veronica@provenexpert.com>","[support@provenexpert.com]","[]","[]","2026-08-07 09:00:43","5e6fea02-7067-4b7f-a82a-0a5b70fefe12","DELIVERED","65c92dd6-cc8b-34fd-b3b3-1dd55643ff5a","2026-08-07 09:12:42","<1786086043876.5e6fea02-7067-4b7f-a82a-0a5b70fefe12@smtp.hubapi.com>","","","","","","","20185","AbBatch","","","","","","","","","","","","","",""
"c.baumgartner@montagne-mare.de","6890244","431881086","","Was sieht ein Kunde, wenn er dich heute online überprüft?","""Vero von ProvenExpert"" <veronica@provenexpert.com>","[support@provenexpert.com]","[]","[]","2026-08-07 09:00:43","5e6fea02-7067-4b7f-a82a-0a5b70fefe12","OPEN","c5a47c5d-42cd-37aa-ac12-bd67554c0399","2026-08-12 08:29:36","<1786086043876.5e6fea02-7067-4b7f-a82a-0a5b70fefe12@smtp.hubapi.com>","","","5e8b2cb8-fe0e-3c3b-a6fc-5be430a78866","2026-08-12 08:29:36","","","20185","AbBatch","Mozilla/5.0 (iPhone; CPU iPhone OS 18_7 like Mac OS X) AppleWebKit/605.1.15 (KHTML, like Gecko) Version/26.6 Mobile/15E148 Safari/604.1","grunwald","bayern","GERMANY","","","","null","","","","","",""
"c.baumgartner@montagne-mare.de","6890244","431881086","","Was sieht ein Kunde, wenn er dich heute online überprüft?","""Vero von ProvenExpert"" <veronica@provenexpert.com>","[support@provenexpert.com]","[]","[]","2026-08-07 09:00:43","5e6fea02-7067-4b7f-a82a-0a5b70fefe12","CLICK","5e8b2cb8-fe0e-3c3b-a6fc-5be430a78866","2026-08-12 08:29:36","<1786086043876.5e6fea02-7067-4b7f-a82a-0a5b70fefe12@smtp.hubapi.com>","","","","","","","20185","AbBatch","Mozilla/5.0 (iPhone; CPU iPhone OS 18_7 like Mac OS X) AppleWebKit/605.1.15 (KHTML, like Gecko) Version/26.6 Mobile/15E148 Safari/604.1","grunwald","bayern","GERMANY","","","https://app.provenexpert.com/?utm_term=2&utm_campaign=consistency26m&utm_medium=email&_hsmi=431881086&utm_content=dach_de_plus_m_consistency26m_3&utm_source=hubspot","","","","","","",""
"c.baumgartner@montagne-mare.de","6890244","431881086","","Was sieht ein Kunde, wenn er dich heute online überprüft?","""Vero von ProvenExpert"" <veronica@provenexpert.com>","[support@provenexpert.com]","[]","[]","2026-08-07 09:00:43","5e6fea02-7067-4b7f-a82a-0a5b70fefe12","DEFERRED","95dec339-de2d-3161-9322-7b5cda614712","2026-08-07 09:02:44","<1786086043876.5e6fea02-7067-4b7f-a82a-0a5b70fefe12@smtp.hubapi.com>","","","","","","","20185","AbBatch","","","","","","","","","","","","","",""
"c.baumgartner@montagne-mare.de","6890244","431881086","","Was sieht ein Kunde, wenn er dich heute online überprüft?","""Vero von ProvenExpert"" <veronica@provenexpert.com>","[support@provenexpert.com]","[]","[]","2026-08-07 09:00:43","5e6fea02-7067-4b7f-a82a-0a5b70fefe12","SENT","5e6fea02-7067-4b7f-a82a-0a5b70fefe12","2026-08-07 09:00:43","<1786086043876.5e6fea02-7067-4b7f-a82a-0a5b70fefe12@smtp.hubapi.com>","","","","","","","20185","AbBatch","","","","","","","","","","","","","",""
"seo@lhp-gruppe.de","6890244","431881085","","Was sieht ein Kunde, wenn er dich heute online überprüft?","""Vero von ProvenExpert"" <veronica@provenexpert.com>","[support@provenexpert.com]","[]","[]","2026-08-07 11:00:53","caa62876-95a7-4602-8dcc-2caea420666f","DROPPED","caa62876-95a7-4602-8dcc-2caea420666f","2026-08-07 11:00:53","<1786093253872.caa62876-95a7-4602-8dcc-2caea420666f@smtp.hubapi.com>","","","cc6eea78-d460-3777-9d16-252b90202670","2026-03-07 09:30:04","PREVIOUSLY_BOUNCED","Recipient has previously bounced.","20185","AbBatch","","","","","","","","","450","X-ASE-Secure-MTA; 450 4.7.1 <hajo.quest@adquest.de>: Recipient address rejected: Mail appeared to be SPAM or forged. Ask your Mail/DNS-Administrator to correct HELO and DNS MX settings or to get removed from DNSBLs","X-ASE-Secure-MTA; 450 4.7.1 <hajo.quest@adquest.de>: Recipient address rejected: Mail appeared to be SPAM or forged. Ask your Mail/DNS-Administrator to correct HELO and DNS MX settings or to get removed from DNSBLs","","",""
"praxis@aesthetische-medizin-koeln.de","6890244","431881087","","Eigene Reputation stärken und exklusives 30 % Rabatt-Angebot nutzen","""Vero von ProvenExpert"" <veronica@provenexpert.com>","[support@provenexpert.com]","[]","[]","2026-08-07 09:00:44","97301d7c-48b3-44cf-bfa4-af9dacc5f365","DELIVERED","443699ff-18a0-316a-841c-c607a668cbc8","2026-08-07 09:00:49","<1786086044122.97301d7c-48b3-44cf-bfa4-af9dacc5f365@smtp.hubapi.com>","","","","","","","20185","AbBatch","","","","","","","","","","","","","",""
"praxis@aesthetische-medizin-koeln.de","6890244","431881087","","Eigene Reputation stärken und exklusives 30 % Rabatt-Angebot nutzen","""Vero von ProvenExpert"" <veronica@provenexpert.com>","[support@provenexpert.com]","[]","[]","2026-08-07 09:00:44","97301d7c-48b3-44cf-bfa4-af9dacc5f365","SENT","97301d7c-48b3-44cf-bfa4-af9dacc5f365","2026-08-07 09:00:44","<1786086044122.97301d7c-48b3-44cf-bfa4-af9dacc5f365@smtp.hubapi.com>","","","","","","","20185","AbBatch","","","","","","","","","","","","","",""
"info@brigitta-eilers.de","6890244","431881087","","Eigene Reputation stärken und exklusives 30 % Rabatt-Angebot nutzen","""Vero von ProvenExpert"" <veronica@provenexpert.com>","[support@provenexpert.com]","[]","[]","2026-08-07 09:00:43","98b7d3d2-92a5-4d1f-a2d1-a1da8d45f4c6","SENT","98b7d3d2-92a5-4d1f-a2d1-a1da8d45f4c6","2026-08-07 09:00:43","<1786086043993.98b7d3d2-92a5-4d1f-a2d1-a1da8d45f4c6@smtp.hubapi.com>","","","","","","","20185","AbBatch","","","","","","","","","","","","","",""
"info@brigitta-eilers.de","6890244","431881087","","Eigene Reputation stärken und exklusives 30 % Rabatt-Angebot nutzen","""Vero von ProvenExpert"" <veronica@provenexpert.com>","[support@provenexpert.com]","[]","[]","2026-08-07 09:00:43","98b7d3d2-92a5-4d1f-a2d1-a1da8d45f4c6","DELIVERED","a56616d2-f61a-3dc3-a98d-9f8768b2443b","2026-08-07 09:00:47","<1786086043993.98b7d3d2-92a5-4d1f-a2d1-a1da8d45f4c6@smtp.hubapi.com>","","","","","","","20185","AbBatch","","","","","","","","","","","","","",""
"nd@schulterhilfe.de","6890244","431881086","","Was sieht ein Kunde, wenn er dich heute online überprüft?","""Vero von ProvenExpert"" <veronica@provenexpert.com>","[support@provenexpert.com]","[]","[]","2026-08-07 09:00:43","c7466249-6473-48ce-a00d-6cca3cf4ed5e","SENT","c7466249-6473-48ce-a00d-6cca3cf4ed5e","2026-08-07 09:00:43","<1786086043910.c7466249-6473-48ce-a00d-6cca3cf4ed5e@smtp.hubapi.com>","","","","","","","20185","AbBatch","","","","","","","","","","","","","",""
"nd@schulterhilfe.de","6890244","431881086","","Was sieht ein Kunde, wenn er dich heute online überprüft?","""Vero von ProvenExpert"" <veronica@provenexpert.com>","[support@provenexpert.com]","[]","[]","2026-08-07 09:00:43","c7466249-6473-48ce-a00d-6cca3cf4ed5e","DELIVERED","4f15336a-6b16-3667-96d6-74abc40963c7","2026-08-07 09:00:47","<1786086043910.c7466249-6473-48ce-a00d-6cca3cf4ed5e@smtp.hubapi.com>","","","","","","","20185","AbBatch","","","","","","","","","","","","","",""
"office@diplomarbeitsbindung.at","6890244","431881086","","Was sieht ein Kunde, wenn er dich heute online überprüft?","""Vero von ProvenExpert"" <veronica@provenexpert.com>","[support@provenexpert.com]","[]","[]","2026-08-07 09:00:43","b017df01-4017-499a-b298-4d6e78b82d00","DELIVERED","2f3a6e4d-6f81-32df-adc9-2ac113b8e8aa","2026-08-07 09:00:49","<1786086043699.b017df01-4017-499a-b298-4d6e78b82d00@smtp.hubapi.com>","","","","","","","20185","AbBatch","","","","","","","","","","","","","",""
"office@diplomarbeitsbindung.at","6890244","431881086","","Was sieht ein Kunde, wenn er dich heute online überprüft?","""Vero von ProvenExpert"" <veronica@provenexpert.com>","[support@provenexpert.com]","[]","[]","2026-08-07 09:00:43","b017df01-4017-499a-b298-4d6e78b82d00","SENT","b017df01-4017-499a-b298-4d6e78b82d00","2026-08-07 09:00:43","<1786086043699.b017df01-4017-499a-b298-4d6e78b82d00@smtp.hubapi.com>","","","","","","","20185","AbBatch","","","","","","","","","","","","","",""
"mail@andrewasserberg.de","6890244","431881087","","Eigene Reputation stärken und exklusives 30 % Rabatt-Angebot nutzen","""Vero von ProvenExpert"" <veronica@provenexpert.com>","[support@provenexpert.com]","[]","[]","2026-08-07 09:00:44","93469964-db2e-49b2-9ee9-d22537d9d4ad","DELIVERED","5cdc9d43-79ae-3d23-a54b-e64e357eabdc","2026-08-07 09:00:49","<1786086044129.93469964-db2e-49b2-9ee9-d22537d9d4ad@smtp.hubapi.com>","","","","","","","20185","AbBatch","","","","","","","","","","","","","",""
"joerg.kreus@phonea.de","6890244","431881085","","Was sieht ein Kunde, wenn er dich heute online überprüft?","""Vero von ProvenExpert"" <veronica@provenexpert.com>","[support@provenexpert.com]","[]","[]","2026-08-07 11:00:53","45e1c6ce-17a3-4a77-9a04-9ca118b43578","DROPPED","45e1c6ce-17a3-4a77-9a04-9ca118b43578","2026-08-07 11:00:53","<1786093253348.45e1c6ce-17a3-4a77-9a04-9ca118b43578@smtp.hubapi.com>","","","7cd1c141-27a4-3d84-95f1-c1274dda0c8b","2026-04-29 12:44:46","PREVIOUSLY_BOUNCED","Recipient has previously bounced.","20185","AbBatch","","","","","","","","","554","554 5.7.1 Message appeared to be unwanted by recipient. See https://postmaster.routing.net","554 5.7.1 Message appeared to be unwanted by recipient. See https://postmaster.routing.net","","",""
"mail@andrewasserberg.de","6890244","431881087","","Eigene Reputation stärken und exklusives 30 % Rabatt-Angebot nutzen","""Vero von ProvenExpert"" <veronica@provenexpert.com>","[support@provenexpert.com]","[]","[]","2026-08-07 09:00:44","93469964-db2e-49b2-9ee9-d22537d9d4ad","SENT","93469964-db2e-49b2-9ee9-d22537d9d4ad","2026-08-07 09:00:44","<1786086044129.93469964-db2e-49b2-9ee9-d22537d9d4ad@smtp.hubapi.com>","","","","","","","20185","AbBatch","","","","","","","","","","","","","",""
"info@schluesseldienst-hannover.de","6890244","431881086","","Was sieht ein Kunde, wenn er dich heute online überprüft?","""Vero von ProvenExpert"" <veronica@provenexpert.com>","[support@provenexpert.com]","[]","[]","2026-08-07 08:59:23","bb2188a8-0b98-4fd5-a200-bf855cb22e85","SENT","bb2188a8-0b98-4fd5-a200-bf855cb22e85","2026-08-07 08:59:23","<1786085963627.bb2188a8-0b98-4fd5-a200-bf855cb22e85@smtp.hubapi.com>","","","","","","","20185","AbBatch","","","","","","","","","","","","","",""
"info@schluesseldienst-hannover.de","6890244","431881086","","Was sieht ein Kunde, wenn er dich heute online überprüft?","""Vero von ProvenExpert"" <veronica@provenexpert.com>","[support@provenexpert.com]","[]","[]","2026-08-07 08:59:23","bb2188a8-0b98-4fd5-a200-bf855cb22e85","DELIVERED","220df1c3-4972-3a1c-acf1-16a8f06fe632","2026-08-07 08:59:26","<1786085963627.bb2188a8-0b98-4fd5-a200-bf855cb22e85@smtp.hubapi.com>","","","","","","","20185","AbBatch","","","","","","","","","","","","","",""
"rouven@dacorundpartner.de","6890244","431881086","","Was sieht ein Kunde, wenn er dich heute online überprüft?","""Vero von ProvenExpert"" <veronica@provenexpert.com>","[support@provenexpert.com]","[]","[]","2026-08-07 08:59:23","54460247-b917-4785-92fe-65157b63bb65","SENT","54460247-b917-4785-92fe-65157b63bb65","2026-08-07 08:59:23","<1786085963678.54460247-b917-4785-92fe-65157b63bb65@smtp.hubapi.com>","","","","","","","20185","AbBatch","","","","","","","","","","","","","",""
"rouven@dacorundpartner.de","6890244","431881086","","Was sieht ein Kunde, wenn er dich heute online überprüft?","""Vero von ProvenExpert"" <veronica@provenexpert.com>","[support@provenexpert.com]","[]","[]","2026-08-07 08:59:23","54460247-b917-4785-92fe-65157b63bb65","DELIVERED","331801ea-7884-3bbf-9b8d-ce9c68b91775","2026-08-07 08:59:27","<1786085963678.54460247-b917-4785-92fe-65157b63bb65@smtp.hubapi.com>","","","","","","","20185","AbBatch","","","","","","","","","","","","","",""
"info@wirtschaftsberater-wetterau.de","6890244","431881086","","Was sieht ein Kunde, wenn er dich heute online überprüft?","""Vero von ProvenExpert"" <veronica@provenexpert.com>","[support@provenexpert.com]","[]","[]","2026-08-07 09:00:43","3f935913-3aa1-4854-bc1d-58a61928a7e3","DELIVERED","c0e692db-f3d3-37c1-932a-7dc6e6c14a91","2026-08-07 09:00:47","<1786086043775.3f935913-3aa1-4854-bc1d-58a61928a7e3@smtp.hubapi.com>","","","","","","","20185","AbBatch","","","","","","","","","","","","","",""
"info@wirtschaftsberater-wetterau.de","6890244","431881086","","Was sieht ein Kunde, wenn er dich heute online überprüft?","""Vero von ProvenExpert"" <veronica@provenexpert.com>","[support@provenexpert.com]","[]","[]","2026-08-07 09:00:43","3f935913-3aa1-4854-bc1d-58a61928a7e3","SENT","3f935913-3aa1-4854-bc1d-58a61928a7e3","2026-08-07 09:00:43","<1786086043775.3f935913-3aa1-4854-bc1d-58a61928a7e3@smtp.hubapi.com>","","","","","","","20185","AbBatch","","","","","","","","","","","","","",""
"pehring@taifun-software.de","6890244","431881085","","Was sieht ein Kunde, wenn er dich heute online überprüft?","""Vero von ProvenExpert"" <veronica@provenexpert.com>","[support@provenexpert.com]","[]","[]","2026-08-07 11:00:53","1c501dc3-3e1e-4bbd-8c51-02fed2724e88","DELIVERED","3a47f998-f00d-3239-8574-fdee71086d1d","2026-08-07 11:00:58","<1786093253598.1c501dc3-3e1e-4bbd-8c51-02fed2724e88@smtp.hubapi.com>","","","","","","","20185","AbBatch","","","","","","","","","","","","","",""
"pehring@taifun-software.de","6890244","431881085","","Was sieht ein Kunde, wenn er dich heute online überprüft?","""Vero von ProvenExpert"" <veronica@provenexpert.com>","[support@provenexpert.com]","[]","[]","2026-08-07 11:00:53","1c501dc3-3e1e-4bbd-8c51-02fed2724e88","SENT","1c501dc3-3e1e-4bbd-8c51-02fed2724e88","2026-08-07 11:00:53","<1786093253598.1c501dc3-3e1e-4bbd-8c51-02fed2724e88@smtp.hubapi.com>","","","","","","","20185","AbBatch","","","","","","","","","","","","","",""
"info@sonnenzeit-studio.de","6890244","431881085","","Was sieht ein Kunde, wenn er dich heute online überprüft?","""Vero von ProvenExpert"" <veronica@provenexpert.com>","[support@provenexpert.com]","[]","[]","2026-08-07 11:00:53","a269f072-8f3d-4d17-81e5-915389672f48","SENT","a269f072-8f3d-4d17-81e5-915389672f48","2026-08-07 11:00:53","<1786093253271.a269f072-8f3d-4d17-81e5-915389672f48@smtp.hubapi.com>","","","","","","","20185","AbBatch","","","","","","","","","","","","","",""
"info@sonnenzeit-studio.de","6890244","431881085","","Was sieht ein Kunde, wenn er dich heute online überprüft?","""Vero von ProvenExpert"" <veronica@provenexpert.com>","[support@provenexpert.com]","[]","[]","2026-08-07 11:00:53","a269f072-8f3d-4d17-81e5-915389672f48","DELIVERED","137d203e-eebc-3dac-880b-0abc60fb545d","2026-08-07 11:01:39","<1786093253271.a269f072-8f3d-4d17-81e5-915389672f48@smtp.hubapi.com>","","","","","","","20185","AbBatch","","","","","","","","","","","","","",""
"info@rechtsberatung3000.de","6890244","431881085","","Was sieht ein Kunde, wenn er dich heute online überprüft?","""Vero von ProvenExpert"" <veronica@provenexpert.com>","[support@provenexpert.com]","[]","[]","2026-08-07 11:00:53","c0d84ebb-3f74-47f9-8b62-3126f56e19b0","SENT","c0d84ebb-3f74-47f9-8b62-3126f56e19b0","2026-08-07 11:00:53","<1786093253045.c0d84ebb-3f74-47f9-8b62-3126f56e19b0@smtp.hubapi.com>","","","","","","","20185","AbBatch","","","","","","","","","","","","","",""
"info@rechtsberatung3000.de","6890244","431881085","","Was sieht ein Kunde, wenn er dich heute online überprüft?","""Vero von ProvenExpert"" <veronica@provenexpert.com>","[support@provenexpert.com]","[]","[]","2026-08-07 11:00:53","c0d84ebb-3f74-47f9-8b62-3126f56e19b0","DELIVERED","fd887f69-ec50-31a4-9eae-6634b946b8d2","2026-08-07 11:01:05","<1786093253045.c0d84ebb-3f74-47f9-8b62-3126f56e19b0@smtp.hubapi.com>","","","","","","","20185","AbBatch","","","","","","","","","","","","","",""
"mail@secursenior.de","6890244","431881087","","Eigene Reputation stärken und exklusives 30 % Rabatt-Angebot nutzen","""Vero von ProvenExpert"" <veronica@provenexpert.com>","[support@provenexpert.com]","[]","[]","2026-08-07 09:00:44","5135ece9-36eb-488c-b561-af735e6de5bd","SENT","5135ece9-36eb-488c-b561-af735e6de5bd","2026-08-07 09:00:44","<1786086044215.5135ece9-36eb-488c-b561-af735e6de5bd@smtp.hubapi.com>","","","","","","","20185","AbBatch","","","","","","","","","","","","","",""
"mail@secursenior.de","6890244","431881087","","Eigene Reputation stärken und exklusives 30 % Rabatt-Angebot nutzen","""Vero von ProvenExpert"" <veronica@provenexpert.com>","[support@provenexpert.com]","[]","[]","2026-08-07 09:00:44","5135ece9-36eb-488c-b561-af735e6de5bd","DELIVERED","33869083-5844-3ba4-8544-d6377cd03c6b","2026-08-07 09:00:48","<1786086044215.5135ece9-36eb-488c-b561-af735e6de5bd@smtp.hubapi.com>","","","","","","","20185","AbBatch","","","","","","","","","","","","","",""
"info@grossklein-immobilien.de","6890244","431881087","","Eigene Reputation stärken und exklusives 30 % Rabatt-Angebot nutzen","""Vero von ProvenExpert"" <veronica@provenexpert.com>","[support@provenexpert.com]","[]","[]","2026-08-07 09:00:43","93f64003-cc63-4871-8356-8d648e13d755","DELIVERED","c5404804-e7a9-3b56-812b-7f934c1fa4ed","2026-08-07 09:00:47","<1786086043803.93f64003-cc63-4871-8356-8d648e13d755@smtp.hubapi.com>","","","","","","","20185","AbBatch","","","","","","","","","","","","","",""
"info@grossklein-immobilien.de","6890244","431881087","","Eigene Reputation stärken und exklusives 30 % Rabatt-Angebot nutzen","""Vero von ProvenExpert"" <veronica@provenexpert.com>","[support@provenexpert.com]","[]","[]","2026-08-07 09:00:43","93f64003-cc63-4871-8356-8d648e13d755","SENT","93f64003-cc63-4871-8356-8d648e13d755","2026-08-07 09:00:43","<1786086043803.93f64003-cc63-4871-8356-8d648e13d755@smtp.hubapi.com>","","","","","","","20185","AbBatch","","","","","","","","","","","","","",""
"info@schlossdienst-sachsen.de","6890244","431881086","","Was sieht ein Kunde, wenn er dich heute online überprüft?","""Vero von ProvenExpert"" <veronica@provenexpert.com>","[support@provenexpert.com]","[]","[]","2026-08-07 08:59:23","853e700d-a71e-4fbd-8c4a-996b469010c0","SENT","853e700d-a71e-4fbd-8c4a-996b469010c0","2026-08-07 08:59:23","<1786085963812.853e700d-a71e-4fbd-8c4a-996b469010c0@smtp.hubapi.com>","","","","","","","20185","AbBatch","","","","","","","","","","","","","",""
"info@schlossdienst-sachsen.de","6890244","431881086","","Was sieht ein Kunde, wenn er dich heute online überprüft?","""Vero von ProvenExpert"" <veronica@provenexpert.com>","[support@provenexpert.com]","[]","[]","2026-08-07 08:59:23","853e700d-a71e-4fbd-8c4a-996b469010c0","DELIVERED","bd4644ca-8da7-3bac-89ae-3efd7e843513","2026-08-07 08:59:32","<1786085963812.853e700d-a71e-4fbd-8c4a-996b469010c0@smtp.hubapi.com>","","","","","","","20185","AbBatch","","","","","","","","","","","","","",""
"hs@hs-baufinanzierung.de","6890244","431881085","","Was sieht ein Kunde, wenn er dich heute online überprüft?","""Vero von ProvenExpert"" <veronica@provenexpert.com>","[support@provenexpert.com]","[]","[]","2026-08-07 11:00:53","572e6ed4-65e2-431a-ada4-816848f141df","SENT","572e6ed4-65e2-431a-ada4-816848f141df","2026-08-07 11:00:53","<1786093253665.572e6ed4-65e2-431a-ada4-816848f141df@smtp.hubapi.com>","","","","","","","20185","AbBatch","","","","","","","","","","","","","",""
"hs@hs-baufinanzierung.de","6890244","431881085","","Was sieht ein Kunde, wenn er dich heute online überprüft?","""Vero von ProvenExpert"" <veronica@provenexpert.com>","[support@provenexpert.com]","[]","[]","2026-08-07 11:00:53","572e6ed4-65e2-431a-ada4-816848f141df","DELIVERED","e91b81f5-6dd8-3486-8509-d20af1f22876","2026-08-07 11:00:57","<1786093253665.572e6ed4-65e2-431a-ada4-816848f141df@smtp.hubapi.com>","","","","","","","20185","AbBatch","","","","","","","","","","","","","",""
"gerald@geraldrichter.at","6890244","431881087","","Eigene Reputation stärken und exklusives 30 % Rabatt-Angebot nutzen","""Vero von ProvenExpert"" <veronica@provenexpert.com>","[support@provenexpert.com]","[]","[]","2026-08-07 09:00:43","d9cddcae-ee1f-478b-bed8-eff5039235e1","SENT","d9cddcae-ee1f-478b-bed8-eff5039235e1","2026-08-07 09:00:43","<1786086043979.d9cddcae-ee1f-478b-bed8-eff5039235e1@smtp.hubapi.com>","","","","","","","20185","AbBatch","","","","","","","","","","","","","",""
"gerald@geraldrichter.at","6890244","431881087","","Eigene Reputation stärken und exklusives 30 % Rabatt-Angebot nutzen","""Vero von ProvenExpert"" <veronica@provenexpert.com>","[support@provenexpert.com]","[]","[]","2026-08-07 09:00:43","d9cddcae-ee1f-478b-bed8-eff5039235e1","DELIVERED","050ad20c-af6a-30e2-aab8-47dcf2554f43","2026-08-07 09:00:47","<1786086043979.d9cddcae-ee1f-478b-bed8-eff5039235e1@smtp.hubapi.com>","","","","","","","20185","AbBatch","","","","","","","","","","","","","",""
"s.pester@systemischeberatung-jena.de","6890244","431881086","","Was sieht ein Kunde, wenn er dich heute online überprüft?","""Vero von ProvenExpert"" <veronica@provenexpert.com>","[support@provenexpert.com]","[]","[]","2026-08-07 09:00:44","a2ca6283-c9d2-450e-bbfd-1321f031a6a1","DELIVERED","fc7c20b1-6bf2-3821-855b-a9fe297e45bd","2026-08-07 09:00:47","<1786086044051.a2ca6283-c9d2-450e-bbfd-1321f031a6a1@smtp.hubapi.com>","","","","","","","20185","AbBatch","","","","","","","","","","","","","",""
"s.pester@systemischeberatung-jena.de","6890244","431881086","","Was sieht ein Kunde, wenn er dich heute online überprüft?","""Vero von ProvenExpert"" <veronica@provenexpert.com>","[support@provenexpert.com]","[]","[]","2026-08-07 09:00:44","a2ca6283-c9d2-450e-bbfd-1321f031a6a1","SENT","a2ca6283-c9d2-450e-bbfd-1321f031a6a1","2026-08-07 09:00:44","<1786086044051.a2ca6283-c9d2-450e-bbfd-1321f031a6a1@smtp.hubapi.com>","","","","","","","20185","AbBatch","","","","","","","","","","","","","",""
"s.pester@systemischeberatung-jena.de","6890244","431881086","","Was sieht ein Kunde, wenn er dich heute online überprüft?","""Vero von ProvenExpert"" <veronica@provenexpert.com>","[support@provenexpert.com]","[]","[]","2026-08-07 09:00:44","a2ca6283-c9d2-450e-bbfd-1321f031a6a1","OPEN","c0f6c8d0-5f80-3d1e-8e98-8ad1189d2f49","2026-08-07 11:01:40","<1786086044051.a2ca6283-c9d2-450e-bbfd-1321f031a6a1@smtp.hubapi.com>","","","","","","","20185","AbBatch","Mozilla/5.0 (Windows NT 5.1; rv:11.0) Gecko Firefox/11.0 (via ggpht.com GoogleImageProxy)","Unknown","Unknown","Unknown","","","","0","","","","","",""
"maretzki@joergjoedecke.de","6890244","431881085","","Was sieht ein Kunde, wenn er dich heute online überprüft?","""Vero von ProvenExpert"" <veronica@provenexpert.com>","[support@provenexpert.com]","[]","[]","2026-08-07 11:00:52","32d0af76-a8d3-4763-a5f7-866c9ba2cf32","DELIVERED","41db4790-247d-393d-b479-5571dc7ab477","2026-08-07 11:00:57","<1786093252903.32d0af76-a8d3-4763-a5f7-866c9ba2cf32@smtp.hubapi.com>","","","","","","","20185","AbBatch","","","","","","","","","","","","","",""
"maretzki@joergjoedecke.de","6890244","431881085","","Was sieht ein Kunde, wenn er dich heute online überprüft?","""Vero von ProvenExpert"" <veronica@provenexpert.com>","[support@provenexpert.com]","[]","[]","2026-08-07 11:00:52","32d0af76-a8d3-4763-a5f7-866c9ba2cf32","SENT","32d0af76-a8d3-4763-a5f7-866c9ba2cf32","2026-08-07 11:00:52","<1786093252903.32d0af76-a8d3-4763-a5f7-866c9ba2cf32@smtp.hubapi.com>","","","","","","","20185","AbBatch","","","","","","","","","","","","","",""
"info@tierklinik-in-berlin.de","6890244","431881086","","Was sieht ein Kunde, wenn er dich heute online überprüft?","""Vero von ProvenExpert"" <veronica@provenexpert.com>","[support@provenexpert.com]","[]","[]","2026-08-07 09:00:43","45d1a37a-b1e9-4d54-9b61-ed39889cdec3","OPEN","f6555c5d-bdf3-3554-9345-11610546b8eb","2026-08-07 09:18:36","<1786086043858.45d1a37a-b1e9-4d54-9b61-ed39889cdec3@smtp.hubapi.com>","","","","","","","20185","AbBatch","Mozilla/5.0 (Windows NT 10.0; Win64; x64; rv:153.0) Gecko/20100101 Thunderbird/153.0.1","berlin","berlin","GERMANY","","","","0","","","","","",""
"info@finest-real-estate.com","6890244","431881085","","Was sieht ein Kunde, wenn er dich heute online überprüft?","""Vero von ProvenExpert"" <veronica@provenexpert.com>","[support@provenexpert.com]","[]","[]","2026-08-07 11:00:53","92393daf-982f-4f9c-a4e3-2f5becd76720","DROPPED","92393daf-982f-4f9c-a4e3-2f5becd76720","2026-08-07 11:00:53","<1786093253562.92393daf-982f-4f9c-a4e3-2f5becd76720@smtp.hubapi.com>","","","8303eab1-c3d9-3937-b762-8bd873d98241","2025-09-09 13:39:12","PREVIOUSLY_BOUNCED","Recipient has previously bounced.","20185","AbBatch","","","","","","","","","550","550 5.1.1 <info@finest-real-estate.com>: Recipient address rejected: User unknown in relay recipient table","550 5.1.1 <info@finest-real-estate.com>: Recipient address rejected: User unknown in relay recipient table","","",""
"info@tierklinik-in-berlin.de","6890244","431881086","","Was sieht ein Kunde, wenn er dich heute online überprüft?","""Vero von ProvenExpert"" <veronica@provenexpert.com>","[support@provenexpert.com]","[]","[]","2026-08-07 09:00:43","45d1a37a-b1e9-4d54-9b61-ed39889cdec3","SENT","45d1a37a-b1e9-4d54-9b61-ed39889cdec3","2026-08-07 09:00:43","<1786086043858.45d1a37a-b1e9-4d54-9b61-ed39889cdec3@smtp.hubapi.com>","","","","","","","20185","AbBatch","","","","","","","","","","","","","",""
"info@tierklinik-in-berlin.de","6890244","431881086","","Was sieht ein Kunde, wenn er dich heute online überprüft?","""Vero von ProvenExpert"" <veronica@provenexpert.com>","[support@provenexpert.com]","[]","[]","2026-08-07 09:00:43","45d1a37a-b1e9-4d54-9b61-ed39889cdec3","DELIVERED","8f0abec1-e6a5-3502-b540-38d81eafd31f","2026-08-07 09:01:02","<1786086043858.45d1a37a-b1e9-4d54-9b61-ed39889cdec3@smtp.hubapi.com>","","","","","","","20185","AbBatch","","","","","","","","","","","","","",""
"vd@elektromeister-bonn.de","6890244","431881086","","Was sieht ein Kunde, wenn er dich heute online überprüft?","""Vero von ProvenExpert"" <veronica@provenexpert.com>","[support@provenexpert.com]","[]","[]","2026-08-07 09:00:43","69cb9cca-b208-4062-abb5-ae225c0c6f29","SENT","69cb9cca-b208-4062-abb5-ae225c0c6f29","2026-08-07 09:00:43","<1786086043936.69cb9cca-b208-4062-abb5-ae225c0c6f29@smtp.hubapi.com>","","","","","","","20185","AbBatch","","","","","","","","","","","","","",""
"vd@elektromeister-bonn.de","6890244","431881086","","Was sieht ein Kunde, wenn er dich heute online überprüft?","""Vero von ProvenExpert"" <veronica@provenexpert.com>","[support@provenexpert.com]","[]","[]","2026-08-07 09:00:43","69cb9cca-b208-4062-abb5-ae225c0c6f29","DELIVERED","6ee85049-49e4-3b11-8dad-39aa0b0b2474","2026-08-07 09:00:55","<1786086043936.69cb9cca-b208-4062-abb5-ae225c0c6f29@smtp.hubapi.com>","","","","","","","20185","AbBatch","","","","","","","","","","","","","",""
"b.lentz@pmg-finanz.de","6890244","431881087","","Eigene Reputation stärken und exklusives 30 % Rabatt-Angebot nutzen","""Vero von ProvenExpert"" <veronica@provenexpert.com>","[support@provenexpert.com]","[]","[]","2026-08-07 09:00:43","787fbe3d-1daa-4c80-942b-8471195f2841","DELIVERED","d60a6d6b-3335-35f7-8969-6cd3f59c0e53","2026-08-07 09:00:48","<1786086043673.787fbe3d-1daa-4c80-942b-8471195f2841@smtp.hubapi.com>","","","","","","","20185","AbBatch","","","","","","","","","","","","","",""
"b.lentz@pmg-finanz.de","6890244","431881087","","Eigene Reputation stärken und exklusives 30 % Rabatt-Angebot nutzen","""Vero von ProvenExpert"" <veronica@provenexpert.com>","[support@provenexpert.com]","[]","[]","2026-08-07 09:00:43","787fbe3d-1daa-4c80-942b-8471195f2841","SENT","787fbe3d-1daa-4c80-942b-8471195f2841","2026-08-07 09:00:43","<1786086043673.787fbe3d-1daa-4c80-942b-8471195f2841@smtp.hubapi.com>","","","","","","","20185","AbBatch","","","","","","","","","","","","","",""
"info@neumeyer-abzeichen.de","6890244","431881086","","Was sieht ein Kunde, wenn er dich heute online überprüft?","""Vero von ProvenExpert"" <veronica@provenexpert.com>","[support@provenexpert.com]","[]","[]","2026-08-07 09:00:44","98da9084-1d40-4751-8549-d5d5a61a30aa","SENT","98da9084-1d40-4751-8549-d5d5a61a30aa","2026-08-07 09:00:44","<1786086044129.98da9084-1d40-4751-8549-d5d5a61a30aa@smtp.hubapi.com>","","","","","","","20185","AbBatch","","","","","","","","","","","","","",""
"info@neumeyer-abzeichen.de","6890244","431881086","","Was sieht ein Kunde, wenn er dich heute online überprüft?","""Vero von ProvenExpert"" <veronica@provenexpert.com>","[support@provenexpert.com]","[]","[]","2026-08-07 09:00:44","98da9084-1d40-4751-8549-d5d5a61a30aa","OPEN","a9accd99-5d15-3e5d-8656-402f7e8c6774","2026-08-07 09:40:39","<1786086044129.98da9084-1d40-4751-8549-d5d5a61a30aa@smtp.hubapi.com>","","","","","","","20185","AbBatch","Mozilla/4.0 (compatible; MSIE 7.0; Windows NT 10.0; WOW64; Trident/7.0; .NET4.0C; .NET4.0E; .NET CLR 2.0.50727; .NET CLR 3.0.30729; .NET CLR 3.5.30729; Zoom 3.6.0)","neuss","nordrhein-westfalen","GERMANY","","","","3803","","","","","",""
"info@neumeyer-abzeichen.de","6890244","431881086","","Was sieht ein Kunde, wenn er dich heute online überprüft?","""Vero von ProvenExpert"" <veronica@provenexpert.com>","[support@provenexpert.com]","[]","[]","2026-08-07 09:00:44","98da9084-1d40-4751-8549-d5d5a61a30aa","DELIVERED","c1927995-3d37-3fb2-bc94-fb68ea39c770","2026-08-07 09:00:55","<1786086044129.98da9084-1d40-4751-8549-d5d5a61a30aa@smtp.hubapi.com>","","","","","","","20185","AbBatch","","","","","","","","","","","","","",""
"thorefriedrichs@gmail.com","6890244","431881085","","Was sieht ein Kunde, wenn er dich heute online überprüft?","""Vero von ProvenExpert"" <veronica@provenexpert.com>","[support@provenexpert.com]","[]","[]","2026-08-07 11:00:53","2e51a78b-6ccb-417d-976b-79c1aeb10ce0","SENT","2e51a78b-6ccb-417d-976b-79c1aeb10ce0","2026-08-07 11:00:53","<1786093253801.2e51a78b-6ccb-417d-976b-79c1aeb10ce0@smtp.hubapi.com>","","","","","","","20185","AbBatch","","","","","","","","","","","","","",""
"thorefriedrichs@gmail.com","6890244","431881085","","Was sieht ein Kunde, wenn er dich heute online überprüft?","""Vero von ProvenExpert"" <veronica@provenexpert.com>","[support@provenexpert.com]","[]","[]","2026-08-07 11:00:53","2e51a78b-6ccb-417d-976b-79c1aeb10ce0","DELIVERED","f2a3de37-b819-3abb-947e-356a544e2e6e","2026-08-07 11:00:57","<1786093253801.2e51a78b-6ccb-417d-976b-79c1aeb10ce0@smtp.hubapi.com>","","","","","","","20185","AbBatch","","","","","","","","","","","","","",""
"info@dass-dach-holz.de","6890244","431881086","","Was sieht ein Kunde, wenn er dich heute online überprüft?","""Vero von ProvenExpert"" <veronica@provenexpert.com>","[support@provenexpert.com]","[]","[]","2026-08-07 09:00:43","6b3d27bd-0f93-491d-aa7b-99174c21cbf3","DELIVERED","1fb440e5-6d0b-3730-8de3-cd051f5e6cd6","2026-08-07 09:01:42","<1786086043840.6b3d27bd-0f93-491d-aa7b-99174c21cbf3@smtp.hubapi.com>","","","","","","","20185","AbBatch","","","","","","","","","","","","","",""
"info@dass-dach-holz.de","6890244","431881086","","Was sieht ein Kunde, wenn er dich heute online überprüft?","""Vero von ProvenExpert"" <veronica@provenexpert.com>","[support@provenexpert.com]","[]","[]","2026-08-07 09:00:43","6b3d27bd-0f93-491d-aa7b-99174c21cbf3","SENT","6b3d27bd-0f93-491d-aa7b-99174c21cbf3","2026-08-07 09:00:43","<1786086043840.6b3d27bd-0f93-491d-aa7b-99174c21cbf3@smtp.hubapi.com>","","","","","","","20185","AbBatch","","","","","","","","","","","","","",""
"h.wehrmeyer@intrag.de","6890244","431881085","","Was sieht ein Kunde, wenn er dich heute online überprüft?","""Vero von ProvenExpert"" <veronica@provenexpert.com>","[support@provenexpert.com]","[]","[]","2026-08-07 11:00:52","5cae572a-d72b-4009-bd17-d3d2c099e224","DELIVERED","b84d3058-7c50-36fa-91ee-ec1d3baafeef","2026-08-07 11:00:56","<1786093252931.5cae572a-d72b-4009-bd17-d3d2c099e224@smtp.hubapi.com>","","","","","","","20185","AbBatch","","","","","","","","","","","","","",""
"h.wehrmeyer@intrag.de","6890244","431881085","","Was sieht ein Kunde, wenn er dich heute online überprüft?","""Vero von ProvenExpert"" <veronica@provenexpert.com>","[support@provenexpert.com]","[]","[]","2026-08-07 11:00:52","5cae572a-d72b-4009-bd17-d3d2c099e224","SENT","5cae572a-d72b-4009-bd17-d3d2c099e224","2026-08-07 11:00:52","<1786093252931.5cae572a-d72b-4009-bd17-d3d2c099e224@smtp.hubapi.com>","","","","","","","20185","AbBatch","","","","","","","","","","","","","",""
"md@minddesigner.de","6890244","431881085","","Was sieht ein Kunde, wenn er dich heute online überprüft?","""Vero von ProvenExpert"" <veronica@provenexpert.com>","[support@provenexpert.com]","[]","[]","2026-08-07 11:00:53","742104aa-f55c-4d2a-b0c4-52da3f6305a1","SENT","742104aa-f55c-4d2a-b0c4-52da3f6305a1","2026-08-07 11:00:53","<1786093253063.742104aa-f55c-4d2a-b0c4-52da3f6305a1@smtp.hubapi.com>","","","","","","","20185","AbBatch","","","","","","","","","","","","","",""
"md@minddesigner.de","6890244","431881085","","Was sieht ein Kunde, wenn er dich heute online überprüft?","""Vero von ProvenExpert"" <veronica@provenexpert.com>","[support@provenexpert.com]","[]","[]","2026-08-07 11:00:53","742104aa-f55c-4d2a-b0c4-52da3f6305a1","DELIVERED","4f7d0f41-00a9-34fd-b44a-d025c71a1a99","2026-08-07 11:00:57","<1786093253063.742104aa-f55c-4d2a-b0c4-52da3f6305a1@smtp.hubapi.com>","","","","","","","20185","AbBatch","","","","","","","","","","","","","",""
"kweber@provenexpert.com","6890244","431881087","","Eigene Reputation stärken und exklusives 30 % Rabatt-Angebot nutzen","""Vero von ProvenExpert"" <veronica@provenexpert.com>","[support@provenexpert.com]","[]","[]","2026-08-07 09:00:43","000f95d3-5d0e-43f7-a57e-fc20a5841c4a","SENT","000f95d3-5d0e-43f7-a57e-fc20a5841c4a","2026-08-07 09:00:43","<1786086043928.000f95d3-5d0e-43f7-a57e-fc20a5841c4a@smtp.hubapi.com>","","","","","","","20185","AbBatch","","","","","","","","","","","","","",""
"kweber@provenexpert.com","6890244","431881087","","Eigene Reputation stärken und exklusives 30 % Rabatt-Angebot nutzen","""Vero von ProvenExpert"" <veronica@provenexpert.com>","[support@provenexpert.com]","[]","[]","2026-08-07 09:00:43","000f95d3-5d0e-43f7-a57e-fc20a5841c4a","DELIVERED","30d00186-85d2-35ee-9cd5-0ebb78115cbf","2026-08-07 09:00:50","<1786086043928.000f95d3-5d0e-43f7-a57e-fc20a5841c4a@smtp.hubapi.com>","","","","","","","20185","AbBatch","","","","","","","","","","","","","",""
"info@123mpu.de","6890244","431881085","","Was sieht ein Kunde, wenn er dich heute online überprüft?","""Vero von ProvenExpert"" <veronica@provenexpert.com>","[support@provenexpert.com]","[]","[]","2026-08-07 11:00:52","4c2de55b-cba5-48c2-8eac-2b0afd94b71b","DROPPED","4c2de55b-cba5-48c2-8eac-2b0afd94b71b","2026-08-07 11:00:52","<1786093252885.4c2de55b-cba5-48c2-8eac-2b0afd94b71b@smtp.hubapi.com>","","","a98447ab-9127-3d0c-98db-ae74d5e3abdd","2026-02-11 09:01:29","PREVIOUSLY_BOUNCED","Recipient has previously bounced.","20185","AbBatch","","","","","","","","","554","SMTP; 554 5.2.2 <info@123mpu.de> mailbox is full (quota exceeded) 
                 [MSG0027]","SMTP; 554 5.2.2 <info@123mpu.de> mailbox is full (quota exceeded) 
                 [MSG0027]","","",""
"info@ag-frisch.de","6890244","431881085","","Was sieht ein Kunde, wenn er dich heute online überprüft?","""Vero von ProvenExpert"" <veronica@provenexpert.com>","[support@provenexpert.com]","[]","[]","2026-08-07 11:00:53","042d6b56-610e-4275-967e-a5cf209e7e10","DROPPED","042d6b56-610e-4275-967e-a5cf209e7e10","2026-08-07 11:00:53","<1786093253309.042d6b56-610e-4275-967e-a5cf209e7e10@smtp.hubapi.com>","","","dd804585-6e18-38fd-a5b4-cc3a6db84bd9","2026-04-15 10:13:58","PREVIOUSLY_BOUNCED","Recipient has previously bounced.","20185","AbBatch","","","","","","","","","554","554 5.7.1 <info@ag-frisch.de>: Relay access denied","554 5.7.1 <info@ag-frisch.de>: Relay access denied","","",""
"corpotex.marketing@gmail.com","6890244","431881086","","Was sieht ein Kunde, wenn er dich heute online überprüft?","""Vero von ProvenExpert"" <veronica@provenexpert.com>","[support@provenexpert.com]","[]","[]","2026-08-07 09:00:44","de0f54c5-f571-4aae-8d9a-1e6c3f05cff2","SENT","de0f54c5-f571-4aae-8d9a-1e6c3f05cff2","2026-08-07 09:00:44","<1786086044010.de0f54c5-f571-4aae-8d9a-1e6c3f05cff2@smtp.hubapi.com>","","","","","","","20185","AbBatch","","","","","","","","","","","","","",""
"corpotex.marketing@gmail.com","6890244","431881086","","Was sieht ein Kunde, wenn er dich heute online überprüft?","""Vero von ProvenExpert"" <veronica@provenexpert.com>","[support@provenexpert.com]","[]","[]","2026-08-07 09:00:44","de0f54c5-f571-4aae-8d9a-1e6c3f05cff2","OPEN","4cdd75d9-8da0-3a22-9e2a-7cc1536b84ec","2026-08-07 09:00:47","<1786086044010.de0f54c5-f571-4aae-8d9a-1e6c3f05cff2@smtp.hubapi.com>","","","","","","","20185","AbBatch","Mozilla/5.0 (Windows NT 10.0; Win64; x64) AppleWebKit/537.36 (KHTML, like Gecko) Chrome/42.0.2311.135 Safari/537.36 Edge/12.246 Mozilla/5.0","mountain view","california","UNITED STATES","","","","0","","","","","",""
"corpotex.marketing@gmail.com","6890244","431881086","","Was sieht ein Kunde, wenn er dich heute online überprüft?","""Vero von ProvenExpert"" <veronica@provenexpert.com>","[support@provenexpert.com]","[]","[]","2026-08-07 09:00:44","de0f54c5-f571-4aae-8d9a-1e6c3f05cff2","DELIVERED","a09157d9-3062-33d0-ad69-53574c7ebbf6","2026-08-07 09:00:46","<1786086044010.de0f54c5-f571-4aae-8d9a-1e6c3f05cff2@smtp.hubapi.com>","","","","","","","20185","AbBatch","","","","","","","","","","","","","",""
"info@dh-creative-webdesign.de","6890244","431881085","","Was sieht ein Kunde, wenn er dich heute online überprüft?","""Vero von ProvenExpert"" <veronica@provenexpert.com>","[support@provenexpert.com]","[]","[]","2026-08-07 11:00:52","6c9a8363-80a1-4665-b8a7-7cf6662d0619","SENT","6c9a8363-80a1-4665-b8a7-7cf6662d0619","2026-08-07 11:00:52","<1786093252818.6c9a8363-80a1-4665-b8a7-7cf6662d0619@smtp.hubapi.com>","","","","","","","20185","AbBatch","","","","","","","","","","","","","",""
"info@dh-creative-webdesign.de","6890244","431881085","","Was sieht ein Kunde, wenn er dich heute online überprüft?","""Vero von ProvenExpert"" <veronica@provenexpert.com>","[support@provenexpert.com]","[]","[]","2026-08-07 11:00:52","6c9a8363-80a1-4665-b8a7-7cf6662d0619","DELIVERED","2f558b31-4401-3d3a-91cb-74c378467222","2026-08-07 11:00:57","<1786093252818.6c9a8363-80a1-4665-b8a7-7cf6662d0619@smtp.hubapi.com>","","","","","","","20185","AbBatch","","","","","","","","","","","","","",""
"t.boekemeier@pkv-welt.de","6890244","431881085","","Was sieht ein Kunde, wenn er dich heute online überprüft?","""Vero von ProvenExpert"" <veronica@provenexpert.com>","[support@provenexpert.com]","[]","[]","2026-08-07 11:00:52","cc32c89d-307c-49bd-9bdb-8115e3696784","SENT","cc32c89d-307c-49bd-9bdb-8115e3696784","2026-08-07 11:00:52","<1786093252722.cc32c89d-307c-49bd-9bdb-8115e3696784@smtp.hubapi.com>","","","","","","","20185","AbBatch","","","","","","","","","","","","","",""
"t.boekemeier@pkv-welt.de","6890244","431881085","","Was sieht ein Kunde, wenn er dich heute online überprüft?","""Vero von ProvenExpert"" <veronica@provenexpert.com>","[support@provenexpert.com]","[]","[]","2026-08-07 11:00:52","cc32c89d-307c-49bd-9bdb-8115e3696784","DELIVERED","7ce75337-ef62-39ac-be54-1f19ae779963","2026-08-07 11:00:55","<1786093252722.cc32c89d-307c-49bd-9bdb-8115e3696784@smtp.hubapi.com>","","","","","","","20185","AbBatch","","","","","","","","","","","","","",""
"rniazishahabi@provenexpert.com","6890244","431881085","","Was sieht ein Kunde, wenn er dich heute online überprüft?","""Vero von ProvenExpert"" <veronica@provenexpert.com>","[support@provenexpert.com]","[]","[]","2026-08-07 11:00:52","0fd8eb2f-5921-44b9-a2fe-72d889647969","SENT","0fd8eb2f-5921-44b9-a2fe-72d889647969","2026-08-07 11:00:52","<1786093252738.0fd8eb2f-5921-44b9-a2fe-72d889647969@smtp.hubapi.com>","","","","","","","20185","AbBatch","","","","","","","","","","","","","",""
"321@provenexpert.de","6890244","431881085","","Was sieht ein Kunde, wenn er dich heute online überprüft?","""Vero von ProvenExpert"" <veronica@provenexpert.com>","[support@provenexpert.com]","[]","[]","2026-08-07 11:00:53","57da1125-be39-4b3a-967f-d549e97a9bb4","DROPPED","57da1125-be39-4b3a-967f-d549e97a9bb4","2026-08-07 11:00:53","<1786093253157.57da1125-be39-4b3a-967f-d549e97a9bb4@smtp.hubapi.com>","","","38967e5f-d55e-3486-8208-7ef4e7b4b33c","2025-09-02 09:00:14","PREVIOUSLY_BOUNCED","Recipient has previously bounced.","20185","AbBatch","","","","","","","","","550","550 5.4.1 Recipient address rejected: Access denied. For more information see https://aka.ms/EXOSmtpErrors [DB5PEPF00014B90.eurprd02.prod.outlook.com 2025-09-02T07:00:14.849Z 08DDE75F043FA9CE]","550 5.4.1 Recipient address rejected: Access denied. For more information see https://aka.ms/EXOSmtpErrors [DB5PEPF00014B90.eurprd02.prod.outlook.com 2025-09-02T07:00:14.849Z 08DDE75F043FA9CE]","","",""
"rniazishahabi@provenexpert.com","6890244","431881085","","Was sieht ein Kunde, wenn er dich heute online überprüft?","""Vero von ProvenExpert"" <veronica@provenexpert.com>","[support@provenexpert.com]","[]","[]","2026-08-07 11:00:52","0fd8eb2f-5921-44b9-a2fe-72d889647969","DELIVERED","eb7c659d-9af5-3240-89e0-4639220ee718","2026-08-07 11:00:56","<1786093252738.0fd8eb2f-5921-44b9-a2fe-72d889647969@smtp.hubapi.com>","","","","","","","20185","AbBatch","","","","","","","","","","","","","",""
"rniazishahabi@provenexpert.com","6890244","431881085","","Was sieht ein Kunde, wenn er dich heute online überprüft?","""Vero von ProvenExpert"" <veronica@provenexpert.com>","[support@provenexpert.com]","[]","[]","2026-08-07 11:00:52","0fd8eb2f-5921-44b9-a2fe-72d889647969","OPEN","cd6071b3-de80-3b15-ba13-902f024c5c0a","2026-08-07 11:01:51","<1786093252738.0fd8eb2f-5921-44b9-a2fe-72d889647969@smtp.hubapi.com>","","","","","","","20185","AbBatch","Mozilla/5.0 (Macintosh; Intel Mac OS X 10_15_7) AppleWebKit/605.1.15 (KHTML, like Gecko)","berlin","berlin","GERMANY","","","","32424","","","","","",""
"rniazishahabi@provenexpert.com","6890244","431881085","","Was sieht ein Kunde, wenn er dich heute online überprüft?","""Vero von ProvenExpert"" <veronica@provenexpert.com>","[support@provenexpert.com]","[]","[]","2026-08-07 11:00:52","0fd8eb2f-5921-44b9-a2fe-72d889647969","OPEN","83e7101e-83a8-3e7a-a1fc-95f7e1607908","2026-08-07 11:02:25","<1786093252738.0fd8eb2f-5921-44b9-a2fe-72d889647969@smtp.hubapi.com>","","","","","","","20185","AbBatch","Mozilla/5.0 (Macintosh; Intel Mac OS X 10_15_7) AppleWebKit/605.1.15 (KHTML, like Gecko)","berlin","berlin","GERMANY","","","","1188","","","","","",""
"info@dr-hussmann.de","6890244","431881087","","Eigene Reputation stärken und exklusives 30 % Rabatt-Angebot nutzen","""Vero von ProvenExpert"" <veronica@provenexpert.com>","[support@provenexpert.com]","[]","[]","2026-08-07 09:00:44","cc611cef-e444-4920-984d-91defa8d5e7f","DELIVERED","7b2a41d8-943e-3a19-8d7d-3a2d3b7a6fe3","2026-08-07 09:00:50","<1786086044108.cc611cef-e444-4920-984d-91defa8d5e7f@smtp.hubapi.com>","","","","","","","20185","AbBatch","","","","","","","","","","","","","",""
"info@dr-hussmann.de","6890244","431881087","","Eigene Reputation stärken und exklusives 30 % Rabatt-Angebot nutzen","""Vero von ProvenExpert"" <veronica@provenexpert.com>","[support@provenexpert.com]","[]","[]","2026-08-07 09:00:44","cc611cef-e444-4920-984d-91defa8d5e7f","SENT","cc611cef-e444-4920-984d-91defa8d5e7f","2026-08-07 09:00:44","<1786086044108.cc611cef-e444-4920-984d-91defa8d5e7f@smtp.hubapi.com>","","","","","","","20185","AbBatch","","","","","","","","","","","","","",""
"lia@a-cuckoo-moment.de","6890244","431881085","","Was sieht ein Kunde, wenn er dich heute online überprüft?","""Vero von ProvenExpert"" <veronica@provenexpert.com>","[support@provenexpert.com]","[]","[]","2026-08-07 11:00:52","166557e2-0463-4be8-9fbc-169cc0ba36f0","DELIVERED","b6af1e6f-9ea4-3bf1-a8d2-072a7e154cd7","2026-08-07 11:00:55","<1786093252524.166557e2-0463-4be8-9fbc-169cc0ba36f0@smtp.hubapi.com>","","","","","","","20185","AbBatch","","","","","","","","","","","","","",""
"lia@a-cuckoo-moment.de","6890244","431881085","","Was sieht ein Kunde, wenn er dich heute online überprüft?","""Vero von ProvenExpert"" <veronica@provenexpert.com>","[support@provenexpert.com]","[]","[]","2026-08-07 11:00:52","166557e2-0463-4be8-9fbc-169cc0ba36f0","SENT","166557e2-0463-4be8-9fbc-169cc0ba36f0","2026-08-07 11:00:52","<1786093252524.166557e2-0463-4be8-9fbc-169cc0ba36f0@smtp.hubapi.com>","","","","","","","20185","AbBatch","","","","","","","","","","","","","",""
"info@stephan-sieh.de","6890244","431881086","","Was sieht ein Kunde, wenn er dich heute online überprüft?","""Vero von ProvenExpert"" <veronica@provenexpert.com>","[support@provenexpert.com]","[]","[]","2026-08-07 08:59:23","2a36cb13-15b0-47ef-93a2-c28854263144","DELIVERED","de2308c4-b1d0-3aca-b4f9-cd4e5fa6259e","2026-08-07 08:59:26","<1786085963662.2a36cb13-15b0-47ef-93a2-c28854263144@smtp.hubapi.com>","","","","","","","20185","AbBatch","","","","","","","","","","","","","",""
"info@stephan-sieh.de","6890244","431881086","","Was sieht ein Kunde, wenn er dich heute online überprüft?","""Vero von ProvenExpert"" <veronica@provenexpert.com>","[support@provenexpert.com]","[]","[]","2026-08-07 08:59:23","2a36cb13-15b0-47ef-93a2-c28854263144","SENT","2a36cb13-15b0-47ef-93a2-c28854263144","2026-08-07 08:59:23","<1786085963662.2a36cb13-15b0-47ef-93a2-c28854263144@smtp.hubapi.com>","","","","","","","20185","AbBatch","","","","","","","","","","","","","",""
"pe-notification-test@bewertet.de","6890244","431881085","","Was sieht ein Kunde, wenn er dich heute online überprüft?","""Vero von ProvenExpert"" <veronica@provenexpert.com>","[support@provenexpert.com]","[]","[]","2026-08-07 11:00:53","a66d0092-f90f-4cb6-9f4d-9fb51bb286e9","CLICK","7b6a1e6b-2ecd-3f33-a24b-562a4ee7e117","2026-08-07 13:25:44","<1786093253428.a66d0092-f90f-4cb6-9f4d-9fb51bb286e9@smtp.hubapi.com>","","","","","","","20185","AbBatch","Mozilla/5.0 (Windows NT 10.0; Win64; x64) AppleWebKit/537.36 (KHTML, like Gecko) Chrome/129.0.0.0 Safari/537.36","berlin","berlin","GERMANY","","","https://app.provenexpert.com/?utm_term=2&utm_campaign=consistency26m&utm_medium=email&_hsmi=431881085&utm_content=dach_de_plus_m_consistency26m_3&utm_source=hubspot","","","","","","",""
"pe-notification-test@bewertet.de","6890244","431881085","","Was sieht ein Kunde, wenn er dich heute online überprüft?","""Vero von ProvenExpert"" <veronica@provenexpert.com>","[support@provenexpert.com]","[]","[]","2026-08-07 11:00:53","a66d0092-f90f-4cb6-9f4d-9fb51bb286e9","DELIVERED","eca9dd3f-8ce3-369b-ae08-960ef1abcbd2","2026-08-07 11:00:56","<1786093253428.a66d0092-f90f-4cb6-9f4d-9fb51bb286e9@smtp.hubapi.com>","","","","","","","20185","AbBatch","","","","","","","","","","","","","",""
"pe-notification-test@bewertet.de","6890244","431881085","","Was sieht ein Kunde, wenn er dich heute online überprüft?","""Vero von ProvenExpert"" <veronica@provenexpert.com>","[support@provenexpert.com]","[]","[]","2026-08-07 11:00:53","a66d0092-f90f-4cb6-9f4d-9fb51bb286e9","SENT","a66d0092-f90f-4cb6-9f4d-9fb51bb286e9","2026-08-07 11:00:53","<1786093253428.a66d0092-f90f-4cb6-9f4d-9fb51bb286e9@smtp.hubapi.com>","","","","","","","20185","AbBatch","","","","","","","","","","","","","",""
"pe-notification-test@bewertet.de","6890244","431881085","","Was sieht ein Kunde, wenn er dich heute online überprüft?","""Vero von ProvenExpert"" <veronica@provenexpert.com>","[support@provenexpert.com]","[]","[]","2026-08-07 11:00:53","a66d0092-f90f-4cb6-9f4d-9fb51bb286e9","OPEN","5fbe27af-9fdf-34ea-a4e9-023afa08853d","2026-08-07 13:25:34","<1786093253428.a66d0092-f90f-4cb6-9f4d-9fb51bb286e9@smtp.hubapi.com>","","","c749205c-f189-3e1a-b3ab-ff60ac0f5c14","2026-08-07 13:25:34","","","20185","AbBatch","Mozilla/5.0 (Windows NT 10.0; Win64; x64) AppleWebKit/537.36 (KHTML, like Gecko) Chrome/129.0.0.0 Safari/537.36","berlin","berlin","GERMANY","","","","null","","","","","",""
"pe-notification-test@bewertet.de","6890244","431881085","","Was sieht ein Kunde, wenn er dich heute online überprüft?","""Vero von ProvenExpert"" <veronica@provenexpert.com>","[support@provenexpert.com]","[]","[]","2026-08-07 11:00:53","a66d0092-f90f-4cb6-9f4d-9fb51bb286e9","CLICK","c749205c-f189-3e1a-b3ab-ff60ac0f5c14","2026-08-07 13:25:34","<1786093253428.a66d0092-f90f-4cb6-9f4d-9fb51bb286e9@smtp.hubapi.com>","","","","","","","20185","AbBatch","Mozilla/5.0 (Windows NT 10.0; Win64; x64) AppleWebKit/537.36 (KHTML, like Gecko) Chrome/129.0.0.0 Safari/537.36","berlin","berlin","GERMANY","","","https://app.provenexpert.com/?utm_term=2&utm_campaign=consistency26m&utm_medium=email&_hsmi=431881085&utm_content=dach_de_plus_m_consistency26m_3&utm_source=hubspot","","","","","","",""
"pe-notification-test@bewertet.de","6890244","431881085","","Was sieht ein Kunde, wenn er dich heute online überprüft?","""Vero von ProvenExpert"" <veronica@provenexpert.com>","[support@provenexpert.com]","[]","[]","2026-08-07 11:00:53","a66d0092-f90f-4cb6-9f4d-9fb51bb286e9","CLICK","6945364a-bb37-3c34-b48d-3de598585bff","2026-08-07 13:25:52","<1786093253428.a66d0092-f90f-4cb6-9f4d-9fb51bb286e9@smtp.hubapi.com>","","","","","","","20185","AbBatch","Mozilla/5.0 (Windows NT 10.0; Win64; x64) AppleWebKit/537.36 (KHTML, like Gecko) Chrome/129.0.0.0 Safari/537.36","berlin","berlin","GERMANY","","","https://app.provenexpert.com/?utm_term=2&utm_campaign=consistency26m&utm_medium=email&_hsmi=431881085&utm_content=dach_de_plus_m_consistency26m_3&utm_source=hubspot","","","","","","",""
"pe-notification-test@bewertet.de","6890244","431881085","","Was sieht ein Kunde, wenn er dich heute online überprüft?","""Vero von ProvenExpert"" <veronica@provenexpert.com>","[support@provenexpert.com]","[]","[]","2026-08-07 11:00:53","a66d0092-f90f-4cb6-9f4d-9fb51bb286e9","OPEN","88204d0b-686e-3fd7-b6ca-8b63f8b0249b","2026-08-07 13:25:44","<1786093253428.a66d0092-f90f-4cb6-9f4d-9fb51bb286e9@smtp.hubapi.com>","","","7b6a1e6b-2ecd-3f33-a24b-562a4ee7e117","2026-08-07 13:25:44","","","20185","AbBatch","Mozilla/5.0 (Windows NT 10.0; Win64; x64) AppleWebKit/537.36 (KHTML, like Gecko) Chrome/129.0.0.0 Safari/537.36","berlin","berlin","GERMANY","","","","null","","","","","",""
"pe-notification-test@bewertet.de","6890244","431881085","","Was sieht ein Kunde, wenn er dich heute online überprüft?","""Vero von ProvenExpert"" <veronica@provenexpert.com>","[support@provenexpert.com]","[]","[]","2026-08-07 11:00:53","a66d0092-f90f-4cb6-9f4d-9fb51bb286e9","OPEN","5d1ba99e-2e15-37df-bb54-03df01116880","2026-08-07 13:25:52","<1786093253428.a66d0092-f90f-4cb6-9f4d-9fb51bb286e9@smtp.hubapi.com>","","","6945364a-bb37-3c34-b48d-3de598585bff","2026-08-07 13:25:52","","","20185","AbBatch","Mozilla/5.0 (Windows NT 10.0; Win64; x64) AppleWebKit/537.36 (KHTML, like Gecko) Chrome/129.0.0.0 Safari/537.36","berlin","berlin","GERMANY","","","","null","","","","","",""
"u.kuehn.pe+2711@gmail.com","6890244","431881087","","Eigene Reputation stärken und exklusives 30 % Rabatt-Angebot nutzen","""Vero von ProvenExpert"" <veronica@provenexpert.com>","[support@provenexpert.com]","[]","[]","2026-08-07 09:00:43","d3331cc0-0352-4e1e-b97d-8af18090d223","DELIVERED","cf1808b8-1fad-3d23-90eb-1ce379dcfab0","2026-08-07 09:00:46","<1786086043972.d3331cc0-0352-4e1e-b97d-8af18090d223@smtp.hubapi.com>","","","","","","","20185","AbBatch","","","","","","","","","","","","","",""
"u.kuehn.pe+2711@gmail.com","6890244","431881087","","Eigene Reputation stärken und exklusives 30 % Rabatt-Angebot nutzen","""Vero von ProvenExpert"" <veronica@provenexpert.com>","[support@provenexpert.com]","[]","[]","2026-08-07 09:00:43","d3331cc0-0352-4e1e-b97d-8af18090d223","SENT","d3331cc0-0352-4e1e-b97d-8af18090d223","2026-08-07 09:00:43","<1786086043972.d3331cc0-0352-4e1e-b97d-8af18090d223@smtp.hubapi.com>","","","","","","","20185","AbBatch","","","","","","","","","","","","","",""
"kanzlei@dr-spaeth.com","6890244","431881087","","Eigene Reputation stärken und exklusives 30 % Rabatt-Angebot nutzen","""Vero von ProvenExpert"" <veronica@provenexpert.com>","[support@provenexpert.com]","[]","[]","2026-08-07 09:00:44","2079c388-38a9-4199-a0dc-3ab97c4207cf","DELIVERED","c48d1486-5cc1-3bba-a8c6-307fabb96240","2026-08-07 09:00:48","<1786086044015.2079c388-38a9-4199-a0dc-3ab97c4207cf@smtp.hubapi.com>","","","","","","","20185","AbBatch","","","","","","","","","","","","","",""
"kanzlei@dr-spaeth.com","6890244","431881087","","Eigene Reputation stärken und exklusives 30 % Rabatt-Angebot nutzen","""Vero von ProvenExpert"" <veronica@provenexpert.com>","[support@provenexpert.com]","[]","[]","2026-08-07 09:00:44","2079c388-38a9-4199-a0dc-3ab97c4207cf","SENT","2079c388-38a9-4199-a0dc-3ab97c4207cf","2026-08-07 09:00:44","<1786086044015.2079c388-38a9-4199-a0dc-3ab97c4207cf@smtp.hubapi.com>","","","","","","","20185","AbBatch","","","","","","","","","","","","","",""
"info@tina-zander.de","6890244","431881085","","Was sieht ein Kunde, wenn er dich heute online überprüft?","""Vero von ProvenExpert"" <veronica@provenexpert.com>","[support@provenexpert.com]","[]","[]","2026-08-07 11:00:53","d74022c5-f7e4-4043-88ac-4f27952ee55a","SENT","d74022c5-f7e4-4043-88ac-4f27952ee55a","2026-08-07 11:00:53","<1786093253476.d74022c5-f7e4-4043-88ac-4f27952ee55a@smtp.hubapi.com>","","","","","","","20185","AbBatch","","","","","","","","","","","","","",""
"info@tina-zander.de","6890244","431881085","","Was sieht ein Kunde, wenn er dich heute online überprüft?","""Vero von ProvenExpert"" <veronica@provenexpert.com>","[support@provenexpert.com]","[]","[]","2026-08-07 11:00:53","d74022c5-f7e4-4043-88ac-4f27952ee55a","DELIVERED","aa876f2a-5661-3093-9ff2-3080fdd8e676","2026-08-07 11:01:02","<1786093253476.d74022c5-f7e4-4043-88ac-4f27952ee55a@smtp.hubapi.com>","","","","","","","20185","AbBatch","","","","","","","","","","","","","",""
"ap@ra-poeppel.de","6890244","431881085","","Was sieht ein Kunde, wenn er dich heute online überprüft?","""Vero von ProvenExpert"" <veronica@provenexpert.com>","[support@provenexpert.com]","[]","[]","2026-08-07 11:00:53","12562c29-063c-42d1-b85c-ed7a8734b7b1","DELIVERED","414f4a5a-5594-3bbf-ba5d-e8342764c090","2026-08-07 11:01:06","<1786093253715.12562c29-063c-42d1-b85c-ed7a8734b7b1@smtp.hubapi.com>","","","","","","","20185","AbBatch","","","","","","","","","","","","","",""
"ap@ra-poeppel.de","6890244","431881085","","Was sieht ein Kunde, wenn er dich heute online überprüft?","""Vero von ProvenExpert"" <veronica@provenexpert.com>","[support@provenexpert.com]","[]","[]","2026-08-07 11:00:53","12562c29-063c-42d1-b85c-ed7a8734b7b1","SENT","12562c29-063c-42d1-b85c-ed7a8734b7b1","2026-08-07 11:00:53","<1786093253715.12562c29-063c-42d1-b85c-ed7a8734b7b1@smtp.hubapi.com>","","","","","","","20185","AbBatch","","","","","","","","","","","","","",""
"w.herfurtner@kanzlei-herfurtner.de","6890244","431881085","","Was sieht ein Kunde, wenn er dich heute online überprüft?","""Vero von ProvenExpert"" <veronica@provenexpert.com>","[support@provenexpert.com]","[]","[]","2026-08-07 11:00:52","7405171c-40c7-4700-a87e-742f9298559c","SENT","7405171c-40c7-4700-a87e-742f9298559c","2026-08-07 11:00:52","<1786093252652.7405171c-40c7-4700-a87e-742f9298559c@smtp.hubapi.com>","","","","","","","20185","AbBatch","","","","","","","","","","","","","",""
"w.herfurtner@kanzlei-herfurtner.de","6890244","431881085","","Was sieht ein Kunde, wenn er dich heute online überprüft?","""Vero von ProvenExpert"" <veronica@provenexpert.com>","[support@provenexpert.com]","[]","[]","2026-08-07 11:00:52","7405171c-40c7-4700-a87e-742f9298559c","DELIVERED","47e3a611-d313-3f91-9bd6-0dd07e4aefab","2026-08-07 11:00:57","<1786093252652.7405171c-40c7-4700-a87e-742f9298559c@smtp.hubapi.com>","","","","","","","20185","AbBatch","","","","","","","","","","","","","",""
"info@decktec-shop.de","6890244","431881087","","Eigene Reputation stärken und exklusives 30 % Rabatt-Angebot nutzen","""Vero von ProvenExpert"" <veronica@provenexpert.com>","[support@provenexpert.com]","[]","[]","2026-08-07 09:00:44","4aae8a79-a1d9-48d3-85b7-ab44477a99ad","DELIVERED","2b78c25e-d3be-38bd-9171-5b6bbe6c53fe","2026-08-07 09:00:48","<1786086044061.4aae8a79-a1d9-48d3-85b7-ab44477a99ad@smtp.hubapi.com>","","","","","","","20185","AbBatch","","","","","","","","","","","","","",""
"info@decktec-shop.de","6890244","431881087","","Eigene Reputation stärken und exklusives 30 % Rabatt-Angebot nutzen","""Vero von ProvenExpert"" <veronica@provenexpert.com>","[support@provenexpert.com]","[]","[]","2026-08-07 09:00:44","4aae8a79-a1d9-48d3-85b7-ab44477a99ad","SENT","4aae8a79-a1d9-48d3-85b7-ab44477a99ad","2026-08-07 09:00:44","<1786086044061.4aae8a79-a1d9-48d3-85b7-ab44477a99ad@smtp.hubapi.com>","","","","","","","20185","AbBatch","","","","","","","","","","","","","",""
"me@kfzgutachter-online.com","6890244","431881085","","Was sieht ein Kunde, wenn er dich heute online überprüft?","""Vero von ProvenExpert"" <veronica@provenexpert.com>","[support@provenexpert.com]","[]","[]","2026-08-07 11:00:52","013fbe4e-92bb-48e4-9eaf-1fa536dfbf06","SENT","013fbe4e-92bb-48e4-9eaf-1fa536dfbf06","2026-08-07 11:00:52","<1786093252954.013fbe4e-92bb-48e4-9eaf-1fa536dfbf06@smtp.hubapi.com>","","","","","","","20185","AbBatch","","","","","","","","","","","","","",""
"me@kfzgutachter-online.com","6890244","431881085","","Was sieht ein Kunde, wenn er dich heute online überprüft?","""Vero von ProvenExpert"" <veronica@provenexpert.com>","[support@provenexpert.com]","[]","[]","2026-08-07 11:00:52","013fbe4e-92bb-48e4-9eaf-1fa536dfbf06","DELIVERED","fb2b903e-8447-3756-a1ce-a852d82f0472","2026-08-07 11:00:55","<1786093252954.013fbe4e-92bb-48e4-9eaf-1fa536dfbf06@smtp.hubapi.com>","","","","","","","20185","AbBatch","","","","","","","","","","","","","",""
"info@baumpflege-weserland.de","6890244","431881087","","Eigene Reputation stärken und exklusives 30 % Rabatt-Angebot nutzen","""Vero von ProvenExpert"" <veronica@provenexpert.com>","[support@provenexpert.com]","[]","[]","2026-08-07 09:00:44","0f1c6120-9cb7-47e5-aa06-c4d118251adf","DELIVERED","bf26d5d7-c7a3-3483-bc13-0306c18a93f2","2026-08-07 09:00:49","<1786086044034.0f1c6120-9cb7-47e5-aa06-c4d118251adf@smtp.hubapi.com>","","","","","","","20185","AbBatch","","","","","","","","","","","","","",""
"info@baumpflege-weserland.de","6890244","431881087","","Eigene Reputation stärken und exklusives 30 % Rabatt-Angebot nutzen","""Vero von ProvenExpert"" <veronica@provenexpert.com>","[support@provenexpert.com]","[]","[]","2026-08-07 09:00:44","0f1c6120-9cb7-47e5-aa06-c4d118251adf","SENT","0f1c6120-9cb7-47e5-aa06-c4d118251adf","2026-08-07 09:00:44","<1786086044034.0f1c6120-9cb7-47e5-aa06-c4d118251adf@smtp.hubapi.com>","","","","","","","20185","AbBatch","","","","","","","","","","","","","",""
"kontakt@begeistertarbeiten.de","6890244","431881087","","Eigene Reputation stärken und exklusives 30 % Rabatt-Angebot nutzen","""Vero von ProvenExpert"" <veronica@provenexpert.com>","[support@provenexpert.com]","[]","[]","2026-08-07 09:00:43","bd4f534b-e7e0-4abc-a377-d4351534ebd5","SENT","bd4f534b-e7e0-4abc-a377-d4351534ebd5","2026-08-07 09:00:43","<1786086043746.bd4f534b-e7e0-4abc-a377-d4351534ebd5@smtp.hubapi.com>","","","","","","","20185","AbBatch","","","","","","","","","","","","","",""
"kontakt@begeistertarbeiten.de","6890244","431881087","","Eigene Reputation stärken und exklusives 30 % Rabatt-Angebot nutzen","""Vero von ProvenExpert"" <veronica@provenexpert.com>","[support@provenexpert.com]","[]","[]","2026-08-07 09:00:43","bd4f534b-e7e0-4abc-a377-d4351534ebd5","DELIVERED","3cb6edd7-edeb-3d09-8548-bb68d678f386","2026-08-07 09:00:47","<1786086043746.bd4f534b-e7e0-4abc-a377-d4351534ebd5@smtp.hubapi.com>","","","","","","","20185","AbBatch","","","","","","","","","","","","","",""
"webdienste@axel-schroeder.de","6890244","431881087","","Eigene Reputation stärken und exklusives 30 % Rabatt-Angebot nutzen","""Vero von ProvenExpert"" <veronica@provenexpert.com>","[support@provenexpert.com]","[]","[]","2026-08-07 09:00:44","e9cd1f9a-86ed-441c-a48d-dff60cf23e13","SENT","e9cd1f9a-86ed-441c-a48d-dff60cf23e13","2026-08-07 09:00:44","<1786086044199.e9cd1f9a-86ed-441c-a48d-dff60cf23e13@smtp.hubapi.com>","","","","","","","20185","AbBatch","","","","","","","","","","","","","",""
"webdienste@axel-schroeder.de","6890244","431881087","","Eigene Reputation stärken und exklusives 30 % Rabatt-Angebot nutzen","""Vero von ProvenExpert"" <veronica@provenexpert.com>","[support@provenexpert.com]","[]","[]","2026-08-07 09:00:44","e9cd1f9a-86ed-441c-a48d-dff60cf23e13","DELIVERED","57dadba2-0a00-3265-b1fd-d6dda33cc12a","2026-08-07 09:00:48","<1786086044199.e9cd1f9a-86ed-441c-a48d-dff60cf23e13@smtp.hubapi.com>","","","","","","","20185","AbBatch","","","","","","","","","","","","","",""
"info@singforthemoment.de","6890244","431881085","","Was sieht ein Kunde, wenn er dich heute online überprüft?","""Vero von ProvenExpert"" <veronica@provenexpert.com>","[support@provenexpert.com]","[]","[]","2026-08-07 11:00:53","2ce1a4c5-534b-423a-9ec2-4c535e011954","SENT","2ce1a4c5-534b-423a-9ec2-4c535e011954","2026-08-07 11:00:53","<1786093253591.2ce1a4c5-534b-423a-9ec2-4c535e011954@smtp.hubapi.com>","","","","","","","20185","AbBatch","","","","","","","","","","","","","",""
"info@singforthemoment.de","6890244","431881085","","Was sieht ein Kunde, wenn er dich heute online überprüft?","""Vero von ProvenExpert"" <veronica@provenexpert.com>","[support@provenexpert.com]","[]","[]","2026-08-07 11:00:53","2ce1a4c5-534b-423a-9ec2-4c535e011954","DELIVERED","6bbf37bd-9f7c-3de8-b73f-8642c674b076","2026-08-07 11:00:58","<1786093253591.2ce1a4c5-534b-423a-9ec2-4c535e011954@smtp.hubapi.com>","","","","","","","20185","AbBatch","","","","","","","","","","","","","",""
"marketing@radiologie-dr-jung.de","6890244","431881086","","Was sieht ein Kunde, wenn er dich heute online überprüft?","""Vero von ProvenExpert"" <veronica@provenexpert.com>","[support@provenexpert.com]","[]","[]","2026-08-07 09:00:43","a697259d-531c-4773-b16e-ad206e864553","DELIVERED","3c927e91-6a3b-3a9c-8f0d-35700eeccd6d","2026-08-07 09:00:46","<1786086043666.a697259d-531c-4773-b16e-ad206e864553@smtp.hubapi.com>","","","","","","","20185","AbBatch","","","","","","","","","","","","","",""
"marketing@radiologie-dr-jung.de","6890244","431881086","","Was sieht ein Kunde, wenn er dich heute online überprüft?","""Vero von ProvenExpert"" <veronica@provenexpert.com>","[support@provenexpert.com]","[]","[]","2026-08-07 09:00:43","a697259d-531c-4773-b16e-ad206e864553","SENT","a697259d-531c-4773-b16e-ad206e864553","2026-08-07 09:00:43","<1786086043666.a697259d-531c-4773-b16e-ad206e864553@smtp.hubapi.com>","","","","","","","20185","AbBatch","","","","","","","","","","","","","",""
"commercial@berlin-first.de","6890244","431881087","","Eigene Reputation stärken und exklusives 30 % Rabatt-Angebot nutzen","""Vero von ProvenExpert"" <veronica@provenexpert.com>","[support@provenexpert.com]","[]","[]","2026-08-07 09:00:43","3bf57b43-6066-47bf-901b-09a9da3556a9","SENT","3bf57b43-6066-47bf-901b-09a9da3556a9","2026-08-07 09:00:43","<1786086043915.3bf57b43-6066-47bf-901b-09a9da3556a9@smtp.hubapi.com>","","","","","","","20185","AbBatch","","","","","","","","","","","","","",""
"commercial@berlin-first.de","6890244","431881087","","Eigene Reputation stärken und exklusives 30 % Rabatt-Angebot nutzen","""Vero von ProvenExpert"" <veronica@provenexpert.com>","[support@provenexpert.com]","[]","[]","2026-08-07 09:00:43","3bf57b43-6066-47bf-901b-09a9da3556a9","OPEN","bbfcb870-50c6-3802-892e-2b980a911688","2026-08-07 09:00:55","<1786086043915.3bf57b43-6066-47bf-901b-09a9da3556a9@smtp.hubapi.com>","","","","","","","20185","AbBatch","Mozilla/5.0 (Windows NT 5.1; rv:11.0) Gecko Firefox/11.0 (via ggpht.com GoogleImageProxy)","Unknown","Unknown","Unknown","","","","0","","","","","",""
"commercial@berlin-first.de","6890244","431881087","","Eigene Reputation stärken und exklusives 30 % Rabatt-Angebot nutzen","""Vero von ProvenExpert"" <veronica@provenexpert.com>","[support@provenexpert.com]","[]","[]","2026-08-07 09:00:43","3bf57b43-6066-47bf-901b-09a9da3556a9","DELIVERED","11682df5-6e0f-33d3-b906-44324b1d1d0e","2026-08-07 09:00:46","<1786086043915.3bf57b43-6066-47bf-901b-09a9da3556a9@smtp.hubapi.com>","","","","","","","20185","AbBatch","","","","","","","","","","","","","",""
"muftester+reviewbutlerregistrations@googlemail.com","6890244","431881085","","Was sieht ein Kunde, wenn er dich heute online überprüft?","""Vero von ProvenExpert"" <veronica@provenexpert.com>","[support@provenexpert.com]","[]","[]","2026-08-07 11:00:53","17c7edc2-8896-4f13-a127-d6f1c3ed329d","DELIVERED","d81a9cf7-bc6d-30ee-a189-b217d9359751","2026-08-07 11:00:56","<1786093253344.17c7edc2-8896-4f13-a127-d6f1c3ed329d@smtp.hubapi.com>","","","","","","","20185","AbBatch","","","","","","","","","","","","","",""
"muftester+reviewbutlerregistrations@googlemail.com","6890244","431881085","","Was sieht ein Kunde, wenn er dich heute online überprüft?","""Vero von ProvenExpert"" <veronica@provenexpert.com>","[support@provenexpert.com]","[]","[]","2026-08-07 11:00:53","17c7edc2-8896-4f13-a127-d6f1c3ed329d","SENT","17c7edc2-8896-4f13-a127-d6f1c3ed329d","2026-08-07 11:00:53","<1786093253344.17c7edc2-8896-4f13-a127-d6f1c3ed329d@smtp.hubapi.com>","","","","","","","20185","AbBatch","","","","","","","","","","","","","",""
"info@die-it-werkstatt.de","6890244","431881085","","Was sieht ein Kunde, wenn er dich heute online überprüft?","""Vero von ProvenExpert"" <veronica@provenexpert.com>","[support@provenexpert.com]","[]","[]","2026-08-07 11:00:52","0a033a78-684e-41c3-bd31-570159b172cd","DEFERRED","6fb6a314-1e70-3689-9b5d-b22d0a136b19","2026-08-07 11:01:14","<1786093252769.0a033a78-684e-41c3-bd31-570159b172cd@smtp.hubapi.com>","","","","","","","20185","AbBatch","","","","","","","","","","","","","",""
"info@die-it-werkstatt.de","6890244","431881085","","Was sieht ein Kunde, wenn er dich heute online überprüft?","""Vero von ProvenExpert"" <veronica@provenexpert.com>","[support@provenexpert.com]","[]","[]","2026-08-07 11:00:52","0a033a78-684e-41c3-bd31-570159b172cd","DELIVERED","a2a99c14-2ca7-3222-b35d-7c4b89f2e4c5","2026-08-07 13:01:16","<1786093252769.0a033a78-684e-41c3-bd31-570159b172cd@smtp.hubapi.com>","","","","","","","20185","AbBatch","","","","","","","","","","","","","",""
"info@die-it-werkstatt.de","6890244","431881085","","Was sieht ein Kunde, wenn er dich heute online überprüft?","""Vero von ProvenExpert"" <veronica@provenexpert.com>","[support@provenexpert.com]","[]","[]","2026-08-07 11:00:52","0a033a78-684e-41c3-bd31-570159b172cd","SENT","0a033a78-684e-41c3-bd31-570159b172cd","2026-08-07 11:00:52","<1786093252769.0a033a78-684e-41c3-bd31-570159b172cd@smtp.hubapi.com>","","","","","","","20185","AbBatch","","","","","","","","","","","","","",""
"info@ihreschuldnerberatung.de","6890244","431881087","","Eigene Reputation stärken und exklusives 30 % Rabatt-Angebot nutzen","""Vero von ProvenExpert"" <veronica@provenexpert.com>","[support@provenexpert.com]","[]","[]","2026-08-07 09:00:43","8f2bd33c-820b-4807-9a50-61cd6139e4fb","DROPPED","8f2bd33c-820b-4807-9a50-61cd6139e4fb","2026-08-07 09:00:43","<1786086043895.8f2bd33c-820b-4807-9a50-61cd6139e4fb@smtp.hubapi.com>","","","afeeaf10-7561-3af7-9e06-68388a20422c","2026-08-06 11:01:23","PREVIOUSLY_BOUNCED","Recipient has previously bounced.","20185","AbBatch","","","","","","","","","554","SMTP; 554 5.2.2 <info@david.ihreschuldnerberatung.de> mailbox is full 
                 (quota exceeded) [MSG0027]","SMTP; 554 5.2.2 <info@david.ihreschuldnerberatung.de> mailbox is full 
                 (quota exceeded) [MSG0027]","","",""
"office@original-body.com","6890244","431881085","","Was sieht ein Kunde, wenn er dich heute online überprüft?","""Vero von ProvenExpert"" <veronica@provenexpert.com>","[support@provenexpert.com]","[]","[]","2026-08-07 11:00:53","99939ac3-da58-4ab1-b158-083725a8e8b8","DROPPED","99939ac3-da58-4ab1-b158-083725a8e8b8","2026-08-07 11:00:53","<1786093253115.99939ac3-da58-4ab1-b158-083725a8e8b8@smtp.hubapi.com>","","","e21bd491-bbc7-370c-9373-64b905315835","2026-07-06 08:39:13","PREVIOUSLY_BOUNCED","Recipient has previously bounced.","20185","AbBatch","","","","","","","","","550","550-5.1.1 The email account that you tried to reach does not exist. Please try 550-5.1.1 double-checking the recipient's email address for typos or 550-5.1.1 unnecessary spaces. For more information, go to 550 5.1.1  https://support.google.com/mail/?p=NoSuchUser 6a1803df08f44-8f471fd6098si180862806d6.326 - gsmtp","550-5.1.1 The email account that you tried to reach does not exist. Please try 550-5.1.1 double-checking the recipient's email address for typos or 550-5.1.1 unnecessary spaces. For more information, go to 550 5.1.1  https://support.google.com/mail/?p=NoSuchUser 6a1803df08f44-8f471fd6098si180862806d6.326 - gsmtp","","",""
"muftester+neuerregtest123@googlemail.com","6890244","431881085","","Was sieht ein Kunde, wenn er dich heute online überprüft?","""Vero von ProvenExpert"" <veronica@provenexpert.com>","[support@provenexpert.com]","[]","[]","2026-08-07 11:00:53","5211f23e-26b7-49fa-959d-77c9fdbfd53e","DELIVERED","af26ba03-adc2-3645-aba5-7a1d43579ab7","2026-08-07 11:00:56","<1786093253232.5211f23e-26b7-49fa-959d-77c9fdbfd53e@smtp.hubapi.com>","","","","","","","20185","AbBatch","","","","","","","","","","","","","",""
"muftester+neuerregtest123@googlemail.com","6890244","431881085","","Was sieht ein Kunde, wenn er dich heute online überprüft?","""Vero von ProvenExpert"" <veronica@provenexpert.com>","[support@provenexpert.com]","[]","[]","2026-08-07 11:00:53","5211f23e-26b7-49fa-959d-77c9fdbfd53e","SENT","5211f23e-26b7-49fa-959d-77c9fdbfd53e","2026-08-07 11:00:53","<1786093253232.5211f23e-26b7-49fa-959d-77c9fdbfd53e@smtp.hubapi.com>","","","","","","","20185","AbBatch","","","","","","","","","","","","","",""
"dh@upkn.de","6890244","431881087","","Eigene Reputation stärken und exklusives 30 % Rabatt-Angebot nutzen","""Vero von ProvenExpert"" <veronica@provenexpert.com>","[support@provenexpert.com]","[]","[]","2026-08-07 09:00:44","954d4220-174c-4efc-90d8-d4858daf4050","DELIVERED","81441b03-1578-3619-be07-f7c77f42db20","2026-08-07 09:00:48","<1786086044191.954d4220-174c-4efc-90d8-d4858daf4050@smtp.hubapi.com>","","","","","","","20185","AbBatch","","","","","","","","","","","","","",""
"dh@upkn.de","6890244","431881087","","Eigene Reputation stärken und exklusives 30 % Rabatt-Angebot nutzen","""Vero von ProvenExpert"" <veronica@provenexpert.com>","[support@provenexpert.com]","[]","[]","2026-08-07 09:00:44","954d4220-174c-4efc-90d8-d4858daf4050","SENT","954d4220-174c-4efc-90d8-d4858daf4050","2026-08-07 09:00:44","<1786086044191.954d4220-174c-4efc-90d8-d4858daf4050@smtp.hubapi.com>","","","","","","","20185","AbBatch","","","","","","","","","","","","","",""
"m.thaller@innsiders.de","6890244","431881085","","Was sieht ein Kunde, wenn er dich heute online überprüft?","""Vero von ProvenExpert"" <veronica@provenexpert.com>","[support@provenexpert.com]","[]","[]","2026-08-07 11:00:52","b9ead2b3-0a31-461f-9e12-b516d0962370","DEFERRED","f8430ec2-4bac-39d1-8949-f3d47f496a47","2026-08-07 13:01:34","<1786093252851.b9ead2b3-0a31-461f-9e12-b516d0962370@smtp.hubapi.com>","","","","","","","20185","AbBatch","","","","","","","","","","","","","",""
"m.thaller@innsiders.de","6890244","431881085","","Was sieht ein Kunde, wenn er dich heute online überprüft?","""Vero von ProvenExpert"" <veronica@provenexpert.com>","[support@provenexpert.com]","[]","[]","2026-08-07 11:00:52","b9ead2b3-0a31-461f-9e12-b516d0962370","DELIVERED","bb2e6244-532c-3d86-a518-0ad708465951","2026-08-07 15:01:35","<1786093252851.b9ead2b3-0a31-461f-9e12-b516d0962370@smtp.hubapi.com>","","","","","","","20185","AbBatch","","","","","","","","","","","","","",""
"m.thaller@innsiders.de","6890244","431881085","","Was sieht ein Kunde, wenn er dich heute online überprüft?","""Vero von ProvenExpert"" <veronica@provenexpert.com>","[support@provenexpert.com]","[]","[]","2026-08-07 11:00:52","b9ead2b3-0a31-461f-9e12-b516d0962370","SENT","b9ead2b3-0a31-461f-9e12-b516d0962370","2026-08-07 11:00:52","<1786093252851.b9ead2b3-0a31-461f-9e12-b516d0962370@smtp.hubapi.com>","","","","","","","20185","AbBatch","","","","","","","","","","","","","",""
"m.thaller@innsiders.de","6890244","431881085","","Was sieht ein Kunde, wenn er dich heute online überprüft?","""Vero von ProvenExpert"" <veronica@provenexpert.com>","[support@provenexpert.com]","[]","[]","2026-08-07 11:00:52","b9ead2b3-0a31-461f-9e12-b516d0962370","DEFERRED","2db60f86-69db-369e-8515-9fbe4f44e63d","2026-08-07 11:01:14","<1786093252851.b9ead2b3-0a31-461f-9e12-b516d0962370@smtp.hubapi.com>","","","","","","","20185","AbBatch","","","","","","","","","","","","","",""
"marc.hubrich@gmail.com","6890244","431881086","","Was sieht ein Kunde, wenn er dich heute online überprüft?","""Vero von ProvenExpert"" <veronica@provenexpert.com>","[support@provenexpert.com]","[]","[]","2026-08-07 08:59:23","4c856e6c-5484-4760-8d50-56b374fa2136","DELIVERED","30b3cf20-d044-39a6-be37-7aa337875a4f","2026-08-07 08:59:24","<1786085963413.4c856e6c-5484-4760-8d50-56b374fa2136@smtp.hubapi.com>","","","","","","","20185","AbBatch","","","","","","","","","","","","","",""
"marc.hubrich@gmail.com","6890244","431881086","","Was sieht ein Kunde, wenn er dich heute online überprüft?","""Vero von ProvenExpert"" <veronica@provenexpert.com>","[support@provenexpert.com]","[]","[]","2026-08-07 08:59:23","4c856e6c-5484-4760-8d50-56b374fa2136","SENT","4c856e6c-5484-4760-8d50-56b374fa2136","2026-08-07 08:59:23","<1786085963413.4c856e6c-5484-4760-8d50-56b374fa2136@smtp.hubapi.com>","","","","","","","20185","AbBatch","","","","","","","","","","","","","",""
"office@dr-pavicic.de","6890244","431881087","","Eigene Reputation stärken und exklusives 30 % Rabatt-Angebot nutzen","""Vero von ProvenExpert"" <veronica@provenexpert.com>","[support@provenexpert.com]","[]","[]","2026-08-07 09:00:43","99219cbc-1247-4d23-9e3b-2822be977f1a","DELIVERED","70c9c6b4-11b6-33f6-b70c-76be34fe5111","2026-08-07 09:00:46","<1786086043788.99219cbc-1247-4d23-9e3b-2822be977f1a@smtp.hubapi.com>","","","","","","","20185","AbBatch","","","","","","","","","","","","","",""
"office@dr-pavicic.de","6890244","431881087","","Eigene Reputation stärken und exklusives 30 % Rabatt-Angebot nutzen","""Vero von ProvenExpert"" <veronica@provenexpert.com>","[support@provenexpert.com]","[]","[]","2026-08-07 09:00:43","99219cbc-1247-4d23-9e3b-2822be977f1a","SENT","99219cbc-1247-4d23-9e3b-2822be977f1a","2026-08-07 09:00:43","<1786086043788.99219cbc-1247-4d23-9e3b-2822be977f1a@smtp.hubapi.com>","","","","","","","20185","AbBatch","","","","","","","","","","","","","",""
"office@dr-pavicic.de","6890244","431881087","","Eigene Reputation stärken und exklusives 30 % Rabatt-Angebot nutzen","""Vero von ProvenExpert"" <veronica@provenexpert.com>","[support@provenexpert.com]","[]","[]","2026-08-07 09:00:43","99219cbc-1247-4d23-9e3b-2822be977f1a","OPEN","7a8b1c18-c733-32b4-9376-7a2c82d1f155","2026-08-07 10:11:11","<1786086043788.99219cbc-1247-4d23-9e3b-2822be977f1a@smtp.hubapi.com>","","","","","","","20185","AbBatch","Mozilla/4.0 (compatible; ms-office; MSOffice 16)","munich","bayern","GERMANY","","","","4802","","","","","",""
"office@dr-pavicic.de","6890244","431881087","","Eigene Reputation stärken und exklusives 30 % Rabatt-Angebot nutzen","""Vero von ProvenExpert"" <veronica@provenexpert.com>","[support@provenexpert.com]","[]","[]","2026-08-07 09:00:43","99219cbc-1247-4d23-9e3b-2822be977f1a","OPEN","eebc4221-2c16-3997-ac2b-c3c1014c219a","2026-08-07 09:57:51","<1786086043788.99219cbc-1247-4d23-9e3b-2822be977f1a@smtp.hubapi.com>","","","","","","","20185","AbBatch","Mozilla/4.0 (compatible; ms-office; MSOffice 16)","munich","bayern","GERMANY","","","","4818","","","","","",""
"info@bogumil.de","6890244","431881085","","Was sieht ein Kunde, wenn er dich heute online überprüft?","""Vero von ProvenExpert"" <veronica@provenexpert.com>","[support@provenexpert.com]","[]","[]","2026-08-07 11:00:53","7e45437c-09e4-42bc-8a6d-c1a8dbfbd2d8","OPEN","f56502cf-ef80-3517-8adb-87430735f502","2026-08-19 13:27:07","<1786093253630.7e45437c-09e4-42bc-8a6d-c1a8dbfbd2d8@smtp.hubapi.com>","","","","","","","20185","AbBatch","Mozilla/5.0 (Macintosh; Intel Mac OS X 10_15_7) AppleWebKit/605.1.15 (KHTML, like Gecko)","krautheim","baden-wurttemberg","GERMANY","","","","32464","","","","","",""
"info@bogumil.de","6890244","431881085","","Was sieht ein Kunde, wenn er dich heute online überprüft?","""Vero von ProvenExpert"" <veronica@provenexpert.com>","[support@provenexpert.com]","[]","[]","2026-08-07 11:00:53","7e45437c-09e4-42bc-8a6d-c1a8dbfbd2d8","OPEN","b7854e23-9ee8-305d-af10-d5ce734a1f3a","2026-08-24 10:54:48","<1786093253630.7e45437c-09e4-42bc-8a6d-c1a8dbfbd2d8@smtp.hubapi.com>","","","","","","","20185","AbBatch","Mozilla/5.0 (Macintosh; Intel Mac OS X 10_15_7) AppleWebKit/605.1.15 (KHTML, like Gecko)","borchen","nordrhein-westfalen","GERMANY","","","","27727","","","","","",""
"info@bogumil.de","6890244","431881085","","Was sieht ein Kunde, wenn er dich heute online überprüft?","""Vero von ProvenExpert"" <veronica@provenexpert.com>","[support@provenexpert.com]","[]","[]","2026-08-07 11:00:53","7e45437c-09e4-42bc-8a6d-c1a8dbfbd2d8","OPEN","d9b3b4fc-391e-3ac1-a862-22caefb567e8","2026-08-19 13:31:00","<1786093253630.7e45437c-09e4-42bc-8a6d-c1a8dbfbd2d8@smtp.hubapi.com>","","","","","","","20185","AbBatch","Mozilla/4.0 (compatible; ms-office; MSOffice rmj)","buren","nordrhein-westfalen","GERMANY","","","","4795","","","","","",""
"info@bogumil.de","6890244","431881085","","Was sieht ein Kunde, wenn er dich heute online überprüft?","""Vero von ProvenExpert"" <veronica@provenexpert.com>","[support@provenexpert.com]","[]","[]","2026-08-07 11:00:53","7e45437c-09e4-42bc-8a6d-c1a8dbfbd2d8","OPEN","cee48529-b5f6-351d-a40b-52818cecdb1c","2026-08-19 13:02:47","<1786093253630.7e45437c-09e4-42bc-8a6d-c1a8dbfbd2d8@smtp.hubapi.com>","","","","","","","20185","AbBatch","Mozilla/4.0 (compatible; ms-office; MSOffice 16)","buren","nordrhein-westfalen","GERMANY","","","","4760","","","","","",""
"info@bogumil.de","6890244","431881085","","Was sieht ein Kunde, wenn er dich heute online überprüft?","""Vero von ProvenExpert"" <veronica@provenexpert.com>","[support@provenexpert.com]","[]","[]","2026-08-07 11:00:53","7e45437c-09e4-42bc-8a6d-c1a8dbfbd2d8","OPEN","ceb9ecee-0794-3e1d-9f6b-ad2b3d4c9a8f","2026-08-24 12:22:43","<1786093253630.7e45437c-09e4-42bc-8a6d-c1a8dbfbd2d8@smtp.hubapi.com>","","","","","","","20185","AbBatch","Mozilla/4.0 (compatible; ms-office; MSOffice 16)","neuss","nordrhein-westfalen","GERMANY","","","","4882","","","","","",""
"info@bogumil.de","6890244","431881085","","Was sieht ein Kunde, wenn er dich heute online überprüft?","""Vero von ProvenExpert"" <veronica@provenexpert.com>","[support@provenexpert.com]","[]","[]","2026-08-07 11:00:53","7e45437c-09e4-42bc-8a6d-c1a8dbfbd2d8","DELIVERED","ad23106f-0499-31b7-ad2a-95d5f23e718f","2026-08-07 11:00:59","<1786093253630.7e45437c-09e4-42bc-8a6d-c1a8dbfbd2d8@smtp.hubapi.com>","","","","","","","20185","AbBatch","","","","","","","","","","","","","",""
"info@bogumil.de","6890244","431881085","","Was sieht ein Kunde, wenn er dich heute online überprüft?","""Vero von ProvenExpert"" <veronica@provenexpert.com>","[support@provenexpert.com]","[]","[]","2026-08-07 11:00:53","7e45437c-09e4-42bc-8a6d-c1a8dbfbd2d8","CLICK","f4154ca7-ac6c-371d-9229-e89f94f8a98c","2026-08-19 13:03:59","<1786093253630.7e45437c-09e4-42bc-8a6d-c1a8dbfbd2d8@smtp.hubapi.com>","","","","","","","20185","AbBatch","Mozilla/5.0 (Windows NT 10.0; Win64; x64; rv:153.0) Gecko/20100101 Firefox/153.0","buren","nordrhein-westfalen","GERMANY","","","https://app.provenexpert.com/?utm_term=2&utm_campaign=consistency26m&utm_medium=email&_hsmi=431881085&utm_content=dach_de_plus_m_consistency26m_3&utm_source=hubspot","","","","","","",""
"info@bogumil.de","6890244","431881085","","Was sieht ein Kunde, wenn er dich heute online überprüft?","""Vero von ProvenExpert"" <veronica@provenexpert.com>","[support@provenexpert.com]","[]","[]","2026-08-07 11:00:53","7e45437c-09e4-42bc-8a6d-c1a8dbfbd2d8","OPEN","b2aa07f9-6042-382a-b5a9-73aa36ae62f3","2026-08-24 12:36:53","<1786093253630.7e45437c-09e4-42bc-8a6d-c1a8dbfbd2d8@smtp.hubapi.com>","","","","","","","20185","AbBatch","Mozilla/4.0 (compatible; ms-office; MSOffice 16)","neuss","nordrhein-westfalen","GERMANY","","","","1219","","","","","",""
"info@bogumil.de","6890244","431881085","","Was sieht ein Kunde, wenn er dich heute online überprüft?","""Vero von ProvenExpert"" <veronica@provenexpert.com>","[support@provenexpert.com]","[]","[]","2026-08-07 11:00:53","7e45437c-09e4-42bc-8a6d-c1a8dbfbd2d8","OPEN","f8c91162-6fa7-3063-93b7-2b5d399da5cc","2026-08-24 13:08:50","<1786093253630.7e45437c-09e4-42bc-8a6d-c1a8dbfbd2d8@smtp.hubapi.com>","","","","","","","20185","AbBatch","Mozilla/4.0 (compatible; ms-office; MSOffice 16)","neuss","nordrhein-westfalen","GERMANY","","","","0","","","","","",""
"info@bogumil.de","6890244","431881085","","Was sieht ein Kunde, wenn er dich heute online überprüft?","""Vero von ProvenExpert"" <veronica@provenexpert.com>","[support@provenexpert.com]","[]","[]","2026-08-07 11:00:53","7e45437c-09e4-42bc-8a6d-c1a8dbfbd2d8","OPEN","18b9a872-9b9f-3dfb-bee8-12772207ab15","2026-08-24 11:38:49","<1786093253630.7e45437c-09e4-42bc-8a6d-c1a8dbfbd2d8@smtp.hubapi.com>","","","","","","","20185","AbBatch","Mozilla/4.0 (compatible; ms-office; MSOffice 16)","neuss","nordrhein-westfalen","GERMANY","","","","4746","","","","","",""
"info@bogumil.de","6890244","431881085","","Was sieht ein Kunde, wenn er dich heute online überprüft?","""Vero von ProvenExpert"" <veronica@provenexpert.com>","[support@provenexpert.com]","[]","[]","2026-08-07 11:00:53","7e45437c-09e4-42bc-8a6d-c1a8dbfbd2d8","OPEN","bfc768d1-477c-3d64-9cda-55780aeffc18","2026-08-24 13:08:53","<1786093253630.7e45437c-09e4-42bc-8a6d-c1a8dbfbd2d8@smtp.hubapi.com>","","","","","","","20185","AbBatch","Mozilla/4.0 (compatible; ms-office; MSOffice 16)","neuss","nordrhein-westfalen","GERMANY","","","","1178","","","","","",""
"info@bogumil.de","6890244","431881085","","Was sieht ein Kunde, wenn er dich heute online überprüft?","""Vero von ProvenExpert"" <veronica@provenexpert.com>","[support@provenexpert.com]","[]","[]","2026-08-07 11:00:53","7e45437c-09e4-42bc-8a6d-c1a8dbfbd2d8","OPEN","44ad314e-03ca-31ea-9173-2a237c3b2909","2026-08-19 13:12:06","<1786093253630.7e45437c-09e4-42bc-8a6d-c1a8dbfbd2d8@smtp.hubapi.com>","","","","","","","20185","AbBatch","Mozilla/4.0 (compatible; ms-office; MSOffice rmj)","buren","nordrhein-westfalen","GERMANY","","","","4899","","","","","",""
"info@bogumil.de","6890244","431881085","","Was sieht ein Kunde, wenn er dich heute online überprüft?","""Vero von ProvenExpert"" <veronica@provenexpert.com>","[support@provenexpert.com]","[]","[]","2026-08-07 11:00:53","7e45437c-09e4-42bc-8a6d-c1a8dbfbd2d8","OPEN","c11af06f-4656-3ca1-97c0-fb497ff53c22","2026-08-24 10:58:14","<1786093253630.7e45437c-09e4-42bc-8a6d-c1a8dbfbd2d8@smtp.hubapi.com>","","","","","","","20185","AbBatch","Mozilla/4.0 (compatible; ms-office; MSOffice 16)","neuss","nordrhein-westfalen","GERMANY","","","","4884","","","","","",""
"info@bogumil.de","6890244","431881085","","Was sieht ein Kunde, wenn er dich heute online überprüft?","""Vero von ProvenExpert"" <veronica@provenexpert.com>","[support@provenexpert.com]","[]","[]","2026-08-07 11:00:53","7e45437c-09e4-42bc-8a6d-c1a8dbfbd2d8","OPEN","594bd3f4-ab71-3631-8b61-2fd9646f87ba","2026-08-24 12:29:58","<1786093253630.7e45437c-09e4-42bc-8a6d-c1a8dbfbd2d8@smtp.hubapi.com>","","","","","","","20185","AbBatch","Mozilla/4.0 (compatible; ms-office; MSOffice 16)","neuss","nordrhein-westfalen","GERMANY","","","","0","","","","","",""
"info@bogumil.de","6890244","431881085","","Was sieht ein Kunde, wenn er dich heute online überprüft?","""Vero von ProvenExpert"" <veronica@provenexpert.com>","[support@provenexpert.com]","[]","[]","2026-08-07 11:00:53","7e45437c-09e4-42bc-8a6d-c1a8dbfbd2d8","OPEN","52691174-8233-31fb-aa50-0c24f2422e54","2026-08-24 12:30:03","<1786093253630.7e45437c-09e4-42bc-8a6d-c1a8dbfbd2d8@smtp.hubapi.com>","","","","","","","20185","AbBatch","Mozilla/4.0 (compatible; ms-office; MSOffice 16)","neuss","nordrhein-westfalen","GERMANY","","","","4736","","","","","",""
"info@bogumil.de","6890244","431881085","","Was sieht ein Kunde, wenn er dich heute online überprüft?","""Vero von ProvenExpert"" <veronica@provenexpert.com>","[support@provenexpert.com]","[]","[]","2026-08-07 11:00:53","7e45437c-09e4-42bc-8a6d-c1a8dbfbd2d8","OPEN","6c7baa3c-6068-3f6f-8bc1-44642d4652c5","2026-08-24 10:55:29","<1786093253630.7e45437c-09e4-42bc-8a6d-c1a8dbfbd2d8@smtp.hubapi.com>","","","","","","","20185","AbBatch","Mozilla/4.0 (compatible; ms-office; MSOffice 16)","neuss","nordrhein-westfalen","GERMANY","","","","4814","","","","","",""
"info@bogumil.de","6890244","431881085","","Was sieht ein Kunde, wenn er dich heute online überprüft?","""Vero von ProvenExpert"" <veronica@provenexpert.com>","[support@provenexpert.com]","[]","[]","2026-08-07 11:00:53","7e45437c-09e4-42bc-8a6d-c1a8dbfbd2d8","OPEN","15a7ea8c-57cb-30ea-a48f-b765306992d0","2026-08-19 13:02:47","<1786093253630.7e45437c-09e4-42bc-8a6d-c1a8dbfbd2d8@smtp.hubapi.com>","","","","","","","20185","AbBatch","Mozilla/4.0 (compatible; ms-office; MSOffice 16)","buren","nordrhein-westfalen","GERMANY","","","","4896","","","","","",""
"info@bogumil.de","6890244","431881085","","Was sieht ein Kunde, wenn er dich heute online überprüft?","""Vero von ProvenExpert"" <veronica@provenexpert.com>","[support@provenexpert.com]","[]","[]","2026-08-07 11:00:53","7e45437c-09e4-42bc-8a6d-c1a8dbfbd2d8","SENT","7e45437c-09e4-42bc-8a6d-c1a8dbfbd2d8","2026-08-07 11:00:53","<1786093253630.7e45437c-09e4-42bc-8a6d-c1a8dbfbd2d8@smtp.hubapi.com>","","","","","","","20185","AbBatch","","","","","","","","","","","","","",""
"nadja.groht@bannasch.de","6890244","431881086","","Was sieht ein Kunde, wenn er dich heute online überprüft?","""Vero von ProvenExpert"" <veronica@provenexpert.com>","[support@provenexpert.com]","[]","[]","2026-08-07 08:59:23","a66041d4-a9e6-4267-a6f4-440787278c2d","DELIVERED","1679e90f-e978-38f9-b98e-64b212256339","2026-08-07 08:59:26","<1786085963445.a66041d4-a9e6-4267-a6f4-440787278c2d@smtp.hubapi.com>","","","","","","","20185","AbBatch","","","","","","","","","","","","","",""
"nadja.groht@bannasch.de","6890244","431881086","","Was sieht ein Kunde, wenn er dich heute online überprüft?","""Vero von ProvenExpert"" <veronica@provenexpert.com>","[support@provenexpert.com]","[]","[]","2026-08-07 08:59:23","a66041d4-a9e6-4267-a6f4-440787278c2d","SENT","a66041d4-a9e6-4267-a6f4-440787278c2d","2026-08-07 08:59:23","<1786085963445.a66041d4-a9e6-4267-a6f4-440787278c2d@smtp.hubapi.com>","","","","","","","20185","AbBatch","","","","","","","","","","","","","",""
"lorenz.strasser@pentacode.app","6890244","431881086","","Was sieht ein Kunde, wenn er dich heute online überprüft?","""Vero von ProvenExpert"" <veronica@provenexpert.com>","[support@provenexpert.com]","[]","[]","2026-08-07 09:00:43","37ae5aa1-d081-4819-a912-ddd645c37311","DELIVERED","09d9e04f-0305-370b-83b1-16391acce577","2026-08-07 09:11:46","<1786086043959.37ae5aa1-d081-4819-a912-ddd645c37311@smtp.hubapi.com>","","","","","","","20185","AbBatch","","","","","","","","","","","","","",""
"lorenz.strasser@pentacode.app","6890244","431881086","","Was sieht ein Kunde, wenn er dich heute online überprüft?","""Vero von ProvenExpert"" <veronica@provenexpert.com>","[support@provenexpert.com]","[]","[]","2026-08-07 09:00:43","37ae5aa1-d081-4819-a912-ddd645c37311","SENT","37ae5aa1-d081-4819-a912-ddd645c37311","2026-08-07 09:00:43","<1786086043959.37ae5aa1-d081-4819-a912-ddd645c37311@smtp.hubapi.com>","","","","","","","20185","AbBatch","","","","","","","","","","","","","",""
"lorenz.strasser@pentacode.app","6890244","431881086","","Was sieht ein Kunde, wenn er dich heute online überprüft?","""Vero von ProvenExpert"" <veronica@provenexpert.com>","[support@provenexpert.com]","[]","[]","2026-08-07 09:00:43","37ae5aa1-d081-4819-a912-ddd645c37311","DEFERRED","2ffa739b-d8e5-31b6-a609-8d4e16b3e4ee","2026-08-07 09:02:44","<1786086043959.37ae5aa1-d081-4819-a912-ddd645c37311@smtp.hubapi.com>","","","","","","","20185","AbBatch","","","","","","","","","","","","","",""
"office@iklima.at","6890244","431881085","","Was sieht ein Kunde, wenn er dich heute online überprüft?","""Vero von ProvenExpert"" <veronica@provenexpert.com>","[support@provenexpert.com]","[]","[]","2026-08-07 11:00:53","7c785d58-c220-4907-bb44-d3473070d289","SENT","7c785d58-c220-4907-bb44-d3473070d289","2026-08-07 11:00:53","<1786093253089.7c785d58-c220-4907-bb44-d3473070d289@smtp.hubapi.com>","","","","","","","20185","AbBatch","","","","","","","","","","","","","",""
"office@iklima.at","6890244","431881085","","Was sieht ein Kunde, wenn er dich heute online überprüft?","""Vero von ProvenExpert"" <veronica@provenexpert.com>","[support@provenexpert.com]","[]","[]","2026-08-07 11:00:53","7c785d58-c220-4907-bb44-d3473070d289","DELIVERED","b5fde34a-c7c0-3279-bd05-8c213c6c888f","2026-08-07 11:00:56","<1786093253089.7c785d58-c220-4907-bb44-d3473070d289@smtp.hubapi.com>","","","","","","","20185","AbBatch","","","","","","","","","","","","","",""
"info@altlaender-bauelemente.de","6890244","431881086","","Was sieht ein Kunde, wenn er dich heute online überprüft?","""Vero von ProvenExpert"" <veronica@provenexpert.com>","[support@provenexpert.com]","[]","[]","2026-08-07 09:00:43","e07cc670-4f3d-43ef-96cc-33e89973dbbb","SENT","e07cc670-4f3d-43ef-96cc-33e89973dbbb","2026-08-07 09:00:43","<1786086043693.e07cc670-4f3d-43ef-96cc-33e89973dbbb@smtp.hubapi.com>","","","","","","","20185","AbBatch","","","","","","","","","","","","","",""
"info@altlaender-bauelemente.de","6890244","431881086","","Was sieht ein Kunde, wenn er dich heute online überprüft?","""Vero von ProvenExpert"" <veronica@provenexpert.com>","[support@provenexpert.com]","[]","[]","2026-08-07 09:00:43","e07cc670-4f3d-43ef-96cc-33e89973dbbb","DELIVERED","e9c81bff-a51c-3c88-81ca-c7f569fbdeee","2026-08-07 09:00:45","<1786086043693.e07cc670-4f3d-43ef-96cc-33e89973dbbb@smtp.hubapi.com>","","","","","","","20185","AbBatch","","","","","","","","","","","","","",""
"info@altlaender-bauelemente.de","6890244","431881086","","Was sieht ein Kunde, wenn er dich heute online überprüft?","""Vero von ProvenExpert"" <veronica@provenexpert.com>","[support@provenexpert.com]","[]","[]","2026-08-07 09:00:43","e07cc670-4f3d-43ef-96cc-33e89973dbbb","OPEN","86a647bd-0945-3ae8-a804-92bf4e18baf0","2026-08-07 09:00:47","<1786086043693.e07cc670-4f3d-43ef-96cc-33e89973dbbb@smtp.hubapi.com>","","","","","","","20185","AbBatch","Mozilla/5.0 (Windows NT 10.0; Win64; x64) AppleWebKit/537.36 (KHTML, like Gecko) Chrome/42.0.2311.135 Safari/537.36 Edge/12.246 Mozilla/5.0","mountain view","california","UNITED STATES","","","","0","","","","","",""
"service@cleaning24.ch","6890244","431881085","","Was sieht ein Kunde, wenn er dich heute online überprüft?","""Vero von ProvenExpert"" <veronica@provenexpert.com>","[support@provenexpert.com]","[]","[]","2026-08-07 11:00:53","c1c10bdb-94d0-4ef8-9f38-dd3b919ca8ec","OPEN","d1182f58-3b9f-3a04-8ace-eebe21071c30","2026-08-07 11:16:38","<1786093253779.c1c10bdb-94d0-4ef8-9f38-dd3b919ca8ec@smtp.hubapi.com>","","","","","","","20185","AbBatch","Mozilla/5.0 (Linux; Android 10; SM-N960F Build/QP1A.190711.020; wv) AppleWebKit/537.36 (KHTML, like Gecko) Version/4.0 Chrome/150.0.7871.181 Mobile Safari/537.36","zurich","zurich","SWITZERLAND","","","","1259","","","","","",""
"service@cleaning24.ch","6890244","431881085","","Was sieht ein Kunde, wenn er dich heute online überprüft?","""Vero von ProvenExpert"" <veronica@provenexpert.com>","[support@provenexpert.com]","[]","[]","2026-08-07 11:00:53","c1c10bdb-94d0-4ef8-9f38-dd3b919ca8ec","DELIVERED","301012bf-78d2-3c61-b1a1-99afe802cdcc","2026-08-07 11:00:57","<1786093253779.c1c10bdb-94d0-4ef8-9f38-dd3b919ca8ec@smtp.hubapi.com>","","","","","","","20185","AbBatch","","","","","","","","","","","","","",""
"service@cleaning24.ch","6890244","431881085","","Was sieht ein Kunde, wenn er dich heute online überprüft?","""Vero von ProvenExpert"" <veronica@provenexpert.com>","[support@provenexpert.com]","[]","[]","2026-08-07 11:00:53","c1c10bdb-94d0-4ef8-9f38-dd3b919ca8ec","SENT","c1c10bdb-94d0-4ef8-9f38-dd3b919ca8ec","2026-08-07 11:00:53","<1786093253779.c1c10bdb-94d0-4ef8-9f38-dd3b919ca8ec@smtp.hubapi.com>","","","","","","","20185","AbBatch","","","","","","","","","","","","","",""
"service@cleaning24.ch","6890244","431881085","","Was sieht ein Kunde, wenn er dich heute online überprüft?","""Vero von ProvenExpert"" <veronica@provenexpert.com>","[support@provenexpert.com]","[]","[]","2026-08-07 11:00:53","c1c10bdb-94d0-4ef8-9f38-dd3b919ca8ec","OPEN","1a335a1a-6efe-3bd5-a2d0-62384184c908","2026-08-07 11:01:31","<1786093253779.c1c10bdb-94d0-4ef8-9f38-dd3b919ca8ec@smtp.hubapi.com>","","","","","","","20185","AbBatch","Mozilla/5.0 (Linux; Android 16; SM-S918B Build/BP4A.251205.006; wv) AppleWebKit/537.36 (KHTML, like Gecko) Version/4.0 Chrome/150.0.7871.181 Mobile Safari/537.36","zurich","zurich","SWITZERLAND","","","","0","","","","","",""
"info@immo-rienhardt.de","6890244","431881085","","Was sieht ein Kunde, wenn er dich heute online überprüft?","""Vero von ProvenExpert"" <veronica@provenexpert.com>","[support@provenexpert.com]","[]","[]","2026-08-07 11:00:52","ba278bf1-2d00-400a-ace6-e528ce4931bd","SENT","ba278bf1-2d00-400a-ace6-e528ce4931bd","2026-08-07 11:00:52","<1786093252874.ba278bf1-2d00-400a-ace6-e528ce4931bd@smtp.hubapi.com>","","","","","","","20185","AbBatch","","","","","","","","","","","","","",""
"info@immo-rienhardt.de","6890244","431881085","","Was sieht ein Kunde, wenn er dich heute online überprüft?","""Vero von ProvenExpert"" <veronica@provenexpert.com>","[support@provenexpert.com]","[]","[]","2026-08-07 11:00:52","ba278bf1-2d00-400a-ace6-e528ce4931bd","DELIVERED","5cb0746f-5566-338d-bef2-c9174c6585dd","2026-08-07 11:00:59","<1786093252874.ba278bf1-2d00-400a-ace6-e528ce4931bd@smtp.hubapi.com>","","","","","","","20185","AbBatch","","","","","","","","","","","","","",""
"abc@provenexpert.de","6890244","431881085","","Was sieht ein Kunde, wenn er dich heute online überprüft?","""Vero von ProvenExpert"" <veronica@provenexpert.com>","[support@provenexpert.com]","[]","[]","2026-08-07 11:00:53","3eeeff2e-49e6-4036-b374-230a4e4c967b","DROPPED","3eeeff2e-49e6-4036-b374-230a4e4c967b","2026-08-07 11:00:53","<1786093253806.3eeeff2e-49e6-4036-b374-230a4e4c967b@smtp.hubapi.com>","","","2b7758ce-903d-3247-a921-2cb7f0487c5f","2025-09-02 09:00:11","PREVIOUSLY_BOUNCED","Recipient has previously bounced.","20185","AbBatch","","","","","","","","","550","550 5.4.1 Recipient address rejected: Access denied. For more information see https://aka.ms/EXOSmtpErrors [DB5PEPF00014B92.eurprd02.prod.outlook.com 2025-09-02T07:00:11.638Z 08DDE8BFA0CA71C1]","550 5.4.1 Recipient address rejected: Access denied. For more information see https://aka.ms/EXOSmtpErrors [DB5PEPF00014B92.eurprd02.prod.outlook.com 2025-09-02T07:00:11.638Z 08DDE8BFA0CA71C1]","","",""
"lg@finsurance.com","6890244","431881087","","Eigene Reputation stärken und exklusives 30 % Rabatt-Angebot nutzen","""Vero von ProvenExpert"" <veronica@provenexpert.com>","[support@provenexpert.com]","[]","[]","2026-08-07 09:00:44","55de4b1d-ba49-45e2-b876-b9bdee1c4e63","SENT","55de4b1d-ba49-45e2-b876-b9bdee1c4e63","2026-08-07 09:00:44","<1786086044055.55de4b1d-ba49-45e2-b876-b9bdee1c4e63@smtp.hubapi.com>","","","","","","","20185","AbBatch","","","","","","","","","","","","","",""
"lg@finsurance.com","6890244","431881087","","Eigene Reputation stärken und exklusives 30 % Rabatt-Angebot nutzen","""Vero von ProvenExpert"" <veronica@provenexpert.com>","[support@provenexpert.com]","[]","[]","2026-08-07 09:00:44","55de4b1d-ba49-45e2-b876-b9bdee1c4e63","DELIVERED","6800e3d6-c959-3583-a479-c764201f8d04","2026-08-07 09:00:48","<1786086044055.55de4b1d-ba49-45e2-b876-b9bdee1c4e63@smtp.hubapi.com>","","","","","","","20185","AbBatch","","","","","","","","","","","","","",""
"info@hygiene-gmi.de","6890244","431881086","","Was sieht ein Kunde, wenn er dich heute online überprüft?","""Vero von ProvenExpert"" <veronica@provenexpert.com>","[support@provenexpert.com]","[]","[]","2026-08-07 08:59:23","68a957ca-b82f-483b-995b-dc2789e263e9","SENT","68a957ca-b82f-483b-995b-dc2789e263e9","2026-08-07 08:59:23","<1786085963602.68a957ca-b82f-483b-995b-dc2789e263e9@smtp.hubapi.com>","","","","","","","20185","AbBatch","","","","","","","","","","","","","",""
"info@hygiene-gmi.de","6890244","431881086","","Was sieht ein Kunde, wenn er dich heute online überprüft?","""Vero von ProvenExpert"" <veronica@provenexpert.com>","[support@provenexpert.com]","[]","[]","2026-08-07 08:59:23","68a957ca-b82f-483b-995b-dc2789e263e9","DELIVERED","7948dfc4-1ac5-3e99-b828-31ed85c3b353","2026-08-07 08:59:25","<1786085963602.68a957ca-b82f-483b-995b-dc2789e263e9@smtp.hubapi.com>","","","","","","","20185","AbBatch","","","","","","","","","","","","","",""
"info@ki-recruiter.com","6890244","431881085","","Was sieht ein Kunde, wenn er dich heute online überprüft?","""Vero von ProvenExpert"" <veronica@provenexpert.com>","[support@provenexpert.com]","[]","[]","2026-08-07 11:00:52","5daec44c-58a7-4760-bd92-a163e40fb908","DELIVERED","4305e49f-3e29-3526-b2a5-83228c4390d9","2026-08-07 11:00:55","<1786093252623.5daec44c-58a7-4760-bd92-a163e40fb908@smtp.hubapi.com>","","","","","","","20185","AbBatch","","","","","","","","","","","","","",""
"info@ki-recruiter.com","6890244","431881085","","Was sieht ein Kunde, wenn er dich heute online überprüft?","""Vero von ProvenExpert"" <veronica@provenexpert.com>","[support@provenexpert.com]","[]","[]","2026-08-07 11:00:52","5daec44c-58a7-4760-bd92-a163e40fb908","SENT","5daec44c-58a7-4760-bd92-a163e40fb908","2026-08-07 11:00:52","<1786093252623.5daec44c-58a7-4760-bd92-a163e40fb908@smtp.hubapi.com>","","","","","","","20185","AbBatch","","","","","","","","","","","","","",""
"sewald@provenexpert.com","6890244","431881085","","Was sieht ein Kunde, wenn er dich heute online überprüft?","""Vero von ProvenExpert"" <veronica@provenexpert.com>","[support@provenexpert.com]","[]","[]","2026-08-07 11:00:53","bb30f29c-6f0f-4b2e-8aa9-c4d6dafb9f59","DELIVERED","ddfde648-25bf-3b30-8b92-e73a48dbeeb7","2026-08-07 11:00:57","<1786093253742.bb30f29c-6f0f-4b2e-8aa9-c4d6dafb9f59@smtp.hubapi.com>","","","","","","","20185","AbBatch","","","","","","","","","","","","","",""
"sewald@provenexpert.com","6890244","431881085","","Was sieht ein Kunde, wenn er dich heute online überprüft?","""Vero von ProvenExpert"" <veronica@provenexpert.com>","[support@provenexpert.com]","[]","[]","2026-08-07 11:00:53","bb30f29c-6f0f-4b2e-8aa9-c4d6dafb9f59","SENT","bb30f29c-6f0f-4b2e-8aa9-c4d6dafb9f59","2026-08-07 11:00:53","<1786093253742.bb30f29c-6f0f-4b2e-8aa9-c4d6dafb9f59@smtp.hubapi.com>","","","","","","","20185","AbBatch","","","","","","","","","","","","","",""
"info@bavaria-schadengutachten.de","6890244","431881087","","Eigene Reputation stärken und exklusives 30 % Rabatt-Angebot nutzen","""Vero von ProvenExpert"" <veronica@provenexpert.com>","[support@provenexpert.com]","[]","[]","2026-08-07 09:00:43","0b86dcd0-ea15-48ba-9db4-c4e607adcb4c","DELIVERED","342c928d-4181-3a92-9ec6-0d040db64f8e","2026-08-07 09:00:47","<1786086043884.0b86dcd0-ea15-48ba-9db4-c4e607adcb4c@smtp.hubapi.com>","","","","","","","20185","AbBatch","","","","","","","","","","","","","",""
"info@bavaria-schadengutachten.de","6890244","431881087","","Eigene Reputation stärken und exklusives 30 % Rabatt-Angebot nutzen","""Vero von ProvenExpert"" <veronica@provenexpert.com>","[support@provenexpert.com]","[]","[]","2026-08-07 09:00:43","0b86dcd0-ea15-48ba-9db4-c4e607adcb4c","SENT","0b86dcd0-ea15-48ba-9db4-c4e607adcb4c","2026-08-07 09:00:43","<1786086043884.0b86dcd0-ea15-48ba-9db4-c4e607adcb4c@smtp.hubapi.com>","","","","","","","20185","AbBatch","","","","","","","","","","","","","",""
"info@gl-ohg.de","6890244","431881086","","Was sieht ein Kunde, wenn er dich heute online überprüft?","""Vero von ProvenExpert"" <veronica@provenexpert.com>","[support@provenexpert.com]","[]","[]","2026-08-07 08:59:23","5169b77f-da53-4426-be88-bb0341e545fc","DELIVERED","f7d90a93-b5b5-3d3f-8680-d05f5ed6110a","2026-08-07 08:59:26","<1786085963534.5169b77f-da53-4426-be88-bb0341e545fc@smtp.hubapi.com>","","","","","","","20185","AbBatch","","","","","","","","","","","","","",""
"info@gl-ohg.de","6890244","431881086","","Was sieht ein Kunde, wenn er dich heute online überprüft?","""Vero von ProvenExpert"" <veronica@provenexpert.com>","[support@provenexpert.com]","[]","[]","2026-08-07 08:59:23","5169b77f-da53-4426-be88-bb0341e545fc","SENT","5169b77f-da53-4426-be88-bb0341e545fc","2026-08-07 08:59:23","<1786085963534.5169b77f-da53-4426-be88-bb0341e545fc@smtp.hubapi.com>","","","","","","","20185","AbBatch","","","","","","","","","","","","","",""
"info@kanzlei-shb.de","6890244","431881087","","Eigene Reputation stärken und exklusives 30 % Rabatt-Angebot nutzen","""Vero von ProvenExpert"" <veronica@provenexpert.com>","[support@provenexpert.com]","[]","[]","2026-08-07 09:00:43","d8f32d3a-9791-40e8-aaad-40b78e1f13e7","SENT","d8f32d3a-9791-40e8-aaad-40b78e1f13e7","2026-08-07 09:00:43","<1786086043868.d8f32d3a-9791-40e8-aaad-40b78e1f13e7@smtp.hubapi.com>","","","","","","","20185","AbBatch","","","","","","","","","","","","","",""
"info@kanzlei-shb.de","6890244","431881087","","Eigene Reputation stärken und exklusives 30 % Rabatt-Angebot nutzen","""Vero von ProvenExpert"" <veronica@provenexpert.com>","[support@provenexpert.com]","[]","[]","2026-08-07 09:00:43","d8f32d3a-9791-40e8-aaad-40b78e1f13e7","DELIVERED","5194095a-ac03-3f00-9f02-1dcfebeedb0b","2026-08-07 09:00:47","<1786086043868.d8f32d3a-9791-40e8-aaad-40b78e1f13e7@smtp.hubapi.com>","","","","","","","20185","AbBatch","","","","","","","","","","","","","",""
"info@fit-sicher.de","6890244","431881086","","Was sieht ein Kunde, wenn er dich heute online überprüft?","""Vero von ProvenExpert"" <veronica@provenexpert.com>","[support@provenexpert.com]","[]","[]","2026-08-07 09:00:43","8529ac20-f47e-4a3e-bf70-22a0247c9cea","SENT","8529ac20-f47e-4a3e-bf70-22a0247c9cea","2026-08-07 09:00:43","<1786086043982.8529ac20-f47e-4a3e-bf70-22a0247c9cea@smtp.hubapi.com>","","","","","","","20185","AbBatch","","","","","","","","","","","","","",""
"info@fit-sicher.de","6890244","431881086","","Was sieht ein Kunde, wenn er dich heute online überprüft?","""Vero von ProvenExpert"" <veronica@provenexpert.com>","[support@provenexpert.com]","[]","[]","2026-08-07 09:00:43","8529ac20-f47e-4a3e-bf70-22a0247c9cea","DELIVERED","012d4574-f2f4-36e6-9f33-17fc72d0c676","2026-08-07 09:00:48","<1786086043982.8529ac20-f47e-4a3e-bf70-22a0247c9cea@smtp.hubapi.com>","","","","","","","20185","AbBatch","","","","","","","","","","","","","",""
"arndtoliver47@gmail.com","6890244","431881085","","Was sieht ein Kunde, wenn er dich heute online überprüft?","""Vero von ProvenExpert"" <veronica@provenexpert.com>","[support@provenexpert.com]","[]","[]","2026-08-07 11:00:53","8899bdbd-00fd-4c56-a402-a65051271bb2","SENT","8899bdbd-00fd-4c56-a402-a65051271bb2","2026-08-07 11:00:53","<1786093253637.8899bdbd-00fd-4c56-a402-a65051271bb2@smtp.hubapi.com>","","","","","","","20185","AbBatch","","","","","","","","","","","","","",""
"arndtoliver47@gmail.com","6890244","431881085","","Was sieht ein Kunde, wenn er dich heute online überprüft?","""Vero von ProvenExpert"" <veronica@provenexpert.com>","[support@provenexpert.com]","[]","[]","2026-08-07 11:00:53","8899bdbd-00fd-4c56-a402-a65051271bb2","DELIVERED","aaced257-902f-3926-bd10-0ea15483c43d","2026-08-07 11:00:57","<1786093253637.8899bdbd-00fd-4c56-a402-a65051271bb2@smtp.hubapi.com>","","","","","","","20185","AbBatch","","","","","","","","","","","","","",""
"office@escgmbh.biz","6890244","431881086","","Was sieht ein Kunde, wenn er dich heute online überprüft?","""Vero von ProvenExpert"" <veronica@provenexpert.com>","[support@provenexpert.com]","[]","[]","2026-08-07 08:59:23","5c8a75c4-cb68-43d2-8a45-0b57330f4e1c","OPEN","4f265d93-de72-38fa-a7d8-fd12beda7947","2026-08-07 10:39:21","<1786085963397.5c8a75c4-cb68-43d2-8a45-0b57330f4e1c@smtp.hubapi.com>","","","","","","","20185","AbBatch","Mozilla/4.0 (compatible; MSIE 7.0; Windows NT 6.2; WOW64; Trident/7.0; .NET4.0C; .NET4.0E; .NET CLR 2.0.50727; .NET CLR 3.0.30729; .NET CLR 3.5.30729; MSOffice 12)","heidenheim","baden-wurttemberg","GERMANY","","","","2397","","","","","",""
"office@escgmbh.biz","6890244","431881086","","Was sieht ein Kunde, wenn er dich heute online überprüft?","""Vero von ProvenExpert"" <veronica@provenexpert.com>","[support@provenexpert.com]","[]","[]","2026-08-07 08:59:23","5c8a75c4-cb68-43d2-8a45-0b57330f4e1c","SENT","5c8a75c4-cb68-43d2-8a45-0b57330f4e1c","2026-08-07 08:59:23","<1786085963397.5c8a75c4-cb68-43d2-8a45-0b57330f4e1c@smtp.hubapi.com>","","","","","","","20185","AbBatch","","","","","","","","","","","","","",""
"office@escgmbh.biz","6890244","431881086","","Was sieht ein Kunde, wenn er dich heute online überprüft?","""Vero von ProvenExpert"" <veronica@provenexpert.com>","[support@provenexpert.com]","[]","[]","2026-08-07 08:59:23","5c8a75c4-cb68-43d2-8a45-0b57330f4e1c","OPEN","a08e3e39-da9f-37bc-8171-af762eb9854c","2026-08-07 10:39:21","<1786085963397.5c8a75c4-cb68-43d2-8a45-0b57330f4e1c@smtp.hubapi.com>","","","","","","","20185","AbBatch","Mozilla/4.0 (compatible; MSIE 7.0; Windows NT 6.2; WOW64; Trident/7.0; .NET4.0C; .NET4.0E; .NET CLR 2.0.50727; .NET CLR 3.0.30729; .NET CLR 3.5.30729; MSOffice 12)","heidenheim","baden-wurttemberg","GERMANY","","","","0","","","","","",""
"office@escgmbh.biz","6890244","431881086","","Was sieht ein Kunde, wenn er dich heute online überprüft?","""Vero von ProvenExpert"" <veronica@provenexpert.com>","[support@provenexpert.com]","[]","[]","2026-08-07 08:59:23","5c8a75c4-cb68-43d2-8a45-0b57330f4e1c","OPEN","67b794c5-d9aa-3bdd-8aae-73231e8f6de5","2026-08-07 10:39:23","<1786085963397.5c8a75c4-cb68-43d2-8a45-0b57330f4e1c@smtp.hubapi.com>","","","","","","","20185","AbBatch","Mozilla/4.0 (compatible; MSIE 7.0; Windows NT 6.2; WOW64; Trident/7.0; .NET4.0C; .NET4.0E; .NET CLR 2.0.50727; .NET CLR 3.0.30729; .NET CLR 3.5.30729; MSOffice 12)","heidenheim","baden-wurttemberg","GERMANY","","","","1206","","","","","",""
"office@escgmbh.biz","6890244","431881086","","Was sieht ein Kunde, wenn er dich heute online überprüft?","""Vero von ProvenExpert"" <veronica@provenexpert.com>","[support@provenexpert.com]","[]","[]","2026-08-07 08:59:23","5c8a75c4-cb68-43d2-8a45-0b57330f4e1c","DELIVERED","3350788c-12dd-3875-9007-99633d3dc52c","2026-08-07 08:59:27","<1786085963397.5c8a75c4-cb68-43d2-8a45-0b57330f4e1c@smtp.hubapi.com>","","","","","","","20185","AbBatch","","","","","","","","","","","","","",""
"emastel@rheinmassiv-bauen.de","6890244","431881085","","Was sieht ein Kunde, wenn er dich heute online überprüft?","""Vero von ProvenExpert"" <veronica@provenexpert.com>","[support@provenexpert.com]","[]","[]","2026-08-07 11:00:52","16bfde04-a6c4-4815-b174-395373549cf5","DELIVERED","08f27fbd-dfd3-3c08-a43e-37bda9afa011","2026-08-07 11:00:56","<1786093252894.16bfde04-a6c4-4815-b174-395373549cf5@smtp.hubapi.com>","","","","","","","20185","AbBatch","","","","","","","","","","","","","",""
"emastel@rheinmassiv-bauen.de","6890244","431881085","","Was sieht ein Kunde, wenn er dich heute online überprüft?","""Vero von ProvenExpert"" <veronica@provenexpert.com>","[support@provenexpert.com]","[]","[]","2026-08-07 11:00:52","16bfde04-a6c4-4815-b174-395373549cf5","SENT","16bfde04-a6c4-4815-b174-395373549cf5","2026-08-07 11:00:52","<1786093252894.16bfde04-a6c4-4815-b174-395373549cf5@smtp.hubapi.com>","","","","","","","20185","AbBatch","","","","","","","","","","","","","",""
"srodenberg.sr@googlemail.com","6890244","431881085","","Was sieht ein Kunde, wenn er dich heute online überprüft?","""Vero von ProvenExpert"" <veronica@provenexpert.com>","[support@provenexpert.com]","[]","[]","2026-08-07 11:00:53","a46f8eaa-fac6-4d5a-a97e-46c6bdf6a2ff","SENT","a46f8eaa-fac6-4d5a-a97e-46c6bdf6a2ff","2026-08-07 11:00:53","<1786093253225.a46f8eaa-fac6-4d5a-a97e-46c6bdf6a2ff@smtp.hubapi.com>","","","","","","","20185","AbBatch","","","","","","","","","","","","","",""
"srodenberg.sr@googlemail.com","6890244","431881085","","Was sieht ein Kunde, wenn er dich heute online überprüft?","""Vero von ProvenExpert"" <veronica@provenexpert.com>","[support@provenexpert.com]","[]","[]","2026-08-07 11:00:53","a46f8eaa-fac6-4d5a-a97e-46c6bdf6a2ff","DELIVERED","739e6110-6f2a-34b6-901f-f0a9356f4e5c","2026-08-07 11:00:55","<1786093253225.a46f8eaa-fac6-4d5a-a97e-46c6bdf6a2ff@smtp.hubapi.com>","","","","","","","20185","AbBatch","","","","","","","","","","","","","",""
"team@stadthelden.de","6890244","431881087","","Eigene Reputation stärken und exklusives 30 % Rabatt-Angebot nutzen","""Vero von ProvenExpert"" <veronica@provenexpert.com>","[support@provenexpert.com]","[]","[]","2026-08-07 09:00:43","915638e3-5387-4449-95fe-9f83f0b69b08","SENT","915638e3-5387-4449-95fe-9f83f0b69b08","2026-08-07 09:00:43","<1786086043838.915638e3-5387-4449-95fe-9f83f0b69b08@smtp.hubapi.com>","","","","","","","20185","AbBatch","","","","","","","","","","","","","",""
"team@stadthelden.de","6890244","431881087","","Eigene Reputation stärken und exklusives 30 % Rabatt-Angebot nutzen","""Vero von ProvenExpert"" <veronica@provenexpert.com>","[support@provenexpert.com]","[]","[]","2026-08-07 09:00:43","915638e3-5387-4449-95fe-9f83f0b69b08","DELIVERED","0b9cac42-c96b-38b6-9ae1-455ca3519953","2026-08-07 09:00:47","<1786086043838.915638e3-5387-4449-95fe-9f83f0b69b08@smtp.hubapi.com>","","","","","","","20185","AbBatch","","","","","","","","","","","","","",""
"katja278@hotmail.de","6890244","431881085","","Was sieht ein Kunde, wenn er dich heute online überprüft?","""Vero von ProvenExpert"" <veronica@provenexpert.com>","[support@provenexpert.com]","[]","[]","2026-08-07 11:00:53","9664ab24-1f4e-460c-b02f-5bc4a6960ebd","SENT","9664ab24-1f4e-460c-b02f-5bc4a6960ebd","2026-08-07 11:00:53","<1786093253193.9664ab24-1f4e-460c-b02f-5bc4a6960ebd@smtp.hubapi.com>","","","","","","","20185","AbBatch","","","","","","","","","","","","","",""
"katja278@hotmail.de","6890244","431881085","","Was sieht ein Kunde, wenn er dich heute online überprüft?","""Vero von ProvenExpert"" <veronica@provenexpert.com>","[support@provenexpert.com]","[]","[]","2026-08-07 11:00:53","9664ab24-1f4e-460c-b02f-5bc4a6960ebd","DELIVERED","6107ccca-48d7-3a68-9494-eb3a3519cbce","2026-08-07 11:00:56","<1786093253193.9664ab24-1f4e-460c-b02f-5bc4a6960ebd@smtp.hubapi.com>","","","","","","","20185","AbBatch","","","","","","","","","","","","","",""
"mail@lawst.de","6890244","431881085","","Was sieht ein Kunde, wenn er dich heute online überprüft?","""Vero von ProvenExpert"" <veronica@provenexpert.com>","[support@provenexpert.com]","[]","[]","2026-08-07 11:00:53","d71e4cf6-76a8-4c7b-a2a3-e12fb7ba3dc4","DELIVERED","4d35a0fb-eea2-36d3-8b3d-65d7cf812b0d","2026-08-07 11:00:57","<1786093253159.d71e4cf6-76a8-4c7b-a2a3-e12fb7ba3dc4@smtp.hubapi.com>","","","","","","","20185","AbBatch","","","","","","","","","","","","","",""
"mail@lawst.de","6890244","431881085","","Was sieht ein Kunde, wenn er dich heute online überprüft?","""Vero von ProvenExpert"" <veronica@provenexpert.com>","[support@provenexpert.com]","[]","[]","2026-08-07 11:00:53","d71e4cf6-76a8-4c7b-a2a3-e12fb7ba3dc4","SENT","d71e4cf6-76a8-4c7b-a2a3-e12fb7ba3dc4","2026-08-07 11:00:53","<1786093253159.d71e4cf6-76a8-4c7b-a2a3-e12fb7ba3dc4@smtp.hubapi.com>","","","","","","","20185","AbBatch","","","","","","","","","","","","","",""
"info@thorit.de","6890244","431881087","","Eigene Reputation stärken und exklusives 30 % Rabatt-Angebot nutzen","""Vero von ProvenExpert"" <veronica@provenexpert.com>","[support@provenexpert.com]","[]","[]","2026-08-07 09:00:43","03706358-bfe9-470e-b060-1afbdc223230","DEFERRED","6ca3afab-6a67-38be-be12-860570e27225","2026-08-07 09:01:05","<1786086043810.03706358-bfe9-470e-b060-1afbdc223230@smtp.hubapi.com>","","","","","","","20185","AbBatch","","","","","","","","","","","","","",""
"info@thorit.de","6890244","431881087","","Eigene Reputation stärken und exklusives 30 % Rabatt-Angebot nutzen","""Vero von ProvenExpert"" <veronica@provenexpert.com>","[support@provenexpert.com]","[]","[]","2026-08-07 09:00:43","03706358-bfe9-470e-b060-1afbdc223230","DELIVERED","27d9197e-ae86-3d7b-ba62-2737062d587b","2026-08-07 11:01:08","<1786086043810.03706358-bfe9-470e-b060-1afbdc223230@smtp.hubapi.com>","","","","","","","20185","AbBatch","","","","","","","","","","","","","",""
"info@thorit.de","6890244","431881087","","Eigene Reputation stärken und exklusives 30 % Rabatt-Angebot nutzen","""Vero von ProvenExpert"" <veronica@provenexpert.com>","[support@provenexpert.com]","[]","[]","2026-08-07 09:00:43","03706358-bfe9-470e-b060-1afbdc223230","SENT","03706358-bfe9-470e-b060-1afbdc223230","2026-08-07 09:00:43","<1786086043810.03706358-bfe9-470e-b060-1afbdc223230@smtp.hubapi.com>","","","","","","","20185","AbBatch","","","","","","","","","","","","","",""
"leon.lonzen@hopf-immobilien.de","6890244","431881087","","Eigene Reputation stärken und exklusives 30 % Rabatt-Angebot nutzen","""Vero von ProvenExpert"" <veronica@provenexpert.com>","[support@provenexpert.com]","[]","[]","2026-08-07 09:00:44","d7816915-7632-423b-b5c8-acae1441536f","SENT","d7816915-7632-423b-b5c8-acae1441536f","2026-08-07 09:00:44","<1786086044247.d7816915-7632-423b-b5c8-acae1441536f@smtp.hubapi.com>","","","","","","","20185","AbBatch","","","","","","","","","","","","","",""
"leon.lonzen@hopf-immobilien.de","6890244","431881087","","Eigene Reputation stärken und exklusives 30 % Rabatt-Angebot nutzen","""Vero von ProvenExpert"" <veronica@provenexpert.com>","[support@provenexpert.com]","[]","[]","2026-08-07 09:00:44","d7816915-7632-423b-b5c8-acae1441536f","DELIVERED","3d545e0c-58cd-3391-80f6-83cf194a98e8","2026-08-07 09:00:49","<1786086044247.d7816915-7632-423b-b5c8-acae1441536f@smtp.hubapi.com>","","","","","","","20185","AbBatch","","","","","","","","","","","","","",""
"braun@aestheticum-tuebingen.de","6890244","431881087","","Eigene Reputation stärken und exklusives 30 % Rabatt-Angebot nutzen","""Vero von ProvenExpert"" <veronica@provenexpert.com>","[support@provenexpert.com]","[]","[]","2026-08-07 09:00:43","e425a9e7-e791-4cef-886e-050293ded019","SENT","e425a9e7-e791-4cef-886e-050293ded019","2026-08-07 09:00:43","<1786086043723.e425a9e7-e791-4cef-886e-050293ded019@smtp.hubapi.com>","","","","","","","20185","AbBatch","","","","","","","","","","","","","",""
"info@polster-huebers.de","6890244","431881085","","Was sieht ein Kunde, wenn er dich heute online überprüft?","""Vero von ProvenExpert"" <veronica@provenexpert.com>","[support@provenexpert.com]","[]","[]","2026-08-07 11:00:53","52e1ed3e-240a-4627-9ad5-6d5121c363bd","DROPPED","52e1ed3e-240a-4627-9ad5-6d5121c363bd","2026-08-07 11:00:53","<1786093253527.52e1ed3e-240a-4627-9ad5-6d5121c363bd@smtp.hubapi.com>","","","2fb4519f-6d08-3898-89ed-9c68024bdac8","2025-08-25 12:29:07","PREVIOUSLY_BOUNCED","Recipient has previously bounced.","20185","AbBatch","","","","","","","","","554","SMTP; 554 5.2.2 Delivery failed: mailbox is full (quota exceeded)","SMTP; 554 5.2.2 Delivery failed: mailbox is full (quota exceeded)","","",""
"braun@aestheticum-tuebingen.de","6890244","431881087","","Eigene Reputation stärken und exklusives 30 % Rabatt-Angebot nutzen","""Vero von ProvenExpert"" <veronica@provenexpert.com>","[support@provenexpert.com]","[]","[]","2026-08-07 09:00:43","e425a9e7-e791-4cef-886e-050293ded019","OPEN","e4a095e7-440d-3832-8305-378b4f42861a","2026-08-07 12:46:28","<1786086043723.e425a9e7-e791-4cef-886e-050293ded019@smtp.hubapi.com>","","","","","","","20185","AbBatch","Mozilla/5.0 (iPhone; CPU iPhone OS 18_7 like Mac OS X) AppleWebKit/605.1.15 (KHTML, like Gecko) Mobile/15E148","saint-desirat","auvergne-rhone-alpes","FRANCE","","","","32364","","","","","",""
"braun@aestheticum-tuebingen.de","6890244","431881087","","Eigene Reputation stärken und exklusives 30 % Rabatt-Angebot nutzen","""Vero von ProvenExpert"" <veronica@provenexpert.com>","[support@provenexpert.com]","[]","[]","2026-08-07 09:00:43","e425a9e7-e791-4cef-886e-050293ded019","DELIVERED","eb6c8490-d027-3ab8-b621-c9cf3e3d8c38","2026-08-07 09:00:46","<1786086043723.e425a9e7-e791-4cef-886e-050293ded019@smtp.hubapi.com>","","","","","","","20185","AbBatch","","","","","","","","","","","","","",""
"braun@aestheticum-tuebingen.de","6890244","431881087","","Eigene Reputation stärken und exklusives 30 % Rabatt-Angebot nutzen","""Vero von ProvenExpert"" <veronica@provenexpert.com>","[support@provenexpert.com]","[]","[]","2026-08-07 09:00:43","e425a9e7-e791-4cef-886e-050293ded019","OPEN","c74e252a-948d-328c-b396-c444c000bef7","2026-08-07 12:46:28","<1786086043723.e425a9e7-e791-4cef-886e-050293ded019@smtp.hubapi.com>","","","","","","","20185","AbBatch","Mozilla/5.0 (iPhone; CPU iPhone OS 18_7 like Mac OS X) AppleWebKit/605.1.15 (KHTML, like Gecko) Mobile/15E148","saint-desirat","auvergne-rhone-alpes","FRANCE","","","","32168","","","","","",""
"info@ironbody.de","6890244","431881087","","Eigene Reputation stärken und exklusives 30 % Rabatt-Angebot nutzen","""Vero von ProvenExpert"" <veronica@provenexpert.com>","[support@provenexpert.com]","[]","[]","2026-08-07 09:00:44","fdebe127-ebc2-434d-bb33-2dea7242da8b","SENT","fdebe127-ebc2-434d-bb33-2dea7242da8b","2026-08-07 09:00:44","<1786086044077.fdebe127-ebc2-434d-bb33-2dea7242da8b@smtp.hubapi.com>","","","","","","","20185","AbBatch","","","","","","","","","","","","","",""
"info@ironbody.de","6890244","431881087","","Eigene Reputation stärken und exklusives 30 % Rabatt-Angebot nutzen","""Vero von ProvenExpert"" <veronica@provenexpert.com>","[support@provenexpert.com]","[]","[]","2026-08-07 09:00:44","fdebe127-ebc2-434d-bb33-2dea7242da8b","DELIVERED","c2225cd2-4ed7-3bdd-aaa9-3995d851a67c","2026-08-07 09:00:49","<1786086044077.fdebe127-ebc2-434d-bb33-2dea7242da8b@smtp.hubapi.com>","","","","","","","20185","AbBatch","","","","","","","","","","","","","",""
"info@ironbody.de","6890244","431881087","","Eigene Reputation stärken und exklusives 30 % Rabatt-Angebot nutzen","""Vero von ProvenExpert"" <veronica@provenexpert.com>","[support@provenexpert.com]","[]","[]","2026-08-07 09:00:44","fdebe127-ebc2-434d-bb33-2dea7242da8b","OPEN","e8d69758-aa82-32ce-922a-6f3d1082a5ae","2026-08-10 10:08:26","<1786086044077.fdebe127-ebc2-434d-bb33-2dea7242da8b@smtp.hubapi.com>","","","","","","","20185","AbBatch","Mozilla/4.0 (compatible; MSIE 7.0; Windows NT 10.0; Win64; x64; Trident/7.0; .NET4.0C; .NET4.0E; .NET CLR 2.0.50727; .NET CLR 3.0.30729; .NET CLR 3.5.30729; Microsoft Outlook 16.0.4861; ms-office; MSOffice 16)","halle","sachsen-anhalt","GERMANY","","","","0","","","","","",""
"marko@fragmarko.de","6890244","431881086","","Was sieht ein Kunde, wenn er dich heute online überprüft?","""Vero von ProvenExpert"" <veronica@provenexpert.com>","[support@provenexpert.com]","[]","[]","2026-08-07 08:59:23","1b7bf5ca-835a-4947-a6d5-d38cd3c10b64","DELIVERED","ccd256b5-c64f-3f04-9f9a-fb3fdfa2e22f","2026-08-07 08:59:26","<1786085963547.1b7bf5ca-835a-4947-a6d5-d38cd3c10b64@smtp.hubapi.com>","","","","","","","20185","AbBatch","","","","","","","","","","","","","",""
"marko@fragmarko.de","6890244","431881086","","Was sieht ein Kunde, wenn er dich heute online überprüft?","""Vero von ProvenExpert"" <veronica@provenexpert.com>","[support@provenexpert.com]","[]","[]","2026-08-07 08:59:23","1b7bf5ca-835a-4947-a6d5-d38cd3c10b64","SENT","1b7bf5ca-835a-4947-a6d5-d38cd3c10b64","2026-08-07 08:59:23","<1786085963547.1b7bf5ca-835a-4947-a6d5-d38cd3c10b64@smtp.hubapi.com>","","","","","","","20185","AbBatch","","","","","","","","","","","","","",""
"mkudinov+test-hubspot@provenexpert.com","6890244","431881085","","Was sieht ein Kunde, wenn er dich heute online überprüft?","""Vero von ProvenExpert"" <veronica@provenexpert.com>","[support@provenexpert.com]","[]","[]","2026-08-07 11:00:53","e2c55c1d-82e0-4d53-81b0-a53950835730","DELIVERED","eb304985-73c5-35c2-8dc4-e32f6b431b40","2026-08-07 11:00:57","<1786093253454.e2c55c1d-82e0-4d53-81b0-a53950835730@smtp.hubapi.com>","","","","","","","20185","AbBatch","","","","","","","","","","","","","",""
"mkudinov+test-hubspot@provenexpert.com","6890244","431881085","","Was sieht ein Kunde, wenn er dich heute online überprüft?","""Vero von ProvenExpert"" <veronica@provenexpert.com>","[support@provenexpert.com]","[]","[]","2026-08-07 11:00:53","e2c55c1d-82e0-4d53-81b0-a53950835730","SENT","e2c55c1d-82e0-4d53-81b0-a53950835730","2026-08-07 11:00:53","<1786093253454.e2c55c1d-82e0-4d53-81b0-a53950835730@smtp.hubapi.com>","","","","","","","20185","AbBatch","","","","","","","","","","","","","",""
"v.frank@netable.de","6890244","431881087","","Eigene Reputation stärken und exklusives 30 % Rabatt-Angebot nutzen","""Vero von ProvenExpert"" <veronica@provenexpert.com>","[support@provenexpert.com]","[]","[]","2026-08-07 09:00:43","11fd13f9-cbcb-403e-9f85-c70ed1b89797","DELIVERED","7db7b474-cd2f-3d37-a45c-11a1db942288","2026-08-07 09:00:49","<1786086043702.11fd13f9-cbcb-403e-9f85-c70ed1b89797@smtp.hubapi.com>","","","","","","","20185","AbBatch","","","","","","","","","","","","","",""
"v.frank@netable.de","6890244","431881087","","Eigene Reputation stärken und exklusives 30 % Rabatt-Angebot nutzen","""Vero von ProvenExpert"" <veronica@provenexpert.com>","[support@provenexpert.com]","[]","[]","2026-08-07 09:00:43","11fd13f9-cbcb-403e-9f85-c70ed1b89797","SENT","11fd13f9-cbcb-403e-9f85-c70ed1b89797","2026-08-07 09:00:43","<1786086043702.11fd13f9-cbcb-403e-9f85-c70ed1b89797@smtp.hubapi.com>","","","","","","","20185","AbBatch","","","","","","","","","","","","","",""
"freihof@res-media.net","6890244","431881086","","Was sieht ein Kunde, wenn er dich heute online überprüft?","""Vero von ProvenExpert"" <veronica@provenexpert.com>","[support@provenexpert.com]","[]","[]","2026-08-07 08:59:23","4087ad24-3879-4bd9-8c4c-776b026f4462","SENT","4087ad24-3879-4bd9-8c4c-776b026f4462","2026-08-07 08:59:23","<1786085963771.4087ad24-3879-4bd9-8c4c-776b026f4462@smtp.hubapi.com>","","","","","","","20185","AbBatch","","","","","","","","","","","","","",""
"freihof@res-media.net","6890244","431881086","","Was sieht ein Kunde, wenn er dich heute online überprüft?","""Vero von ProvenExpert"" <veronica@provenexpert.com>","[support@provenexpert.com]","[]","[]","2026-08-07 08:59:23","4087ad24-3879-4bd9-8c4c-776b026f4462","DELIVERED","73cec3b2-35c3-3293-8878-dfd4a95caaa9","2026-08-07 08:59:26","<1786085963771.4087ad24-3879-4bd9-8c4c-776b026f4462@smtp.hubapi.com>","","","","","","","20185","AbBatch","","","","","","","","","","","","","",""
"info@kolb-blickhan-partner.de","6890244","431881085","","Was sieht ein Kunde, wenn er dich heute online überprüft?","""Vero von ProvenExpert"" <veronica@provenexpert.com>","[support@provenexpert.com]","[]","[]","2026-08-07 11:00:52","005b6c95-41bc-4975-8adf-872b19d9be0b","SENT","005b6c95-41bc-4975-8adf-872b19d9be0b","2026-08-07 11:00:52","<1786093252971.005b6c95-41bc-4975-8adf-872b19d9be0b@smtp.hubapi.com>","","","","","","","20185","AbBatch","","","","","","","","","","","","","",""
"info@kolb-blickhan-partner.de","6890244","431881085","","Was sieht ein Kunde, wenn er dich heute online überprüft?","""Vero von ProvenExpert"" <veronica@provenexpert.com>","[support@provenexpert.com]","[]","[]","2026-08-07 11:00:52","005b6c95-41bc-4975-8adf-872b19d9be0b","DELIVERED","4fa186d6-b9e2-3ab5-870f-51f2ff67fa2e","2026-08-07 11:00:56","<1786093252971.005b6c95-41bc-4975-8adf-872b19d9be0b@smtp.hubapi.com>","","","","","","","20185","AbBatch","","","","","","","","","","","","","",""
"berlinimmobilien24.com@gmail.com","6890244","431881086","","Was sieht ein Kunde, wenn er dich heute online überprüft?","""Vero von ProvenExpert"" <veronica@provenexpert.com>","[support@provenexpert.com]","[]","[]","2026-08-07 08:59:23","d8744b1e-70e8-4066-869a-a4cf2e02e58d","SENT","d8744b1e-70e8-4066-869a-a4cf2e02e58d","2026-08-07 08:59:23","<1786085963709.d8744b1e-70e8-4066-869a-a4cf2e02e58d@smtp.hubapi.com>","","","","","","","20185","AbBatch","","","","","","","","","","","","","",""
"berlinimmobilien24.com@gmail.com","6890244","431881086","","Was sieht ein Kunde, wenn er dich heute online überprüft?","""Vero von ProvenExpert"" <veronica@provenexpert.com>","[support@provenexpert.com]","[]","[]","2026-08-07 08:59:23","d8744b1e-70e8-4066-869a-a4cf2e02e58d","DELIVERED","b9d12b57-0a03-320b-a754-52103ec92be4","2026-08-07 08:59:25","<1786085963709.d8744b1e-70e8-4066-869a-a4cf2e02e58d@smtp.hubapi.com>","","","","","","","20185","AbBatch","","","","","","","","","","","","","",""
"info@rieck-partner.de","6890244","431881085","","Was sieht ein Kunde, wenn er dich heute online überprüft?","""Vero von ProvenExpert"" <veronica@provenexpert.com>","[support@provenexpert.com]","[]","[]","2026-08-07 11:00:53","4ce8a36c-7824-4112-9191-7ba96a1cda58","SENT","4ce8a36c-7824-4112-9191-7ba96a1cda58","2026-08-07 11:00:53","<1786093253354.4ce8a36c-7824-4112-9191-7ba96a1cda58@smtp.hubapi.com>","","","","","","","20185","AbBatch","","","","","","","","","","","","","",""
"info@rieck-partner.de","6890244","431881085","","Was sieht ein Kunde, wenn er dich heute online überprüft?","""Vero von ProvenExpert"" <veronica@provenexpert.com>","[support@provenexpert.com]","[]","[]","2026-08-07 11:00:53","4ce8a36c-7824-4112-9191-7ba96a1cda58","DELIVERED","1cdfc234-f75a-3645-97af-abfffbb0896b","2026-08-07 11:00:57","<1786093253354.4ce8a36c-7824-4112-9191-7ba96a1cda58@smtp.hubapi.com>","","","","","","","20185","AbBatch","","","","","","","","","","","","","",""
"cengiz.sal82@yahoo.de","6890244","431881085","","Was sieht ein Kunde, wenn er dich heute online überprüft?","""Vero von ProvenExpert"" <veronica@provenexpert.com>","[support@provenexpert.com]","[]","[]","2026-08-07 11:00:52","05040985-c287-4089-b9cb-0366041f8e81","DELIVERED","6fc15a02-56fc-3fa9-acd7-8182ec18f2fd","2026-08-07 11:00:54","<1786093252705.05040985-c287-4089-b9cb-0366041f8e81@smtp.hubapi.com>","","","","","","","20185","AbBatch","","","","","","","","","","","","","",""
"cengiz.sal82@yahoo.de","6890244","431881085","","Was sieht ein Kunde, wenn er dich heute online überprüft?","""Vero von ProvenExpert"" <veronica@provenexpert.com>","[support@provenexpert.com]","[]","[]","2026-08-07 11:00:52","05040985-c287-4089-b9cb-0366041f8e81","SENT","05040985-c287-4089-b9cb-0366041f8e81","2026-08-07 11:00:52","<1786093252705.05040985-c287-4089-b9cb-0366041f8e81@smtp.hubapi.com>","","","","","","","20185","AbBatch","","","","","","","","","","","","","",""
"mail@steffen-clahsen.de","6890244","431881087","","Eigene Reputation stärken und exklusives 30 % Rabatt-Angebot nutzen","""Vero von ProvenExpert"" <veronica@provenexpert.com>","[support@provenexpert.com]","[]","[]","2026-08-07 09:00:44","d555742f-04f6-4136-93d5-fe3522ff98b7","DELIVERED","10c7015b-908d-3700-bd83-32cd532201da","2026-08-07 09:02:53","<1786086044048.d555742f-04f6-4136-93d5-fe3522ff98b7@smtp.hubapi.com>","","","","","","","20185","AbBatch","","","","","","","","","","","","","",""
"mail@steffen-clahsen.de","6890244","431881087","","Eigene Reputation stärken und exklusives 30 % Rabatt-Angebot nutzen","""Vero von ProvenExpert"" <veronica@provenexpert.com>","[support@provenexpert.com]","[]","[]","2026-08-07 09:00:44","d555742f-04f6-4136-93d5-fe3522ff98b7","SENT","d555742f-04f6-4136-93d5-fe3522ff98b7","2026-08-07 09:00:44","<1786086044048.d555742f-04f6-4136-93d5-fe3522ff98b7@smtp.hubapi.com>","","","","","","","20185","AbBatch","","","","","","","","","","","","","",""
"mail@steffen-clahsen.de","6890244","431881087","","Eigene Reputation stärken und exklusives 30 % Rabatt-Angebot nutzen","""Vero von ProvenExpert"" <veronica@provenexpert.com>","[support@provenexpert.com]","[]","[]","2026-08-07 09:00:44","d555742f-04f6-4136-93d5-fe3522ff98b7","DEFERRED","9e4cd7d5-1b3b-3a29-86b3-c7f08a0194ad","2026-08-07 09:00:54","<1786086044048.d555742f-04f6-4136-93d5-fe3522ff98b7@smtp.hubapi.com>","","","","","","","20185","AbBatch","","","","","","","","","","","","","",""
"oezkanyasin0@gmail.com","6890244","431881085","","Was sieht ein Kunde, wenn er dich heute online überprüft?","""Vero von ProvenExpert"" <veronica@provenexpert.com>","[support@provenexpert.com]","[]","[]","2026-08-07 11:00:53","2623f6bf-3b24-4f4e-adab-8bfd6ac64b28","DELIVERED","b8e3d01c-06b1-3581-aba5-0591b0f2198d","2026-08-07 11:00:55","<1786093253008.2623f6bf-3b24-4f4e-adab-8bfd6ac64b28@smtp.hubapi.com>","","","","","","","20185","AbBatch","","","","","","","","","","","","","",""
"oezkanyasin0@gmail.com","6890244","431881085","","Was sieht ein Kunde, wenn er dich heute online überprüft?","""Vero von ProvenExpert"" <veronica@provenexpert.com>","[support@provenexpert.com]","[]","[]","2026-08-07 11:00:53","2623f6bf-3b24-4f4e-adab-8bfd6ac64b28","SENT","2623f6bf-3b24-4f4e-adab-8bfd6ac64b28","2026-08-07 11:00:53","<1786093253008.2623f6bf-3b24-4f4e-adab-8bfd6ac64b28@smtp.hubapi.com>","","","","","","","20185","AbBatch","","","","","","","","","","","","","",""
"kanzlei.caesar.preller@gmail.com","6890244","431881085","","Was sieht ein Kunde, wenn er dich heute online überprüft?","""Vero von ProvenExpert"" <veronica@provenexpert.com>","[support@provenexpert.com]","[]","[]","2026-08-07 11:00:53","90b84811-5aea-4fdd-aeb1-f9eab0821241","SENT","90b84811-5aea-4fdd-aeb1-f9eab0821241","2026-08-07 11:00:53","<1786093253327.90b84811-5aea-4fdd-aeb1-f9eab0821241@smtp.hubapi.com>","","","","","","","20185","AbBatch","","","","","","","","","","","","","",""
"kanzlei.caesar.preller@gmail.com","6890244","431881085","","Was sieht ein Kunde, wenn er dich heute online überprüft?","""Vero von ProvenExpert"" <veronica@provenexpert.com>","[support@provenexpert.com]","[]","[]","2026-08-07 11:00:53","90b84811-5aea-4fdd-aeb1-f9eab0821241","DELIVERED","3397acf4-fa6b-3a95-b064-f76ddba612a5","2026-08-07 11:00:56","<1786093253327.90b84811-5aea-4fdd-aeb1-f9eab0821241@smtp.hubapi.com>","","","","","","","20185","AbBatch","","","","","","","","","","","","","",""
"reisle@clickonmedia.de","6890244","431881086","","Was sieht ein Kunde, wenn er dich heute online überprüft?","""Vero von ProvenExpert"" <veronica@provenexpert.com>","[support@provenexpert.com]","[]","[]","2026-08-07 09:00:43","c15af873-3261-4e94-9a54-ffb2088d5ba0","SENT","c15af873-3261-4e94-9a54-ffb2088d5ba0","2026-08-07 09:00:43","<1786086043726.c15af873-3261-4e94-9a54-ffb2088d5ba0@smtp.hubapi.com>","","","","","","","20185","AbBatch","","","","","","","","","","","","","",""
"reisle@clickonmedia.de","6890244","431881086","","Was sieht ein Kunde, wenn er dich heute online überprüft?","""Vero von ProvenExpert"" <veronica@provenexpert.com>","[support@provenexpert.com]","[]","[]","2026-08-07 09:00:43","c15af873-3261-4e94-9a54-ffb2088d5ba0","DELIVERED","cbaad582-f922-3131-b38b-4dd4e142007e","2026-08-07 09:00:46","<1786086043726.c15af873-3261-4e94-9a54-ffb2088d5ba0@smtp.hubapi.com>","","","","","","","20185","AbBatch","","","","","","","","","","","","","",""
"kinderwunschzeit@gmx.net","6890244","431881087","","Eigene Reputation stärken und exklusives 30 % Rabatt-Angebot nutzen","""Vero von ProvenExpert"" <veronica@provenexpert.com>","[support@provenexpert.com]","[]","[]","2026-08-07 09:00:44","fddf6c7b-f0cc-459c-abdc-009ef88bae92","DELIVERED","39b3964b-23cb-32b5-8e16-e85c2cd25f69","2026-08-07 09:00:48","<1786086044041.fddf6c7b-f0cc-459c-abdc-009ef88bae92@smtp.hubapi.com>","","","","","","","20185","AbBatch","","","","","","","","","","","","","",""
"kinderwunschzeit@gmx.net","6890244","431881087","","Eigene Reputation stärken und exklusives 30 % Rabatt-Angebot nutzen","""Vero von ProvenExpert"" <veronica@provenexpert.com>","[support@provenexpert.com]","[]","[]","2026-08-07 09:00:44","fddf6c7b-f0cc-459c-abdc-009ef88bae92","SENT","fddf6c7b-f0cc-459c-abdc-009ef88bae92","2026-08-07 09:00:44","<1786086044041.fddf6c7b-f0cc-459c-abdc-009ef88bae92@smtp.hubapi.com>","","","","","","","20185","AbBatch","","","","","","","","","","","","","",""
"info@it-service-scholten.de","6890244","431881085","","Was sieht ein Kunde, wenn er dich heute online überprüft?","""Vero von ProvenExpert"" <veronica@provenexpert.com>","[support@provenexpert.com]","[]","[]","2026-08-07 11:00:52","566215d9-b918-4a55-8ef4-f1640db53cb4","SENT","566215d9-b918-4a55-8ef4-f1640db53cb4","2026-08-07 11:00:52","<1786093252787.566215d9-b918-4a55-8ef4-f1640db53cb4@smtp.hubapi.com>","","","","","","","20185","AbBatch","","","","","","","","","","","","","",""
"info@it-service-scholten.de","6890244","431881085","","Was sieht ein Kunde, wenn er dich heute online überprüft?","""Vero von ProvenExpert"" <veronica@provenexpert.com>","[support@provenexpert.com]","[]","[]","2026-08-07 11:00:52","566215d9-b918-4a55-8ef4-f1640db53cb4","DELIVERED","ba4778c6-58f0-3ddd-a03b-795413f99481","2026-08-07 11:01:05","<1786093252787.566215d9-b918-4a55-8ef4-f1640db53cb4@smtp.hubapi.com>","","","","","","","20185","AbBatch","","","","","","","","","","","","","",""
"kontakt@gessner-legal.de","6890244","431881085","","Was sieht ein Kunde, wenn er dich heute online überprüft?","""Vero von ProvenExpert"" <veronica@provenexpert.com>","[support@provenexpert.com]","[]","[]","2026-08-07 11:00:53","e3a18fbe-d69d-4c03-97a0-3e513b61ada1","SENT","e3a18fbe-d69d-4c03-97a0-3e513b61ada1","2026-08-07 11:00:53","<1786093253491.e3a18fbe-d69d-4c03-97a0-3e513b61ada1@smtp.hubapi.com>","","","","","","","20185","AbBatch","","","","","","","","","","","","","",""
"kontakt@gessner-legal.de","6890244","431881085","","Was sieht ein Kunde, wenn er dich heute online überprüft?","""Vero von ProvenExpert"" <veronica@provenexpert.com>","[support@provenexpert.com]","[]","[]","2026-08-07 11:00:53","e3a18fbe-d69d-4c03-97a0-3e513b61ada1","DELIVERED","785224de-4fca-3d43-9abe-1241e5838a3b","2026-08-07 11:00:58","<1786093253491.e3a18fbe-d69d-4c03-97a0-3e513b61ada1@smtp.hubapi.com>","","","","","","","20185","AbBatch","","","","","","","","","","","","","",""
"office@kolberg-immobilien.de","6890244","431881085","","Was sieht ein Kunde, wenn er dich heute online überprüft?","""Vero von ProvenExpert"" <veronica@provenexpert.com>","[support@provenexpert.com]","[]","[]","2026-08-07 11:00:53","c0b0d7fe-0393-4d79-a294-86952ce44391","SENT","c0b0d7fe-0393-4d79-a294-86952ce44391","2026-08-07 11:00:53","<1786093253613.c0b0d7fe-0393-4d79-a294-86952ce44391@smtp.hubapi.com>","","","","","","","20185","AbBatch","","","","","","","","","","","","","",""
"office@kolberg-immobilien.de","6890244","431881085","","Was sieht ein Kunde, wenn er dich heute online überprüft?","""Vero von ProvenExpert"" <veronica@provenexpert.com>","[support@provenexpert.com]","[]","[]","2026-08-07 11:00:53","c0b0d7fe-0393-4d79-a294-86952ce44391","DELIVERED","496357bc-9637-391f-b2e1-d528106d7ac9","2026-08-07 11:12:49","<1786093253613.c0b0d7fe-0393-4d79-a294-86952ce44391@smtp.hubapi.com>","","","","","","","20185","AbBatch","","","","","","","","","","","","","",""
"office@kolberg-immobilien.de","6890244","431881085","","Was sieht ein Kunde, wenn er dich heute online überprüft?","""Vero von ProvenExpert"" <veronica@provenexpert.com>","[support@provenexpert.com]","[]","[]","2026-08-07 11:00:53","c0b0d7fe-0393-4d79-a294-86952ce44391","DEFERRED","094d92d8-516a-3b17-900f-8e00d5dd4598","2026-08-07 11:03:05","<1786093253613.c0b0d7fe-0393-4d79-a294-86952ce44391@smtp.hubapi.com>","","","","","","","20185","AbBatch","","","","","","","","","","","","","",""
"it@musenhof.de","6890244","431881086","","Was sieht ein Kunde, wenn er dich heute online überprüft?","""Vero von ProvenExpert"" <veronica@provenexpert.com>","[support@provenexpert.com]","[]","[]","2026-08-07 08:59:23","6f53c4dd-7ab9-4dac-871b-e6c6143f9305","DELIVERED","45c28694-6b1e-3a5d-b9c8-f9b99f6cce54","2026-08-07 08:59:27","<1786085963778.6f53c4dd-7ab9-4dac-871b-e6c6143f9305@smtp.hubapi.com>","","","","","","","20185","AbBatch","","","","","","","","","","","","","",""
"it@musenhof.de","6890244","431881086","","Was sieht ein Kunde, wenn er dich heute online überprüft?","""Vero von ProvenExpert"" <veronica@provenexpert.com>","[support@provenexpert.com]","[]","[]","2026-08-07 08:59:23","6f53c4dd-7ab9-4dac-871b-e6c6143f9305","SENT","6f53c4dd-7ab9-4dac-871b-e6c6143f9305","2026-08-07 08:59:23","<1786085963778.6f53c4dd-7ab9-4dac-871b-e6c6143f9305@smtp.hubapi.com>","","","","","","","20185","AbBatch","","","","","","","","","","","","","",""
"info@camelentransporte.ch","6890244","431881087","","Eigene Reputation stärken und exklusives 30 % Rabatt-Angebot nutzen","""Vero von ProvenExpert"" <veronica@provenexpert.com>","[support@provenexpert.com]","[]","[]","2026-08-07 09:00:43","4ee1a21e-efb3-4aff-b790-0fa5d9b9a025","DELIVERED","9557c0cd-b357-35f6-a462-d6e57cfbbad3","2026-08-07 09:01:48","<1786086043943.4ee1a21e-efb3-4aff-b790-0fa5d9b9a025@smtp.hubapi.com>","","","","","","","20185","AbBatch","","","","","","","","","","","","","",""
"info@camelentransporte.ch","6890244","431881087","","Eigene Reputation stärken und exklusives 30 % Rabatt-Angebot nutzen","""Vero von ProvenExpert"" <veronica@provenexpert.com>","[support@provenexpert.com]","[]","[]","2026-08-07 09:00:43","4ee1a21e-efb3-4aff-b790-0fa5d9b9a025","SENT","4ee1a21e-efb3-4aff-b790-0fa5d9b9a025","2026-08-07 09:00:43","<1786086043943.4ee1a21e-efb3-4aff-b790-0fa5d9b9a025@smtp.hubapi.com>","","","","","","","20185","AbBatch","","","","","","","","","","","","","",""
"baufi@eck-oberg.com","6890244","431881086","","Was sieht ein Kunde, wenn er dich heute online überprüft?","""Vero von ProvenExpert"" <veronica@provenexpert.com>","[support@provenexpert.com]","[]","[]","2026-08-07 08:59:23","ed0091eb-2277-46ce-8459-89257c1ef15f","SENT","ed0091eb-2277-46ce-8459-89257c1ef15f","2026-08-07 08:59:23","<1786085963340.ed0091eb-2277-46ce-8459-89257c1ef15f@smtp.hubapi.com>","","","","","","","20185","AbBatch","","","","","","","","","","","","","",""
"baufi@eck-oberg.com","6890244","431881086","","Was sieht ein Kunde, wenn er dich heute online überprüft?","""Vero von ProvenExpert"" <veronica@provenexpert.com>","[support@provenexpert.com]","[]","[]","2026-08-07 08:59:23","ed0091eb-2277-46ce-8459-89257c1ef15f","OPEN","4d8781e2-3c67-39be-8583-62185f07e35f","2026-08-07 09:04:27","<1786085963340.ed0091eb-2277-46ce-8459-89257c1ef15f@smtp.hubapi.com>","","","","","","","20185","AbBatch","Mozilla/5.0 (Linux; Android 16; SM-S911B Build/BP4A.251205.006; wv) AppleWebKit/537.36 (KHTML, like Gecko) Version/4.0 Chrome/150.0.7871.181 Mobile Safari/537.36","kiel","schleswig-holstein","GERMANY","","","","33244","","","","","",""
"baufi@eck-oberg.com","6890244","431881086","","Was sieht ein Kunde, wenn er dich heute online überprüft?","""Vero von ProvenExpert"" <veronica@provenexpert.com>","[support@provenexpert.com]","[]","[]","2026-08-07 08:59:23","ed0091eb-2277-46ce-8459-89257c1ef15f","DELIVERED","b0e3fd7d-01c7-36b2-8c50-95a48e12bd2e","2026-08-07 08:59:26","<1786085963340.ed0091eb-2277-46ce-8459-89257c1ef15f@smtp.hubapi.com>","","","","","","","20185","AbBatch","","","","","","","","","","","","","",""
"info@autofabrik-bodensee.de","6890244","431881087","","Eigene Reputation stärken und exklusives 30 % Rabatt-Angebot nutzen","""Vero von ProvenExpert"" <veronica@provenexpert.com>","[support@provenexpert.com]","[]","[]","2026-08-07 09:00:44","8311c29d-f6bf-4067-93f7-b15409b1f5bf","DEFERRED","d7562f78-78b2-3930-891f-4ff1aa78089a","2026-08-07 09:01:07","<1786086044143.8311c29d-f6bf-4067-93f7-b15409b1f5bf@smtp.hubapi.com>","","","","","","","20185","AbBatch","","","","","","","","","","","","","",""
"info@autofabrik-bodensee.de","6890244","431881087","","Eigene Reputation stärken und exklusives 30 % Rabatt-Angebot nutzen","""Vero von ProvenExpert"" <veronica@provenexpert.com>","[support@provenexpert.com]","[]","[]","2026-08-07 09:00:44","8311c29d-f6bf-4067-93f7-b15409b1f5bf","SENT","8311c29d-f6bf-4067-93f7-b15409b1f5bf","2026-08-07 09:00:44","<1786086044143.8311c29d-f6bf-4067-93f7-b15409b1f5bf@smtp.hubapi.com>","","","","","","","20185","AbBatch","","","","","","","","","","","","","",""
"nuernberg-st.johannis@bodystreet.com","6890244","431881086","","Was sieht ein Kunde, wenn er dich heute online überprüft?","""Vero von ProvenExpert"" <veronica@provenexpert.com>","[support@provenexpert.com]","[]","[]","2026-08-07 08:59:23","a5512465-7186-4ac0-a918-e038045bf3e4","DROPPED","a5512465-7186-4ac0-a918-e038045bf3e4","2026-08-07 08:59:23","<1786085963404.a5512465-7186-4ac0-a918-e038045bf3e4@smtp.hubapi.com>","","","397d9f70-6fb7-3fa4-b75b-09abed5b0eb3","2026-05-27 11:23:30","PREVIOUSLY_BOUNCED","Recipient has previously bounced.","20185","AbBatch","","","","","","","","","550","550 5.4.1","550 5.4.1","","",""
"info@autofabrik-bodensee.de","6890244","431881087","","Eigene Reputation stärken und exklusives 30 % Rabatt-Angebot nutzen","""Vero von ProvenExpert"" <veronica@provenexpert.com>","[support@provenexpert.com]","[]","[]","2026-08-07 09:00:44","8311c29d-f6bf-4067-93f7-b15409b1f5bf","DELIVERED","7f549d9d-7c24-328d-90bc-4fdb6d3a420b","2026-08-07 11:01:08","<1786086044143.8311c29d-f6bf-4067-93f7-b15409b1f5bf@smtp.hubapi.com>","","","","","","","20185","AbBatch","","","","","","","","","","","","","",""
"klaus@unterseer.de","6890244","431881086","","Was sieht ein Kunde, wenn er dich heute online überprüft?","""Vero von ProvenExpert"" <veronica@provenexpert.com>","[support@provenexpert.com]","[]","[]","2026-08-07 08:59:23","9e224847-ec19-48e1-a677-789c9f734611","SENT","9e224847-ec19-48e1-a677-789c9f734611","2026-08-07 08:59:23","<1786085963571.9e224847-ec19-48e1-a677-789c9f734611@smtp.hubapi.com>","","","","","","","20185","AbBatch","","","","","","","","","","","","","",""
"klaus@unterseer.de","6890244","431881086","","Was sieht ein Kunde, wenn er dich heute online überprüft?","""Vero von ProvenExpert"" <veronica@provenexpert.com>","[support@provenexpert.com]","[]","[]","2026-08-07 08:59:23","9e224847-ec19-48e1-a677-789c9f734611","DELIVERED","ba56a33d-384b-3cdd-97b6-e0088a60ea98","2026-08-07 08:59:27","<1786085963571.9e224847-ec19-48e1-a677-789c9f734611@smtp.hubapi.com>","","","","","","","20185","AbBatch","","","","","","","","","","","","","",""
"lwz@gmx.de","6890244","431881087","","Eigene Reputation stärken und exklusives 30 % Rabatt-Angebot nutzen","""Vero von ProvenExpert"" <veronica@provenexpert.com>","[support@provenexpert.com]","[]","[]","2026-08-07 09:00:44","a66799a5-94cb-460e-acf3-18a6eed75629","DELIVERED","cf9d8461-18d0-3050-ac15-9293b50c9532","2026-08-07 09:00:49","<1786086044268.a66799a5-94cb-460e-acf3-18a6eed75629@smtp.hubapi.com>","","","","","","","20185","AbBatch","","","","","","","","","","","","","",""
"lwz@gmx.de","6890244","431881087","","Eigene Reputation stärken und exklusives 30 % Rabatt-Angebot nutzen","""Vero von ProvenExpert"" <veronica@provenexpert.com>","[support@provenexpert.com]","[]","[]","2026-08-07 09:00:44","a66799a5-94cb-460e-acf3-18a6eed75629","SENT","a66799a5-94cb-460e-acf3-18a6eed75629","2026-08-07 09:00:44","<1786086044268.a66799a5-94cb-460e-acf3-18a6eed75629@smtp.hubapi.com>","","","","","","","20185","AbBatch","","","","","","","","","","","","","",""
"vmk@heikogerstner.com","6890244","431881085","","Was sieht ein Kunde, wenn er dich heute online überprüft?","""Vero von ProvenExpert"" <veronica@provenexpert.com>","[support@provenexpert.com]","[]","[]","2026-08-07 11:00:52","170a3c8a-e06d-4c01-9a76-45a6bf5333b0","SENT","170a3c8a-e06d-4c01-9a76-45a6bf5333b0","2026-08-07 11:00:52","<1786093252987.170a3c8a-e06d-4c01-9a76-45a6bf5333b0@smtp.hubapi.com>","","","","","","","20185","AbBatch","","","","","","","","","","","","","",""
"vmk@heikogerstner.com","6890244","431881085","","Was sieht ein Kunde, wenn er dich heute online überprüft?","""Vero von ProvenExpert"" <veronica@provenexpert.com>","[support@provenexpert.com]","[]","[]","2026-08-07 11:00:52","170a3c8a-e06d-4c01-9a76-45a6bf5333b0","DELIVERED","dc560fe1-216e-3070-8b89-66e2dff87c88","2026-08-07 11:00:56","<1786093252987.170a3c8a-e06d-4c01-9a76-45a6bf5333b0@smtp.hubapi.com>","","","","","","","20185","AbBatch","","","","","","","","","","","","","",""
"hendrik.mueller@defru.de","6890244","431881085","","Was sieht ein Kunde, wenn er dich heute online überprüft?","""Vero von ProvenExpert"" <veronica@provenexpert.com>","[support@provenexpert.com]","[]","[]","2026-08-07 11:00:53","1efa9c35-eeef-4b90-b48e-0f2203a607d0","DELIVERED","2f94d99d-f219-32bf-bfde-ceeafa16d2bd","2026-08-07 11:00:56","<1786093253133.1efa9c35-eeef-4b90-b48e-0f2203a607d0@smtp.hubapi.com>","","","","","","","20185","AbBatch","","","","","","","","","","","","","",""
"hendrik.mueller@defru.de","6890244","431881085","","Was sieht ein Kunde, wenn er dich heute online überprüft?","""Vero von ProvenExpert"" <veronica@provenexpert.com>","[support@provenexpert.com]","[]","[]","2026-08-07 11:00:53","1efa9c35-eeef-4b90-b48e-0f2203a607d0","SENT","1efa9c35-eeef-4b90-b48e-0f2203a607d0","2026-08-07 11:00:53","<1786093253133.1efa9c35-eeef-4b90-b48e-0f2203a607d0@smtp.hubapi.com>","","","","","","","20185","AbBatch","","","","","","","","","","","","","",""
"social@hartmann-haushaltsaufloesungen.de","6890244","431881087","","Eigene Reputation stärken und exklusives 30 % Rabatt-Angebot nutzen","""Vero von ProvenExpert"" <veronica@provenexpert.com>","[support@provenexpert.com]","[]","[]","2026-08-07 09:00:43","07820946-ae49-4c94-b5db-662e9e1e2ffc","DROPPED","07820946-ae49-4c94-b5db-662e9e1e2ffc","2026-08-07 09:00:43","<1786086043764.07820946-ae49-4c94-b5db-662e9e1e2ffc@smtp.hubapi.com>","","","f1327737-a5a5-367a-afd5-a1b50e653eea","2020-06-19 17:36:58","PREVIOUSLY_BOUNCED","Recipient has previously bounced.","20185","AbBatch","","","","","","","","","550","550 5.1.1 <social@hartmann-haushaltsaufloesungen.de>: Recipient address rejected: User unknown in virtual mailbox table","550 5.1.1 <social@hartmann-haushaltsaufloesungen.de>: Recipient address rejected: User unknown in virtual mailbox table","","",""
"muftester+blubber123@googlemail.com","6890244","431881086","","Was sieht ein Kunde, wenn er dich heute online überprüft?","""Vero von ProvenExpert"" <veronica@provenexpert.com>","[support@provenexpert.com]","[]","[]","2026-08-07 08:59:23","78c395fb-2ac8-4d7d-82e4-a94bd894606c","SENT","78c395fb-2ac8-4d7d-82e4-a94bd894606c","2026-08-07 08:59:23","<1786085963734.78c395fb-2ac8-4d7d-82e4-a94bd894606c@smtp.hubapi.com>","","","","","","","20185","AbBatch","","","","","","","","","","","","","",""
"muftester+blubber123@googlemail.com","6890244","431881086","","Was sieht ein Kunde, wenn er dich heute online überprüft?","""Vero von ProvenExpert"" <veronica@provenexpert.com>","[support@provenexpert.com]","[]","[]","2026-08-07 08:59:23","78c395fb-2ac8-4d7d-82e4-a94bd894606c","DELIVERED","d6b822a9-3cde-3929-be09-c58b7464959d","2026-08-07 08:59:25","<1786085963734.78c395fb-2ac8-4d7d-82e4-a94bd894606c@smtp.hubapi.com>","","","","","","","20185","AbBatch","","","","","","","","","","","","","",""
"info@schoenheitszentrum.de","6890244","431881086","","Was sieht ein Kunde, wenn er dich heute online überprüft?","""Vero von ProvenExpert"" <veronica@provenexpert.com>","[support@provenexpert.com]","[]","[]","2026-08-07 09:00:43","3ca6413a-9512-47e3-ac4c-d7eaae517a47","DELIVERED","d473778d-b10c-3157-b5dc-59639d1600e4","2026-08-07 09:00:45","<1786086043643.3ca6413a-9512-47e3-ac4c-d7eaae517a47@smtp.hubapi.com>","","","","","","","20185","AbBatch","","","","","","","","","","","","","",""
"info@schoenheitszentrum.de","6890244","431881086","","Was sieht ein Kunde, wenn er dich heute online überprüft?","""Vero von ProvenExpert"" <veronica@provenexpert.com>","[support@provenexpert.com]","[]","[]","2026-08-07 09:00:43","3ca6413a-9512-47e3-ac4c-d7eaae517a47","SENT","3ca6413a-9512-47e3-ac4c-d7eaae517a47","2026-08-07 09:00:43","<1786086043643.3ca6413a-9512-47e3-ac4c-d7eaae517a47@smtp.hubapi.com>","","","","","","","20185","AbBatch","","","","","","","","","","","","","",""
"lindenbijouterie@gmail.com","6890244","431881087","","Eigene Reputation stärken und exklusives 30 % Rabatt-Angebot nutzen","""Vero von ProvenExpert"" <veronica@provenexpert.com>","[support@provenexpert.com]","[]","[]","2026-08-07 09:00:43","01adf8c3-fbcc-462a-bef3-5f21c8122cd8","SENT","01adf8c3-fbcc-462a-bef3-5f21c8122cd8","2026-08-07 09:00:43","<1786086043987.01adf8c3-fbcc-462a-bef3-5f21c8122cd8@smtp.hubapi.com>","","","","","","","20185","AbBatch","","","","","","","","","","","","","",""
"lindenbijouterie@gmail.com","6890244","431881087","","Eigene Reputation stärken und exklusives 30 % Rabatt-Angebot nutzen","""Vero von ProvenExpert"" <veronica@provenexpert.com>","[support@provenexpert.com]","[]","[]","2026-08-07 09:00:43","01adf8c3-fbcc-462a-bef3-5f21c8122cd8","DELIVERED","adec87c4-7362-34a7-b968-f160e5ab3b4e","2026-08-07 09:00:46","<1786086043987.01adf8c3-fbcc-462a-bef3-5f21c8122cd8@smtp.hubapi.com>","","","","","","","20185","AbBatch","","","","","","","","","","","","","",""
"d.farrenkopf@dvm.de","6890244","431881086","","Was sieht ein Kunde, wenn er dich heute online überprüft?","""Vero von ProvenExpert"" <veronica@provenexpert.com>","[support@provenexpert.com]","[]","[]","2026-08-07 08:59:23","39914aaa-bbb2-46e2-85dc-3556a634b547","DELIVERED","5ad6522f-99e0-3edb-8383-9b21ee3935a9","2026-08-07 08:59:28","<1786085963694.39914aaa-bbb2-46e2-85dc-3556a634b547@smtp.hubapi.com>","","","","","","","20185","AbBatch","","","","","","","","","","","","","",""
"d.farrenkopf@dvm.de","6890244","431881086","","Was sieht ein Kunde, wenn er dich heute online überprüft?","""Vero von ProvenExpert"" <veronica@provenexpert.com>","[support@provenexpert.com]","[]","[]","2026-08-07 08:59:23","39914aaa-bbb2-46e2-85dc-3556a634b547","SENT","39914aaa-bbb2-46e2-85dc-3556a634b547","2026-08-07 08:59:23","<1786085963694.39914aaa-bbb2-46e2-85dc-3556a634b547@smtp.hubapi.com>","","","","","","","20185","AbBatch","","","","","","","","","","","","","",""
"m.thoene@via-fb.de","6890244","431881086","","Was sieht ein Kunde, wenn er dich heute online überprüft?","""Vero von ProvenExpert"" <veronica@provenexpert.com>","[support@provenexpert.com]","[]","[]","2026-08-07 09:00:43","5be55a7d-8abf-4bb3-aa0d-31ca7a8cebd3","DELIVERED","63fe34a6-c137-3dd9-90f8-94f6644bed88","2026-08-07 09:00:47","<1786086043824.5be55a7d-8abf-4bb3-aa0d-31ca7a8cebd3@smtp.hubapi.com>","","","","","","","20185","AbBatch","","","","","","","","","","","","","",""
"m.thoene@via-fb.de","6890244","431881086","","Was sieht ein Kunde, wenn er dich heute online überprüft?","""Vero von ProvenExpert"" <veronica@provenexpert.com>","[support@provenexpert.com]","[]","[]","2026-08-07 09:00:43","5be55a7d-8abf-4bb3-aa0d-31ca7a8cebd3","SENT","5be55a7d-8abf-4bb3-aa0d-31ca7a8cebd3","2026-08-07 09:00:43","<1786086043824.5be55a7d-8abf-4bb3-aa0d-31ca7a8cebd3@smtp.hubapi.com>","","","","","","","20185","AbBatch","","","","","","","","","","","","","",""
"duesseldorf@schneiderrechtsanwaelte.de","6890244","431881085","","Was sieht ein Kunde, wenn er dich heute online überprüft?","""Vero von ProvenExpert"" <veronica@provenexpert.com>","[support@provenexpert.com]","[]","[]","2026-08-07 11:00:52","c526fdab-4645-4cd2-994d-0db62fb17491","SENT","c526fdab-4645-4cd2-994d-0db62fb17491","2026-08-07 11:00:52","<1786093252979.c526fdab-4645-4cd2-994d-0db62fb17491@smtp.hubapi.com>","","","","","","","20185","AbBatch","","","","","","","","","","","","","",""
"duesseldorf@schneiderrechtsanwaelte.de","6890244","431881085","","Was sieht ein Kunde, wenn er dich heute online überprüft?","""Vero von ProvenExpert"" <veronica@provenexpert.com>","[support@provenexpert.com]","[]","[]","2026-08-07 11:00:52","c526fdab-4645-4cd2-994d-0db62fb17491","DELIVERED","9e2d2046-9839-36a0-8009-8c6cb3407f3e","2026-08-07 11:00:56","<1786093252979.c526fdab-4645-4cd2-994d-0db62fb17491@smtp.hubapi.com>","","","","","","","20185","AbBatch","","","","","","","","","","","","","",""
"zentrale@ra-lw.de","6890244","431881087","","Eigene Reputation stärken und exklusives 30 % Rabatt-Angebot nutzen","""Vero von ProvenExpert"" <veronica@provenexpert.com>","[support@provenexpert.com]","[]","[]","2026-08-07 09:00:43","73212849-1dc1-41bb-9159-91b5a55e3893","DELIVERED","d4f78bfa-cdb5-3210-bb49-382cafcba09f","2026-08-07 09:00:48","<1786086043760.73212849-1dc1-41bb-9159-91b5a55e3893@smtp.hubapi.com>","","","","","","","20185","AbBatch","","","","","","","","","","","","","",""
"zentrale@ra-lw.de","6890244","431881087","","Eigene Reputation stärken und exklusives 30 % Rabatt-Angebot nutzen","""Vero von ProvenExpert"" <veronica@provenexpert.com>","[support@provenexpert.com]","[]","[]","2026-08-07 09:00:43","73212849-1dc1-41bb-9159-91b5a55e3893","SENT","73212849-1dc1-41bb-9159-91b5a55e3893","2026-08-07 09:00:43","<1786086043760.73212849-1dc1-41bb-9159-91b5a55e3893@smtp.hubapi.com>","","","","","","","20185","AbBatch","","","","","","","","","","","","","",""
"rechnung@noack-statistik.de","6890244","431881085","","Was sieht ein Kunde, wenn er dich heute online überprüft?","""Vero von ProvenExpert"" <veronica@provenexpert.com>","[support@provenexpert.com]","[]","[]","2026-08-07 11:00:52","9d156b32-eed2-4118-aae3-25bf953f856e","SENT","9d156b32-eed2-4118-aae3-25bf953f856e","2026-08-07 11:00:52","<1786093252684.9d156b32-eed2-4118-aae3-25bf953f856e@smtp.hubapi.com>","","","","","","","20185","AbBatch","","","","","","","","","","","","","",""
"rechnung@noack-statistik.de","6890244","431881085","","Was sieht ein Kunde, wenn er dich heute online überprüft?","""Vero von ProvenExpert"" <veronica@provenexpert.com>","[support@provenexpert.com]","[]","[]","2026-08-07 11:00:52","9d156b32-eed2-4118-aae3-25bf953f856e","DELIVERED","2c19b834-10a1-361f-b36f-19a4a383803a","2026-08-07 11:00:54","<1786093252684.9d156b32-eed2-4118-aae3-25bf953f856e@smtp.hubapi.com>","","","","","","","20185","AbBatch","","","","","","","","","","","","","",""
"info@heiko-helfrich.de","6890244","431881085","","Was sieht ein Kunde, wenn er dich heute online überprüft?","""Vero von ProvenExpert"" <veronica@provenexpert.com>","[support@provenexpert.com]","[]","[]","2026-08-07 11:00:53","dde0c697-8020-4471-a548-9594c837f49a","SENT","dde0c697-8020-4471-a548-9594c837f49a","2026-08-07 11:00:53","<1786093253151.dde0c697-8020-4471-a548-9594c837f49a@smtp.hubapi.com>","","","","","","","20185","AbBatch","","","","","","","","","","","","","",""
"info@heiko-helfrich.de","6890244","431881085","","Was sieht ein Kunde, wenn er dich heute online überprüft?","""Vero von ProvenExpert"" <veronica@provenexpert.com>","[support@provenexpert.com]","[]","[]","2026-08-07 11:00:53","dde0c697-8020-4471-a548-9594c837f49a","DELIVERED","3cdd5259-7f9b-3689-bd93-a96dab134248","2026-08-07 11:00:58","<1786093253151.dde0c697-8020-4471-a548-9594c837f49a@smtp.hubapi.com>","","","","","","","20185","AbBatch","","","","","","","","","","","","","",""
"administrator@funke-service.com","6890244","431881085","","Was sieht ein Kunde, wenn er dich heute online überprüft?","""Vero von ProvenExpert"" <veronica@provenexpert.com>","[support@provenexpert.com]","[]","[]","2026-08-07 11:00:53","8395ab94-ad0a-4cc8-8372-2646902a74df","DELIVERED","e35ec599-01db-304f-9f4b-ec04edb7e92f","2026-08-07 11:00:57","<1786093253771.8395ab94-ad0a-4cc8-8372-2646902a74df@smtp.hubapi.com>","","","","","","","20185","AbBatch","","","","","","","","","","","","","",""
"administrator@funke-service.com","6890244","431881085","","Was sieht ein Kunde, wenn er dich heute online überprüft?","""Vero von ProvenExpert"" <veronica@provenexpert.com>","[support@provenexpert.com]","[]","[]","2026-08-07 11:00:53","8395ab94-ad0a-4cc8-8372-2646902a74df","SENT","8395ab94-ad0a-4cc8-8372-2646902a74df","2026-08-07 11:00:53","<1786093253771.8395ab94-ad0a-4cc8-8372-2646902a74df@smtp.hubapi.com>","","","","","","","20185","AbBatch","","","","","","","","","","","","","",""
"andre.lipka@hoerakustikjobs.de","6890244","431881087","","Eigene Reputation stärken und exklusives 30 % Rabatt-Angebot nutzen","""Vero von ProvenExpert"" <veronica@provenexpert.com>","[support@provenexpert.com]","[]","[]","2026-08-07 09:00:43","b8211e0e-6f33-45fc-8384-c42d380fa456","SENT","b8211e0e-6f33-45fc-8384-c42d380fa456","2026-08-07 09:00:43","<1786086043663.b8211e0e-6f33-45fc-8384-c42d380fa456@smtp.hubapi.com>","","","","","","","20185","AbBatch","","","","","","","","","","","","","",""
"andre.lipka@hoerakustikjobs.de","6890244","431881087","","Eigene Reputation stärken und exklusives 30 % Rabatt-Angebot nutzen","""Vero von ProvenExpert"" <veronica@provenexpert.com>","[support@provenexpert.com]","[]","[]","2026-08-07 09:00:43","b8211e0e-6f33-45fc-8384-c42d380fa456","DELIVERED","5ee61fda-1252-3cc6-8c0a-f9919ccd259e","2026-08-07 09:00:46","<1786086043663.b8211e0e-6f33-45fc-8384-c42d380fa456@smtp.hubapi.com>","","","","","","","20185","AbBatch","","","","","","","","","","","","","",""
"echterdingen@visityou.de","6890244","431881086","","Was sieht ein Kunde, wenn er dich heute online überprüft?","""Vero von ProvenExpert"" <veronica@provenexpert.com>","[support@provenexpert.com]","[]","[]","2026-08-07 08:59:23","c760d59b-0c6c-4bc2-b375-12c13872a1ab","SENT","c760d59b-0c6c-4bc2-b375-12c13872a1ab","2026-08-07 08:59:23","<1786085963564.c760d59b-0c6c-4bc2-b375-12c13872a1ab@smtp.hubapi.com>","","","","","","","20185","AbBatch","","","","","","","","","","","","","",""
"echterdingen@visityou.de","6890244","431881086","","Was sieht ein Kunde, wenn er dich heute online überprüft?","""Vero von ProvenExpert"" <veronica@provenexpert.com>","[support@provenexpert.com]","[]","[]","2026-08-07 08:59:23","c760d59b-0c6c-4bc2-b375-12c13872a1ab","DELIVERED","cc224efc-a30b-3106-998c-3f0697b16764","2026-08-07 08:59:26","<1786085963564.c760d59b-0c6c-4bc2-b375-12c13872a1ab@smtp.hubapi.com>","","","","","","","20185","AbBatch","","","","","","","","","","","","","",""
"info@mast-media.de","6890244","431881087","","Eigene Reputation stärken und exklusives 30 % Rabatt-Angebot nutzen","""Vero von ProvenExpert"" <veronica@provenexpert.com>","[support@provenexpert.com]","[]","[]","2026-08-07 09:00:44","a30a2548-8d75-4ea5-934f-7ffd4156345b","SENT","a30a2548-8d75-4ea5-934f-7ffd4156345b","2026-08-07 09:00:44","<1786086044115.a30a2548-8d75-4ea5-934f-7ffd4156345b@smtp.hubapi.com>","","","","","","","20185","AbBatch","","","","","","","","","","","","","",""
"info@mast-media.de","6890244","431881087","","Eigene Reputation stärken und exklusives 30 % Rabatt-Angebot nutzen","""Vero von ProvenExpert"" <veronica@provenexpert.com>","[support@provenexpert.com]","[]","[]","2026-08-07 09:00:44","a30a2548-8d75-4ea5-934f-7ffd4156345b","DELIVERED","40618c28-e5f5-3661-8fd4-c08f6b964dbd","2026-08-07 09:00:48","<1786086044115.a30a2548-8d75-4ea5-934f-7ffd4156345b@smtp.hubapi.com>","","","","","","","20185","AbBatch","","","","","","","","","","","","","",""
"buchhaltung@pflegeherzen.de","6890244","431881087","","Eigene Reputation stärken und exklusives 30 % Rabatt-Angebot nutzen","""Vero von ProvenExpert"" <veronica@provenexpert.com>","[support@provenexpert.com]","[]","[]","2026-08-07 09:00:43","55efccf6-6d10-4b90-8c52-9174b7719d95","SENT","55efccf6-6d10-4b90-8c52-9174b7719d95","2026-08-07 09:00:43","<1786086043649.55efccf6-6d10-4b90-8c52-9174b7719d95@smtp.hubapi.com>","","","","","","","20185","AbBatch","","","","","","","","","","","","","",""
"buchhaltung@pflegeherzen.de","6890244","431881087","","Eigene Reputation stärken und exklusives 30 % Rabatt-Angebot nutzen","""Vero von ProvenExpert"" <veronica@provenexpert.com>","[support@provenexpert.com]","[]","[]","2026-08-07 09:00:43","55efccf6-6d10-4b90-8c52-9174b7719d95","DELIVERED","345f1a3c-81a6-3b06-b259-f8b5921e6258","2026-08-07 09:00:45","<1786086043649.55efccf6-6d10-4b90-8c52-9174b7719d95@smtp.hubapi.com>","","","","","","","20185","AbBatch","","","","","","","","","","","","","",""
"info@goettle-partner.de","6890244","431881087","","Eigene Reputation stärken und exklusives 30 % Rabatt-Angebot nutzen","""Vero von ProvenExpert"" <veronica@provenexpert.com>","[support@provenexpert.com]","[]","[]","2026-08-07 09:00:43","01f7564c-e00a-45a2-a3f0-49cc30e0ef78","SENT","01f7564c-e00a-45a2-a3f0-49cc30e0ef78","2026-08-07 09:00:43","<1786086043818.01f7564c-e00a-45a2-a3f0-49cc30e0ef78@smtp.hubapi.com>","","","","","","","20185","AbBatch","","","","","","","","","","","","","",""
"info@goettle-partner.de","6890244","431881087","","Eigene Reputation stärken und exklusives 30 % Rabatt-Angebot nutzen","""Vero von ProvenExpert"" <veronica@provenexpert.com>","[support@provenexpert.com]","[]","[]","2026-08-07 09:00:43","01f7564c-e00a-45a2-a3f0-49cc30e0ef78","OPEN","09849e6b-c963-37ea-a8e3-527330e8f3c5","2026-08-07 09:02:46","<1786086043818.01f7564c-e00a-45a2-a3f0-49cc30e0ef78@smtp.hubapi.com>","","","","","","","20185","AbBatch","Mozilla/5.0 (Windows NT 5.1; rv:11.0) Gecko Firefox/11.0 (via ggpht.com GoogleImageProxy)","Unknown","Unknown","Unknown","","","","0","","","","","",""
"info@goettle-partner.de","6890244","431881087","","Eigene Reputation stärken und exklusives 30 % Rabatt-Angebot nutzen","""Vero von ProvenExpert"" <veronica@provenexpert.com>","[support@provenexpert.com]","[]","[]","2026-08-07 09:00:43","01f7564c-e00a-45a2-a3f0-49cc30e0ef78","OPEN","a9ebc766-408e-3d32-b7e1-f7e514c00c6e","2026-08-07 09:00:50","<1786086043818.01f7564c-e00a-45a2-a3f0-49cc30e0ef78@smtp.hubapi.com>","","","","","","","20185","AbBatch","Mozilla/5.0 (Windows NT 5.1; rv:11.0) Gecko Firefox/11.0 (via ggpht.com GoogleImageProxy)","Unknown","Unknown","Unknown","","","","0","","","","","",""
"info@goettle-partner.de","6890244","431881087","","Eigene Reputation stärken und exklusives 30 % Rabatt-Angebot nutzen","""Vero von ProvenExpert"" <veronica@provenexpert.com>","[support@provenexpert.com]","[]","[]","2026-08-07 09:00:43","01f7564c-e00a-45a2-a3f0-49cc30e0ef78","DELIVERED","e8986c0c-327d-39b2-ac12-849ce4de8be6","2026-08-07 09:00:45","<1786086043818.01f7564c-e00a-45a2-a3f0-49cc30e0ef78@smtp.hubapi.com>","","","","","","","20185","AbBatch","","","","","","","","","","","","","",""
"info@federkielundpartner.de","6890244","431881085","","Was sieht ein Kunde, wenn er dich heute online überprüft?","""Vero von ProvenExpert"" <veronica@provenexpert.com>","[support@provenexpert.com]","[]","[]","2026-08-07 11:00:53","d9ad0d60-676a-4d75-9a4d-ffe67cb2f095","DELIVERED","f4f1b80f-b1f7-3a55-a7fe-4d8471565222","2026-08-07 13:13:28","<1786093253398.d9ad0d60-676a-4d75-9a4d-ffe67cb2f095@smtp.hubapi.com>","","","","","","","20185","AbBatch","","","","","","","","","","","","","",""
"info@federkielundpartner.de","6890244","431881085","","Was sieht ein Kunde, wenn er dich heute online überprüft?","""Vero von ProvenExpert"" <veronica@provenexpert.com>","[support@provenexpert.com]","[]","[]","2026-08-07 11:00:53","d9ad0d60-676a-4d75-9a4d-ffe67cb2f095","DEFERRED","2ba2c601-4c7c-3bf0-8e46-71995fe1e56e","2026-08-07 11:03:00","<1786093253398.d9ad0d60-676a-4d75-9a4d-ffe67cb2f095@smtp.hubapi.com>","","","","","","","20185","AbBatch","","","","","","","","","","","","","",""
"info@federkielundpartner.de","6890244","431881085","","Was sieht ein Kunde, wenn er dich heute online überprüft?","""Vero von ProvenExpert"" <veronica@provenexpert.com>","[support@provenexpert.com]","[]","[]","2026-08-07 11:00:53","d9ad0d60-676a-4d75-9a4d-ffe67cb2f095","DEFERRED","42e9e159-2f47-3b57-a11e-48d677ad90ed","2026-08-07 11:13:26","<1786093253398.d9ad0d60-676a-4d75-9a4d-ffe67cb2f095@smtp.hubapi.com>","","","","","","","20185","AbBatch","","","","","","","","","","","","","",""
"info@federkielundpartner.de","6890244","431881085","","Was sieht ein Kunde, wenn er dich heute online überprüft?","""Vero von ProvenExpert"" <veronica@provenexpert.com>","[support@provenexpert.com]","[]","[]","2026-08-07 11:00:53","d9ad0d60-676a-4d75-9a4d-ffe67cb2f095","SENT","d9ad0d60-676a-4d75-9a4d-ffe67cb2f095","2026-08-07 11:00:53","<1786093253398.d9ad0d60-676a-4d75-9a4d-ffe67cb2f095@smtp.hubapi.com>","","","","","","","20185","AbBatch","","","","","","","","","","","","","",""
"info@stein-doktor.de","6890244","431881086","","Was sieht ein Kunde, wenn er dich heute online überprüft?","""Vero von ProvenExpert"" <veronica@provenexpert.com>","[support@provenexpert.com]","[]","[]","2026-08-07 08:59:23","dc2ceb6d-ec7b-4ac2-9b6d-33eeda2f1558","DELIVERED","c54eda9c-43eb-3eea-bf81-ff98b2986aac","2026-08-07 08:59:27","<1786085963503.dc2ceb6d-ec7b-4ac2-9b6d-33eeda2f1558@smtp.hubapi.com>","","","","","","","20185","AbBatch","","","","","","","","","","","","","",""
"info@stein-doktor.de","6890244","431881086","","Was sieht ein Kunde, wenn er dich heute online überprüft?","""Vero von ProvenExpert"" <veronica@provenexpert.com>","[support@provenexpert.com]","[]","[]","2026-08-07 08:59:23","dc2ceb6d-ec7b-4ac2-9b6d-33eeda2f1558","SENT","dc2ceb6d-ec7b-4ac2-9b6d-33eeda2f1558","2026-08-07 08:59:23","<1786085963503.dc2ceb6d-ec7b-4ac2-9b6d-33eeda2f1558@smtp.hubapi.com>","","","","","","","20185","AbBatch","","","","","","","","","","","","","",""
"info@produm-clean.de","6890244","431881086","","Was sieht ein Kunde, wenn er dich heute online überprüft?","""Vero von ProvenExpert"" <veronica@provenexpert.com>","[support@provenexpert.com]","[]","[]","2026-08-07 09:00:43","982c582c-0365-43ec-97bb-ae84cda629d4","DELIVERED","54dba432-ab9d-3d2a-a8d3-fb420b43dd5b","2026-08-07 09:00:47","<1786086043892.982c582c-0365-43ec-97bb-ae84cda629d4@smtp.hubapi.com>","","","","","","","20185","AbBatch","","","","","","","","","","","","","",""
"info@produm-clean.de","6890244","431881086","","Was sieht ein Kunde, wenn er dich heute online überprüft?","""Vero von ProvenExpert"" <veronica@provenexpert.com>","[support@provenexpert.com]","[]","[]","2026-08-07 09:00:43","982c582c-0365-43ec-97bb-ae84cda629d4","SENT","982c582c-0365-43ec-97bb-ae84cda629d4","2026-08-07 09:00:43","<1786086043892.982c582c-0365-43ec-97bb-ae84cda629d4@smtp.hubapi.com>","","","","","","","20185","AbBatch","","","","","","","","","","","","","",""
"info@raheinemann.de","6890244","431881086","","Was sieht ein Kunde, wenn er dich heute online überprüft?","""Vero von ProvenExpert"" <veronica@provenexpert.com>","[support@provenexpert.com]","[]","[]","2026-08-07 09:00:43","3cdc19b6-fb9c-4c54-9d70-47a7060193f8","DELIVERED","cfbe8cf3-eb56-3a9e-a83a-cdc41d3e836b","2026-08-07 09:12:06","<1786086043998.3cdc19b6-fb9c-4c54-9d70-47a7060193f8@smtp.hubapi.com>","","","","","","","20185","AbBatch","","","","","","","","","","","","","",""
"info@raheinemann.de","6890244","431881086","","Was sieht ein Kunde, wenn er dich heute online überprüft?","""Vero von ProvenExpert"" <veronica@provenexpert.com>","[support@provenexpert.com]","[]","[]","2026-08-07 09:00:43","3cdc19b6-fb9c-4c54-9d70-47a7060193f8","SENT","3cdc19b6-fb9c-4c54-9d70-47a7060193f8","2026-08-07 09:00:43","<1786086043998.3cdc19b6-fb9c-4c54-9d70-47a7060193f8@smtp.hubapi.com>","","","","","","","20185","AbBatch","","","","","","","","","","","","","",""
"info@raheinemann.de","6890244","431881086","","Was sieht ein Kunde, wenn er dich heute online überprüft?","""Vero von ProvenExpert"" <veronica@provenexpert.com>","[support@provenexpert.com]","[]","[]","2026-08-07 09:00:43","3cdc19b6-fb9c-4c54-9d70-47a7060193f8","DEFERRED","868476ae-ae27-3e99-a529-bdbf2bf243e2","2026-08-07 09:02:49","<1786086043998.3cdc19b6-fb9c-4c54-9d70-47a7060193f8@smtp.hubapi.com>","","","","","","","20185","AbBatch","","","","","","","","","","","","","",""
"info@tauchversandonline.de","6890244","431881086","","Was sieht ein Kunde, wenn er dich heute online überprüft?","""Vero von ProvenExpert"" <veronica@provenexpert.com>","[support@provenexpert.com]","[]","[]","2026-08-07 08:59:23","17908805-0ada-4adf-9a07-e98533c54bd3","SENT","17908805-0ada-4adf-9a07-e98533c54bd3","2026-08-07 08:59:23","<1786085963749.17908805-0ada-4adf-9a07-e98533c54bd3@smtp.hubapi.com>","","","","","","","20185","AbBatch","","","","","","","","","","","","","",""
"info@tauchversandonline.de","6890244","431881086","","Was sieht ein Kunde, wenn er dich heute online überprüft?","""Vero von ProvenExpert"" <veronica@provenexpert.com>","[support@provenexpert.com]","[]","[]","2026-08-07 08:59:23","17908805-0ada-4adf-9a07-e98533c54bd3","DELIVERED","16f87c1b-300e-328e-87a7-b1e105d3ae78","2026-08-07 08:59:34","<1786085963749.17908805-0ada-4adf-9a07-e98533c54bd3@smtp.hubapi.com>","","","","","","","20185","AbBatch","","","","","","","","","","","","","",""
"fabian.stich@physiostich.de","6890244","431881085","","Was sieht ein Kunde, wenn er dich heute online überprüft?","""Vero von ProvenExpert"" <veronica@provenexpert.com>","[support@provenexpert.com]","[]","[]","2026-08-07 11:00:53","488de229-d899-4f6c-9c28-0af749529bd0","SENT","488de229-d899-4f6c-9c28-0af749529bd0","2026-08-07 11:00:53","<1786093253700.488de229-d899-4f6c-9c28-0af749529bd0@smtp.hubapi.com>","","","","","","","20185","AbBatch","","","","","","","","","","","","","",""
"fabian.stich@physiostich.de","6890244","431881085","","Was sieht ein Kunde, wenn er dich heute online überprüft?","""Vero von ProvenExpert"" <veronica@provenexpert.com>","[support@provenexpert.com]","[]","[]","2026-08-07 11:00:53","488de229-d899-4f6c-9c28-0af749529bd0","DELIVERED","7604bd4e-7411-367f-9868-0f89682261a5","2026-08-07 11:00:57","<1786093253700.488de229-d899-4f6c-9c28-0af749529bd0@smtp.hubapi.com>","","","","","","","20185","AbBatch","","","","","","","","","","","","","",""
"event@ballwanz.de","6890244","431881087","","Eigene Reputation stärken und exklusives 30 % Rabatt-Angebot nutzen","""Vero von ProvenExpert"" <veronica@provenexpert.com>","[support@provenexpert.com]","[]","[]","2026-08-07 09:00:43","70d7f434-21ba-48b3-ba52-c2bf3537d250","DEFERRED","6e1a2a55-3143-3b4d-b1b2-91ce2b222d39","2026-08-07 09:01:06","<1786086043904.70d7f434-21ba-48b3-ba52-c2bf3537d250@smtp.hubapi.com>","","","","","","","20185","AbBatch","","","","","","","","","","","","","",""
"event@ballwanz.de","6890244","431881087","","Eigene Reputation stärken und exklusives 30 % Rabatt-Angebot nutzen","""Vero von ProvenExpert"" <veronica@provenexpert.com>","[support@provenexpert.com]","[]","[]","2026-08-07 09:00:43","70d7f434-21ba-48b3-ba52-c2bf3537d250","DELIVERED","e94c38f1-4fe2-39bb-b0c7-1c2ebefbf75a","2026-08-07 11:01:07","<1786086043904.70d7f434-21ba-48b3-ba52-c2bf3537d250@smtp.hubapi.com>","","","","","","","20185","AbBatch","","","","","","","","","","","","","",""
"event@ballwanz.de","6890244","431881087","","Eigene Reputation stärken und exklusives 30 % Rabatt-Angebot nutzen","""Vero von ProvenExpert"" <veronica@provenexpert.com>","[support@provenexpert.com]","[]","[]","2026-08-07 09:00:43","70d7f434-21ba-48b3-ba52-c2bf3537d250","SENT","70d7f434-21ba-48b3-ba52-c2bf3537d250","2026-08-07 09:00:43","<1786086043904.70d7f434-21ba-48b3-ba52-c2bf3537d250@smtp.hubapi.com>","","","","","","","20185","AbBatch","","","","","","","","","","","","","",""
"natursteindesign-rompf@t-online.de","6890244","431881086","","Was sieht ein Kunde, wenn er dich heute online überprüft?","""Vero von ProvenExpert"" <veronica@provenexpert.com>","[support@provenexpert.com]","[]","[]","2026-08-07 08:59:23","8fc8e2a4-99aa-4610-9e03-e56be7cbbed0","SENT","8fc8e2a4-99aa-4610-9e03-e56be7cbbed0","2026-08-07 08:59:23","<1786085963383.8fc8e2a4-99aa-4610-9e03-e56be7cbbed0@smtp.hubapi.com>","","","","","","","20185","AbBatch","","","","","","","","","","","","","",""
"natursteindesign-rompf@t-online.de","6890244","431881086","","Was sieht ein Kunde, wenn er dich heute online überprüft?","""Vero von ProvenExpert"" <veronica@provenexpert.com>","[support@provenexpert.com]","[]","[]","2026-08-07 08:59:23","8fc8e2a4-99aa-4610-9e03-e56be7cbbed0","DELIVERED","4c198c1b-abf8-362c-801a-35cdcead3745","2026-08-07 08:59:25","<1786085963383.8fc8e2a4-99aa-4610-9e03-e56be7cbbed0@smtp.hubapi.com>","","","","","","","20185","AbBatch","","","","","","","","","","","","","",""
"info@dachrinnen-reinigungs-helden.de","6890244","431881087","","Eigene Reputation stärken und exklusives 30 % Rabatt-Angebot nutzen","""Vero von ProvenExpert"" <veronica@provenexpert.com>","[support@provenexpert.com]","[]","[]","2026-08-07 09:00:44","88d197a4-bde7-4a02-9d32-89a0633573f1","STATUSCHANGE","445b5edd-f4fa-4cb3-b20e-efe4f509b3a7","2026-08-07 09:59:39","<1786086044255.88d197a4-bde7-4a02-9d32-89a0633573f1@smtp.hubapi.com>","","","","","","","20185","AbBatch","","","","","","","","","","","","","SOURCE_RECIPIENT",""
"info@dachrinnen-reinigungs-helden.de","6890244","431881087","","Eigene Reputation stärken und exklusives 30 % Rabatt-Angebot nutzen","""Vero von ProvenExpert"" <veronica@provenexpert.com>","[support@provenexpert.com]","[]","[]","2026-08-07 09:00:44","88d197a4-bde7-4a02-9d32-89a0633573f1","STATUSCHANGE","0643b365-3d5b-4f23-9929-dc0c4e0bbf3e","2026-08-07 09:59:39","<1786086044255.88d197a4-bde7-4a02-9d32-89a0633573f1@smtp.hubapi.com>","","","","","","","20185","AbBatch","","","","","","","","","","","","","SOURCE_RECIPIENT",""
"info@dachrinnen-reinigungs-helden.de","6890244","431881087","","Eigene Reputation stärken und exklusives 30 % Rabatt-Angebot nutzen","""Vero von ProvenExpert"" <veronica@provenexpert.com>","[support@provenexpert.com]","[]","[]","2026-08-07 09:00:44","88d197a4-bde7-4a02-9d32-89a0633573f1","STATUSCHANGE","19fbc551-a38e-4d20-9b1b-42a8cec07fcd","2026-08-07 09:59:39","<1786086044255.88d197a4-bde7-4a02-9d32-89a0633573f1@smtp.hubapi.com>","","","","","","","20185","AbBatch","","","","","","","","","","","","","SOURCE_RECIPIENT","SUBSCRIBED"
"info@dachrinnen-reinigungs-helden.de","6890244","431881087","","Eigene Reputation stärken und exklusives 30 % Rabatt-Angebot nutzen","""Vero von ProvenExpert"" <veronica@provenexpert.com>","[support@provenexpert.com]","[]","[]","2026-08-07 09:00:44","88d197a4-bde7-4a02-9d32-89a0633573f1","STATUSCHANGE","408dc9a6-6686-48c2-8b23-e8bcd63072ee","2026-08-07 09:59:39","<1786086044255.88d197a4-bde7-4a02-9d32-89a0633573f1@smtp.hubapi.com>","","","","","","","20185","AbBatch","","","","","","","","","","","","","SOURCE_RECIPIENT",""
"info@dachrinnen-reinigungs-helden.de","6890244","431881087","","Eigene Reputation stärken und exklusives 30 % Rabatt-Angebot nutzen","""Vero von ProvenExpert"" <veronica@provenexpert.com>","[support@provenexpert.com]","[]","[]","2026-08-07 09:00:44","88d197a4-bde7-4a02-9d32-89a0633573f1","STATUSCHANGE","05999833-e715-4628-ae1e-c607e4afc791","2026-08-07 09:59:39","<1786086044255.88d197a4-bde7-4a02-9d32-89a0633573f1@smtp.hubapi.com>","","","","","","","20185","AbBatch","","","","","","","","","","","","","SOURCE_RECIPIENT",""
"info@dachrinnen-reinigungs-helden.de","6890244","431881087","","Eigene Reputation stärken und exklusives 30 % Rabatt-Angebot nutzen","""Vero von ProvenExpert"" <veronica@provenexpert.com>","[support@provenexpert.com]","[]","[]","2026-08-07 09:00:44","88d197a4-bde7-4a02-9d32-89a0633573f1","SENT","88d197a4-bde7-4a02-9d32-89a0633573f1","2026-08-07 09:00:44","<1786086044255.88d197a4-bde7-4a02-9d32-89a0633573f1@smtp.hubapi.com>","","","","","","","20185","AbBatch","","","","","","","","","","","","","",""
"info@dachrinnen-reinigungs-helden.de","6890244","431881087","","Eigene Reputation stärken und exklusives 30 % Rabatt-Angebot nutzen","""Vero von ProvenExpert"" <veronica@provenexpert.com>","[support@provenexpert.com]","[]","[]","2026-08-07 09:00:44","88d197a4-bde7-4a02-9d32-89a0633573f1","STATUSCHANGE","2141ee0e-d03b-48dd-a93e-0afd5744b26e","2026-08-07 09:59:39","<1786086044255.88d197a4-bde7-4a02-9d32-89a0633573f1@smtp.hubapi.com>","","","","","","","20185","AbBatch","","","","","","","","","","","","","SOURCE_RECIPIENT",""
"info@dachrinnen-reinigungs-helden.de","6890244","431881087","","Eigene Reputation stärken und exklusives 30 % Rabatt-Angebot nutzen","""Vero von ProvenExpert"" <veronica@provenexpert.com>","[support@provenexpert.com]","[]","[]","2026-08-07 09:00:44","88d197a4-bde7-4a02-9d32-89a0633573f1","DELIVERED","9aa3a5c6-f1fd-3816-9f51-53c41c5a4ebb","2026-08-07 09:00:48","<1786086044255.88d197a4-bde7-4a02-9d32-89a0633573f1@smtp.hubapi.com>","","","","","","","20185","AbBatch","","","","","","","","","","","","","",""
"info@dachrinnen-reinigungs-helden.de","6890244","431881087","","Eigene Reputation stärken und exklusives 30 % Rabatt-Angebot nutzen","""Vero von ProvenExpert"" <veronica@provenexpert.com>","[support@provenexpert.com]","[]","[]","2026-08-07 09:00:44","88d197a4-bde7-4a02-9d32-89a0633573f1","STATUSCHANGE","4811f20b-71b4-4a3d-ba84-396bfdf9e7d0","2026-08-07 09:59:39","<1786086044255.88d197a4-bde7-4a02-9d32-89a0633573f1@smtp.hubapi.com>","","","","","","","20185","AbBatch","","","","","","","","","","","","","SOURCE_RECIPIENT",""
"service@jourtym.de","6890244","431881086","","Was sieht ein Kunde, wenn er dich heute online überprüft?","""Vero von ProvenExpert"" <veronica@provenexpert.com>","[support@provenexpert.com]","[]","[]","2026-08-07 09:00:43","3e7efcce-80b7-4641-b7be-8478da70180b","SENT","3e7efcce-80b7-4641-b7be-8478da70180b","2026-08-07 09:00:43","<1786086043627.3e7efcce-80b7-4641-b7be-8478da70180b@smtp.hubapi.com>","","","","","","","20185","AbBatch","","","","","","","","","","","","","",""
"service@jourtym.de","6890244","431881086","","Was sieht ein Kunde, wenn er dich heute online überprüft?","""Vero von ProvenExpert"" <veronica@provenexpert.com>","[support@provenexpert.com]","[]","[]","2026-08-07 09:00:43","3e7efcce-80b7-4641-b7be-8478da70180b","DELIVERED","2e7139d3-394d-3023-9bea-5108860014da","2026-08-07 09:01:41","<1786086043627.3e7efcce-80b7-4641-b7be-8478da70180b@smtp.hubapi.com>","","","","","","","20185","AbBatch","","","","","","","","","","","","","",""
"mail@solution360.de","6890244","431881085","","Was sieht ein Kunde, wenn er dich heute online überprüft?","""Vero von ProvenExpert"" <veronica@provenexpert.com>","[support@provenexpert.com]","[]","[]","2026-08-07 11:00:53","be1809bc-6f2a-4af3-8718-1e9398abcbde","SENT","be1809bc-6f2a-4af3-8718-1e9398abcbde","2026-08-07 11:00:53","<1786093253209.be1809bc-6f2a-4af3-8718-1e9398abcbde@smtp.hubapi.com>","","","","","","","20185","AbBatch","","","","","","","","","","","","","",""
"mail@solution360.de","6890244","431881085","","Was sieht ein Kunde, wenn er dich heute online überprüft?","""Vero von ProvenExpert"" <veronica@provenexpert.com>","[support@provenexpert.com]","[]","[]","2026-08-07 11:00:53","be1809bc-6f2a-4af3-8718-1e9398abcbde","DELIVERED","2114223a-f689-3109-8b73-240cf6591635","2026-08-07 11:01:04","<1786093253209.be1809bc-6f2a-4af3-8718-1e9398abcbde@smtp.hubapi.com>","","","","","","","20185","AbBatch","","","","","","","","","","","","","",""
"info@optik-rank.de","6890244","431881085","","Was sieht ein Kunde, wenn er dich heute online überprüft?","""Vero von ProvenExpert"" <veronica@provenexpert.com>","[support@provenexpert.com]","[]","[]","2026-08-07 11:00:52","ef4ac3c0-ff13-4a66-8d03-6079695f88cb","SUPPRESSED","ef4ac3c0-ff13-4a66-8d03-6079695f88cb","2026-08-07 11:00:52","<1786093252632.ef4ac3c0-ff13-4a66-8d03-6079695f88cb@smtp.hubapi.com>","","","","","NON_MARKETABLE_CONTACT","Recipient is not a marketable contact","20185","AbBatch","","","","","","","","","","","","","",""
"info@hahn-rechtsanwaelte.de","6890244","431881087","","Eigene Reputation stärken und exklusives 30 % Rabatt-Angebot nutzen","""Vero von ProvenExpert"" <veronica@provenexpert.com>","[support@provenexpert.com]","[]","[]","2026-08-07 09:00:43","cb470cce-4f30-4231-8f4d-4567e19668ba","DELIVERED","3c908efd-063e-323f-aaa1-58b335fe184f","2026-08-07 09:11:24","<1786086043686.cb470cce-4f30-4231-8f4d-4567e19668ba@smtp.hubapi.com>","","","","","","","20185","AbBatch","","","","","","","","","","","","","",""
"info@hahn-rechtsanwaelte.de","6890244","431881087","","Eigene Reputation stärken und exklusives 30 % Rabatt-Angebot nutzen","""Vero von ProvenExpert"" <veronica@provenexpert.com>","[support@provenexpert.com]","[]","[]","2026-08-07 09:00:43","cb470cce-4f30-4231-8f4d-4567e19668ba","SENT","cb470cce-4f30-4231-8f4d-4567e19668ba","2026-08-07 09:00:43","<1786086043686.cb470cce-4f30-4231-8f4d-4567e19668ba@smtp.hubapi.com>","","","","","","","20185","AbBatch","","","","","","","","","","","","","",""
"info@hahn-rechtsanwaelte.de","6890244","431881087","","Eigene Reputation stärken und exklusives 30 % Rabatt-Angebot nutzen","""Vero von ProvenExpert"" <veronica@provenexpert.com>","[support@provenexpert.com]","[]","[]","2026-08-07 09:00:43","cb470cce-4f30-4231-8f4d-4567e19668ba","DEFERRED","44dedf05-f6ec-3835-9ed8-412c27dbb508","2026-08-07 09:02:12","<1786086043686.cb470cce-4f30-4231-8f4d-4567e19668ba@smtp.hubapi.com>","","","","","","","20185","AbBatch","","","","","","","","","","","","","",""
"info@cost-benefit.de","6890244","431881085","","Was sieht ein Kunde, wenn er dich heute online überprüft?","""Vero von ProvenExpert"" <veronica@provenexpert.com>","[support@provenexpert.com]","[]","[]","2026-08-07 11:00:53","e11707cb-d003-4406-a5ae-5c926d013e99","DROPPED","e11707cb-d003-4406-a5ae-5c926d013e99","2026-08-07 11:00:53","<1786093253623.e11707cb-d003-4406-a5ae-5c926d013e99@smtp.hubapi.com>","","","","","QUARANTINED_ADDRESS","UNDELIVERABLE_ADDRESS","20185","AbBatch","","","","","","","","","","","","","",""
"raphael.juffernholz@remax.de","6890244","431881085","","Was sieht ein Kunde, wenn er dich heute online überprüft?","""Vero von ProvenExpert"" <veronica@provenexpert.com>","[support@provenexpert.com]","[]","[]","2026-08-07 11:00:52","512681d8-1988-4398-8599-27332cfa45e1","SENT","512681d8-1988-4398-8599-27332cfa45e1","2026-08-07 11:00:52","<1786093252754.512681d8-1988-4398-8599-27332cfa45e1@smtp.hubapi.com>","","","","","","","20185","AbBatch","","","","","","","","","","","","","",""
"raphael.juffernholz@remax.de","6890244","431881085","","Was sieht ein Kunde, wenn er dich heute online überprüft?","""Vero von ProvenExpert"" <veronica@provenexpert.com>","[support@provenexpert.com]","[]","[]","2026-08-07 11:00:52","512681d8-1988-4398-8599-27332cfa45e1","DELIVERED","952820cf-4077-34fd-a716-66a128608758","2026-08-07 11:00:56","<1786093252754.512681d8-1988-4398-8599-27332cfa45e1@smtp.hubapi.com>","","","","","","","20185","AbBatch","","","","","","","","","","","","","",""
"info@schuldnerberatung-richter.de","6890244","431881085","","Was sieht ein Kunde, wenn er dich heute online überprüft?","""Vero von ProvenExpert"" <veronica@provenexpert.com>","[support@provenexpert.com]","[]","[]","2026-08-07 11:00:53","e0cb04a2-4b00-46ab-b6ac-d44a21a4efaa","SENT","e0cb04a2-4b00-46ab-b6ac-d44a21a4efaa","2026-08-07 11:00:53","<1786093253290.e0cb04a2-4b00-46ab-b6ac-d44a21a4efaa@smtp.hubapi.com>","","","","","","","20185","AbBatch","","","","","","","","","","","","","",""
"info@schuldnerberatung-richter.de","6890244","431881085","","Was sieht ein Kunde, wenn er dich heute online überprüft?","""Vero von ProvenExpert"" <veronica@provenexpert.com>","[support@provenexpert.com]","[]","[]","2026-08-07 11:00:53","e0cb04a2-4b00-46ab-b6ac-d44a21a4efaa","DELIVERED","9acde614-105c-35ae-bd8a-4bef5c94d237","2026-08-07 11:00:57","<1786093253290.e0cb04a2-4b00-46ab-b6ac-d44a21a4efaa@smtp.hubapi.com>","","","","","","","20185","AbBatch","","","","","","","","","","","","","",""
"skraus@dr-kraus.info","6890244","431881086","","Was sieht ein Kunde, wenn er dich heute online überprüft?","""Vero von ProvenExpert"" <veronica@provenexpert.com>","[support@provenexpert.com]","[]","[]","2026-08-07 09:00:44","55936e3e-2301-4551-9c72-a326661431e3","DELIVERED","eb648bb4-ef77-331c-9b9a-d1deb0aaebc8","2026-08-07 09:00:47","<1786086044105.55936e3e-2301-4551-9c72-a326661431e3@smtp.hubapi.com>","","","","","","","20185","AbBatch","","","","","","","","","","","","","",""
"skraus@dr-kraus.info","6890244","431881086","","Was sieht ein Kunde, wenn er dich heute online überprüft?","""Vero von ProvenExpert"" <veronica@provenexpert.com>","[support@provenexpert.com]","[]","[]","2026-08-07 09:00:44","55936e3e-2301-4551-9c72-a326661431e3","SENT","55936e3e-2301-4551-9c72-a326661431e3","2026-08-07 09:00:44","<1786086044105.55936e3e-2301-4551-9c72-a326661431e3@smtp.hubapi.com>","","","","","","","20185","AbBatch","","","","","","","","","","","","","",""
"office@vienna-airport-cab.at","6890244","431881087","","Eigene Reputation stärken und exklusives 30 % Rabatt-Angebot nutzen","""Vero von ProvenExpert"" <veronica@provenexpert.com>","[support@provenexpert.com]","[]","[]","2026-08-07 09:00:44","205c4b13-3c91-4929-9da5-c82288ebc207","SENT","205c4b13-3c91-4929-9da5-c82288ebc207","2026-08-07 09:00:44","<1786086044238.205c4b13-3c91-4929-9da5-c82288ebc207@smtp.hubapi.com>","","","","","","","20185","AbBatch","","","","","","","","","","","","","",""
"office@vienna-airport-cab.at","6890244","431881087","","Eigene Reputation stärken und exklusives 30 % Rabatt-Angebot nutzen","""Vero von ProvenExpert"" <veronica@provenexpert.com>","[support@provenexpert.com]","[]","[]","2026-08-07 09:00:44","205c4b13-3c91-4929-9da5-c82288ebc207","DELIVERED","bb87b2e3-680f-3dba-bd2a-5c9282bf9051","2026-08-07 09:00:57","<1786086044238.205c4b13-3c91-4929-9da5-c82288ebc207@smtp.hubapi.com>","","","","","","","20185","AbBatch","","","","","","","","","","","","","",""
"christian.heiling@bluedetect.de","6890244","431881087","","Eigene Reputation stärken und exklusives 30 % Rabatt-Angebot nutzen","""Vero von ProvenExpert"" <veronica@provenexpert.com>","[support@provenexpert.com]","[]","[]","2026-08-07 09:00:44","3280c989-4c09-463a-bf03-030703f9e132","DELIVERED","ba2b38b5-aec7-3a37-9838-f1982c6375b8","2026-08-07 09:00:47","<1786086044022.3280c989-4c09-463a-bf03-030703f9e132@smtp.hubapi.com>","","","","","","","20185","AbBatch","","","","","","","","","","","","","",""
"christian.heiling@bluedetect.de","6890244","431881087","","Eigene Reputation stärken und exklusives 30 % Rabatt-Angebot nutzen","""Vero von ProvenExpert"" <veronica@provenexpert.com>","[support@provenexpert.com]","[]","[]","2026-08-07 09:00:44","3280c989-4c09-463a-bf03-030703f9e132","SENT","3280c989-4c09-463a-bf03-030703f9e132","2026-08-07 09:00:44","<1786086044022.3280c989-4c09-463a-bf03-030703f9e132@smtp.hubapi.com>","","","","","","","20185","AbBatch","","","","","","","","","","","","","",""
"mail@enmedica.de","6890244","431881087","","Eigene Reputation stärken und exklusives 30 % Rabatt-Angebot nutzen","""Vero von ProvenExpert"" <veronica@provenexpert.com>","[support@provenexpert.com]","[]","[]","2026-08-07 09:00:44","55d1b921-307a-4fce-a15c-d8cb7edf15af","DELIVERED","c85147fc-a545-3a87-99fd-effd87038640","2026-08-07 09:00:49","<1786086044205.55d1b921-307a-4fce-a15c-d8cb7edf15af@smtp.hubapi.com>","","","","","","","20185","AbBatch","","","","","","","","","","","","","",""
"mail@enmedica.de","6890244","431881087","","Eigene Reputation stärken und exklusives 30 % Rabatt-Angebot nutzen","""Vero von ProvenExpert"" <veronica@provenexpert.com>","[support@provenexpert.com]","[]","[]","2026-08-07 09:00:44","55d1b921-307a-4fce-a15c-d8cb7edf15af","SENT","55d1b921-307a-4fce-a15c-d8cb7edf15af","2026-08-07 09:00:44","<1786086044205.55d1b921-307a-4fce-a15c-d8cb7edf15af@smtp.hubapi.com>","","","","","","","20185","AbBatch","","","","","","","","","","","","","",""
"info@wb-deutschland.de","6890244","431881086","","Was sieht ein Kunde, wenn er dich heute online überprüft?","""Vero von ProvenExpert"" <veronica@provenexpert.com>","[support@provenexpert.com]","[]","[]","2026-08-07 08:59:23","8a5b8a48-fb61-4033-a461-0b02c1f84582","DELIVERED","b05ea446-4b2a-35c3-9856-9ac3a8409748","2026-08-07 08:59:25","<1786085963481.8a5b8a48-fb61-4033-a461-0b02c1f84582@smtp.hubapi.com>","","","","","","","20185","AbBatch","","","","","","","","","","","","","",""
"info@wb-deutschland.de","6890244","431881086","","Was sieht ein Kunde, wenn er dich heute online überprüft?","""Vero von ProvenExpert"" <veronica@provenexpert.com>","[support@provenexpert.com]","[]","[]","2026-08-07 08:59:23","8a5b8a48-fb61-4033-a461-0b02c1f84582","SENT","8a5b8a48-fb61-4033-a461-0b02c1f84582","2026-08-07 08:59:23","<1786085963481.8a5b8a48-fb61-4033-a461-0b02c1f84582@smtp.hubapi.com>","","","","","","","20185","AbBatch","","","","","","","","","","","","","",""
"info@wb-deutschland.de","6890244","431881086","","Was sieht ein Kunde, wenn er dich heute online überprüft?","""Vero von ProvenExpert"" <veronica@provenexpert.com>","[support@provenexpert.com]","[]","[]","2026-08-07 08:59:23","8a5b8a48-fb61-4033-a461-0b02c1f84582","OPEN","751d6a39-bece-363c-b70d-5589afc2fb25","2026-08-07 10:45:25","<1786085963481.8a5b8a48-fb61-4033-a461-0b02c1f84582@smtp.hubapi.com>","","","","","","","20185","AbBatch","Mozilla/5.0 (Macintosh; Intel Mac OS X 10_15_7) AppleWebKit/605.1.15 (KHTML, like Gecko)","karlsruhe","baden-wurttemberg","GERMANY","","","","32346","","","","","",""
"otc-effektiv@gmx.de","6890244","431881085","","Was sieht ein Kunde, wenn er dich heute online überprüft?","""Vero von ProvenExpert"" <veronica@provenexpert.com>","[support@provenexpert.com]","[]","[]","2026-08-07 11:00:53","c6831ee6-9b08-4c7e-b585-6c31f1ebc084","SENT","c6831ee6-9b08-4c7e-b585-6c31f1ebc084","2026-08-07 11:00:53","<1786093253581.c6831ee6-9b08-4c7e-b585-6c31f1ebc084@smtp.hubapi.com>","","","","","","","20185","AbBatch","","","","","","","","","","","","","",""
"otc-effektiv@gmx.de","6890244","431881085","","Was sieht ein Kunde, wenn er dich heute online überprüft?","""Vero von ProvenExpert"" <veronica@provenexpert.com>","[support@provenexpert.com]","[]","[]","2026-08-07 11:00:53","c6831ee6-9b08-4c7e-b585-6c31f1ebc084","DELIVERED","b40df79e-6914-395e-803b-d18d2f7fb283","2026-08-07 11:01:00","<1786093253581.c6831ee6-9b08-4c7e-b585-6c31f1ebc084@smtp.hubapi.com>","","","","","","","20185","AbBatch","","","","","","","","","","","","","",""
"nick@nfxmedia.de","6890244","431881087","","Eigene Reputation stärken und exklusives 30 % Rabatt-Angebot nutzen","""Vero von ProvenExpert"" <veronica@provenexpert.com>","[support@provenexpert.com]","[]","[]","2026-08-07 09:00:44","e77853e0-8016-47b4-8dd8-d375da8dabcc","SENT","e77853e0-8016-47b4-8dd8-d375da8dabcc","2026-08-07 09:00:44","<1786086044006.e77853e0-8016-47b4-8dd8-d375da8dabcc@smtp.hubapi.com>","","","","","","","20185","AbBatch","","","","","","","","","","","","","",""
"nick@nfxmedia.de","6890244","431881087","","Eigene Reputation stärken und exklusives 30 % Rabatt-Angebot nutzen","""Vero von ProvenExpert"" <veronica@provenexpert.com>","[support@provenexpert.com]","[]","[]","2026-08-07 09:00:44","e77853e0-8016-47b4-8dd8-d375da8dabcc","DELIVERED","f535c839-ed84-31d2-8c31-d7836cd943b6","2026-08-07 09:00:48","<1786086044006.e77853e0-8016-47b4-8dd8-d375da8dabcc@smtp.hubapi.com>","","","","","","","20185","AbBatch","","","","","","","","","","","","","",""
"info@strategische-finanzkonzepte.de","6890244","431881085","","Was sieht ein Kunde, wenn er dich heute online überprüft?","""Vero von ProvenExpert"" <veronica@provenexpert.com>","[support@provenexpert.com]","[]","[]","2026-08-07 11:00:53","fe5138ee-b307-4794-9a36-0ea64acef6e9","DROPPED","fe5138ee-b307-4794-9a36-0ea64acef6e9","2026-08-07 11:00:53","<1786093253353.fe5138ee-b307-4794-9a36-0ea64acef6e9@smtp.hubapi.com>","","","86469f55-3f65-37b1-9b52-6c0e03d820b3","2026-03-24 09:03:02","PREVIOUSLY_BOUNCED","Recipient has previously bounced.","20185","AbBatch","","","","","","","","","552","smtp; 552-Requested mail action aborted: exceeded storage allocation
 552-Quota exceeded.
 552 For explanation visit https://postmaster.gmx.net/en/case?c=r1503&i=ip&v=213.133.104.89&r=1MaeWY-1vXXzD0Isk-00a6Os","smtp; 552-Requested mail action aborted: exceeded storage allocation
 552-Quota exceeded.
 552 For explanation visit https://postmaster.gmx.net/en/case?c=r1503&i=ip&v=213.133.104.89&r=1MaeWY-1vXXzD0Isk-00a6Os","","",""
"kanzlei@machleb.eu","6890244","431881086","","Was sieht ein Kunde, wenn er dich heute online überprüft?","""Vero von ProvenExpert"" <veronica@provenexpert.com>","[support@provenexpert.com]","[]","[]","2026-08-07 09:00:43","3cdf5193-1858-4c90-aecd-3b56fd6ef550","SENT","3cdf5193-1858-4c90-aecd-3b56fd6ef550","2026-08-07 09:00:43","<1786086043743.3cdf5193-1858-4c90-aecd-3b56fd6ef550@smtp.hubapi.com>","","","","","","","20185","AbBatch","","","","","","","","","","","","","",""
"kanzlei@machleb.eu","6890244","431881086","","Was sieht ein Kunde, wenn er dich heute online überprüft?","""Vero von ProvenExpert"" <veronica@provenexpert.com>","[support@provenexpert.com]","[]","[]","2026-08-07 09:00:43","3cdf5193-1858-4c90-aecd-3b56fd6ef550","DELIVERED","ef072d96-03b4-3e0d-9ce6-e59206609860","2026-08-07 09:00:46","<1786086043743.3cdf5193-1858-4c90-aecd-3b56fd6ef550@smtp.hubapi.com>","","","","","","","20185","AbBatch","","","","","","","","","","","","","",""
"seo.angebot.anfragen@gmail.com","6890244","431881087","","Eigene Reputation stärken und exklusives 30 % Rabatt-Angebot nutzen","""Vero von ProvenExpert"" <veronica@provenexpert.com>","[support@provenexpert.com]","[]","[]","2026-08-07 09:00:43","ffdf9a44-e0bd-4752-b125-f72bda357b4f","SENT","ffdf9a44-e0bd-4752-b125-f72bda357b4f","2026-08-07 09:00:43","<1786086043824.ffdf9a44-e0bd-4752-b125-f72bda357b4f@smtp.hubapi.com>","","","","","","","20185","AbBatch","","","","","","","","","","","","","",""
"seo.angebot.anfragen@gmail.com","6890244","431881087","","Eigene Reputation stärken und exklusives 30 % Rabatt-Angebot nutzen","""Vero von ProvenExpert"" <veronica@provenexpert.com>","[support@provenexpert.com]","[]","[]","2026-08-07 09:00:43","ffdf9a44-e0bd-4752-b125-f72bda357b4f","DELIVERED","40e831a1-9fa7-3c11-945d-34a100b38e46","2026-08-07 09:00:46","<1786086043824.ffdf9a44-e0bd-4752-b125-f72bda357b4f@smtp.hubapi.com>","","","","","","","20185","AbBatch","","","","","","","","","","","","","",""
"praxis@wagner-koeln.de","6890244","431881085","","Was sieht ein Kunde, wenn er dich heute online überprüft?","""Vero von ProvenExpert"" <veronica@provenexpert.com>","[support@provenexpert.com]","[]","[]","2026-08-07 11:00:53","8d4c3516-7bcb-436c-8693-867b0d329d31","DELIVERED","c72262c7-a8ff-30a6-8567-69642e6dbe90","2026-08-07 11:00:58","<1786093253435.8d4c3516-7bcb-436c-8693-867b0d329d31@smtp.hubapi.com>","","","","","","","20185","AbBatch","","","","","","","","","","","","","",""
"praxis@wagner-koeln.de","6890244","431881085","","Was sieht ein Kunde, wenn er dich heute online überprüft?","""Vero von ProvenExpert"" <veronica@provenexpert.com>","[support@provenexpert.com]","[]","[]","2026-08-07 11:00:53","8d4c3516-7bcb-436c-8693-867b0d329d31","SENT","8d4c3516-7bcb-436c-8693-867b0d329d31","2026-08-07 11:00:53","<1786093253435.8d4c3516-7bcb-436c-8693-867b0d329d31@smtp.hubapi.com>","","","","","","","20185","AbBatch","","","","","","","","","","","","","",""
"info@sebworld.de","6890244","431881086","","Was sieht ein Kunde, wenn er dich heute online überprüft?","""Vero von ProvenExpert"" <veronica@provenexpert.com>","[support@provenexpert.com]","[]","[]","2026-08-07 08:59:23","e91fe999-5250-4188-a6be-bd82ad5686ff","DELIVERED","95d50904-e2de-3b6b-a162-6fd40045a4d6","2026-08-07 08:59:26","<1786085963495.e91fe999-5250-4188-a6be-bd82ad5686ff@smtp.hubapi.com>","","","","","","","20185","AbBatch","","","","","","","","","","","","","",""
"info@sebworld.de","6890244","431881086","","Was sieht ein Kunde, wenn er dich heute online überprüft?","""Vero von ProvenExpert"" <veronica@provenexpert.com>","[support@provenexpert.com]","[]","[]","2026-08-07 08:59:23","e91fe999-5250-4188-a6be-bd82ad5686ff","SENT","e91fe999-5250-4188-a6be-bd82ad5686ff","2026-08-07 08:59:23","<1786085963495.e91fe999-5250-4188-a6be-bd82ad5686ff@smtp.hubapi.com>","","","","","","","20185","AbBatch","","","","","","","","","","","","","",""
"info@landhaus-meerregion.de","6890244","431881086","","Was sieht ein Kunde, wenn er dich heute online überprüft?","""Vero von ProvenExpert"" <veronica@provenexpert.com>","[support@provenexpert.com]","[]","[]","2026-08-07 09:00:43","6112dd33-930c-45d2-b5ec-30b780b805c0","DELIVERED","f040d137-a87a-398c-9785-26bd48a654f3","2026-08-07 09:00:45","<1786086043762.6112dd33-930c-45d2-b5ec-30b780b805c0@smtp.hubapi.com>","","","","","","","20185","AbBatch","","","","","","","","","","","","","",""
"info@landhaus-meerregion.de","6890244","431881086","","Was sieht ein Kunde, wenn er dich heute online überprüft?","""Vero von ProvenExpert"" <veronica@provenexpert.com>","[support@provenexpert.com]","[]","[]","2026-08-07 09:00:43","6112dd33-930c-45d2-b5ec-30b780b805c0","SENT","6112dd33-930c-45d2-b5ec-30b780b805c0","2026-08-07 09:00:43","<1786086043762.6112dd33-930c-45d2-b5ec-30b780b805c0@smtp.hubapi.com>","","","","","","","20185","AbBatch","","","","","","","","","","","","","",""
"fabian@golle-it.de","6890244","431881086","","Was sieht ein Kunde, wenn er dich heute online überprüft?","""Vero von ProvenExpert"" <veronica@provenexpert.com>","[support@provenexpert.com]","[]","[]","2026-08-07 08:59:23","79b58fbf-68c5-4ca0-beb7-3e3a8c5f8682","SENT","79b58fbf-68c5-4ca0-beb7-3e3a8c5f8682","2026-08-07 08:59:23","<1786085963764.79b58fbf-68c5-4ca0-beb7-3e3a8c5f8682@smtp.hubapi.com>","","","","","","","20185","AbBatch","","","","","","","","","","","","","",""
"fabian@golle-it.de","6890244","431881086","","Was sieht ein Kunde, wenn er dich heute online überprüft?","""Vero von ProvenExpert"" <veronica@provenexpert.com>","[support@provenexpert.com]","[]","[]","2026-08-07 08:59:23","79b58fbf-68c5-4ca0-beb7-3e3a8c5f8682","OPEN","47efcb2f-971f-3ae1-a37b-cb487ed037a7","2026-08-07 08:59:27","<1786085963764.79b58fbf-68c5-4ca0-beb7-3e3a8c5f8682@smtp.hubapi.com>","","","","","","","20185","AbBatch","Mozilla/5.0 (Windows NT 10.0; Win64; x64) AppleWebKit/537.36 (KHTML, like Gecko) Chrome/42.0.2311.135 Safari/537.36 Edge/12.246 Mozilla/5.0","mountain view","california","UNITED STATES","","","","0","","","","","",""
"fabian@golle-it.de","6890244","431881086","","Was sieht ein Kunde, wenn er dich heute online überprüft?","""Vero von ProvenExpert"" <veronica@provenexpert.com>","[support@provenexpert.com]","[]","[]","2026-08-07 08:59:23","79b58fbf-68c5-4ca0-beb7-3e3a8c5f8682","DELIVERED","c4d5950f-5446-3090-9b6e-37890ce49a6a","2026-08-07 08:59:26","<1786085963764.79b58fbf-68c5-4ca0-beb7-3e3a8c5f8682@smtp.hubapi.com>","","","","","","","20185","AbBatch","","","","","","","","","","","","","",""
"info@identible.de","6890244","431881085","","Was sieht ein Kunde, wenn er dich heute online überprüft?","""Vero von ProvenExpert"" <veronica@provenexpert.com>","[support@provenexpert.com]","[]","[]","2026-08-07 11:00:53","1175e578-998b-48c0-9ddf-4c34a7d94b40","SENT","1175e578-998b-48c0-9ddf-4c34a7d94b40","2026-08-07 11:00:53","<1786093253413.1175e578-998b-48c0-9ddf-4c34a7d94b40@smtp.hubapi.com>","","","","","","","20185","AbBatch","","","","","","","","","","","","","",""
"info@identible.de","6890244","431881085","","Was sieht ein Kunde, wenn er dich heute online überprüft?","""Vero von ProvenExpert"" <veronica@provenexpert.com>","[support@provenexpert.com]","[]","[]","2026-08-07 11:00:53","1175e578-998b-48c0-9ddf-4c34a7d94b40","DELIVERED","9ad1ca11-ea73-34a7-b058-91ce6279ac3b","2026-08-07 11:00:57","<1786093253413.1175e578-998b-48c0-9ddf-4c34a7d94b40@smtp.hubapi.com>","","","","","","","20185","AbBatch","","","","","","","","","","","","","",""
"info@sds-stadtfuehrungen.de","6890244","431881087","","Eigene Reputation stärken und exklusives 30 % Rabatt-Angebot nutzen","""Vero von ProvenExpert"" <veronica@provenexpert.com>","[support@provenexpert.com]","[]","[]","2026-08-07 09:00:44","84e41596-37bf-4336-8ab4-2de60211f3aa","DELIVERED","84e7cf73-045a-3794-a7e4-c13a04535aca","2026-08-07 09:00:49","<1786086044071.84e41596-37bf-4336-8ab4-2de60211f3aa@smtp.hubapi.com>","","","","","","","20185","AbBatch","","","","","","","","","","","","","",""
"info@sds-stadtfuehrungen.de","6890244","431881087","","Eigene Reputation stärken und exklusives 30 % Rabatt-Angebot nutzen","""Vero von ProvenExpert"" <veronica@provenexpert.com>","[support@provenexpert.com]","[]","[]","2026-08-07 09:00:44","84e41596-37bf-4336-8ab4-2de60211f3aa","SENT","84e41596-37bf-4336-8ab4-2de60211f3aa","2026-08-07 09:00:44","<1786086044071.84e41596-37bf-4336-8ab4-2de60211f3aa@smtp.hubapi.com>","","","","","","","20185","AbBatch","","","","","","","","","","","","","",""
"muftester+kensigtontest@googlemail.com","6890244","431881085","","Was sieht ein Kunde, wenn er dich heute online überprüft?","""Vero von ProvenExpert"" <veronica@provenexpert.com>","[support@provenexpert.com]","[]","[]","2026-08-07 11:00:53","c42edb6c-8c77-461e-bbf5-87600d8e0096","DELIVERED","c6789539-343d-37a5-8232-ed8568e64a8c","2026-08-07 11:00:57","<1786093253812.c42edb6c-8c77-461e-bbf5-87600d8e0096@smtp.hubapi.com>","","","","","","","20185","AbBatch","","","","","","","","","","","","","",""
"muftester+kensigtontest@googlemail.com","6890244","431881085","","Was sieht ein Kunde, wenn er dich heute online überprüft?","""Vero von ProvenExpert"" <veronica@provenexpert.com>","[support@provenexpert.com]","[]","[]","2026-08-07 11:00:53","c42edb6c-8c77-461e-bbf5-87600d8e0096","SENT","c42edb6c-8c77-461e-bbf5-87600d8e0096","2026-08-07 11:00:53","<1786093253812.c42edb6c-8c77-461e-bbf5-87600d8e0096@smtp.hubapi.com>","","","","","","","20185","AbBatch","","","","","","","","","","","","","",""
