campaign_id,campaign_name,source_campaign_id,variant,phase,recipient_id,recipient_linkable,internal_domain_candidate,message_id,event_id,event_type,sent_at_local,event_at_local,subject_template,event_superseded,superseded_by_event_id,caused_by_event_id,link_id,not_sent_reason,bot_filtering_reported
C09,dach_de_plus_m_consistency26m_3,431881086,A,test,person_1d21b9e5a9535982e127c9f2,1,0,message_62f0174b23b9766e7c7693ef,event_7e3f9d5777a6bfda8538afa3,DROPPED,2026-08-07 09:00:44,2026-08-07 09:00:44,"Was sieht ein Kunde, wenn er dich heute online überprüft?",0,,event_4fcc45a9a2261d4abda24218,,PREVIOUSLY_BOUNCED,on
C09,dach_de_plus_m_consistency26m_3,431881085,A,rollout_fallback,person_c636d53b37558c75c8f6bcc4,1,0,message_8d57cffd922c41829c68f6f4,event_883020e2ab9dacc6d344a4d7,DELIVERED,2026-08-07 11:00:53,2026-08-07 11:00:56,"Was sieht ein Kunde, wenn er dich heute online überprüft?",0,,,,,on
C09,dach_de_plus_m_consistency26m_3,431881085,A,rollout_fallback,person_c636d53b37558c75c8f6bcc4,1,0,message_8d57cffd922c41829c68f6f4,event_f8f39140c5c9290e3cba4e9f,SENT,2026-08-07 11:00:53,2026-08-07 11:00:53,"Was sieht ein Kunde, wenn er dich heute online überprüft?",0,,,,,on
C09,dach_de_plus_m_consistency26m_3,431881087,B,test,person_30bd491404a74a59469a65ec,1,0,message_9f8b979d5170fdf979f5a255,event_39a7e6d12a3c7b5d4994ca94,DELIVERED,2026-08-07 09:00:44,2026-08-07 09:00:47,Eigene Reputation stärken und exklusives 30 % Rabatt-Angebot nutzen,0,,,,,on
C09,dach_de_plus_m_consistency26m_3,431881087,B,test,person_30bd491404a74a59469a65ec,1,0,message_9f8b979d5170fdf979f5a255,event_b00f8613f2b1b96f3b9d0643,SENT,2026-08-07 09:00:44,2026-08-07 09:00:44,Eigene Reputation stärken und exklusives 30 % Rabatt-Angebot nutzen,0,,,,,on
C09,dach_de_plus_m_consistency26m_3,431881087,B,test,person_30bd491404a74a59469a65ec,1,0,message_9f8b979d5170fdf979f5a255,event_3498480a286214756c1599a3,OPEN,2026-08-07 09:00:44,2026-08-07 09:00:48,Eigene Reputation stärken und exklusives 30 % Rabatt-Angebot nutzen,0,,,,,on
C09,dach_de_plus_m_consistency26m_3,431881085,A,rollout_fallback,person_ed778d06e0b584cb9176f468,1,0,message_e7da42d88bde9a475486c17a,event_6689b6b40ff041511d215039,SENT,2026-08-07 11:00:53,2026-08-07 11:00:53,"Was sieht ein Kunde, wenn er dich heute online überprüft?",0,,,,,on
C09,dach_de_plus_m_consistency26m_3,431881085,A,rollout_fallback,person_ed778d06e0b584cb9176f468,1,0,message_e7da42d88bde9a475486c17a,event_0710ff333ecba05c8596c24c,DELIVERED,2026-08-07 11:00:53,2026-08-07 11:00:56,"Was sieht ein Kunde, wenn er dich heute online überprüft?",0,,,,,on
C09,dach_de_plus_m_consistency26m_3,431881085,A,rollout_fallback,person_b254dffa52574ecc80cb7dbf,1,0,message_b9a57f07042994ea3b4f4952,event_361f51b46f181e229ca13dda,DELIVERED,2026-08-07 11:00:52,2026-08-07 11:02:25,"Was sieht ein Kunde, wenn er dich heute online überprüft?",0,,,,,on
C09,dach_de_plus_m_consistency26m_3,431881085,A,rollout_fallback,person_b254dffa52574ecc80cb7dbf,1,0,message_b9a57f07042994ea3b4f4952,event_5b18045be17c808192ca9531,DEFERRED,2026-08-07 11:00:52,2026-08-07 11:00:58,"Was sieht ein Kunde, wenn er dich heute online überprüft?",0,,,,,on
C09,dach_de_plus_m_consistency26m_3,431881087,B,test,person_2d534ca2e4464f6af3dff35e,1,0,message_07274ef4054bcde25a982e9d,event_c4ae69d600ed922f4e0db208,DROPPED,2026-08-07 09:00:44,2026-08-07 09:00:44,Eigene Reputation stärken und exklusives 30 % Rabatt-Angebot nutzen,0,,event_e257de02c1d9230b7e75f11d,,PREVIOUSLY_BOUNCED,on
C09,dach_de_plus_m_consistency26m_3,431881085,A,rollout_fallback,person_b254dffa52574ecc80cb7dbf,1,0,message_b9a57f07042994ea3b4f4952,event_76e58bf3c25f5c61984845eb,SENT,2026-08-07 11:00:52,2026-08-07 11:00:52,"Was sieht ein Kunde, wenn er dich heute online überprüft?",0,,,,,on
C09,dach_de_plus_m_consistency26m_3,431881086,A,test,person_4b1c78576bc20648bcd73c3a,1,0,message_e27baf53a8f802f5e4134757,event_78961383a4c99be6fae7cb5b,DELIVERED,2026-08-07 09:00:44,2026-08-07 09:00:47,"Was sieht ein Kunde, wenn er dich heute online überprüft?",0,,,,,on
C09,dach_de_plus_m_consistency26m_3,431881086,A,test,person_4b1c78576bc20648bcd73c3a,1,0,message_e27baf53a8f802f5e4134757,event_9e08cdc40b08662a320909f2,SENT,2026-08-07 09:00:44,2026-08-07 09:00:44,"Was sieht ein Kunde, wenn er dich heute online überprüft?",0,,,,,on
C09,dach_de_plus_m_consistency26m_3,431881085,A,rollout_fallback,person_66d9c12cbd938277f325a682,1,0,message_39a10ac563c33ce83c11fe37,event_674b52840a445b5405eb8ed3,DELIVERED,2026-08-07 11:00:52,2026-08-07 11:00:54,"Was sieht ein Kunde, wenn er dich heute online überprüft?",0,,,,,on
C09,dach_de_plus_m_consistency26m_3,431881085,A,rollout_fallback,person_66d9c12cbd938277f325a682,1,0,message_39a10ac563c33ce83c11fe37,event_04ae83299faf5e65494d4b07,SENT,2026-08-07 11:00:52,2026-08-07 11:00:52,"Was sieht ein Kunde, wenn er dich heute online überprüft?",0,,,,,on
C09,dach_de_plus_m_consistency26m_3,431881087,B,test,person_6da334510324f397b6e88267,1,0,message_bc5f978e592549cba8252243,event_188084f3a2b9a655b261fe7a,DEFERRED,2026-08-07 09:00:43,2026-08-07 09:00:45,Eigene Reputation stärken und exklusives 30 % Rabatt-Angebot nutzen,0,,,,,on
C09,dach_de_plus_m_consistency26m_3,431881087,B,test,person_6da334510324f397b6e88267,1,0,message_bc5f978e592549cba8252243,event_7a56179ea7afbb3e94555660,DROPPED,2026-08-07 09:00:43,2026-08-07 15:36:36,Eigene Reputation stärken und exklusives 30 % Rabatt-Angebot nutzen,0,,,,MTA_IGNORE,on
C09,dach_de_plus_m_consistency26m_3,431881087,B,test,person_6da334510324f397b6e88267,1,0,message_bc5f978e592549cba8252243,event_10cb81980ddfcb540bcf8338,DEFERRED,2026-08-07 09:00:43,2026-08-07 09:25:03,Eigene Reputation stärken und exklusives 30 % Rabatt-Angebot nutzen,0,,,,,on
C09,dach_de_plus_m_consistency26m_3,431881087,B,test,person_6da334510324f397b6e88267,1,0,message_bc5f978e592549cba8252243,event_50d50c2b9fa0b4141656516d,DEFERRED,2026-08-07 09:00:43,2026-08-07 09:03:23,Eigene Reputation stärken und exklusives 30 % Rabatt-Angebot nutzen,0,,,,,on
C09,dach_de_plus_m_consistency26m_3,431881087,B,test,person_6da334510324f397b6e88267,1,0,message_bc5f978e592549cba8252243,event_81a689e7e0d73ea50756687b,SENT,2026-08-07 09:00:43,2026-08-07 09:00:43,Eigene Reputation stärken und exklusives 30 % Rabatt-Angebot nutzen,1,event_7a56179ea7afbb3e94555660,,,,on
C09,dach_de_plus_m_consistency26m_3,431881087,B,test,person_6da334510324f397b6e88267,1,0,message_bc5f978e592549cba8252243,event_bee5104c07ae85cc858515c7,DEFERRED,2026-08-07 09:00:43,2026-08-07 09:26:19,Eigene Reputation stärken und exklusives 30 % Rabatt-Angebot nutzen,0,,,,,on
C09,dach_de_plus_m_consistency26m_3,431881087,B,test,person_6da334510324f397b6e88267,1,0,message_bc5f978e592549cba8252243,event_5d8cb55b7809fdab2662147f,DEFERRED,2026-08-07 09:00:43,2026-08-07 15:35:54,Eigene Reputation stärken und exklusives 30 % Rabatt-Angebot nutzen,0,,,,,on
C09,dach_de_plus_m_consistency26m_3,431881085,A,rollout_fallback,person_302287ddbb988e62590b9df2,1,0,message_1b1c274673f61283c42c6540,event_e46c2dca5bd7e3df1aec23d8,DELIVERED,2026-08-07 11:00:53,2026-08-07 11:00:55,"Was sieht ein Kunde, wenn er dich heute online überprüft?",0,,,,,on
C09,dach_de_plus_m_consistency26m_3,431881085,A,rollout_fallback,person_302287ddbb988e62590b9df2,1,0,message_1b1c274673f61283c42c6540,event_839b2305e60952d2dfdb6a48,SENT,2026-08-07 11:00:53,2026-08-07 11:00:53,"Was sieht ein Kunde, wenn er dich heute online überprüft?",0,,,,,on
C09,dach_de_plus_m_consistency26m_3,431881087,B,test,person_782aabfcd4c6f344cf6bbc44,1,0,message_fe5ea5466fb688da936bc492,event_1e934407446b8ca2ad2ef06f,DELIVERED,2026-08-07 09:00:44,2026-08-07 09:00:48,Eigene Reputation stärken und exklusives 30 % Rabatt-Angebot nutzen,0,,,,,on
C09,dach_de_plus_m_consistency26m_3,431881087,B,test,person_782aabfcd4c6f344cf6bbc44,1,0,message_fe5ea5466fb688da936bc492,event_e0cb99d89457052cb68c2557,SENT,2026-08-07 09:00:44,2026-08-07 09:00:44,Eigene Reputation stärken und exklusives 30 % Rabatt-Angebot nutzen,0,,,,,on
C09,dach_de_plus_m_consistency26m_3,431881086,A,test,person_b25b2d59b2e84751e3304e98,1,0,message_5c8a47ee1b717f78a68a5aa5,event_acfed3ea41b5c4784c9f7112,DELIVERED,2026-08-07 09:00:44,2026-08-07 09:00:46,"Was sieht ein Kunde, wenn er dich heute online überprüft?",0,,,,,on
C09,dach_de_plus_m_consistency26m_3,431881086,A,test,person_b25b2d59b2e84751e3304e98,1,0,message_5c8a47ee1b717f78a68a5aa5,event_c0bf7c3e6b5c2d6683a26686,SENT,2026-08-07 09:00:44,2026-08-07 09:00:44,"Was sieht ein Kunde, wenn er dich heute online überprüft?",0,,,,,on
C09,dach_de_plus_m_consistency26m_3,431881085,A,rollout_fallback,person_900bd48f1717070b568e507b,1,0,message_7d26a268d2b001d11e598c5b,event_c62fbef52211052a4f2577da,SENT,2026-08-07 11:00:53,2026-08-07 11:00:53,"Was sieht ein Kunde, wenn er dich heute online überprüft?",0,,,,,on
C09,dach_de_plus_m_consistency26m_3,431881085,A,rollout_fallback,person_900bd48f1717070b568e507b,1,0,message_7d26a268d2b001d11e598c5b,event_0b8105d6d174e521971193d0,DELIVERED,2026-08-07 11:00:53,2026-08-07 11:00:56,"Was sieht ein Kunde, wenn er dich heute online überprüft?",0,,,,,on
C09,dach_de_plus_m_consistency26m_3,431881085,A,rollout_fallback,person_2a34744d90cdcf9fa94c8f5c,1,0,message_eb6986cce11d29d84f2db5c3,event_01b376d1378ef67f05ca5d2f,SENT,2026-08-07 11:00:53,2026-08-07 11:00:53,"Was sieht ein Kunde, wenn er dich heute online überprüft?",0,,,,,on
C09,dach_de_plus_m_consistency26m_3,431881085,A,rollout_fallback,person_2a34744d90cdcf9fa94c8f5c,1,0,message_eb6986cce11d29d84f2db5c3,event_1b548dbd50f12fae034e1e50,DELIVERED,2026-08-07 11:00:53,2026-08-07 11:00:56,"Was sieht ein Kunde, wenn er dich heute online überprüft?",0,,,,,on
C09,dach_de_plus_m_consistency26m_3,431881087,B,test,person_f39f075ad96d2d0ebc2fb5ab,1,0,message_81ceb0d1654393fe494bb7e8,event_e6029cfbbdbb37f411c30c09,DELIVERED,2026-08-07 09:00:43,2026-08-07 09:00:54,Eigene Reputation stärken und exklusives 30 % Rabatt-Angebot nutzen,0,,,,,on
C09,dach_de_plus_m_consistency26m_3,431881087,B,test,person_f39f075ad96d2d0ebc2fb5ab,1,0,message_81ceb0d1654393fe494bb7e8,event_a9ed23de87706a3b29a99397,SENT,2026-08-07 09:00:43,2026-08-07 09:00:43,Eigene Reputation stärken und exklusives 30 % Rabatt-Angebot nutzen,0,,,,,on
C09,dach_de_plus_m_consistency26m_3,431881086,A,test,person_e805da9d5e01c26ee6f5a1c7,1,0,message_ea2154e31b0e489e2f81ad5a,event_11a89d7d6943cec714ad673a,SENT,2026-08-07 08:59:23,2026-08-07 08:59:23,"Was sieht ein Kunde, wenn er dich heute online überprüft?",0,,,,,on
C09,dach_de_plus_m_consistency26m_3,431881086,A,test,person_e805da9d5e01c26ee6f5a1c7,1,0,message_ea2154e31b0e489e2f81ad5a,event_66526eb4c9e16fb0ab167abb,DELIVERED,2026-08-07 08:59:23,2026-08-07 08:59:26,"Was sieht ein Kunde, wenn er dich heute online überprüft?",0,,,,,on
C09,dach_de_plus_m_consistency26m_3,431881087,B,test,person_93c1f41623bd967eb27f2a78,1,0,message_3f62afb6c0435d849d0b6468,event_5fb78b941ab4b969be6b278a,DELIVERED,2026-08-07 09:00:43,2026-08-07 09:00:47,Eigene Reputation stärken und exklusives 30 % Rabatt-Angebot nutzen,0,,,,,on
C09,dach_de_plus_m_consistency26m_3,431881087,B,test,person_93c1f41623bd967eb27f2a78,1,0,message_3f62afb6c0435d849d0b6468,event_dcdc947929c3056a445daef1,SENT,2026-08-07 09:00:43,2026-08-07 09:00:43,Eigene Reputation stärken und exklusives 30 % Rabatt-Angebot nutzen,0,,,,,on
C09,dach_de_plus_m_consistency26m_3,431881086,A,test,person_4af213dac8c1031fa7c1d1c6,1,0,message_7cd097da3d9afd665ece1d7b,event_f41c86f1910e501f1c5b4263,DEFERRED,2026-08-07 08:59:23,2026-08-07 09:00:58,"Was sieht ein Kunde, wenn er dich heute online überprüft?",0,,,,,on
C09,dach_de_plus_m_consistency26m_3,431881085,A,rollout_fallback,person_eeb4513bf91b063242e55e09,1,0,message_4acf0674fa0e8f6add6a6c8a,event_e871e6b38f80c4ff1b101914,DROPPED,2026-08-07 11:00:53,2026-08-07 11:00:53,"Was sieht ein Kunde, wenn er dich heute online überprüft?",0,,event_816f661abbbcd1ff9a4aa3ce,,PREVIOUSLY_BOUNCED,on
C09,dach_de_plus_m_consistency26m_3,431881085,A,rollout_fallback,person_811625364a0a3618232f4d3a,1,0,message_a4c2c46c455a62500148d6f2,event_173f761adbbe790800546d4e,DROPPED,2026-08-07 11:00:52,2026-08-07 11:00:52,"Was sieht ein Kunde, wenn er dich heute online überprüft?",0,,event_3dc074481cd7c3050d5b41e2,,PREVIOUSLY_BOUNCED,on
C09,dach_de_plus_m_consistency26m_3,431881086,A,test,person_4af213dac8c1031fa7c1d1c6,1,0,message_7cd097da3d9afd665ece1d7b,event_f92489ee2fba06b073bca7c3,SENT,2026-08-07 08:59:23,2026-08-07 08:59:23,"Was sieht ein Kunde, wenn er dich heute online überprüft?",0,,,,,on
C09,dach_de_plus_m_consistency26m_3,431881086,A,test,person_4af213dac8c1031fa7c1d1c6,1,0,message_7cd097da3d9afd665ece1d7b,event_e05d9975eae05d227b7fa548,DELIVERED,2026-08-07 08:59:23,2026-08-07 09:10:50,"Was sieht ein Kunde, wenn er dich heute online überprüft?",0,,,,,on
C09,dach_de_plus_m_consistency26m_3,431881086,A,test,person_5d6c3e9ec0d72085c4a3efbf,1,0,message_ed08d165f1dac35eaaf13627,event_05ba955fd6dfc326246583e4,SENT,2026-08-07 08:59:23,2026-08-07 08:59:23,"Was sieht ein Kunde, wenn er dich heute online überprüft?",0,,,,,on
C09,dach_de_plus_m_consistency26m_3,431881086,A,test,person_5d6c3e9ec0d72085c4a3efbf,1,0,message_ed08d165f1dac35eaaf13627,event_75027b7445766e8cef9278aa,DELIVERED,2026-08-07 08:59:23,2026-08-07 08:59:26,"Was sieht ein Kunde, wenn er dich heute online überprüft?",0,,,,,on
C09,dach_de_plus_m_consistency26m_3,431881087,B,test,person_ec61e6b935bda3fd69e9f6bb,1,0,message_70bc33d655d3a6269ca2426e,event_612f45c336bcd760a08fdac5,SENT,2026-08-07 09:00:44,2026-08-07 09:00:44,Eigene Reputation stärken und exklusives 30 % Rabatt-Angebot nutzen,0,,,,,on
C09,dach_de_plus_m_consistency26m_3,431881087,B,test,person_ec61e6b935bda3fd69e9f6bb,1,0,message_70bc33d655d3a6269ca2426e,event_2ac6468268677d0a94b8330b,DELIVERED,2026-08-07 09:00:44,2026-08-07 09:00:49,Eigene Reputation stärken und exklusives 30 % Rabatt-Angebot nutzen,0,,,,,on
C09,dach_de_plus_m_consistency26m_3,431881087,B,test,person_2f7744b60604f8a677dfa35b,1,0,message_cdb9a4df4a2e516b396ddc6b,event_9472a608875b1312ebac7927,DELIVERED,2026-08-07 09:00:44,2026-08-07 09:00:56,Eigene Reputation stärken und exklusives 30 % Rabatt-Angebot nutzen,0,,,,,on
C09,dach_de_plus_m_consistency26m_3,431881087,B,test,person_2f7744b60604f8a677dfa35b,1,0,message_cdb9a4df4a2e516b396ddc6b,event_363c6d1e859c98e873e17118,SENT,2026-08-07 09:00:44,2026-08-07 09:00:44,Eigene Reputation stärken und exklusives 30 % Rabatt-Angebot nutzen,0,,,,,on
C09,dach_de_plus_m_consistency26m_3,431881087,B,test,person_24fa145991af60db8fb1fd96,1,0,message_e4ea2d9434466066d39bb96e,event_c4d95c91dfd4002350efd171,DROPPED,2026-08-07 09:00:43,2026-08-07 09:00:43,Eigene Reputation stärken und exklusives 30 % Rabatt-Angebot nutzen,0,,event_9efe812b80d1f602a38c53bb,,PREVIOUSLY_BOUNCED,on
C09,dach_de_plus_m_consistency26m_3,431881087,B,test,person_888b625c901c5d4f5e2e5aa8,1,0,message_5433e11b8eef457b2a820055,event_4b4d2342bbb01cec0455ae68,SENT,2026-08-07 09:00:43,2026-08-07 09:00:43,Eigene Reputation stärken und exklusives 30 % Rabatt-Angebot nutzen,0,,,,,on
C09,dach_de_plus_m_consistency26m_3,431881087,B,test,person_888b625c901c5d4f5e2e5aa8,1,0,message_5433e11b8eef457b2a820055,event_44e3d003471d36e72ba1502e,DELIVERED,2026-08-07 09:00:43,2026-08-07 09:12:26,Eigene Reputation stärken und exklusives 30 % Rabatt-Angebot nutzen,0,,,,,on
C09,dach_de_plus_m_consistency26m_3,431881087,B,test,person_888b625c901c5d4f5e2e5aa8,1,0,message_5433e11b8eef457b2a820055,event_5467439f9a3afc808e3db518,DEFERRED,2026-08-07 09:00:43,2026-08-07 09:02:08,Eigene Reputation stärken und exklusives 30 % Rabatt-Angebot nutzen,0,,,,,on
C09,dach_de_plus_m_consistency26m_3,431881086,A,test,person_2be6f280da25d2308ab3cce0,1,1,message_6cc7eddca646ac0e83944938,event_079324dfea0fde54c047f70c,DELIVERED,2026-08-07 09:00:43,2026-08-07 09:00:46,"Was sieht ein Kunde, wenn er dich heute online überprüft?",0,,,,,on
C09,dach_de_plus_m_consistency26m_3,431881086,A,test,person_2be6f280da25d2308ab3cce0,1,1,message_6cc7eddca646ac0e83944938,event_12d9650d16b6effdbdbcb0cb,SENT,2026-08-07 09:00:43,2026-08-07 09:00:43,"Was sieht ein Kunde, wenn er dich heute online überprüft?",0,,,,,on
C09,dach_de_plus_m_consistency26m_3,431881086,A,test,person_a6f381b065bb4d841d28723b,1,0,message_44e3b92dddb6adf09959ec15,event_7896f773ea17161ca04f2369,DELIVERED,2026-08-07 08:59:23,2026-08-07 08:59:24,"Was sieht ein Kunde, wenn er dich heute online überprüft?",0,,,,,on
C09,dach_de_plus_m_consistency26m_3,431881086,A,test,person_a6f381b065bb4d841d28723b,1,0,message_44e3b92dddb6adf09959ec15,event_d0af9b39f0a9ac773f1bc772,SENT,2026-08-07 08:59:23,2026-08-07 08:59:23,"Was sieht ein Kunde, wenn er dich heute online überprüft?",0,,,,,on
C09,dach_de_plus_m_consistency26m_3,431881086,A,test,person_d1d6669cb32e1d011c9154c6,1,0,message_e092b6185316cd47882b6a7f,event_cf792b25a0d333ff42cb6abb,SENT,2026-08-07 09:00:43,2026-08-07 09:00:43,"Was sieht ein Kunde, wenn er dich heute online überprüft?",0,,,,,on
C09,dach_de_plus_m_consistency26m_3,431881086,A,test,person_d1d6669cb32e1d011c9154c6,1,0,message_e092b6185316cd47882b6a7f,event_6e3cf37a1c5bc412d5c51d1e,DELIVERED,2026-08-07 09:00:43,2026-08-07 09:00:46,"Was sieht ein Kunde, wenn er dich heute online überprüft?",0,,,,,on
C09,dach_de_plus_m_consistency26m_3,431881085,A,rollout_fallback,person_7aa77cec7ae7825176ec8219,1,0,message_9f0aa0d43e2d95d57b755b01,event_b13d029464fb28c89a0e4332,SENT,2026-08-07 11:00:53,2026-08-07 11:00:53,"Was sieht ein Kunde, wenn er dich heute online überprüft?",0,,,,,on
C09,dach_de_plus_m_consistency26m_3,431881085,A,rollout_fallback,person_7aa77cec7ae7825176ec8219,1,0,message_9f0aa0d43e2d95d57b755b01,event_c7053cb52a5c079f93d36ecd,DELIVERED,2026-08-07 11:00:53,2026-08-07 11:00:57,"Was sieht ein Kunde, wenn er dich heute online überprüft?",0,,,,,on
C09,dach_de_plus_m_consistency26m_3,431881086,A,test,person_23036db82d53c463aaaf09de,1,0,message_76c586fa0fe8b0251c2719f7,event_edd502a7748838813d6ef2e3,SENT,2026-08-07 09:00:43,2026-08-07 09:00:43,"Was sieht ein Kunde, wenn er dich heute online überprüft?",0,,,,,on
C09,dach_de_plus_m_consistency26m_3,431881086,A,test,person_23036db82d53c463aaaf09de,1,0,message_76c586fa0fe8b0251c2719f7,event_9aae4215fcb9151776eb4dd4,DELIVERED,2026-08-07 09:00:43,2026-08-07 09:00:47,"Was sieht ein Kunde, wenn er dich heute online überprüft?",0,,,,,on
C09,dach_de_plus_m_consistency26m_3,431881085,A,rollout_fallback,person_29601d90e0e867e8236efd94,1,0,message_aba331ac494b885ffd7143ac,event_e2b83abd2b655e13d8dd5de4,SUPPRESSED,2026-08-07 11:00:52,2026-08-07 11:00:52,"Was sieht ein Kunde, wenn er dich heute online überprüft?",0,,,,NON_MARKETABLE_CONTACT,on
C09,dach_de_plus_m_consistency26m_3,431881086,A,test,person_36b1e14dd390226857811329,1,0,message_f268affde88d2dff06123b97,event_0c43af25de937b382314c0bf,OPEN,2026-08-07 08:59:23,2026-08-07 08:59:26,"Was sieht ein Kunde, wenn er dich heute online überprüft?",0,,,,,on
C09,dach_de_plus_m_consistency26m_3,431881086,A,test,person_36b1e14dd390226857811329,1,0,message_f268affde88d2dff06123b97,event_f406fe4ce6ef4d205fd1ee70,SENT,2026-08-07 08:59:23,2026-08-07 08:59:23,"Was sieht ein Kunde, wenn er dich heute online überprüft?",0,,,,,on
C09,dach_de_plus_m_consistency26m_3,431881086,A,test,person_36b1e14dd390226857811329,1,0,message_f268affde88d2dff06123b97,event_d1c39aa6681f003b53fe49d9,DELIVERED,2026-08-07 08:59:23,2026-08-07 08:59:25,"Was sieht ein Kunde, wenn er dich heute online überprüft?",0,,,,,on
C09,dach_de_plus_m_consistency26m_3,431881086,A,test,person_371421315f754648a348fc05,1,0,message_58f99494bac949aafa40fab2,event_5417b7ec1a73302e43b85e81,DELIVERED,2026-08-07 09:00:43,2026-08-07 09:00:47,"Was sieht ein Kunde, wenn er dich heute online überprüft?",0,,,,,on
C09,dach_de_plus_m_consistency26m_3,431881086,A,test,person_371421315f754648a348fc05,1,0,message_58f99494bac949aafa40fab2,event_2516edf2ce2341b358325af1,SENT,2026-08-07 09:00:43,2026-08-07 09:00:43,"Was sieht ein Kunde, wenn er dich heute online überprüft?",0,,,,,on
C09,dach_de_plus_m_consistency26m_3,431881085,A,rollout_fallback,person_55e3dd42fb2363cdbad3036f,1,0,message_79696a2158b3a61d72073208,event_b73ac46afe4b108ea2b52262,DELIVERED,2026-08-07 11:00:52,2026-08-07 11:00:56,"Was sieht ein Kunde, wenn er dich heute online überprüft?",0,,,,,on
C09,dach_de_plus_m_consistency26m_3,431881085,A,rollout_fallback,person_55e3dd42fb2363cdbad3036f,1,0,message_79696a2158b3a61d72073208,event_0e70d131c4249de3d946cd36,SENT,2026-08-07 11:00:52,2026-08-07 11:00:52,"Was sieht ein Kunde, wenn er dich heute online überprüft?",0,,,,,on
C09,dach_de_plus_m_consistency26m_3,431881085,A,rollout_fallback,person_a0d23b4b253720400b65b13a,1,0,message_c727a3b0bfca10e99498b43d,event_587f998b3d863b5c446430f8,SENT,2026-08-07 11:00:53,2026-08-07 11:00:53,"Was sieht ein Kunde, wenn er dich heute online überprüft?",0,,,,,on
C09,dach_de_plus_m_consistency26m_3,431881085,A,rollout_fallback,person_a0d23b4b253720400b65b13a,1,0,message_c727a3b0bfca10e99498b43d,event_0b78528414c881f146c5abc9,DELIVERED,2026-08-07 11:00:53,2026-08-07 11:00:57,"Was sieht ein Kunde, wenn er dich heute online überprüft?",0,,,,,on
C09,dach_de_plus_m_consistency26m_3,431881087,B,test,person_afcbd46e31747418e826d338,1,1,message_f7b238204498f8a3e1ccc16a,event_f559dc7601cdab48eb971b0a,DEFERRED,2026-08-07 09:00:44,2026-08-07 09:02:49,Eigene Reputation stärken und exklusives 30 % Rabatt-Angebot nutzen,0,,,,,on
C09,dach_de_plus_m_consistency26m_3,431881087,B,test,person_afcbd46e31747418e826d338,1,1,message_f7b238204498f8a3e1ccc16a,event_37f40fb33835acd484994a30,DELIVERED,2026-08-07 09:00:44,2026-08-07 11:13:44,Eigene Reputation stärken und exklusives 30 % Rabatt-Angebot nutzen,0,,,,,on
C09,dach_de_plus_m_consistency26m_3,431881087,B,test,person_afcbd46e31747418e826d338,1,1,message_f7b238204498f8a3e1ccc16a,event_d6ed72f06b4e2e9cef3b5a0b,DEFERRED,2026-08-07 09:00:44,2026-08-07 09:13:43,Eigene Reputation stärken und exklusives 30 % Rabatt-Angebot nutzen,0,,,,,on
C09,dach_de_plus_m_consistency26m_3,431881087,B,test,person_afcbd46e31747418e826d338,1,1,message_f7b238204498f8a3e1ccc16a,event_8310a3e827abd3e5419b1688,SENT,2026-08-07 09:00:44,2026-08-07 09:00:44,Eigene Reputation stärken und exklusives 30 % Rabatt-Angebot nutzen,0,,,,,on
C09,dach_de_plus_m_consistency26m_3,431881085,A,rollout_fallback,person_865b185cb0ba92afff7f2431,1,0,message_db7eb8d1fd515eb041654a22,event_4b35de2673dd19dcc7d91296,SUPPRESSED,2026-08-07 11:00:53,2026-08-07 11:00:53,"Was sieht ein Kunde, wenn er dich heute online überprüft?",0,,,,NON_MARKETABLE_CONTACT,on
C09,dach_de_plus_m_consistency26m_3,431881085,A,rollout_fallback,person_5adda8f9a689e5e0efb46ab6,1,0,message_3e4ab7271cdee5509506b93d,event_02911b4a3fd8202bb5487a7c,SENT,2026-08-07 11:00:53,2026-08-07 11:00:53,"Was sieht ein Kunde, wenn er dich heute online überprüft?",0,,,,,on
C09,dach_de_plus_m_consistency26m_3,431881085,A,rollout_fallback,person_5adda8f9a689e5e0efb46ab6,1,0,message_3e4ab7271cdee5509506b93d,event_57e6d287a3b7a360245486b5,DELIVERED,2026-08-07 11:00:53,2026-08-07 11:00:59,"Was sieht ein Kunde, wenn er dich heute online überprüft?",0,,,,,on
C09,dach_de_plus_m_consistency26m_3,431881086,A,test,person_753c5087b13ea94429ffda73,1,0,message_08decba04e73a83e3e1b0732,event_48d849e738ccc5660d5802b1,SENT,2026-08-07 09:00:43,2026-08-07 09:00:43,"Was sieht ein Kunde, wenn er dich heute online überprüft?",0,,,,,on
C09,dach_de_plus_m_consistency26m_3,431881086,A,test,person_753c5087b13ea94429ffda73,1,0,message_08decba04e73a83e3e1b0732,event_af7f68d764c8790a54cbfc21,DELIVERED,2026-08-07 09:00:43,2026-08-07 09:00:49,"Was sieht ein Kunde, wenn er dich heute online überprüft?",0,,,,,on
C09,dach_de_plus_m_consistency26m_3,431881087,B,test,person_b9dd3e8db292d431b9c15766,1,0,message_f5bc3acd37f4c3f50555e891,event_84950b7170e5f606d1569ea2,SENT,2026-08-07 09:00:44,2026-08-07 09:00:44,Eigene Reputation stärken und exklusives 30 % Rabatt-Angebot nutzen,0,,,,,on
C09,dach_de_plus_m_consistency26m_3,431881087,B,test,person_b9dd3e8db292d431b9c15766,1,0,message_f5bc3acd37f4c3f50555e891,event_da00280f343e830f5e958ad0,DELIVERED,2026-08-07 09:00:44,2026-08-07 09:00:48,Eigene Reputation stärken und exklusives 30 % Rabatt-Angebot nutzen,0,,,,,on
C09,dach_de_plus_m_consistency26m_3,431881087,B,test,person_88b626a96e30dc46d1746ea8,1,0,message_2e7abd2b58c8c1301b909155,event_c3c35cb1abc1d8678f957161,SENT,2026-08-07 09:00:43,2026-08-07 09:00:43,Eigene Reputation stärken und exklusives 30 % Rabatt-Angebot nutzen,0,,,,,on
C09,dach_de_plus_m_consistency26m_3,431881087,B,test,person_88b626a96e30dc46d1746ea8,1,0,message_2e7abd2b58c8c1301b909155,event_ca9b688a8106cd1e6abe3539,DELIVERED,2026-08-07 09:00:43,2026-08-07 09:00:55,Eigene Reputation stärken und exklusives 30 % Rabatt-Angebot nutzen,0,,,,,on
C09,dach_de_plus_m_consistency26m_3,431881085,A,rollout_fallback,person_c85ce561387ae07560d06777,1,0,message_1e12b306c5c9978feb47b264,event_b402044d9025aa70574c164a,SENT,2026-08-07 11:00:52,2026-08-07 11:00:52,"Was sieht ein Kunde, wenn er dich heute online überprüft?",0,,,,,on
C09,dach_de_plus_m_consistency26m_3,431881085,A,rollout_fallback,person_c85ce561387ae07560d06777,1,0,message_1e12b306c5c9978feb47b264,event_5d9f338d99194a0e24d91c32,DELIVERED,2026-08-07 11:00:52,2026-08-07 11:00:55,"Was sieht ein Kunde, wenn er dich heute online überprüft?",0,,,,,on
C09,dach_de_plus_m_consistency26m_3,431881085,A,rollout_fallback,person_7582425d06f614d606cd5ce2,1,0,message_f255a561cf4284d53169ccc6,event_64ed570055559a9042cb1a5c,SENT,2026-08-07 11:00:53,2026-08-07 11:00:53,"Was sieht ein Kunde, wenn er dich heute online überprüft?",0,,,,,on
C09,dach_de_plus_m_consistency26m_3,431881085,A,rollout_fallback,person_7582425d06f614d606cd5ce2,1,0,message_f255a561cf4284d53169ccc6,event_1181615da575396f59ba9d9c,DELIVERED,2026-08-07 11:00:53,2026-08-07 11:01:01,"Was sieht ein Kunde, wenn er dich heute online überprüft?",0,,,,,on
C09,dach_de_plus_m_consistency26m_3,431881087,B,test,person_8b623b3fd7d7a3d253ebc824,1,1,message_4218092fa4e115a727ca05ee,event_27a4ea5ab4d723c2ffbcd4bb,SENT,2026-08-07 09:00:43,2026-08-07 09:00:43,Eigene Reputation stärken und exklusives 30 % Rabatt-Angebot nutzen,0,,,,,on
C09,dach_de_plus_m_consistency26m_3,431881087,B,test,person_8b623b3fd7d7a3d253ebc824,1,1,message_4218092fa4e115a727ca05ee,event_827c43db6296036019ac9de1,DELIVERED,2026-08-07 09:00:43,2026-08-07 09:00:46,Eigene Reputation stärken und exklusives 30 % Rabatt-Angebot nutzen,0,,,,,on
C09,dach_de_plus_m_consistency26m_3,431881085,A,rollout_fallback,person_d7911c2d09d4927781b31994,1,0,message_7b323da879ef17acffae037f,event_4fa015ad0e195e2fa44479bf,DEFERRED,2026-08-07 11:00:53,2026-08-07 11:01:16,"Was sieht ein Kunde, wenn er dich heute online überprüft?",0,,,,,on
C09,dach_de_plus_m_consistency26m_3,431881085,A,rollout_fallback,person_d7911c2d09d4927781b31994,1,0,message_7b323da879ef17acffae037f,event_9bebe8e5b0f26f9e61c2145b,DEFERRED,2026-08-07 11:00:53,2026-08-07 13:13:12,"Was sieht ein Kunde, wenn er dich heute online überprüft?",0,,,,,on
C09,dach_de_plus_m_consistency26m_3,431881085,A,rollout_fallback,person_d7911c2d09d4927781b31994,1,0,message_7b323da879ef17acffae037f,event_02ee79cc7dceb43d5dc10b5e,DEFERRED,2026-08-07 11:00:53,2026-08-07 13:03:21,"Was sieht ein Kunde, wenn er dich heute online überprüft?",0,,,,,on
C09,dach_de_plus_m_consistency26m_3,431881085,A,rollout_fallback,person_d7911c2d09d4927781b31994,1,0,message_7b323da879ef17acffae037f,event_86890a77e016a86fede2c1de,DELIVERED,2026-08-07 11:00:53,2026-08-07 15:13:13,"Was sieht ein Kunde, wenn er dich heute online überprüft?",0,,,,,on
C09,dach_de_plus_m_consistency26m_3,431881085,A,rollout_fallback,person_d7911c2d09d4927781b31994,1,0,message_7b323da879ef17acffae037f,event_eb313ad57e1fa721798b6498,SENT,2026-08-07 11:00:53,2026-08-07 11:00:53,"Was sieht ein Kunde, wenn er dich heute online überprüft?",0,,,,,on
C09,dach_de_plus_m_consistency26m_3,431881085,A,rollout_fallback,person_469b7fdc25f0d362b7c7fbb3,1,0,message_9b50bcbf147809e870d96af2,event_ab20954f5a4527e1f5a99a43,DELIVERED,2026-08-07 11:00:53,2026-08-07 11:00:56,"Was sieht ein Kunde, wenn er dich heute online überprüft?",0,,,,,on
C09,dach_de_plus_m_consistency26m_3,431881085,A,rollout_fallback,person_469b7fdc25f0d362b7c7fbb3,1,0,message_9b50bcbf147809e870d96af2,event_db112347a544b08894da08f6,SENT,2026-08-07 11:00:53,2026-08-07 11:00:53,"Was sieht ein Kunde, wenn er dich heute online überprüft?",0,,,,,on
C09,dach_de_plus_m_consistency26m_3,431881086,A,test,person_0eff443d5693287f362b2e6e,1,0,message_0993ef65137c5ccbd6d7a143,event_0b671391ace493ea1b416116,SENT,2026-08-07 09:00:43,2026-08-07 09:00:43,"Was sieht ein Kunde, wenn er dich heute online überprüft?",0,,,,,on
C09,dach_de_plus_m_consistency26m_3,431881086,A,test,person_0eff443d5693287f362b2e6e,1,0,message_0993ef65137c5ccbd6d7a143,event_bd5ab65d318d3201cae9d66a,DELIVERED,2026-08-07 09:00:43,2026-08-07 09:00:48,"Was sieht ein Kunde, wenn er dich heute online überprüft?",0,,,,,on
C09,dach_de_plus_m_consistency26m_3,431881085,A,rollout_fallback,person_a347a17b3079887ba887cca7,1,0,message_393e928de539d02b37e71fde,event_62b254241ee9c6656a1e806f,SENT,2026-08-07 11:00:53,2026-08-07 11:00:53,"Was sieht ein Kunde, wenn er dich heute online überprüft?",0,,,,,on
C09,dach_de_plus_m_consistency26m_3,431881085,A,rollout_fallback,person_a347a17b3079887ba887cca7,1,0,message_393e928de539d02b37e71fde,event_3b77cfb8abba26c83349b4d3,DELIVERED,2026-08-07 11:00:53,2026-08-07 11:00:57,"Was sieht ein Kunde, wenn er dich heute online überprüft?",0,,,,,on
C09,dach_de_plus_m_consistency26m_3,431881087,B,test,person_db64af226b4f7615f20cb859,1,0,message_8f9a645040c6f5fda4722e3b,event_5b9048fa991bdedca459ad02,SENT,2026-08-07 09:00:43,2026-08-07 09:00:43,Eigene Reputation stärken und exklusives 30 % Rabatt-Angebot nutzen,0,,,,,on
C09,dach_de_plus_m_consistency26m_3,431881087,B,test,person_db64af226b4f7615f20cb859,1,0,message_8f9a645040c6f5fda4722e3b,event_08c0eb2ba197325a1f436dc1,DELIVERED,2026-08-07 09:00:43,2026-08-07 09:00:46,Eigene Reputation stärken und exklusives 30 % Rabatt-Angebot nutzen,0,,,,,on
C09,dach_de_plus_m_consistency26m_3,431881086,A,test,person_4a5d99e27045a9abd72e0ee9,1,0,message_1787ad353f1a1a678d94576b,event_3837f92358785f487cd8003b,SENT,2026-08-07 09:00:44,2026-08-07 09:00:44,"Was sieht ein Kunde, wenn er dich heute online überprüft?",0,,,,,on
C09,dach_de_plus_m_consistency26m_3,431881086,A,test,person_4a5d99e27045a9abd72e0ee9,1,0,message_1787ad353f1a1a678d94576b,event_343f1515cfbf5c6ed0c83618,DELIVERED,2026-08-07 09:00:44,2026-08-07 09:00:48,"Was sieht ein Kunde, wenn er dich heute online überprüft?",0,,,,,on
C09,dach_de_plus_m_consistency26m_3,431881085,A,rollout_fallback,person_297d181e0354e62a52dc8a8a,1,0,message_af39313a5c72e81006dcaa0f,event_68f1199e4dcd33af2d63217c,SENT,2026-08-07 11:00:52,2026-08-07 11:00:52,"Was sieht ein Kunde, wenn er dich heute online überprüft?",0,,,,,on
C09,dach_de_plus_m_consistency26m_3,431881085,A,rollout_fallback,person_297d181e0354e62a52dc8a8a,1,0,message_af39313a5c72e81006dcaa0f,event_592bffe20ae89f55774e1298,DELIVERED,2026-08-07 11:00:52,2026-08-07 11:00:56,"Was sieht ein Kunde, wenn er dich heute online überprüft?",0,,,,,on
C09,dach_de_plus_m_consistency26m_3,431881085,A,rollout_fallback,person_f36c60eaa5559b924eec0a78,1,0,message_3c5528b2e2a0aa7141f0fec4,event_e681a9040151c3dac08c386f,SENT,2026-08-07 11:00:53,2026-08-07 11:00:53,"Was sieht ein Kunde, wenn er dich heute online überprüft?",0,,,,,on
C09,dach_de_plus_m_consistency26m_3,431881085,A,rollout_fallback,person_f36c60eaa5559b924eec0a78,1,0,message_3c5528b2e2a0aa7141f0fec4,event_7cf8b841d196dfcf8fab5abc,DELIVERED,2026-08-07 11:00:53,2026-08-07 11:00:56,"Was sieht ein Kunde, wenn er dich heute online überprüft?",0,,,,,on
C09,dach_de_plus_m_consistency26m_3,431881086,A,test,person_70eba439b16995480df04371,1,0,message_0c2f65d635e8e81f1126e368,event_860e6121aa449db97655e819,SENT,2026-08-07 08:59:23,2026-08-07 08:59:23,"Was sieht ein Kunde, wenn er dich heute online überprüft?",0,,,,,on
C09,dach_de_plus_m_consistency26m_3,431881086,A,test,person_70eba439b16995480df04371,1,0,message_0c2f65d635e8e81f1126e368,event_cffd1ed36ee0aa197328671b,DELIVERED,2026-08-07 08:59:23,2026-08-07 08:59:25,"Was sieht ein Kunde, wenn er dich heute online überprüft?",0,,,,,on
C09,dach_de_plus_m_consistency26m_3,431881086,A,test,person_70eba439b16995480df04371,1,0,message_0c2f65d635e8e81f1126e368,event_eb38f77cf069545fab8e4611,OPEN,2026-08-07 08:59:23,2026-08-07 09:17:14,"Was sieht ein Kunde, wenn er dich heute online überprüft?",0,,,,,on
C09,dach_de_plus_m_consistency26m_3,431881086,A,test,person_9fec0f5b59a937bec8565b1c,1,0,message_8a1a94177dd439fb66c263fc,event_1c3a86908511a9dc310ce559,DELIVERED,2026-08-07 09:00:43,2026-08-07 09:12:42,"Was sieht ein Kunde, wenn er dich heute online überprüft?",0,,,,,on
C09,dach_de_plus_m_consistency26m_3,431881086,A,test,person_9fec0f5b59a937bec8565b1c,1,0,message_8a1a94177dd439fb66c263fc,event_30116ce80b9c127f626a3488,OPEN,2026-08-07 09:00:43,2026-08-12 08:29:36,"Was sieht ein Kunde, wenn er dich heute online überprüft?",0,,event_957e6c49bcd1bacd5f979102,,,on
C09,dach_de_plus_m_consistency26m_3,431881086,A,test,person_9fec0f5b59a937bec8565b1c,1,0,message_8a1a94177dd439fb66c263fc,event_957e6c49bcd1bacd5f979102,CLICK,2026-08-07 09:00:43,2026-08-12 08:29:36,"Was sieht ein Kunde, wenn er dich heute online überprüft?",0,,,link_8165817f53bfdcc73a827ac7,,on
C09,dach_de_plus_m_consistency26m_3,431881086,A,test,person_9fec0f5b59a937bec8565b1c,1,0,message_8a1a94177dd439fb66c263fc,event_63d05bcfdc75a34c231750dc,DEFERRED,2026-08-07 09:00:43,2026-08-07 09:02:44,"Was sieht ein Kunde, wenn er dich heute online überprüft?",0,,,,,on
C09,dach_de_plus_m_consistency26m_3,431881086,A,test,person_9fec0f5b59a937bec8565b1c,1,0,message_8a1a94177dd439fb66c263fc,event_7a08c2ff29f7df7f00bf7897,SENT,2026-08-07 09:00:43,2026-08-07 09:00:43,"Was sieht ein Kunde, wenn er dich heute online überprüft?",0,,,,,on
C09,dach_de_plus_m_consistency26m_3,431881085,A,rollout_fallback,person_1258f2b5e8616ef89d7db1db,1,0,message_d309620cf3a3b6d7a1e6ceeb,event_9fe8725acbbfc86f92cbef94,DROPPED,2026-08-07 11:00:53,2026-08-07 11:00:53,"Was sieht ein Kunde, wenn er dich heute online überprüft?",0,,event_652bb6b4584c05a1f04ea0a0,,PREVIOUSLY_BOUNCED,on
C09,dach_de_plus_m_consistency26m_3,431881087,B,test,person_4faaa7c1d58a1093617b3210,1,0,message_16120ab0950e01a4c7e527f5,event_c0179dc6c7d17a9bdae26fa0,DELIVERED,2026-08-07 09:00:44,2026-08-07 09:00:49,Eigene Reputation stärken und exklusives 30 % Rabatt-Angebot nutzen,0,,,,,on
C09,dach_de_plus_m_consistency26m_3,431881087,B,test,person_4faaa7c1d58a1093617b3210,1,0,message_16120ab0950e01a4c7e527f5,event_f4cfd6738183fef17138a199,SENT,2026-08-07 09:00:44,2026-08-07 09:00:44,Eigene Reputation stärken und exklusives 30 % Rabatt-Angebot nutzen,0,,,,,on
C09,dach_de_plus_m_consistency26m_3,431881087,B,test,person_f9b1de382e0b87d8058d7365,1,0,message_c88de4158393cc86c7978e71,event_5ede639f173e37aec989d0c5,SENT,2026-08-07 09:00:43,2026-08-07 09:00:43,Eigene Reputation stärken und exklusives 30 % Rabatt-Angebot nutzen,0,,,,,on
C09,dach_de_plus_m_consistency26m_3,431881087,B,test,person_f9b1de382e0b87d8058d7365,1,0,message_c88de4158393cc86c7978e71,event_b12ded4c0580cf81971e8891,DELIVERED,2026-08-07 09:00:43,2026-08-07 09:00:47,Eigene Reputation stärken und exklusives 30 % Rabatt-Angebot nutzen,0,,,,,on
C09,dach_de_plus_m_consistency26m_3,431881086,A,test,person_95fc417443e4bf62b24415a7,1,0,message_b02ef793b0304e818e8f7138,event_766e09d2f3721e3ec972e809,SENT,2026-08-07 09:00:43,2026-08-07 09:00:43,"Was sieht ein Kunde, wenn er dich heute online überprüft?",0,,,,,on
C09,dach_de_plus_m_consistency26m_3,431881086,A,test,person_95fc417443e4bf62b24415a7,1,0,message_b02ef793b0304e818e8f7138,event_04b4f4013c8728d7641d1419,DELIVERED,2026-08-07 09:00:43,2026-08-07 09:00:47,"Was sieht ein Kunde, wenn er dich heute online überprüft?",0,,,,,on
C09,dach_de_plus_m_consistency26m_3,431881086,A,test,person_f409b36556d9e9500a5a1759,1,0,message_171625a85856513e092293ba,event_e2fe7bcaccafd2170b333582,DELIVERED,2026-08-07 09:00:43,2026-08-07 09:00:49,"Was sieht ein Kunde, wenn er dich heute online überprüft?",0,,,,,on
C09,dach_de_plus_m_consistency26m_3,431881086,A,test,person_f409b36556d9e9500a5a1759,1,0,message_171625a85856513e092293ba,event_899cb519005d4fb6daad5dcd,SENT,2026-08-07 09:00:43,2026-08-07 09:00:43,"Was sieht ein Kunde, wenn er dich heute online überprüft?",0,,,,,on
C09,dach_de_plus_m_consistency26m_3,431881087,B,test,person_caea75b72e7d04d282a95f72,1,0,message_2be7308084ccf66469347764,event_80853608bbf8a0a1cd9b9919,DELIVERED,2026-08-07 09:00:44,2026-08-07 09:00:49,Eigene Reputation stärken und exklusives 30 % Rabatt-Angebot nutzen,0,,,,,on
C09,dach_de_plus_m_consistency26m_3,431881085,A,rollout_fallback,person_7e9bec8b003e4fc763b9c2bd,1,0,message_ecba6d489d991d947ec53f17,event_83169d1b623b92553276fa7f,DROPPED,2026-08-07 11:00:53,2026-08-07 11:00:53,"Was sieht ein Kunde, wenn er dich heute online überprüft?",0,,event_2296c5eb40ac2f18014fffb0,,PREVIOUSLY_BOUNCED,on
C09,dach_de_plus_m_consistency26m_3,431881087,B,test,person_caea75b72e7d04d282a95f72,1,0,message_2be7308084ccf66469347764,event_a0beac30e2f751be5a92a0e3,SENT,2026-08-07 09:00:44,2026-08-07 09:00:44,Eigene Reputation stärken und exklusives 30 % Rabatt-Angebot nutzen,0,,,,,on
C09,dach_de_plus_m_consistency26m_3,431881086,A,test,person_d109a2f528c9d144f5667400,1,0,message_48a76f90baf523df96efd5a4,event_807722a3ab120cffbcba98d9,SENT,2026-08-07 08:59:23,2026-08-07 08:59:23,"Was sieht ein Kunde, wenn er dich heute online überprüft?",0,,,,,on
C09,dach_de_plus_m_consistency26m_3,431881086,A,test,person_d109a2f528c9d144f5667400,1,0,message_48a76f90baf523df96efd5a4,event_820e83d9021560acbef0abcb,DELIVERED,2026-08-07 08:59:23,2026-08-07 08:59:26,"Was sieht ein Kunde, wenn er dich heute online überprüft?",0,,,,,on
C09,dach_de_plus_m_consistency26m_3,431881086,A,test,person_b234d2ce9325fd113453d11c,1,0,message_5ef227635b980dc93e1c0f69,event_939426bc65b7896edb3e9b24,SENT,2026-08-07 08:59:23,2026-08-07 08:59:23,"Was sieht ein Kunde, wenn er dich heute online überprüft?",0,,,,,on
C09,dach_de_plus_m_consistency26m_3,431881086,A,test,person_b234d2ce9325fd113453d11c,1,0,message_5ef227635b980dc93e1c0f69,event_b4f0202c341621b1c173a91b,DELIVERED,2026-08-07 08:59:23,2026-08-07 08:59:27,"Was sieht ein Kunde, wenn er dich heute online überprüft?",0,,,,,on
C09,dach_de_plus_m_consistency26m_3,431881086,A,test,person_c700c2f2783d4e07a47e0b54,1,0,message_01298ac55a999f6144c9e0d4,event_10a27d57a34420493e011d35,DELIVERED,2026-08-07 09:00:43,2026-08-07 09:00:47,"Was sieht ein Kunde, wenn er dich heute online überprüft?",0,,,,,on
C09,dach_de_plus_m_consistency26m_3,431881086,A,test,person_c700c2f2783d4e07a47e0b54,1,0,message_01298ac55a999f6144c9e0d4,event_84b16c9f70a124484bbdb34b,SENT,2026-08-07 09:00:43,2026-08-07 09:00:43,"Was sieht ein Kunde, wenn er dich heute online überprüft?",0,,,,,on
C09,dach_de_plus_m_consistency26m_3,431881085,A,rollout_fallback,person_f5b17b047e9d9f0d86c1eb6f,1,0,message_1406a2a7e4b5417e069b9a18,event_cc4e1ecaf7eafa9a2b0e2c2f,DELIVERED,2026-08-07 11:00:53,2026-08-07 11:00:58,"Was sieht ein Kunde, wenn er dich heute online überprüft?",0,,,,,on
C09,dach_de_plus_m_consistency26m_3,431881085,A,rollout_fallback,person_f5b17b047e9d9f0d86c1eb6f,1,0,message_1406a2a7e4b5417e069b9a18,event_7bcfca09a0c301d41a164868,SENT,2026-08-07 11:00:53,2026-08-07 11:00:53,"Was sieht ein Kunde, wenn er dich heute online überprüft?",0,,,,,on
C09,dach_de_plus_m_consistency26m_3,431881085,A,rollout_fallback,person_ee02463c8d505d3379a0b1cc,1,0,message_2c9697330b80b669fe32125e,event_b7dd38f3204cd2579dca43fa,SENT,2026-08-07 11:00:53,2026-08-07 11:00:53,"Was sieht ein Kunde, wenn er dich heute online überprüft?",0,,,,,on
C09,dach_de_plus_m_consistency26m_3,431881085,A,rollout_fallback,person_ee02463c8d505d3379a0b1cc,1,0,message_2c9697330b80b669fe32125e,event_1daccaac8e84833e9416ad74,DELIVERED,2026-08-07 11:00:53,2026-08-07 11:01:39,"Was sieht ein Kunde, wenn er dich heute online überprüft?",0,,,,,on
C09,dach_de_plus_m_consistency26m_3,431881085,A,rollout_fallback,person_70cae15af796cd1f70262ebd,1,0,message_b73a687f3bcf8a33bc2f0f89,event_7030fe3e4520a758a4973084,SENT,2026-08-07 11:00:53,2026-08-07 11:00:53,"Was sieht ein Kunde, wenn er dich heute online überprüft?",0,,,,,on
C09,dach_de_plus_m_consistency26m_3,431881085,A,rollout_fallback,person_70cae15af796cd1f70262ebd,1,0,message_b73a687f3bcf8a33bc2f0f89,event_457758183774cf2a1960ada9,DELIVERED,2026-08-07 11:00:53,2026-08-07 11:01:05,"Was sieht ein Kunde, wenn er dich heute online überprüft?",0,,,,,on
C09,dach_de_plus_m_consistency26m_3,431881087,B,test,person_56a48930144c114ddd022095,1,0,message_91208560efaf8c89b840e8f0,event_3e75afa2f944825374399e68,SENT,2026-08-07 09:00:44,2026-08-07 09:00:44,Eigene Reputation stärken und exklusives 30 % Rabatt-Angebot nutzen,0,,,,,on
C09,dach_de_plus_m_consistency26m_3,431881087,B,test,person_56a48930144c114ddd022095,1,0,message_91208560efaf8c89b840e8f0,event_c8b78a535070fd77db5e90bf,DELIVERED,2026-08-07 09:00:44,2026-08-07 09:00:48,Eigene Reputation stärken und exklusives 30 % Rabatt-Angebot nutzen,0,,,,,on
C09,dach_de_plus_m_consistency26m_3,431881087,B,test,person_234ca675f0961603a0ab4b86,1,0,message_29af7028cd9fb72b65dddb20,event_7cb8e09547319a2bd6af8189,DELIVERED,2026-08-07 09:00:43,2026-08-07 09:00:47,Eigene Reputation stärken und exklusives 30 % Rabatt-Angebot nutzen,0,,,,,on
C09,dach_de_plus_m_consistency26m_3,431881087,B,test,person_234ca675f0961603a0ab4b86,1,0,message_29af7028cd9fb72b65dddb20,event_39c87614ef2e619ea0bc2a22,SENT,2026-08-07 09:00:43,2026-08-07 09:00:43,Eigene Reputation stärken und exklusives 30 % Rabatt-Angebot nutzen,0,,,,,on
C09,dach_de_plus_m_consistency26m_3,431881086,A,test,person_0bedfbaeb634b024c8fc8ac8,1,0,message_e61b200524629b0e32a04ae4,event_8369f6c8a3c71b11ffa337d0,SENT,2026-08-07 08:59:23,2026-08-07 08:59:23,"Was sieht ein Kunde, wenn er dich heute online überprüft?",0,,,,,on
C09,dach_de_plus_m_consistency26m_3,431881086,A,test,person_0bedfbaeb634b024c8fc8ac8,1,0,message_e61b200524629b0e32a04ae4,event_367a732e2637365b6cf9c459,DELIVERED,2026-08-07 08:59:23,2026-08-07 08:59:32,"Was sieht ein Kunde, wenn er dich heute online überprüft?",0,,,,,on
C09,dach_de_plus_m_consistency26m_3,431881085,A,rollout_fallback,person_23ee73fd389373af1ee4bf9b,1,0,message_3e8d96abe390687c64898e45,event_1a86f41b2142f7afacacbcbe,SENT,2026-08-07 11:00:53,2026-08-07 11:00:53,"Was sieht ein Kunde, wenn er dich heute online überprüft?",0,,,,,on
C09,dach_de_plus_m_consistency26m_3,431881085,A,rollout_fallback,person_23ee73fd389373af1ee4bf9b,1,0,message_3e8d96abe390687c64898e45,event_0e59612a68c989832389365a,DELIVERED,2026-08-07 11:00:53,2026-08-07 11:00:57,"Was sieht ein Kunde, wenn er dich heute online überprüft?",0,,,,,on
C09,dach_de_plus_m_consistency26m_3,431881087,B,test,person_38aa27b70a1da40c4d6da246,1,0,message_3952d7fd621d120ee0b26945,event_aab49306fc6757c503526c22,SENT,2026-08-07 09:00:43,2026-08-07 09:00:43,Eigene Reputation stärken und exklusives 30 % Rabatt-Angebot nutzen,0,,,,,on
C09,dach_de_plus_m_consistency26m_3,431881087,B,test,person_38aa27b70a1da40c4d6da246,1,0,message_3952d7fd621d120ee0b26945,event_0f2934a3bde683a558608ec7,DELIVERED,2026-08-07 09:00:43,2026-08-07 09:00:47,Eigene Reputation stärken und exklusives 30 % Rabatt-Angebot nutzen,0,,,,,on
C09,dach_de_plus_m_consistency26m_3,431881086,A,test,person_bbe5966aafa33e435a41bd38,1,0,message_c35d32d9a1132ff7d46f110c,event_494fc905e7c08cd5897c6656,DELIVERED,2026-08-07 09:00:44,2026-08-07 09:00:47,"Was sieht ein Kunde, wenn er dich heute online überprüft?",0,,,,,on
C09,dach_de_plus_m_consistency26m_3,431881086,A,test,person_bbe5966aafa33e435a41bd38,1,0,message_c35d32d9a1132ff7d46f110c,event_a790090c7d1923afa6a44a9e,SENT,2026-08-07 09:00:44,2026-08-07 09:00:44,"Was sieht ein Kunde, wenn er dich heute online überprüft?",0,,,,,on
C09,dach_de_plus_m_consistency26m_3,431881086,A,test,person_bbe5966aafa33e435a41bd38,1,0,message_c35d32d9a1132ff7d46f110c,event_935978ceb30940e717cb7559,OPEN,2026-08-07 09:00:44,2026-08-07 11:01:40,"Was sieht ein Kunde, wenn er dich heute online überprüft?",0,,,,,on
C09,dach_de_plus_m_consistency26m_3,431881085,A,rollout_fallback,person_035d068d1435bf74e8c8bdd9,1,0,message_d2345a3b64124260f765faba,event_521a2b1bf5cce84e21a7597f,DELIVERED,2026-08-07 11:00:52,2026-08-07 11:00:57,"Was sieht ein Kunde, wenn er dich heute online überprüft?",0,,,,,on
C09,dach_de_plus_m_consistency26m_3,431881085,A,rollout_fallback,person_035d068d1435bf74e8c8bdd9,1,0,message_d2345a3b64124260f765faba,event_b7f5594d3199531d7c35d031,SENT,2026-08-07 11:00:52,2026-08-07 11:00:52,"Was sieht ein Kunde, wenn er dich heute online überprüft?",0,,,,,on
C09,dach_de_plus_m_consistency26m_3,431881086,A,test,person_ee4d0e48e3967edde0d32806,1,0,message_bcf4ccc9ec662fd0650c6499,event_ed0de1d0fb2c3cf27e4638e1,OPEN,2026-08-07 09:00:43,2026-08-07 09:18:36,"Was sieht ein Kunde, wenn er dich heute online überprüft?",0,,,,,on
C09,dach_de_plus_m_consistency26m_3,431881085,A,rollout_fallback,person_4c02b201e3f8e1df18b0e5e6,1,0,message_c7ca3a33753fa62eed804987,event_60242ac937c80c0d6385ff6b,DROPPED,2026-08-07 11:00:53,2026-08-07 11:00:53,"Was sieht ein Kunde, wenn er dich heute online überprüft?",0,,event_f8b15db956f9c61f218904bc,,PREVIOUSLY_BOUNCED,on
C09,dach_de_plus_m_consistency26m_3,431881086,A,test,person_ee4d0e48e3967edde0d32806,1,0,message_bcf4ccc9ec662fd0650c6499,event_d098268713ecfb0bf2adf305,SENT,2026-08-07 09:00:43,2026-08-07 09:00:43,"Was sieht ein Kunde, wenn er dich heute online überprüft?",0,,,,,on
C09,dach_de_plus_m_consistency26m_3,431881086,A,test,person_ee4d0e48e3967edde0d32806,1,0,message_bcf4ccc9ec662fd0650c6499,event_60be98a4be1d911c0b15bda3,DELIVERED,2026-08-07 09:00:43,2026-08-07 09:01:02,"Was sieht ein Kunde, wenn er dich heute online überprüft?",0,,,,,on
C09,dach_de_plus_m_consistency26m_3,431881086,A,test,person_85434e23ec8b664200fea385,1,0,message_2bd0a64a18f39b2edf6a22fa,event_fe26018afa4cc860131a40d1,SENT,2026-08-07 09:00:43,2026-08-07 09:00:43,"Was sieht ein Kunde, wenn er dich heute online überprüft?",0,,,,,on
C09,dach_de_plus_m_consistency26m_3,431881086,A,test,person_85434e23ec8b664200fea385,1,0,message_2bd0a64a18f39b2edf6a22fa,event_195e5c231b496ab23e03115f,DELIVERED,2026-08-07 09:00:43,2026-08-07 09:00:55,"Was sieht ein Kunde, wenn er dich heute online überprüft?",0,,,,,on
C09,dach_de_plus_m_consistency26m_3,431881087,B,test,person_df13ef5dca4e80a4ee5b5831,1,0,message_6430177c5554c90cc6a02e4b,event_6d4b6b10b481df6065d014b1,DELIVERED,2026-08-07 09:00:43,2026-08-07 09:00:48,Eigene Reputation stärken und exklusives 30 % Rabatt-Angebot nutzen,0,,,,,on
C09,dach_de_plus_m_consistency26m_3,431881087,B,test,person_df13ef5dca4e80a4ee5b5831,1,0,message_6430177c5554c90cc6a02e4b,event_69de49b05eac1ae9b3a7a509,SENT,2026-08-07 09:00:43,2026-08-07 09:00:43,Eigene Reputation stärken und exklusives 30 % Rabatt-Angebot nutzen,0,,,,,on
C09,dach_de_plus_m_consistency26m_3,431881086,A,test,person_ba01d1c4aa4487187eaebc9e,1,0,message_dc1d04d00332c1d566aea3b6,event_fbe46dd12d0751420275800d,SENT,2026-08-07 09:00:44,2026-08-07 09:00:44,"Was sieht ein Kunde, wenn er dich heute online überprüft?",0,,,,,on
C09,dach_de_plus_m_consistency26m_3,431881086,A,test,person_ba01d1c4aa4487187eaebc9e,1,0,message_dc1d04d00332c1d566aea3b6,event_d0964a6be7bb1ec7fcec0878,OPEN,2026-08-07 09:00:44,2026-08-07 09:40:39,"Was sieht ein Kunde, wenn er dich heute online überprüft?",0,,,,,on
C09,dach_de_plus_m_consistency26m_3,431881086,A,test,person_ba01d1c4aa4487187eaebc9e,1,0,message_dc1d04d00332c1d566aea3b6,event_e7a47445bf0986f1796f33b9,DELIVERED,2026-08-07 09:00:44,2026-08-07 09:00:55,"Was sieht ein Kunde, wenn er dich heute online überprüft?",0,,,,,on
C09,dach_de_plus_m_consistency26m_3,431881085,A,rollout_fallback,person_04f79c65b7703b30a49efd2d,1,0,message_f8a65f162deaa07318e9030d,event_c22e4ab19650e4705b6c0633,SENT,2026-08-07 11:00:53,2026-08-07 11:00:53,"Was sieht ein Kunde, wenn er dich heute online überprüft?",0,,,,,on
C09,dach_de_plus_m_consistency26m_3,431881085,A,rollout_fallback,person_04f79c65b7703b30a49efd2d,1,0,message_f8a65f162deaa07318e9030d,event_e9fb9fb4955889e69d8805c1,DELIVERED,2026-08-07 11:00:53,2026-08-07 11:00:57,"Was sieht ein Kunde, wenn er dich heute online überprüft?",0,,,,,on
C09,dach_de_plus_m_consistency26m_3,431881086,A,test,person_7edd6ace337211a5ba006001,1,0,message_e0be82c0d3b4daf58be2c1ce,event_75a9dd73138ab5cf5351e88e,DELIVERED,2026-08-07 09:00:43,2026-08-07 09:01:42,"Was sieht ein Kunde, wenn er dich heute online überprüft?",0,,,,,on
C09,dach_de_plus_m_consistency26m_3,431881086,A,test,person_7edd6ace337211a5ba006001,1,0,message_e0be82c0d3b4daf58be2c1ce,event_d2f642235de8563cdb02dfc7,SENT,2026-08-07 09:00:43,2026-08-07 09:00:43,"Was sieht ein Kunde, wenn er dich heute online überprüft?",0,,,,,on
C09,dach_de_plus_m_consistency26m_3,431881085,A,rollout_fallback,person_4b52cf51dfef490e4b972570,1,0,message_12fe62e8e6537959b4ccf593,event_2c4446b9172d647d5758e6c8,DELIVERED,2026-08-07 11:00:52,2026-08-07 11:00:56,"Was sieht ein Kunde, wenn er dich heute online überprüft?",0,,,,,on
C09,dach_de_plus_m_consistency26m_3,431881085,A,rollout_fallback,person_4b52cf51dfef490e4b972570,1,0,message_12fe62e8e6537959b4ccf593,event_6bbfa70670904672ae2ffd74,SENT,2026-08-07 11:00:52,2026-08-07 11:00:52,"Was sieht ein Kunde, wenn er dich heute online überprüft?",0,,,,,on
C09,dach_de_plus_m_consistency26m_3,431881085,A,rollout_fallback,person_9ebfa4ae12ec2c4da932148e,1,0,message_d864fae0c0544d777027be03,event_bb89ba1bebfa622111a875ff,SENT,2026-08-07 11:00:53,2026-08-07 11:00:53,"Was sieht ein Kunde, wenn er dich heute online überprüft?",0,,,,,on
C09,dach_de_plus_m_consistency26m_3,431881085,A,rollout_fallback,person_9ebfa4ae12ec2c4da932148e,1,0,message_d864fae0c0544d777027be03,event_d987b2f6a617a1a353bb0849,DELIVERED,2026-08-07 11:00:53,2026-08-07 11:00:57,"Was sieht ein Kunde, wenn er dich heute online überprüft?",0,,,,,on
C09,dach_de_plus_m_consistency26m_3,431881087,B,test,person_92d0c74a4bf2ce54afff3cc6,1,1,message_a054f0f9c08625c03b871df2,event_927a1ea87800654753d6b877,SENT,2026-08-07 09:00:43,2026-08-07 09:00:43,Eigene Reputation stärken und exklusives 30 % Rabatt-Angebot nutzen,0,,,,,on
C09,dach_de_plus_m_consistency26m_3,431881087,B,test,person_92d0c74a4bf2ce54afff3cc6,1,1,message_a054f0f9c08625c03b871df2,event_d29ea7b47d0ced409932174c,DELIVERED,2026-08-07 09:00:43,2026-08-07 09:00:50,Eigene Reputation stärken und exklusives 30 % Rabatt-Angebot nutzen,0,,,,,on
C09,dach_de_plus_m_consistency26m_3,431881085,A,rollout_fallback,person_33528c5050059adce4d7c75e,1,0,message_725effda4cb9335b5add1053,event_5e96286914261246caea41ad,DROPPED,2026-08-07 11:00:52,2026-08-07 11:00:52,"Was sieht ein Kunde, wenn er dich heute online überprüft?",0,,event_6d972847cda2e551d356e808,,PREVIOUSLY_BOUNCED,on
C09,dach_de_plus_m_consistency26m_3,431881085,A,rollout_fallback,person_7973587d4847ba8b3c4f6193,1,0,message_fee5a0ba625ea89521c6fbc8,event_f790e95072740e9be28b2e66,DROPPED,2026-08-07 11:00:53,2026-08-07 11:00:53,"Was sieht ein Kunde, wenn er dich heute online überprüft?",0,,event_ac575d1f24018896effb7395,,PREVIOUSLY_BOUNCED,on
C09,dach_de_plus_m_consistency26m_3,431881086,A,test,person_b424d59c94c393a156851afc,1,0,message_9707c65619e6d34f1ac558d8,event_ff32e67a8d5d7cd0630d9b34,SENT,2026-08-07 09:00:44,2026-08-07 09:00:44,"Was sieht ein Kunde, wenn er dich heute online überprüft?",0,,,,,on
C09,dach_de_plus_m_consistency26m_3,431881086,A,test,person_b424d59c94c393a156851afc,1,0,message_9707c65619e6d34f1ac558d8,event_89c89a391575206093ab1077,OPEN,2026-08-07 09:00:44,2026-08-07 09:00:47,"Was sieht ein Kunde, wenn er dich heute online überprüft?",0,,,,,on
C09,dach_de_plus_m_consistency26m_3,431881086,A,test,person_b424d59c94c393a156851afc,1,0,message_9707c65619e6d34f1ac558d8,event_06de0d35a97f851bd3f0fbf2,DELIVERED,2026-08-07 09:00:44,2026-08-07 09:00:46,"Was sieht ein Kunde, wenn er dich heute online überprüft?",0,,,,,on
C09,dach_de_plus_m_consistency26m_3,431881085,A,rollout_fallback,person_d8b03bc66f8a54c00057a42b,1,0,message_36ec87f4edf158cb5555c54e,event_74bb2c0cf04e25817e3986ed,SENT,2026-08-07 11:00:52,2026-08-07 11:00:52,"Was sieht ein Kunde, wenn er dich heute online überprüft?",0,,,,,on
C09,dach_de_plus_m_consistency26m_3,431881085,A,rollout_fallback,person_d8b03bc66f8a54c00057a42b,1,0,message_36ec87f4edf158cb5555c54e,event_fd50e165443d668067adf863,DELIVERED,2026-08-07 11:00:52,2026-08-07 11:00:57,"Was sieht ein Kunde, wenn er dich heute online überprüft?",0,,,,,on
C09,dach_de_plus_m_consistency26m_3,431881085,A,rollout_fallback,person_b1bd3944d241015109b0e725,1,0,message_b702ed591240253dfe18b6c8,event_8a4b81fb3ee5e2d137a0bef5,SENT,2026-08-07 11:00:52,2026-08-07 11:00:52,"Was sieht ein Kunde, wenn er dich heute online überprüft?",0,,,,,on
C09,dach_de_plus_m_consistency26m_3,431881085,A,rollout_fallback,person_b1bd3944d241015109b0e725,1,0,message_b702ed591240253dfe18b6c8,event_4e01e24b3b12b6cc32a8d214,DELIVERED,2026-08-07 11:00:52,2026-08-07 11:00:55,"Was sieht ein Kunde, wenn er dich heute online überprüft?",0,,,,,on
C09,dach_de_plus_m_consistency26m_3,431881085,A,rollout_fallback,person_f488470cf839a5e883de16af,1,1,message_ee8e1eaf09da7a0d42e7700e,event_0e30c9aafb080b85f46400cb,SENT,2026-08-07 11:00:52,2026-08-07 11:00:52,"Was sieht ein Kunde, wenn er dich heute online überprüft?",0,,,,,on
C09,dach_de_plus_m_consistency26m_3,431881085,A,rollout_fallback,person_6c05f858373d38aca117bb5d,1,0,message_dd29ac6bd9ecc14626a6d875,event_d7a7ca25b6b825ae95fde8c2,DROPPED,2026-08-07 11:00:53,2026-08-07 11:00:53,"Was sieht ein Kunde, wenn er dich heute online überprüft?",0,,event_1b2bf58c7daed6fb58bc44d1,,PREVIOUSLY_BOUNCED,on
C09,dach_de_plus_m_consistency26m_3,431881085,A,rollout_fallback,person_f488470cf839a5e883de16af,1,1,message_ee8e1eaf09da7a0d42e7700e,event_7fefba35607473820d257eb5,DELIVERED,2026-08-07 11:00:52,2026-08-07 11:00:56,"Was sieht ein Kunde, wenn er dich heute online überprüft?",0,,,,,on
C09,dach_de_plus_m_consistency26m_3,431881085,A,rollout_fallback,person_f488470cf839a5e883de16af,1,1,message_ee8e1eaf09da7a0d42e7700e,event_530eaa5e83a81b5160fe7b16,OPEN,2026-08-07 11:00:52,2026-08-07 11:01:51,"Was sieht ein Kunde, wenn er dich heute online überprüft?",0,,,,,on
C09,dach_de_plus_m_consistency26m_3,431881085,A,rollout_fallback,person_f488470cf839a5e883de16af,1,1,message_ee8e1eaf09da7a0d42e7700e,event_045dcf204f7e2f47e95ffd21,OPEN,2026-08-07 11:00:52,2026-08-07 11:02:25,"Was sieht ein Kunde, wenn er dich heute online überprüft?",0,,,,,on
C09,dach_de_plus_m_consistency26m_3,431881087,B,test,person_aa495a2d5c594f56608f8ffb,1,0,message_1f0ffe8e494b1100323cfdf4,event_5c583251573e9e17a3b83bc9,DELIVERED,2026-08-07 09:00:44,2026-08-07 09:00:50,Eigene Reputation stärken und exklusives 30 % Rabatt-Angebot nutzen,0,,,,,on
C09,dach_de_plus_m_consistency26m_3,431881087,B,test,person_aa495a2d5c594f56608f8ffb,1,0,message_1f0ffe8e494b1100323cfdf4,event_059642cd092c9cb1d1743628,SENT,2026-08-07 09:00:44,2026-08-07 09:00:44,Eigene Reputation stärken und exklusives 30 % Rabatt-Angebot nutzen,0,,,,,on
C09,dach_de_plus_m_consistency26m_3,431881085,A,rollout_fallback,person_5f9755cc4b498ba789e91fcc,1,0,message_f1b50cab7e9bc32d64358fae,event_844bfb5a500972a817237633,DELIVERED,2026-08-07 11:00:52,2026-08-07 11:00:55,"Was sieht ein Kunde, wenn er dich heute online überprüft?",0,,,,,on
C09,dach_de_plus_m_consistency26m_3,431881085,A,rollout_fallback,person_5f9755cc4b498ba789e91fcc,1,0,message_f1b50cab7e9bc32d64358fae,event_f2b33dec22a7b27e4b434529,SENT,2026-08-07 11:00:52,2026-08-07 11:00:52,"Was sieht ein Kunde, wenn er dich heute online überprüft?",0,,,,,on
C09,dach_de_plus_m_consistency26m_3,431881086,A,test,person_8e1fb2e12283c401f54f173a,1,0,message_7bafeea2b769a3f5073515e6,event_dfa1c71a4b8ab854f238c2ec,DELIVERED,2026-08-07 08:59:23,2026-08-07 08:59:26,"Was sieht ein Kunde, wenn er dich heute online überprüft?",0,,,,,on
C09,dach_de_plus_m_consistency26m_3,431881086,A,test,person_8e1fb2e12283c401f54f173a,1,0,message_7bafeea2b769a3f5073515e6,event_9a89448b3967a6ac7da39092,SENT,2026-08-07 08:59:23,2026-08-07 08:59:23,"Was sieht ein Kunde, wenn er dich heute online überprüft?",0,,,,,on
C09,dach_de_plus_m_consistency26m_3,431881085,A,rollout_fallback,person_36d54553857eed33cb6b0607,1,1,message_e0d76c8e00bae093b850b1f8,event_bcbc1edafeda23a5cdc2404b,CLICK,2026-08-07 11:00:53,2026-08-07 13:25:44,"Was sieht ein Kunde, wenn er dich heute online überprüft?",0,,,link_b67bfa32aebcbd25fe887b3d,,on
C09,dach_de_plus_m_consistency26m_3,431881085,A,rollout_fallback,person_36d54553857eed33cb6b0607,1,1,message_e0d76c8e00bae093b850b1f8,event_d8c46096198322032378e75c,DELIVERED,2026-08-07 11:00:53,2026-08-07 11:00:56,"Was sieht ein Kunde, wenn er dich heute online überprüft?",0,,,,,on
C09,dach_de_plus_m_consistency26m_3,431881085,A,rollout_fallback,person_36d54553857eed33cb6b0607,1,1,message_e0d76c8e00bae093b850b1f8,event_4c5721690224b72d3f59324d,SENT,2026-08-07 11:00:53,2026-08-07 11:00:53,"Was sieht ein Kunde, wenn er dich heute online überprüft?",0,,,,,on
C09,dach_de_plus_m_consistency26m_3,431881085,A,rollout_fallback,person_36d54553857eed33cb6b0607,1,1,message_e0d76c8e00bae093b850b1f8,event_a228667d1d4c6b64a52905bc,OPEN,2026-08-07 11:00:53,2026-08-07 13:25:34,"Was sieht ein Kunde, wenn er dich heute online überprüft?",0,,event_33c2a1b1edfab2ce220abbcd,,,on
C09,dach_de_plus_m_consistency26m_3,431881085,A,rollout_fallback,person_36d54553857eed33cb6b0607,1,1,message_e0d76c8e00bae093b850b1f8,event_33c2a1b1edfab2ce220abbcd,CLICK,2026-08-07 11:00:53,2026-08-07 13:25:34,"Was sieht ein Kunde, wenn er dich heute online überprüft?",0,,,link_b67bfa32aebcbd25fe887b3d,,on
C09,dach_de_plus_m_consistency26m_3,431881085,A,rollout_fallback,person_36d54553857eed33cb6b0607,1,1,message_e0d76c8e00bae093b850b1f8,event_51ce9fb5dd063ba9b251ece5,CLICK,2026-08-07 11:00:53,2026-08-07 13:25:52,"Was sieht ein Kunde, wenn er dich heute online überprüft?",0,,,link_b67bfa32aebcbd25fe887b3d,,on
C09,dach_de_plus_m_consistency26m_3,431881085,A,rollout_fallback,person_36d54553857eed33cb6b0607,1,1,message_e0d76c8e00bae093b850b1f8,event_17d2d95995dc00ec7186e606,OPEN,2026-08-07 11:00:53,2026-08-07 13:25:44,"Was sieht ein Kunde, wenn er dich heute online überprüft?",0,,event_bcbc1edafeda23a5cdc2404b,,,on
C09,dach_de_plus_m_consistency26m_3,431881085,A,rollout_fallback,person_36d54553857eed33cb6b0607,1,1,message_e0d76c8e00bae093b850b1f8,event_20997a5f48dc565d899da100,OPEN,2026-08-07 11:00:53,2026-08-07 13:25:52,"Was sieht ein Kunde, wenn er dich heute online überprüft?",0,,event_51ce9fb5dd063ba9b251ece5,,,on
C09,dach_de_plus_m_consistency26m_3,431881087,B,test,person_2460ff8c44213c5e9b14141a,1,0,message_5a85161bcded0bf49d45cc67,event_fc60f8add1b4b315ab3e7409,DELIVERED,2026-08-07 09:00:43,2026-08-07 09:00:46,Eigene Reputation stärken und exklusives 30 % Rabatt-Angebot nutzen,0,,,,,on
C09,dach_de_plus_m_consistency26m_3,431881087,B,test,person_2460ff8c44213c5e9b14141a,1,0,message_5a85161bcded0bf49d45cc67,event_0272d06a65b941ffa0d55c70,SENT,2026-08-07 09:00:43,2026-08-07 09:00:43,Eigene Reputation stärken und exklusives 30 % Rabatt-Angebot nutzen,0,,,,,on
C09,dach_de_plus_m_consistency26m_3,431881087,B,test,person_064a1a0cac08218100498786,1,0,message_947bbc6e5ddb54c1db643762,event_d65889b88b96d56301909b7a,DELIVERED,2026-08-07 09:00:44,2026-08-07 09:00:48,Eigene Reputation stärken und exklusives 30 % Rabatt-Angebot nutzen,0,,,,,on
C09,dach_de_plus_m_consistency26m_3,431881087,B,test,person_064a1a0cac08218100498786,1,0,message_947bbc6e5ddb54c1db643762,event_eaf62f4cf6de03214d7133a2,SENT,2026-08-07 09:00:44,2026-08-07 09:00:44,Eigene Reputation stärken und exklusives 30 % Rabatt-Angebot nutzen,0,,,,,on
C09,dach_de_plus_m_consistency26m_3,431881085,A,rollout_fallback,person_cc7526e7c2f211c5851f8336,1,0,message_ff0e38b56270a4e53cb397e6,event_3e6e1772658b29f8ceef2a82,SENT,2026-08-07 11:00:53,2026-08-07 11:00:53,"Was sieht ein Kunde, wenn er dich heute online überprüft?",0,,,,,on
C09,dach_de_plus_m_consistency26m_3,431881085,A,rollout_fallback,person_cc7526e7c2f211c5851f8336,1,0,message_ff0e38b56270a4e53cb397e6,event_adf6d808c3a0328a4bfb6c06,DELIVERED,2026-08-07 11:00:53,2026-08-07 11:01:02,"Was sieht ein Kunde, wenn er dich heute online überprüft?",0,,,,,on
C09,dach_de_plus_m_consistency26m_3,431881085,A,rollout_fallback,person_64aaf90d355a3b3b2184576e,1,0,message_6c5d0e1e108d77e94ed20b0b,event_841d2e54bfdb630c17b13f43,DELIVERED,2026-08-07 11:00:53,2026-08-07 11:01:06,"Was sieht ein Kunde, wenn er dich heute online überprüft?",0,,,,,on
C09,dach_de_plus_m_consistency26m_3,431881085,A,rollout_fallback,person_64aaf90d355a3b3b2184576e,1,0,message_6c5d0e1e108d77e94ed20b0b,event_dc44063110ca9912c09b2679,SENT,2026-08-07 11:00:53,2026-08-07 11:00:53,"Was sieht ein Kunde, wenn er dich heute online überprüft?",0,,,,,on
C09,dach_de_plus_m_consistency26m_3,431881085,A,rollout_fallback,person_781283113e41b02aa4667b86,1,0,message_76bf8ba8df996f86c02b723a,event_5a2358b21bf6478c455bd661,SENT,2026-08-07 11:00:52,2026-08-07 11:00:52,"Was sieht ein Kunde, wenn er dich heute online überprüft?",0,,,,,on
C09,dach_de_plus_m_consistency26m_3,431881085,A,rollout_fallback,person_781283113e41b02aa4667b86,1,0,message_76bf8ba8df996f86c02b723a,event_99425d48c75782a1a706b9f0,DELIVERED,2026-08-07 11:00:52,2026-08-07 11:00:57,"Was sieht ein Kunde, wenn er dich heute online überprüft?",0,,,,,on
C09,dach_de_plus_m_consistency26m_3,431881087,B,test,person_e9bfd56dce29d75daa35f611,1,0,message_d584544d43312375349f9a03,event_36a81e612a5c9c8a55ec6417,DELIVERED,2026-08-07 09:00:44,2026-08-07 09:00:48,Eigene Reputation stärken und exklusives 30 % Rabatt-Angebot nutzen,0,,,,,on
C09,dach_de_plus_m_consistency26m_3,431881087,B,test,person_e9bfd56dce29d75daa35f611,1,0,message_d584544d43312375349f9a03,event_b2fd3a209b848ba86660993a,SENT,2026-08-07 09:00:44,2026-08-07 09:00:44,Eigene Reputation stärken und exklusives 30 % Rabatt-Angebot nutzen,0,,,,,on
C09,dach_de_plus_m_consistency26m_3,431881085,A,rollout_fallback,person_50d92784750f123034d47cc5,1,0,message_286b47789c426612d6ad3388,event_4af90ad51dc277fd957ba9a6,SENT,2026-08-07 11:00:52,2026-08-07 11:00:52,"Was sieht ein Kunde, wenn er dich heute online überprüft?",0,,,,,on
C09,dach_de_plus_m_consistency26m_3,431881085,A,rollout_fallback,person_50d92784750f123034d47cc5,1,0,message_286b47789c426612d6ad3388,event_8decf337a76ef1fa96133377,DELIVERED,2026-08-07 11:00:52,2026-08-07 11:00:55,"Was sieht ein Kunde, wenn er dich heute online überprüft?",0,,,,,on
C09,dach_de_plus_m_consistency26m_3,431881087,B,test,person_a83c3f62d8b3369111f91c4c,1,0,message_182c7b4828d1f617a512faa0,event_5c4dbb7ed5c48597f76d0267,DELIVERED,2026-08-07 09:00:44,2026-08-07 09:00:49,Eigene Reputation stärken und exklusives 30 % Rabatt-Angebot nutzen,0,,,,,on
C09,dach_de_plus_m_consistency26m_3,431881087,B,test,person_a83c3f62d8b3369111f91c4c,1,0,message_182c7b4828d1f617a512faa0,event_258187468a2df9a68e2cb10b,SENT,2026-08-07 09:00:44,2026-08-07 09:00:44,Eigene Reputation stärken und exklusives 30 % Rabatt-Angebot nutzen,0,,,,,on
C09,dach_de_plus_m_consistency26m_3,431881087,B,test,person_7ed46e99065956dd2a87b066,1,0,message_f296c5f61341539f2751a44c,event_ea7a95bda932be25b31ab75c,SENT,2026-08-07 09:00:43,2026-08-07 09:00:43,Eigene Reputation stärken und exklusives 30 % Rabatt-Angebot nutzen,0,,,,,on
C09,dach_de_plus_m_consistency26m_3,431881087,B,test,person_7ed46e99065956dd2a87b066,1,0,message_f296c5f61341539f2751a44c,event_8d865a1250bb81ca4544d297,DELIVERED,2026-08-07 09:00:43,2026-08-07 09:00:47,Eigene Reputation stärken und exklusives 30 % Rabatt-Angebot nutzen,0,,,,,on
C09,dach_de_plus_m_consistency26m_3,431881087,B,test,person_48ecb6a77b831ba22132ee76,1,0,message_c546542314ff743ef2c6a8d3,event_c255a6178d8404513442d48d,SENT,2026-08-07 09:00:44,2026-08-07 09:00:44,Eigene Reputation stärken und exklusives 30 % Rabatt-Angebot nutzen,0,,,,,on
C09,dach_de_plus_m_consistency26m_3,431881087,B,test,person_48ecb6a77b831ba22132ee76,1,0,message_c546542314ff743ef2c6a8d3,event_92ea3ab156e21f03ef6685f9,DELIVERED,2026-08-07 09:00:44,2026-08-07 09:00:48,Eigene Reputation stärken und exklusives 30 % Rabatt-Angebot nutzen,0,,,,,on
C09,dach_de_plus_m_consistency26m_3,431881085,A,rollout_fallback,person_bceb97faf8186f6709cde98f,1,0,message_0840a30e6f49abd990609741,event_a7e08b8802e110a656490b55,SENT,2026-08-07 11:00:53,2026-08-07 11:00:53,"Was sieht ein Kunde, wenn er dich heute online überprüft?",0,,,,,on
C09,dach_de_plus_m_consistency26m_3,431881085,A,rollout_fallback,person_bceb97faf8186f6709cde98f,1,0,message_0840a30e6f49abd990609741,event_b8271facb24028d817fbf5c3,DELIVERED,2026-08-07 11:00:53,2026-08-07 11:00:58,"Was sieht ein Kunde, wenn er dich heute online überprüft?",0,,,,,on
C09,dach_de_plus_m_consistency26m_3,431881086,A,test,person_1d430f4fb7a12b7b3c48d58a,1,0,message_abf846641949c7ad9d94b9c4,event_e2852068059c39b049161cda,DELIVERED,2026-08-07 09:00:43,2026-08-07 09:00:46,"Was sieht ein Kunde, wenn er dich heute online überprüft?",0,,,,,on
C09,dach_de_plus_m_consistency26m_3,431881086,A,test,person_1d430f4fb7a12b7b3c48d58a,1,0,message_abf846641949c7ad9d94b9c4,event_6fd64062ded749f07b226867,SENT,2026-08-07 09:00:43,2026-08-07 09:00:43,"Was sieht ein Kunde, wenn er dich heute online überprüft?",0,,,,,on
C09,dach_de_plus_m_consistency26m_3,431881087,B,test,person_90742281c9829e35027c326f,1,0,message_65049c2781f1389ec7937f00,event_717b0bab74ffd8b2b2322766,SENT,2026-08-07 09:00:43,2026-08-07 09:00:43,Eigene Reputation stärken und exklusives 30 % Rabatt-Angebot nutzen,0,,,,,on
C09,dach_de_plus_m_consistency26m_3,431881087,B,test,person_90742281c9829e35027c326f,1,0,message_65049c2781f1389ec7937f00,event_5615a4bda9d7487bff365ae6,OPEN,2026-08-07 09:00:43,2026-08-07 09:00:55,Eigene Reputation stärken und exklusives 30 % Rabatt-Angebot nutzen,0,,,,,on
C09,dach_de_plus_m_consistency26m_3,431881087,B,test,person_90742281c9829e35027c326f,1,0,message_65049c2781f1389ec7937f00,event_88404dfb6ba3f649292ec2c8,DELIVERED,2026-08-07 09:00:43,2026-08-07 09:00:46,Eigene Reputation stärken und exklusives 30 % Rabatt-Angebot nutzen,0,,,,,on
C09,dach_de_plus_m_consistency26m_3,431881085,A,rollout_fallback,person_be5fda936ac52e9ab8f5171a,1,0,message_44c9a12bf50b8b1def8db2b7,event_cf38c27f0c1221a67fdf066f,DELIVERED,2026-08-07 11:00:53,2026-08-07 11:00:56,"Was sieht ein Kunde, wenn er dich heute online überprüft?",0,,,,,on
C09,dach_de_plus_m_consistency26m_3,431881085,A,rollout_fallback,person_be5fda936ac52e9ab8f5171a,1,0,message_44c9a12bf50b8b1def8db2b7,event_d0899d93a40c360efc21df58,SENT,2026-08-07 11:00:53,2026-08-07 11:00:53,"Was sieht ein Kunde, wenn er dich heute online überprüft?",0,,,,,on
C09,dach_de_plus_m_consistency26m_3,431881085,A,rollout_fallback,person_aedacda9c3f4619ab556255b,1,0,message_56e3a77abb7d51be67b7af7b,event_0e7eaf6f7e0ca2b74229b690,DEFERRED,2026-08-07 11:00:52,2026-08-07 11:01:14,"Was sieht ein Kunde, wenn er dich heute online überprüft?",0,,,,,on
C09,dach_de_plus_m_consistency26m_3,431881085,A,rollout_fallback,person_aedacda9c3f4619ab556255b,1,0,message_56e3a77abb7d51be67b7af7b,event_fdc0d1572c6054701938506b,DELIVERED,2026-08-07 11:00:52,2026-08-07 13:01:16,"Was sieht ein Kunde, wenn er dich heute online überprüft?",0,,,,,on
C09,dach_de_plus_m_consistency26m_3,431881085,A,rollout_fallback,person_aedacda9c3f4619ab556255b,1,0,message_56e3a77abb7d51be67b7af7b,event_b50031c4b9d96f8a6d18ac72,SENT,2026-08-07 11:00:52,2026-08-07 11:00:52,"Was sieht ein Kunde, wenn er dich heute online überprüft?",0,,,,,on
C09,dach_de_plus_m_consistency26m_3,431881087,B,test,person_8ad8959ef56b281c5b7758ab,1,0,message_a80bf2f8af073e50997589e6,event_05e22bb2de8baf81fde6e2eb,DROPPED,2026-08-07 09:00:43,2026-08-07 09:00:43,Eigene Reputation stärken und exklusives 30 % Rabatt-Angebot nutzen,0,,event_7314f23aa2a22ac67e4afc90,,PREVIOUSLY_BOUNCED,on
C09,dach_de_plus_m_consistency26m_3,431881085,A,rollout_fallback,person_64e895c8c962d567adfd41c8,1,0,message_fd4232f1198901c9a0dd5384,event_972ad07549643d4dc28ae645,DROPPED,2026-08-07 11:00:53,2026-08-07 11:00:53,"Was sieht ein Kunde, wenn er dich heute online überprüft?",0,,event_34cd29f1b986c8df4db02679,,PREVIOUSLY_BOUNCED,on
C09,dach_de_plus_m_consistency26m_3,431881085,A,rollout_fallback,person_e5bb8becebfe9d444161e10d,1,0,message_d316b99bf991b26b19f5d82d,event_905b3f0223543f23e120ee41,DELIVERED,2026-08-07 11:00:53,2026-08-07 11:00:56,"Was sieht ein Kunde, wenn er dich heute online überprüft?",0,,,,,on
C09,dach_de_plus_m_consistency26m_3,431881085,A,rollout_fallback,person_e5bb8becebfe9d444161e10d,1,0,message_d316b99bf991b26b19f5d82d,event_ca246a4e03f38fcba8d9fcf1,SENT,2026-08-07 11:00:53,2026-08-07 11:00:53,"Was sieht ein Kunde, wenn er dich heute online überprüft?",0,,,,,on
C09,dach_de_plus_m_consistency26m_3,431881087,B,test,person_3f2f6538910bcd83a0419943,1,0,message_df2af4f1a327488a1ee632f9,event_c2578ec4d358d687c97b20f1,DELIVERED,2026-08-07 09:00:44,2026-08-07 09:00:48,Eigene Reputation stärken und exklusives 30 % Rabatt-Angebot nutzen,0,,,,,on
C09,dach_de_plus_m_consistency26m_3,431881087,B,test,person_3f2f6538910bcd83a0419943,1,0,message_df2af4f1a327488a1ee632f9,event_088e9d83decd86f051fdac29,SENT,2026-08-07 09:00:44,2026-08-07 09:00:44,Eigene Reputation stärken und exklusives 30 % Rabatt-Angebot nutzen,0,,,,,on
C09,dach_de_plus_m_consistency26m_3,431881085,A,rollout_fallback,person_6417eba3e835264d220a9a97,1,0,message_7a1a40ddab49679f71cfc042,event_dc4edd49d973dc7526cecac0,DEFERRED,2026-08-07 11:00:52,2026-08-07 13:01:34,"Was sieht ein Kunde, wenn er dich heute online überprüft?",0,,,,,on
C09,dach_de_plus_m_consistency26m_3,431881085,A,rollout_fallback,person_6417eba3e835264d220a9a97,1,0,message_7a1a40ddab49679f71cfc042,event_d8f90f8ba73c224a4ef1d041,DELIVERED,2026-08-07 11:00:52,2026-08-07 15:01:35,"Was sieht ein Kunde, wenn er dich heute online überprüft?",0,,,,,on
C09,dach_de_plus_m_consistency26m_3,431881085,A,rollout_fallback,person_6417eba3e835264d220a9a97,1,0,message_7a1a40ddab49679f71cfc042,event_22ee0b421ca8609e36874d97,SENT,2026-08-07 11:00:52,2026-08-07 11:00:52,"Was sieht ein Kunde, wenn er dich heute online überprüft?",0,,,,,on
C09,dach_de_plus_m_consistency26m_3,431881085,A,rollout_fallback,person_6417eba3e835264d220a9a97,1,0,message_7a1a40ddab49679f71cfc042,event_89f39854b99284c460d53187,DEFERRED,2026-08-07 11:00:52,2026-08-07 11:01:14,"Was sieht ein Kunde, wenn er dich heute online überprüft?",0,,,,,on
C09,dach_de_plus_m_consistency26m_3,431881086,A,test,person_bb515616554d11bb822b4235,1,0,message_6b108154921e918df54292b1,event_2542f8761db236130c21ac43,DELIVERED,2026-08-07 08:59:23,2026-08-07 08:59:24,"Was sieht ein Kunde, wenn er dich heute online überprüft?",0,,,,,on
C09,dach_de_plus_m_consistency26m_3,431881086,A,test,person_bb515616554d11bb822b4235,1,0,message_6b108154921e918df54292b1,event_91343773e0f84375a3cc2953,SENT,2026-08-07 08:59:23,2026-08-07 08:59:23,"Was sieht ein Kunde, wenn er dich heute online überprüft?",0,,,,,on
C09,dach_de_plus_m_consistency26m_3,431881087,B,test,person_02b158ee389184ccd82ed73b,1,0,message_97ec1700690140ea4c34dbce,event_2992f557bc01f5c15a16650f,DELIVERED,2026-08-07 09:00:43,2026-08-07 09:00:46,Eigene Reputation stärken und exklusives 30 % Rabatt-Angebot nutzen,0,,,,,on
C09,dach_de_plus_m_consistency26m_3,431881087,B,test,person_02b158ee389184ccd82ed73b,1,0,message_97ec1700690140ea4c34dbce,event_48c30217d260108515c61d39,SENT,2026-08-07 09:00:43,2026-08-07 09:00:43,Eigene Reputation stärken und exklusives 30 % Rabatt-Angebot nutzen,0,,,,,on
C09,dach_de_plus_m_consistency26m_3,431881087,B,test,person_02b158ee389184ccd82ed73b,1,0,message_97ec1700690140ea4c34dbce,event_0d347b3f8da6e454e1522455,OPEN,2026-08-07 09:00:43,2026-08-07 10:11:11,Eigene Reputation stärken und exklusives 30 % Rabatt-Angebot nutzen,0,,,,,on
C09,dach_de_plus_m_consistency26m_3,431881087,B,test,person_02b158ee389184ccd82ed73b,1,0,message_97ec1700690140ea4c34dbce,event_ce6e95039e62fa73a25ba047,OPEN,2026-08-07 09:00:43,2026-08-07 09:57:51,Eigene Reputation stärken und exklusives 30 % Rabatt-Angebot nutzen,0,,,,,on
C09,dach_de_plus_m_consistency26m_3,431881085,A,rollout_fallback,person_bb0381837e271e0ab8ac15e1,1,0,message_218962760986fea2b2b6db28,event_741aafd67db55db2240a98eb,OPEN,2026-08-07 11:00:53,2026-08-19 13:27:07,"Was sieht ein Kunde, wenn er dich heute online überprüft?",0,,,,,on
C09,dach_de_plus_m_consistency26m_3,431881085,A,rollout_fallback,person_bb0381837e271e0ab8ac15e1,1,0,message_218962760986fea2b2b6db28,event_47799fd0690e7c802a16c5e9,OPEN,2026-08-07 11:00:53,2026-08-24 10:54:48,"Was sieht ein Kunde, wenn er dich heute online überprüft?",0,,,,,on
C09,dach_de_plus_m_consistency26m_3,431881085,A,rollout_fallback,person_bb0381837e271e0ab8ac15e1,1,0,message_218962760986fea2b2b6db28,event_fc947a11e1e8e4e347d3f0c9,OPEN,2026-08-07 11:00:53,2026-08-19 13:31:00,"Was sieht ein Kunde, wenn er dich heute online überprüft?",0,,,,,on
C09,dach_de_plus_m_consistency26m_3,431881085,A,rollout_fallback,person_bb0381837e271e0ab8ac15e1,1,0,message_218962760986fea2b2b6db28,event_c4eccc89744247b1205770d9,OPEN,2026-08-07 11:00:53,2026-08-19 13:02:47,"Was sieht ein Kunde, wenn er dich heute online überprüft?",0,,,,,on
C09,dach_de_plus_m_consistency26m_3,431881085,A,rollout_fallback,person_bb0381837e271e0ab8ac15e1,1,0,message_218962760986fea2b2b6db28,event_be3ee26687a971f0ec293931,OPEN,2026-08-07 11:00:53,2026-08-24 12:22:43,"Was sieht ein Kunde, wenn er dich heute online überprüft?",0,,,,,on
C09,dach_de_plus_m_consistency26m_3,431881085,A,rollout_fallback,person_bb0381837e271e0ab8ac15e1,1,0,message_218962760986fea2b2b6db28,event_fe6d758a17675491289ecb78,DELIVERED,2026-08-07 11:00:53,2026-08-07 11:00:59,"Was sieht ein Kunde, wenn er dich heute online überprüft?",0,,,,,on
C09,dach_de_plus_m_consistency26m_3,431881085,A,rollout_fallback,person_bb0381837e271e0ab8ac15e1,1,0,message_218962760986fea2b2b6db28,event_d6ccc5c9b69bb8360c9d9f83,CLICK,2026-08-07 11:00:53,2026-08-19 13:03:59,"Was sieht ein Kunde, wenn er dich heute online überprüft?",0,,,link_b67bfa32aebcbd25fe887b3d,,on
C09,dach_de_plus_m_consistency26m_3,431881085,A,rollout_fallback,person_bb0381837e271e0ab8ac15e1,1,0,message_218962760986fea2b2b6db28,event_42d368b8da5074d62dab4d03,OPEN,2026-08-07 11:00:53,2026-08-24 12:36:53,"Was sieht ein Kunde, wenn er dich heute online überprüft?",0,,,,,on
C09,dach_de_plus_m_consistency26m_3,431881085,A,rollout_fallback,person_bb0381837e271e0ab8ac15e1,1,0,message_218962760986fea2b2b6db28,event_4ebc0006c1c9c0a20fe03c79,OPEN,2026-08-07 11:00:53,2026-08-24 13:08:50,"Was sieht ein Kunde, wenn er dich heute online überprüft?",0,,,,,on
C09,dach_de_plus_m_consistency26m_3,431881085,A,rollout_fallback,person_bb0381837e271e0ab8ac15e1,1,0,message_218962760986fea2b2b6db28,event_3a08cfa3e9f84d6079f8aaf2,OPEN,2026-08-07 11:00:53,2026-08-24 11:38:49,"Was sieht ein Kunde, wenn er dich heute online überprüft?",0,,,,,on
C09,dach_de_plus_m_consistency26m_3,431881085,A,rollout_fallback,person_bb0381837e271e0ab8ac15e1,1,0,message_218962760986fea2b2b6db28,event_2557440a0fdfe84cfb3e5931,OPEN,2026-08-07 11:00:53,2026-08-24 13:08:53,"Was sieht ein Kunde, wenn er dich heute online überprüft?",0,,,,,on
C09,dach_de_plus_m_consistency26m_3,431881085,A,rollout_fallback,person_bb0381837e271e0ab8ac15e1,1,0,message_218962760986fea2b2b6db28,event_c31cfbaf40f6e1f8119be37e,OPEN,2026-08-07 11:00:53,2026-08-19 13:12:06,"Was sieht ein Kunde, wenn er dich heute online überprüft?",0,,,,,on
C09,dach_de_plus_m_consistency26m_3,431881085,A,rollout_fallback,person_bb0381837e271e0ab8ac15e1,1,0,message_218962760986fea2b2b6db28,event_d3e4ed8e495030aba699d8ca,OPEN,2026-08-07 11:00:53,2026-08-24 10:58:14,"Was sieht ein Kunde, wenn er dich heute online überprüft?",0,,,,,on
C09,dach_de_plus_m_consistency26m_3,431881085,A,rollout_fallback,person_bb0381837e271e0ab8ac15e1,1,0,message_218962760986fea2b2b6db28,event_e884a9ef98367d91465099e5,OPEN,2026-08-07 11:00:53,2026-08-24 12:29:58,"Was sieht ein Kunde, wenn er dich heute online überprüft?",0,,,,,on
C09,dach_de_plus_m_consistency26m_3,431881085,A,rollout_fallback,person_bb0381837e271e0ab8ac15e1,1,0,message_218962760986fea2b2b6db28,event_3badddc370d6c8f8efcba711,OPEN,2026-08-07 11:00:53,2026-08-24 12:30:03,"Was sieht ein Kunde, wenn er dich heute online überprüft?",0,,,,,on
C09,dach_de_plus_m_consistency26m_3,431881085,A,rollout_fallback,person_bb0381837e271e0ab8ac15e1,1,0,message_218962760986fea2b2b6db28,event_cfe46c1cfb6d4598ae17de8e,OPEN,2026-08-07 11:00:53,2026-08-24 10:55:29,"Was sieht ein Kunde, wenn er dich heute online überprüft?",0,,,,,on
C09,dach_de_plus_m_consistency26m_3,431881085,A,rollout_fallback,person_bb0381837e271e0ab8ac15e1,1,0,message_218962760986fea2b2b6db28,event_989864ff871463dc0d5e0538,OPEN,2026-08-07 11:00:53,2026-08-19 13:02:47,"Was sieht ein Kunde, wenn er dich heute online überprüft?",0,,,,,on
C09,dach_de_plus_m_consistency26m_3,431881085,A,rollout_fallback,person_bb0381837e271e0ab8ac15e1,1,0,message_218962760986fea2b2b6db28,event_93a4621ab21741d309f92491,SENT,2026-08-07 11:00:53,2026-08-07 11:00:53,"Was sieht ein Kunde, wenn er dich heute online überprüft?",0,,,,,on
C09,dach_de_plus_m_consistency26m_3,431881086,A,test,person_369a6139a94ad64da5468663,1,0,message_6594fbc0fef1598f9c1302b8,event_2592c75306d88b69fdb18a0f,DELIVERED,2026-08-07 08:59:23,2026-08-07 08:59:26,"Was sieht ein Kunde, wenn er dich heute online überprüft?",0,,,,,on
C09,dach_de_plus_m_consistency26m_3,431881086,A,test,person_369a6139a94ad64da5468663,1,0,message_6594fbc0fef1598f9c1302b8,event_5483427c7ec33f0583131a4d,SENT,2026-08-07 08:59:23,2026-08-07 08:59:23,"Was sieht ein Kunde, wenn er dich heute online überprüft?",0,,,,,on
C09,dach_de_plus_m_consistency26m_3,431881086,A,test,person_e3a79505fafaccfdf662c26c,1,0,message_523c6ae4a96688478461e400,event_0b4f9bc130e2bf9f115a3a15,DELIVERED,2026-08-07 09:00:43,2026-08-07 09:11:46,"Was sieht ein Kunde, wenn er dich heute online überprüft?",0,,,,,on
C09,dach_de_plus_m_consistency26m_3,431881086,A,test,person_e3a79505fafaccfdf662c26c,1,0,message_523c6ae4a96688478461e400,event_0b56bccb17088a47519ae7d0,SENT,2026-08-07 09:00:43,2026-08-07 09:00:43,"Was sieht ein Kunde, wenn er dich heute online überprüft?",0,,,,,on
C09,dach_de_plus_m_consistency26m_3,431881086,A,test,person_e3a79505fafaccfdf662c26c,1,0,message_523c6ae4a96688478461e400,event_f35a1a63b0c0edd5fe79c846,DEFERRED,2026-08-07 09:00:43,2026-08-07 09:02:44,"Was sieht ein Kunde, wenn er dich heute online überprüft?",0,,,,,on
C09,dach_de_plus_m_consistency26m_3,431881085,A,rollout_fallback,person_a5f0d86dec3db2df0660966f,1,0,message_5cebf273020dffea083d0454,event_d96544735803d348be7354de,SENT,2026-08-07 11:00:53,2026-08-07 11:00:53,"Was sieht ein Kunde, wenn er dich heute online überprüft?",0,,,,,on
C09,dach_de_plus_m_consistency26m_3,431881085,A,rollout_fallback,person_a5f0d86dec3db2df0660966f,1,0,message_5cebf273020dffea083d0454,event_a074463745fae0ff2a6e558f,DELIVERED,2026-08-07 11:00:53,2026-08-07 11:00:56,"Was sieht ein Kunde, wenn er dich heute online überprüft?",0,,,,,on
C09,dach_de_plus_m_consistency26m_3,431881086,A,test,person_7fd120db2cba87aa8b16f791,1,0,message_65248aa622aae90d4a0677fe,event_efdd4fa74998178e3b36f987,SENT,2026-08-07 09:00:43,2026-08-07 09:00:43,"Was sieht ein Kunde, wenn er dich heute online überprüft?",0,,,,,on
C09,dach_de_plus_m_consistency26m_3,431881086,A,test,person_7fd120db2cba87aa8b16f791,1,0,message_65248aa622aae90d4a0677fe,event_a9d3905f699a4384e86998bc,DELIVERED,2026-08-07 09:00:43,2026-08-07 09:00:45,"Was sieht ein Kunde, wenn er dich heute online überprüft?",0,,,,,on
C09,dach_de_plus_m_consistency26m_3,431881086,A,test,person_7fd120db2cba87aa8b16f791,1,0,message_65248aa622aae90d4a0677fe,event_b6e8a97f6483c79888563931,OPEN,2026-08-07 09:00:43,2026-08-07 09:00:47,"Was sieht ein Kunde, wenn er dich heute online überprüft?",0,,,,,on
C09,dach_de_plus_m_consistency26m_3,431881085,A,rollout_fallback,person_31db68086a48f352d80307b6,1,0,message_b3eaf7f8f0780712f6eefa58,event_1c48b584422db90edc0f6046,OPEN,2026-08-07 11:00:53,2026-08-07 11:16:38,"Was sieht ein Kunde, wenn er dich heute online überprüft?",0,,,,,on
C09,dach_de_plus_m_consistency26m_3,431881085,A,rollout_fallback,person_31db68086a48f352d80307b6,1,0,message_b3eaf7f8f0780712f6eefa58,event_aa610aabdfd8381f8b132bb3,DELIVERED,2026-08-07 11:00:53,2026-08-07 11:00:57,"Was sieht ein Kunde, wenn er dich heute online überprüft?",0,,,,,on
C09,dach_de_plus_m_consistency26m_3,431881085,A,rollout_fallback,person_31db68086a48f352d80307b6,1,0,message_b3eaf7f8f0780712f6eefa58,event_690ad1a47a198d1e85997abd,SENT,2026-08-07 11:00:53,2026-08-07 11:00:53,"Was sieht ein Kunde, wenn er dich heute online überprüft?",0,,,,,on
C09,dach_de_plus_m_consistency26m_3,431881085,A,rollout_fallback,person_31db68086a48f352d80307b6,1,0,message_b3eaf7f8f0780712f6eefa58,event_44027e8f53aa9f703c0a4f33,OPEN,2026-08-07 11:00:53,2026-08-07 11:01:31,"Was sieht ein Kunde, wenn er dich heute online überprüft?",0,,,,,on
C09,dach_de_plus_m_consistency26m_3,431881085,A,rollout_fallback,person_2ea3d9b8465cd74f9b4c8c15,1,0,message_01f9522f9468e44bc93fd54b,event_fe80a81f2ba92bc352734ebf,SENT,2026-08-07 11:00:52,2026-08-07 11:00:52,"Was sieht ein Kunde, wenn er dich heute online überprüft?",0,,,,,on
C09,dach_de_plus_m_consistency26m_3,431881085,A,rollout_fallback,person_2ea3d9b8465cd74f9b4c8c15,1,0,message_01f9522f9468e44bc93fd54b,event_8087b8c9a0571c073b9b4bb9,DELIVERED,2026-08-07 11:00:52,2026-08-07 11:00:59,"Was sieht ein Kunde, wenn er dich heute online überprüft?",0,,,,,on
C09,dach_de_plus_m_consistency26m_3,431881085,A,rollout_fallback,person_c7091cc5f100dc0d5633dc8a,1,0,message_7efb735adc39ee797379d2ad,event_cfa83a6ff55cb0ead0ea58e1,DROPPED,2026-08-07 11:00:53,2026-08-07 11:00:53,"Was sieht ein Kunde, wenn er dich heute online überprüft?",0,,event_ab83e6bc41ad5dfa200dc2d3,,PREVIOUSLY_BOUNCED,on
C09,dach_de_plus_m_consistency26m_3,431881087,B,test,person_ef5b931491c604a2f74b5d96,1,0,message_5c32e2622706a015adef13a1,event_7bfba548c9aeffc3ef505bc1,SENT,2026-08-07 09:00:44,2026-08-07 09:00:44,Eigene Reputation stärken und exklusives 30 % Rabatt-Angebot nutzen,0,,,,,on
C09,dach_de_plus_m_consistency26m_3,431881087,B,test,person_ef5b931491c604a2f74b5d96,1,0,message_5c32e2622706a015adef13a1,event_7099aec91688cc989cec786d,DELIVERED,2026-08-07 09:00:44,2026-08-07 09:00:48,Eigene Reputation stärken und exklusives 30 % Rabatt-Angebot nutzen,0,,,,,on
C09,dach_de_plus_m_consistency26m_3,431881086,A,test,person_3d0cbf8e6f8fc3aa20146e10,1,0,message_23cd36658bca36261a614a8b,event_ed22ef2c1199dddb54d51ad5,SENT,2026-08-07 08:59:23,2026-08-07 08:59:23,"Was sieht ein Kunde, wenn er dich heute online überprüft?",0,,,,,on
C09,dach_de_plus_m_consistency26m_3,431881086,A,test,person_3d0cbf8e6f8fc3aa20146e10,1,0,message_23cd36658bca36261a614a8b,event_83d082d71507c821e9e951e3,DELIVERED,2026-08-07 08:59:23,2026-08-07 08:59:25,"Was sieht ein Kunde, wenn er dich heute online überprüft?",0,,,,,on
C09,dach_de_plus_m_consistency26m_3,431881085,A,rollout_fallback,person_b32398dab090cb4d813ef0a7,1,0,message_360c4fa03fb581be282bd52d,event_19f19904d9f4bf06a56e87c9,DELIVERED,2026-08-07 11:00:52,2026-08-07 11:00:55,"Was sieht ein Kunde, wenn er dich heute online überprüft?",0,,,,,on
C09,dach_de_plus_m_consistency26m_3,431881085,A,rollout_fallback,person_b32398dab090cb4d813ef0a7,1,0,message_360c4fa03fb581be282bd52d,event_26072f96b29b9f20189d24a8,SENT,2026-08-07 11:00:52,2026-08-07 11:00:52,"Was sieht ein Kunde, wenn er dich heute online überprüft?",0,,,,,on
C09,dach_de_plus_m_consistency26m_3,431881085,A,rollout_fallback,person_6138f150b92bb081c6ec6b9d,1,1,message_1de71e777ee4c61166099d28,event_f91cf4e967057e1b44404eb1,DELIVERED,2026-08-07 11:00:53,2026-08-07 11:00:57,"Was sieht ein Kunde, wenn er dich heute online überprüft?",0,,,,,on
C09,dach_de_plus_m_consistency26m_3,431881085,A,rollout_fallback,person_6138f150b92bb081c6ec6b9d,1,1,message_1de71e777ee4c61166099d28,event_19102cea2bb118f52bce520e,SENT,2026-08-07 11:00:53,2026-08-07 11:00:53,"Was sieht ein Kunde, wenn er dich heute online überprüft?",0,,,,,on
C09,dach_de_plus_m_consistency26m_3,431881087,B,test,person_67ad5a1c3748cb3010ed63e7,1,0,message_4738d682cb7151fb10ad2590,event_081c3057d79ef18316d6f48b,DELIVERED,2026-08-07 09:00:43,2026-08-07 09:00:47,Eigene Reputation stärken und exklusives 30 % Rabatt-Angebot nutzen,0,,,,,on
C09,dach_de_plus_m_consistency26m_3,431881087,B,test,person_67ad5a1c3748cb3010ed63e7,1,0,message_4738d682cb7151fb10ad2590,event_602fb5514ad0687570aa5aca,SENT,2026-08-07 09:00:43,2026-08-07 09:00:43,Eigene Reputation stärken und exklusives 30 % Rabatt-Angebot nutzen,0,,,,,on
C09,dach_de_plus_m_consistency26m_3,431881086,A,test,person_b3ace25d2af0e1b92043cb24,1,0,message_35b9fbd8f0cf31c263737821,event_be3a942036ff1f8bac30b885,DELIVERED,2026-08-07 08:59:23,2026-08-07 08:59:26,"Was sieht ein Kunde, wenn er dich heute online überprüft?",0,,,,,on
C09,dach_de_plus_m_consistency26m_3,431881086,A,test,person_b3ace25d2af0e1b92043cb24,1,0,message_35b9fbd8f0cf31c263737821,event_9668aa86152f3866d5f0a796,SENT,2026-08-07 08:59:23,2026-08-07 08:59:23,"Was sieht ein Kunde, wenn er dich heute online überprüft?",0,,,,,on
C09,dach_de_plus_m_consistency26m_3,431881087,B,test,person_d2d79a525bcd433bec9602be,1,0,message_5a88b03c420570a76fdfc2bc,event_43785be74159bf09643396a8,SENT,2026-08-07 09:00:43,2026-08-07 09:00:43,Eigene Reputation stärken und exklusives 30 % Rabatt-Angebot nutzen,0,,,,,on
C09,dach_de_plus_m_consistency26m_3,431881087,B,test,person_d2d79a525bcd433bec9602be,1,0,message_5a88b03c420570a76fdfc2bc,event_9b7ec44656eee06425d21136,DELIVERED,2026-08-07 09:00:43,2026-08-07 09:00:47,Eigene Reputation stärken und exklusives 30 % Rabatt-Angebot nutzen,0,,,,,on
C09,dach_de_plus_m_consistency26m_3,431881086,A,test,person_a2bce01a449c1d0e4d2a0dd2,1,0,message_cddaf776912d5ec47860e381,event_e8c4c2a1ae66021ada2b2c82,SENT,2026-08-07 09:00:43,2026-08-07 09:00:43,"Was sieht ein Kunde, wenn er dich heute online überprüft?",0,,,,,on
C09,dach_de_plus_m_consistency26m_3,431881086,A,test,person_a2bce01a449c1d0e4d2a0dd2,1,0,message_cddaf776912d5ec47860e381,event_6989d9bb2162987e2cef1dbe,DELIVERED,2026-08-07 09:00:43,2026-08-07 09:00:48,"Was sieht ein Kunde, wenn er dich heute online überprüft?",0,,,,,on
C09,dach_de_plus_m_consistency26m_3,431881085,A,rollout_fallback,person_a1e3ca0cc2cc3cb07f9dec27,1,0,message_549c4332c3aa42077f32bba8,event_b0214ab872eba33ddcd16351,SENT,2026-08-07 11:00:53,2026-08-07 11:00:53,"Was sieht ein Kunde, wenn er dich heute online überprüft?",0,,,,,on
C09,dach_de_plus_m_consistency26m_3,431881085,A,rollout_fallback,person_a1e3ca0cc2cc3cb07f9dec27,1,0,message_549c4332c3aa42077f32bba8,event_198b791d7e831ef6f69d42b9,DELIVERED,2026-08-07 11:00:53,2026-08-07 11:00:57,"Was sieht ein Kunde, wenn er dich heute online überprüft?",0,,,,,on
C09,dach_de_plus_m_consistency26m_3,431881086,A,test,person_b0cd4aeb50b427b5ceb58b1c,1,0,message_5b275deed0e60d5afc0bac2e,event_0cdde506e6ec1b4ab5f9d05c,OPEN,2026-08-07 08:59:23,2026-08-07 10:39:21,"Was sieht ein Kunde, wenn er dich heute online überprüft?",0,,,,,on
C09,dach_de_plus_m_consistency26m_3,431881086,A,test,person_b0cd4aeb50b427b5ceb58b1c,1,0,message_5b275deed0e60d5afc0bac2e,event_ac0ea19617480006fe69abdf,SENT,2026-08-07 08:59:23,2026-08-07 08:59:23,"Was sieht ein Kunde, wenn er dich heute online überprüft?",0,,,,,on
C09,dach_de_plus_m_consistency26m_3,431881086,A,test,person_b0cd4aeb50b427b5ceb58b1c,1,0,message_5b275deed0e60d5afc0bac2e,event_68107de16975c90e1bb959fa,OPEN,2026-08-07 08:59:23,2026-08-07 10:39:21,"Was sieht ein Kunde, wenn er dich heute online überprüft?",0,,,,,on
C09,dach_de_plus_m_consistency26m_3,431881086,A,test,person_b0cd4aeb50b427b5ceb58b1c,1,0,message_5b275deed0e60d5afc0bac2e,event_8f0a95ce25163f28598d6558,OPEN,2026-08-07 08:59:23,2026-08-07 10:39:23,"Was sieht ein Kunde, wenn er dich heute online überprüft?",0,,,,,on
C09,dach_de_plus_m_consistency26m_3,431881086,A,test,person_b0cd4aeb50b427b5ceb58b1c,1,0,message_5b275deed0e60d5afc0bac2e,event_c3ce547a0979e2d6047c2c98,DELIVERED,2026-08-07 08:59:23,2026-08-07 08:59:27,"Was sieht ein Kunde, wenn er dich heute online überprüft?",0,,,,,on
C09,dach_de_plus_m_consistency26m_3,431881085,A,rollout_fallback,person_f1055d802fe7e8f3fbfe5f78,1,0,message_35ae2967cd26df9fa3a47f7f,event_d4ca18ea1f8252b0472aedfa,DELIVERED,2026-08-07 11:00:52,2026-08-07 11:00:56,"Was sieht ein Kunde, wenn er dich heute online überprüft?",0,,,,,on
C09,dach_de_plus_m_consistency26m_3,431881085,A,rollout_fallback,person_f1055d802fe7e8f3fbfe5f78,1,0,message_35ae2967cd26df9fa3a47f7f,event_f005645924fbd9c40c5f6feb,SENT,2026-08-07 11:00:52,2026-08-07 11:00:52,"Was sieht ein Kunde, wenn er dich heute online überprüft?",0,,,,,on
C09,dach_de_plus_m_consistency26m_3,431881085,A,rollout_fallback,person_c7d088d683776ccf1c68d5eb,1,0,message_32fcd9ab0c074d923c7053ec,event_e09765768338a6a19d3c47b8,SENT,2026-08-07 11:00:53,2026-08-07 11:00:53,"Was sieht ein Kunde, wenn er dich heute online überprüft?",0,,,,,on
C09,dach_de_plus_m_consistency26m_3,431881085,A,rollout_fallback,person_c7d088d683776ccf1c68d5eb,1,0,message_32fcd9ab0c074d923c7053ec,event_de68f261e630d011fd87e056,DELIVERED,2026-08-07 11:00:53,2026-08-07 11:00:55,"Was sieht ein Kunde, wenn er dich heute online überprüft?",0,,,,,on
C09,dach_de_plus_m_consistency26m_3,431881087,B,test,person_70eb90672267befb4012f667,1,0,message_797eeb76566e0ff88f1167e7,event_76dc78547882d14944873a3f,SENT,2026-08-07 09:00:43,2026-08-07 09:00:43,Eigene Reputation stärken und exklusives 30 % Rabatt-Angebot nutzen,0,,,,,on
C09,dach_de_plus_m_consistency26m_3,431881087,B,test,person_70eb90672267befb4012f667,1,0,message_797eeb76566e0ff88f1167e7,event_6e137cf1eec5ee3dc42afefe,DELIVERED,2026-08-07 09:00:43,2026-08-07 09:00:47,Eigene Reputation stärken und exklusives 30 % Rabatt-Angebot nutzen,0,,,,,on
C09,dach_de_plus_m_consistency26m_3,431881085,A,rollout_fallback,person_171ca6b0ae40ac264c621cc8,1,0,message_2bcdcf2f3dbec719cb7829e4,event_4304a4131f6534bc2717c93b,SENT,2026-08-07 11:00:53,2026-08-07 11:00:53,"Was sieht ein Kunde, wenn er dich heute online überprüft?",0,,,,,on
C09,dach_de_plus_m_consistency26m_3,431881085,A,rollout_fallback,person_171ca6b0ae40ac264c621cc8,1,0,message_2bcdcf2f3dbec719cb7829e4,event_edda7e0cb397a1f92c65a7b9,DELIVERED,2026-08-07 11:00:53,2026-08-07 11:00:56,"Was sieht ein Kunde, wenn er dich heute online überprüft?",0,,,,,on
C09,dach_de_plus_m_consistency26m_3,431881085,A,rollout_fallback,person_13cf101f714c3aa321052b67,1,0,message_d2ef2ed824248b355e25168e,event_b9aa9b0d67e7be5067af725f,DELIVERED,2026-08-07 11:00:53,2026-08-07 11:00:57,"Was sieht ein Kunde, wenn er dich heute online überprüft?",0,,,,,on
C09,dach_de_plus_m_consistency26m_3,431881085,A,rollout_fallback,person_13cf101f714c3aa321052b67,1,0,message_d2ef2ed824248b355e25168e,event_e2eec0b73dd4ab984e6af95c,SENT,2026-08-07 11:00:53,2026-08-07 11:00:53,"Was sieht ein Kunde, wenn er dich heute online überprüft?",0,,,,,on
C09,dach_de_plus_m_consistency26m_3,431881087,B,test,person_aad8b6883f948072e08c638b,1,0,message_f39252b8e75eda8e7ec95b80,event_3b08e3560a7879eca337e420,DEFERRED,2026-08-07 09:00:43,2026-08-07 09:01:05,Eigene Reputation stärken und exklusives 30 % Rabatt-Angebot nutzen,0,,,,,on
C09,dach_de_plus_m_consistency26m_3,431881087,B,test,person_aad8b6883f948072e08c638b,1,0,message_f39252b8e75eda8e7ec95b80,event_cdac6d4460dfd059944c04b9,DELIVERED,2026-08-07 09:00:43,2026-08-07 11:01:08,Eigene Reputation stärken und exklusives 30 % Rabatt-Angebot nutzen,0,,,,,on
C09,dach_de_plus_m_consistency26m_3,431881087,B,test,person_aad8b6883f948072e08c638b,1,0,message_f39252b8e75eda8e7ec95b80,event_f82aedc564a63eed4f161b42,SENT,2026-08-07 09:00:43,2026-08-07 09:00:43,Eigene Reputation stärken und exklusives 30 % Rabatt-Angebot nutzen,0,,,,,on
C09,dach_de_plus_m_consistency26m_3,431881087,B,test,person_f4f9cbcbda892961202d3a8d,1,0,message_a477d79a6469fb5570d7bfca,event_745984b0970b84e8fb34737a,SENT,2026-08-07 09:00:44,2026-08-07 09:00:44,Eigene Reputation stärken und exklusives 30 % Rabatt-Angebot nutzen,0,,,,,on
C09,dach_de_plus_m_consistency26m_3,431881087,B,test,person_f4f9cbcbda892961202d3a8d,1,0,message_a477d79a6469fb5570d7bfca,event_268532620f13e7b4d354003f,DELIVERED,2026-08-07 09:00:44,2026-08-07 09:00:49,Eigene Reputation stärken und exklusives 30 % Rabatt-Angebot nutzen,0,,,,,on
C09,dach_de_plus_m_consistency26m_3,431881087,B,test,person_0864ee54a8ae4175854d015f,1,0,message_4b4dbcef580517d47a8bda37,event_bdaa541d275b2279b144b7c4,SENT,2026-08-07 09:00:43,2026-08-07 09:00:43,Eigene Reputation stärken und exklusives 30 % Rabatt-Angebot nutzen,0,,,,,on
C09,dach_de_plus_m_consistency26m_3,431881085,A,rollout_fallback,person_b5e03f3a133ee041d90f4483,1,0,message_439d025b9e8983ab55ee2b39,event_2210dd6dcd1057026e903c8d,DROPPED,2026-08-07 11:00:53,2026-08-07 11:00:53,"Was sieht ein Kunde, wenn er dich heute online überprüft?",0,,event_f0fe86974a5e6cb52e3017d9,,PREVIOUSLY_BOUNCED,on
C09,dach_de_plus_m_consistency26m_3,431881087,B,test,person_0864ee54a8ae4175854d015f,1,0,message_4b4dbcef580517d47a8bda37,event_1c30e8d7023c8e43dea1c625,OPEN,2026-08-07 09:00:43,2026-08-07 12:46:28,Eigene Reputation stärken und exklusives 30 % Rabatt-Angebot nutzen,0,,,,,on
C09,dach_de_plus_m_consistency26m_3,431881087,B,test,person_0864ee54a8ae4175854d015f,1,0,message_4b4dbcef580517d47a8bda37,event_a4a8ce98a81066981ae5fdab,DELIVERED,2026-08-07 09:00:43,2026-08-07 09:00:46,Eigene Reputation stärken und exklusives 30 % Rabatt-Angebot nutzen,0,,,,,on
C09,dach_de_plus_m_consistency26m_3,431881087,B,test,person_0864ee54a8ae4175854d015f,1,0,message_4b4dbcef580517d47a8bda37,event_2b4021766a1747d9c4781926,OPEN,2026-08-07 09:00:43,2026-08-07 12:46:28,Eigene Reputation stärken und exklusives 30 % Rabatt-Angebot nutzen,0,,,,,on
C09,dach_de_plus_m_consistency26m_3,431881087,B,test,person_6a701f6238186951781a8245,1,0,message_999ab6238b82da0e7171dcc6,event_58148d98ab0ab3da86c289ec,SENT,2026-08-07 09:00:44,2026-08-07 09:00:44,Eigene Reputation stärken und exklusives 30 % Rabatt-Angebot nutzen,0,,,,,on
C09,dach_de_plus_m_consistency26m_3,431881087,B,test,person_6a701f6238186951781a8245,1,0,message_999ab6238b82da0e7171dcc6,event_0fa4015f1eb232d5a55a6a9c,DELIVERED,2026-08-07 09:00:44,2026-08-07 09:00:49,Eigene Reputation stärken und exklusives 30 % Rabatt-Angebot nutzen,0,,,,,on
C09,dach_de_plus_m_consistency26m_3,431881087,B,test,person_6a701f6238186951781a8245,1,0,message_999ab6238b82da0e7171dcc6,event_3a52a5f5f5553ad40d106bc0,OPEN,2026-08-07 09:00:44,2026-08-10 10:08:26,Eigene Reputation stärken und exklusives 30 % Rabatt-Angebot nutzen,0,,,,,on
C09,dach_de_plus_m_consistency26m_3,431881086,A,test,person_7ff14c88d00cf3a60eb79486,1,0,message_c0acab4a6fd2481c23559d46,event_a9fa756ba4aa41fa92009c5c,DELIVERED,2026-08-07 08:59:23,2026-08-07 08:59:26,"Was sieht ein Kunde, wenn er dich heute online überprüft?",0,,,,,on
C09,dach_de_plus_m_consistency26m_3,431881086,A,test,person_7ff14c88d00cf3a60eb79486,1,0,message_c0acab4a6fd2481c23559d46,event_2967df96c549128fa60c775d,SENT,2026-08-07 08:59:23,2026-08-07 08:59:23,"Was sieht ein Kunde, wenn er dich heute online überprüft?",0,,,,,on
C09,dach_de_plus_m_consistency26m_3,431881085,A,rollout_fallback,person_1ddd3e9630b1a45156c41a7c,1,1,message_914b01bd60edd68b25cb6c42,event_ae4bbd8a781395374ddb3b91,DELIVERED,2026-08-07 11:00:53,2026-08-07 11:00:57,"Was sieht ein Kunde, wenn er dich heute online überprüft?",0,,,,,on
C09,dach_de_plus_m_consistency26m_3,431881085,A,rollout_fallback,person_1ddd3e9630b1a45156c41a7c,1,1,message_914b01bd60edd68b25cb6c42,event_71d1680a4953790ad6ef7490,SENT,2026-08-07 11:00:53,2026-08-07 11:00:53,"Was sieht ein Kunde, wenn er dich heute online überprüft?",0,,,,,on
C09,dach_de_plus_m_consistency26m_3,431881087,B,test,person_2540cbf4d967aa7ce7051abb,1,0,message_c8fcf28d8e3ce028c355f42e,event_1d1692d889341ed75c6ada40,DELIVERED,2026-08-07 09:00:43,2026-08-07 09:00:49,Eigene Reputation stärken und exklusives 30 % Rabatt-Angebot nutzen,0,,,,,on
C09,dach_de_plus_m_consistency26m_3,431881087,B,test,person_2540cbf4d967aa7ce7051abb,1,0,message_c8fcf28d8e3ce028c355f42e,event_e8a6561998030d2dc98bd85b,SENT,2026-08-07 09:00:43,2026-08-07 09:00:43,Eigene Reputation stärken und exklusives 30 % Rabatt-Angebot nutzen,0,,,,,on
C09,dach_de_plus_m_consistency26m_3,431881086,A,test,person_806343b83bd2a97562b2c569,1,0,message_f5cee3d7714e3da32285aff0,event_ea6e43700cf824d40871246a,SENT,2026-08-07 08:59:23,2026-08-07 08:59:23,"Was sieht ein Kunde, wenn er dich heute online überprüft?",0,,,,,on
C09,dach_de_plus_m_consistency26m_3,431881086,A,test,person_806343b83bd2a97562b2c569,1,0,message_f5cee3d7714e3da32285aff0,event_44a4975c88c844d71428d031,DELIVERED,2026-08-07 08:59:23,2026-08-07 08:59:26,"Was sieht ein Kunde, wenn er dich heute online überprüft?",0,,,,,on
C09,dach_de_plus_m_consistency26m_3,431881085,A,rollout_fallback,person_4ce1eb6062043ee0ec2e6c3a,1,0,message_a08d83ef52f13c2924bb7eca,event_1b9112a2fc05b99e0b4d9ff8,SENT,2026-08-07 11:00:52,2026-08-07 11:00:52,"Was sieht ein Kunde, wenn er dich heute online überprüft?",0,,,,,on
C09,dach_de_plus_m_consistency26m_3,431881085,A,rollout_fallback,person_4ce1eb6062043ee0ec2e6c3a,1,0,message_a08d83ef52f13c2924bb7eca,event_224c007e672882f1298b43a5,DELIVERED,2026-08-07 11:00:52,2026-08-07 11:00:56,"Was sieht ein Kunde, wenn er dich heute online überprüft?",0,,,,,on
C09,dach_de_plus_m_consistency26m_3,431881086,A,test,person_52849d81722254391767a0d7,1,0,message_e0a07d463d1b201fcaaedb87,event_a1be6f3eb3a0d3f115c94382,SENT,2026-08-07 08:59:23,2026-08-07 08:59:23,"Was sieht ein Kunde, wenn er dich heute online überprüft?",0,,,,,on
C09,dach_de_plus_m_consistency26m_3,431881086,A,test,person_52849d81722254391767a0d7,1,0,message_e0a07d463d1b201fcaaedb87,event_0453dbc2b088b600c2462d4d,DELIVERED,2026-08-07 08:59:23,2026-08-07 08:59:25,"Was sieht ein Kunde, wenn er dich heute online überprüft?",0,,,,,on
C09,dach_de_plus_m_consistency26m_3,431881085,A,rollout_fallback,person_408ac7aa9871da20a775568e,1,0,message_f127642b2aa37c6ca0928604,event_475f5b0a865cac07213c3a74,SENT,2026-08-07 11:00:53,2026-08-07 11:00:53,"Was sieht ein Kunde, wenn er dich heute online überprüft?",0,,,,,on
C09,dach_de_plus_m_consistency26m_3,431881085,A,rollout_fallback,person_408ac7aa9871da20a775568e,1,0,message_f127642b2aa37c6ca0928604,event_06bc57f62284d351736fc238,DELIVERED,2026-08-07 11:00:53,2026-08-07 11:00:57,"Was sieht ein Kunde, wenn er dich heute online überprüft?",0,,,,,on
C09,dach_de_plus_m_consistency26m_3,431881085,A,rollout_fallback,person_dfc53eec4103442383e9ed85,1,0,message_c5be56520c1fbd5c06a87a8f,event_b8075ff4bd84c8bfc8284e56,DELIVERED,2026-08-07 11:00:52,2026-08-07 11:00:54,"Was sieht ein Kunde, wenn er dich heute online überprüft?",0,,,,,on
C09,dach_de_plus_m_consistency26m_3,431881085,A,rollout_fallback,person_dfc53eec4103442383e9ed85,1,0,message_c5be56520c1fbd5c06a87a8f,event_cab0015b6dd0cabc7c18d254,SENT,2026-08-07 11:00:52,2026-08-07 11:00:52,"Was sieht ein Kunde, wenn er dich heute online überprüft?",0,,,,,on
C09,dach_de_plus_m_consistency26m_3,431881087,B,test,person_ba13e4f9dd74cae6cccd4173,1,0,message_e1fe7cc257a81306cfae230d,event_75fd79c02f11482a960df93d,DELIVERED,2026-08-07 09:00:44,2026-08-07 09:02:53,Eigene Reputation stärken und exklusives 30 % Rabatt-Angebot nutzen,0,,,,,on
C09,dach_de_plus_m_consistency26m_3,431881087,B,test,person_ba13e4f9dd74cae6cccd4173,1,0,message_e1fe7cc257a81306cfae230d,event_c49d6dcd967e728f5bb956e8,SENT,2026-08-07 09:00:44,2026-08-07 09:00:44,Eigene Reputation stärken und exklusives 30 % Rabatt-Angebot nutzen,0,,,,,on
C09,dach_de_plus_m_consistency26m_3,431881087,B,test,person_ba13e4f9dd74cae6cccd4173,1,0,message_e1fe7cc257a81306cfae230d,event_58f5447f8c40d077dc83e451,DEFERRED,2026-08-07 09:00:44,2026-08-07 09:00:54,Eigene Reputation stärken und exklusives 30 % Rabatt-Angebot nutzen,0,,,,,on
C09,dach_de_plus_m_consistency26m_3,431881085,A,rollout_fallback,person_43eec894fc8f55ddce05b960,1,0,message_d324fdfd0ae42c0da79a7b4f,event_14728ec166c0993bc1507761,DELIVERED,2026-08-07 11:00:53,2026-08-07 11:00:55,"Was sieht ein Kunde, wenn er dich heute online überprüft?",0,,,,,on
C09,dach_de_plus_m_consistency26m_3,431881085,A,rollout_fallback,person_43eec894fc8f55ddce05b960,1,0,message_d324fdfd0ae42c0da79a7b4f,event_4f010f44794ba9a910a13659,SENT,2026-08-07 11:00:53,2026-08-07 11:00:53,"Was sieht ein Kunde, wenn er dich heute online überprüft?",0,,,,,on
C09,dach_de_plus_m_consistency26m_3,431881085,A,rollout_fallback,person_c63bce3433452bd01be71c38,1,0,message_5dcd4c95610024ade80fbb14,event_bbb5d220c5a4ef9628c50ca1,SENT,2026-08-07 11:00:53,2026-08-07 11:00:53,"Was sieht ein Kunde, wenn er dich heute online überprüft?",0,,,,,on
C09,dach_de_plus_m_consistency26m_3,431881085,A,rollout_fallback,person_c63bce3433452bd01be71c38,1,0,message_5dcd4c95610024ade80fbb14,event_170de80f1d9fe1b654dbdf49,DELIVERED,2026-08-07 11:00:53,2026-08-07 11:00:56,"Was sieht ein Kunde, wenn er dich heute online überprüft?",0,,,,,on
C09,dach_de_plus_m_consistency26m_3,431881086,A,test,person_29d31d3ac116bd0e3ccff9e3,1,0,message_b04933c79025947b2b330c31,event_161128c73aea18e109788d64,SENT,2026-08-07 09:00:43,2026-08-07 09:00:43,"Was sieht ein Kunde, wenn er dich heute online überprüft?",0,,,,,on
C09,dach_de_plus_m_consistency26m_3,431881086,A,test,person_29d31d3ac116bd0e3ccff9e3,1,0,message_b04933c79025947b2b330c31,event_d3563212eb0d4fafbca2e517,DELIVERED,2026-08-07 09:00:43,2026-08-07 09:00:46,"Was sieht ein Kunde, wenn er dich heute online überprüft?",0,,,,,on
C09,dach_de_plus_m_consistency26m_3,431881087,B,test,person_bfd89aad18e3252d45136c5f,1,0,message_5f3f4b2f08537dd743f05a1c,event_fdfb035d4c727da0f438e5fb,DELIVERED,2026-08-07 09:00:44,2026-08-07 09:00:48,Eigene Reputation stärken und exklusives 30 % Rabatt-Angebot nutzen,0,,,,,on
C09,dach_de_plus_m_consistency26m_3,431881087,B,test,person_bfd89aad18e3252d45136c5f,1,0,message_5f3f4b2f08537dd743f05a1c,event_0061bceee92e2817365e6a78,SENT,2026-08-07 09:00:44,2026-08-07 09:00:44,Eigene Reputation stärken und exklusives 30 % Rabatt-Angebot nutzen,0,,,,,on
C09,dach_de_plus_m_consistency26m_3,431881085,A,rollout_fallback,person_c651efda1d1977d191f729b6,1,0,message_b889d5eefeebd36f289c5e6d,event_0d96050ce6004638e14b3d73,SENT,2026-08-07 11:00:52,2026-08-07 11:00:52,"Was sieht ein Kunde, wenn er dich heute online überprüft?",0,,,,,on
C09,dach_de_plus_m_consistency26m_3,431881085,A,rollout_fallback,person_c651efda1d1977d191f729b6,1,0,message_b889d5eefeebd36f289c5e6d,event_f3cea184d3915e91043c614b,DELIVERED,2026-08-07 11:00:52,2026-08-07 11:01:05,"Was sieht ein Kunde, wenn er dich heute online überprüft?",0,,,,,on
C09,dach_de_plus_m_consistency26m_3,431881085,A,rollout_fallback,person_a5363cf701e725eef155584c,1,0,message_41b1c2aa44ae5ec8335aed4b,event_0bea80c3d90fa7e7d6f92ccf,SENT,2026-08-07 11:00:53,2026-08-07 11:00:53,"Was sieht ein Kunde, wenn er dich heute online überprüft?",0,,,,,on
C09,dach_de_plus_m_consistency26m_3,431881085,A,rollout_fallback,person_a5363cf701e725eef155584c,1,0,message_41b1c2aa44ae5ec8335aed4b,event_d197243e93475de620cef1de,DELIVERED,2026-08-07 11:00:53,2026-08-07 11:00:58,"Was sieht ein Kunde, wenn er dich heute online überprüft?",0,,,,,on
C09,dach_de_plus_m_consistency26m_3,431881085,A,rollout_fallback,person_16a7f0cc6e7940ec26d39cbd,1,0,message_7dc9413829e57b46dcd110c6,event_68ae607003a85cf0f7a8ad03,SENT,2026-08-07 11:00:53,2026-08-07 11:00:53,"Was sieht ein Kunde, wenn er dich heute online überprüft?",0,,,,,on
C09,dach_de_plus_m_consistency26m_3,431881085,A,rollout_fallback,person_16a7f0cc6e7940ec26d39cbd,1,0,message_7dc9413829e57b46dcd110c6,event_973557f852cc39af56e1e9bb,DELIVERED,2026-08-07 11:00:53,2026-08-07 11:12:49,"Was sieht ein Kunde, wenn er dich heute online überprüft?",0,,,,,on
C09,dach_de_plus_m_consistency26m_3,431881085,A,rollout_fallback,person_16a7f0cc6e7940ec26d39cbd,1,0,message_7dc9413829e57b46dcd110c6,event_16858c9d07241d1d0d75f951,DEFERRED,2026-08-07 11:00:53,2026-08-07 11:03:05,"Was sieht ein Kunde, wenn er dich heute online überprüft?",0,,,,,on
C09,dach_de_plus_m_consistency26m_3,431881086,A,test,person_e448f0af401b452ad688cb4b,1,0,message_8958bf970d512d4f9942c3fd,event_ab1e9220ec6f6afbb0300777,DELIVERED,2026-08-07 08:59:23,2026-08-07 08:59:27,"Was sieht ein Kunde, wenn er dich heute online überprüft?",0,,,,,on
C09,dach_de_plus_m_consistency26m_3,431881086,A,test,person_e448f0af401b452ad688cb4b,1,0,message_8958bf970d512d4f9942c3fd,event_c8d9bf284ca2dff5bddae4cf,SENT,2026-08-07 08:59:23,2026-08-07 08:59:23,"Was sieht ein Kunde, wenn er dich heute online überprüft?",0,,,,,on
C09,dach_de_plus_m_consistency26m_3,431881087,B,test,person_86dfd55593c0ff05f5ea32ad,1,0,message_33ed97071d7c3ee122ca039e,event_cef84c03088cd74f048b5210,DELIVERED,2026-08-07 09:00:43,2026-08-07 09:01:48,Eigene Reputation stärken und exklusives 30 % Rabatt-Angebot nutzen,0,,,,,on
C09,dach_de_plus_m_consistency26m_3,431881087,B,test,person_86dfd55593c0ff05f5ea32ad,1,0,message_33ed97071d7c3ee122ca039e,event_355e1cde214a6c8c3c50530c,SENT,2026-08-07 09:00:43,2026-08-07 09:00:43,Eigene Reputation stärken und exklusives 30 % Rabatt-Angebot nutzen,0,,,,,on
C09,dach_de_plus_m_consistency26m_3,431881086,A,test,person_02a6e73b1cc41213d39cc276,1,0,message_a58288137d88cc4fcfa49ea8,event_6567e13affa5e53a609f269c,SENT,2026-08-07 08:59:23,2026-08-07 08:59:23,"Was sieht ein Kunde, wenn er dich heute online überprüft?",0,,,,,on
C09,dach_de_plus_m_consistency26m_3,431881086,A,test,person_02a6e73b1cc41213d39cc276,1,0,message_a58288137d88cc4fcfa49ea8,event_363348370018884bccad203e,OPEN,2026-08-07 08:59:23,2026-08-07 09:04:27,"Was sieht ein Kunde, wenn er dich heute online überprüft?",0,,,,,on
C09,dach_de_plus_m_consistency26m_3,431881086,A,test,person_02a6e73b1cc41213d39cc276,1,0,message_a58288137d88cc4fcfa49ea8,event_034206576fe17f10e0bdb897,DELIVERED,2026-08-07 08:59:23,2026-08-07 08:59:26,"Was sieht ein Kunde, wenn er dich heute online überprüft?",0,,,,,on
C09,dach_de_plus_m_consistency26m_3,431881087,B,test,person_e705be4975ff694d0e9f66c4,1,0,message_f67ddd1dc16bfd1e89b4043f,event_55a58f8c5ac841decb965d71,DEFERRED,2026-08-07 09:00:44,2026-08-07 09:01:07,Eigene Reputation stärken und exklusives 30 % Rabatt-Angebot nutzen,0,,,,,on
C09,dach_de_plus_m_consistency26m_3,431881087,B,test,person_e705be4975ff694d0e9f66c4,1,0,message_f67ddd1dc16bfd1e89b4043f,event_beb9552183ac147e2eb4f8b7,SENT,2026-08-07 09:00:44,2026-08-07 09:00:44,Eigene Reputation stärken und exklusives 30 % Rabatt-Angebot nutzen,0,,,,,on
C09,dach_de_plus_m_consistency26m_3,431881086,A,test,person_2d5696a389c9eece83594f24,1,0,message_15f16057204c07717462884c,event_269f73e98451052198561d4c,DROPPED,2026-08-07 08:59:23,2026-08-07 08:59:23,"Was sieht ein Kunde, wenn er dich heute online überprüft?",0,,event_cbddd08751114a86be3f0e6d,,PREVIOUSLY_BOUNCED,on
C09,dach_de_plus_m_consistency26m_3,431881087,B,test,person_e705be4975ff694d0e9f66c4,1,0,message_f67ddd1dc16bfd1e89b4043f,event_b2190e4771809c28b1e58b4d,DELIVERED,2026-08-07 09:00:44,2026-08-07 11:01:08,Eigene Reputation stärken und exklusives 30 % Rabatt-Angebot nutzen,0,,,,,on
C09,dach_de_plus_m_consistency26m_3,431881086,A,test,person_551f59453720c54c7b1bb230,1,0,message_ce74696a45bc293770aa821a,event_e2724415c41a2ed84687b94f,SENT,2026-08-07 08:59:23,2026-08-07 08:59:23,"Was sieht ein Kunde, wenn er dich heute online überprüft?",0,,,,,on
C09,dach_de_plus_m_consistency26m_3,431881086,A,test,person_551f59453720c54c7b1bb230,1,0,message_ce74696a45bc293770aa821a,event_9595840d25b1333828ea3641,DELIVERED,2026-08-07 08:59:23,2026-08-07 08:59:27,"Was sieht ein Kunde, wenn er dich heute online überprüft?",0,,,,,on
C09,dach_de_plus_m_consistency26m_3,431881087,B,test,person_040e14b844aaeaed64952d2f,1,0,message_562cb36e64f3b7bfb1a7de78,event_6ea95e7e6be5fcbe79d05f4c,DELIVERED,2026-08-07 09:00:44,2026-08-07 09:00:49,Eigene Reputation stärken und exklusives 30 % Rabatt-Angebot nutzen,0,,,,,on
C09,dach_de_plus_m_consistency26m_3,431881087,B,test,person_040e14b844aaeaed64952d2f,1,0,message_562cb36e64f3b7bfb1a7de78,event_5643cd469a2e07b5e3542bc8,SENT,2026-08-07 09:00:44,2026-08-07 09:00:44,Eigene Reputation stärken und exklusives 30 % Rabatt-Angebot nutzen,0,,,,,on
C09,dach_de_plus_m_consistency26m_3,431881085,A,rollout_fallback,person_19e982de542bb5aba938bbf8,1,0,message_1fc8fccf7b03f96efc8813a5,event_c23279d033e269d433124044,SENT,2026-08-07 11:00:52,2026-08-07 11:00:52,"Was sieht ein Kunde, wenn er dich heute online überprüft?",0,,,,,on
C09,dach_de_plus_m_consistency26m_3,431881085,A,rollout_fallback,person_19e982de542bb5aba938bbf8,1,0,message_1fc8fccf7b03f96efc8813a5,event_609defaf1ad2d7d5469ec814,DELIVERED,2026-08-07 11:00:52,2026-08-07 11:00:56,"Was sieht ein Kunde, wenn er dich heute online überprüft?",0,,,,,on
C09,dach_de_plus_m_consistency26m_3,431881085,A,rollout_fallback,person_b3ed962b30fb5be25aeba12e,1,0,message_5bb8750297a486eabde22b28,event_4f03e3485dc4b047cdc4442e,DELIVERED,2026-08-07 11:00:53,2026-08-07 11:00:56,"Was sieht ein Kunde, wenn er dich heute online überprüft?",0,,,,,on
C09,dach_de_plus_m_consistency26m_3,431881085,A,rollout_fallback,person_b3ed962b30fb5be25aeba12e,1,0,message_5bb8750297a486eabde22b28,event_07f3cd05c900c1cfa236306e,SENT,2026-08-07 11:00:53,2026-08-07 11:00:53,"Was sieht ein Kunde, wenn er dich heute online überprüft?",0,,,,,on
C09,dach_de_plus_m_consistency26m_3,431881087,B,test,person_7b48d979216278c560acdeee,1,0,message_246d09fee9a0483922e36ba8,event_df9413a5520ff198d88aa1cf,DROPPED,2026-08-07 09:00:43,2026-08-07 09:00:43,Eigene Reputation stärken und exklusives 30 % Rabatt-Angebot nutzen,0,,event_5fcad63f649b5e0a7f57fc6d,,PREVIOUSLY_BOUNCED,on
C09,dach_de_plus_m_consistency26m_3,431881086,A,test,person_6bae980e488d27e657bcefb5,1,0,message_d93a2f47acddd6834e79734c,event_b91e0436c1f61b9ebc1439af,SENT,2026-08-07 08:59:23,2026-08-07 08:59:23,"Was sieht ein Kunde, wenn er dich heute online überprüft?",0,,,,,on
C09,dach_de_plus_m_consistency26m_3,431881086,A,test,person_6bae980e488d27e657bcefb5,1,0,message_d93a2f47acddd6834e79734c,event_46906ed7df81ea469b25b1b1,DELIVERED,2026-08-07 08:59:23,2026-08-07 08:59:25,"Was sieht ein Kunde, wenn er dich heute online überprüft?",0,,,,,on
C09,dach_de_plus_m_consistency26m_3,431881086,A,test,person_5bf73acef624de8b5f06e3f1,1,0,message_2b50a31e119661dd2aa255c1,event_49cb4348c0851e8f87886f0b,DELIVERED,2026-08-07 09:00:43,2026-08-07 09:00:45,"Was sieht ein Kunde, wenn er dich heute online überprüft?",0,,,,,on
C09,dach_de_plus_m_consistency26m_3,431881086,A,test,person_5bf73acef624de8b5f06e3f1,1,0,message_2b50a31e119661dd2aa255c1,event_0909db318b4a18196b489fe3,SENT,2026-08-07 09:00:43,2026-08-07 09:00:43,"Was sieht ein Kunde, wenn er dich heute online überprüft?",0,,,,,on
C09,dach_de_plus_m_consistency26m_3,431881087,B,test,person_c1d680075c23be892de838cc,1,0,message_53928668d090e0ff13ab348c,event_c0d7b9b13de939e71e97f75a,SENT,2026-08-07 09:00:43,2026-08-07 09:00:43,Eigene Reputation stärken und exklusives 30 % Rabatt-Angebot nutzen,0,,,,,on
C09,dach_de_plus_m_consistency26m_3,431881087,B,test,person_c1d680075c23be892de838cc,1,0,message_53928668d090e0ff13ab348c,event_fcd64558c46982e263fefd52,DELIVERED,2026-08-07 09:00:43,2026-08-07 09:00:46,Eigene Reputation stärken und exklusives 30 % Rabatt-Angebot nutzen,0,,,,,on
C09,dach_de_plus_m_consistency26m_3,431881086,A,test,person_4deb1897984a7940ead7ee0e,1,0,message_6e03a6db6ed4b2367f2f2e04,event_0f9c2f608c87b458282d6dd6,DELIVERED,2026-08-07 08:59:23,2026-08-07 08:59:28,"Was sieht ein Kunde, wenn er dich heute online überprüft?",0,,,,,on
C09,dach_de_plus_m_consistency26m_3,431881086,A,test,person_4deb1897984a7940ead7ee0e,1,0,message_6e03a6db6ed4b2367f2f2e04,event_1ad19c16526f30dd027a9473,SENT,2026-08-07 08:59:23,2026-08-07 08:59:23,"Was sieht ein Kunde, wenn er dich heute online überprüft?",0,,,,,on
C09,dach_de_plus_m_consistency26m_3,431881086,A,test,person_b49db4c3b0f1d14b19b65afd,1,0,message_e9e519ee2f7ebc4465f5f7f3,event_8937b9616bc1b38bc49bd994,DELIVERED,2026-08-07 09:00:43,2026-08-07 09:00:47,"Was sieht ein Kunde, wenn er dich heute online überprüft?",0,,,,,on
C09,dach_de_plus_m_consistency26m_3,431881086,A,test,person_b49db4c3b0f1d14b19b65afd,1,0,message_e9e519ee2f7ebc4465f5f7f3,event_4c43403449e084966735dfc7,SENT,2026-08-07 09:00:43,2026-08-07 09:00:43,"Was sieht ein Kunde, wenn er dich heute online überprüft?",0,,,,,on
C09,dach_de_plus_m_consistency26m_3,431881085,A,rollout_fallback,person_ce7856523c2312a823c4390d,1,0,message_f5c25966c73ce1f6cac0ce43,event_a256228283a1f6c8105103bb,SENT,2026-08-07 11:00:52,2026-08-07 11:00:52,"Was sieht ein Kunde, wenn er dich heute online überprüft?",0,,,,,on
C09,dach_de_plus_m_consistency26m_3,431881085,A,rollout_fallback,person_ce7856523c2312a823c4390d,1,0,message_f5c25966c73ce1f6cac0ce43,event_3e03b910e392d51c2865ffd5,DELIVERED,2026-08-07 11:00:52,2026-08-07 11:00:56,"Was sieht ein Kunde, wenn er dich heute online überprüft?",0,,,,,on
C09,dach_de_plus_m_consistency26m_3,431881087,B,test,person_b47b5c5db127e05e7b1428cd,1,0,message_e8bff63dd667da05141fb56a,event_13fde537fa37ee9b852dcb9c,DELIVERED,2026-08-07 09:00:43,2026-08-07 09:00:48,Eigene Reputation stärken und exklusives 30 % Rabatt-Angebot nutzen,0,,,,,on
C09,dach_de_plus_m_consistency26m_3,431881087,B,test,person_b47b5c5db127e05e7b1428cd,1,0,message_e8bff63dd667da05141fb56a,event_106d87ad0efa5eca023fcc23,SENT,2026-08-07 09:00:43,2026-08-07 09:00:43,Eigene Reputation stärken und exklusives 30 % Rabatt-Angebot nutzen,0,,,,,on
C09,dach_de_plus_m_consistency26m_3,431881085,A,rollout_fallback,person_b79705ce49b8c84efbd127c8,1,0,message_ac47e5102e75b0a32c22c3f5,event_736caa14158247c535cc6171,SENT,2026-08-07 11:00:52,2026-08-07 11:00:52,"Was sieht ein Kunde, wenn er dich heute online überprüft?",0,,,,,on
C09,dach_de_plus_m_consistency26m_3,431881085,A,rollout_fallback,person_b79705ce49b8c84efbd127c8,1,0,message_ac47e5102e75b0a32c22c3f5,event_c285eec852cd48c91011dc3d,DELIVERED,2026-08-07 11:00:52,2026-08-07 11:00:54,"Was sieht ein Kunde, wenn er dich heute online überprüft?",0,,,,,on
C09,dach_de_plus_m_consistency26m_3,431881085,A,rollout_fallback,person_c208fbf0d23a6665da91ad74,1,0,message_9c5e414010e10aab17d966a2,event_772c3ca045e00d2d3cf34436,SENT,2026-08-07 11:00:53,2026-08-07 11:00:53,"Was sieht ein Kunde, wenn er dich heute online überprüft?",0,,,,,on
C09,dach_de_plus_m_consistency26m_3,431881085,A,rollout_fallback,person_c208fbf0d23a6665da91ad74,1,0,message_9c5e414010e10aab17d966a2,event_53a507d47aa5aaf6bfe8a103,DELIVERED,2026-08-07 11:00:53,2026-08-07 11:00:58,"Was sieht ein Kunde, wenn er dich heute online überprüft?",0,,,,,on
C09,dach_de_plus_m_consistency26m_3,431881085,A,rollout_fallback,person_1efe337095c8fd48f675f090,1,0,message_69b2eba32392f10922ead651,event_4067b524743437a76ccc44ff,DELIVERED,2026-08-07 11:00:53,2026-08-07 11:00:57,"Was sieht ein Kunde, wenn er dich heute online überprüft?",0,,,,,on
C09,dach_de_plus_m_consistency26m_3,431881085,A,rollout_fallback,person_1efe337095c8fd48f675f090,1,0,message_69b2eba32392f10922ead651,event_7c562d8a5a5e12be4bd7bb0c,SENT,2026-08-07 11:00:53,2026-08-07 11:00:53,"Was sieht ein Kunde, wenn er dich heute online überprüft?",0,,,,,on
C09,dach_de_plus_m_consistency26m_3,431881087,B,test,person_7fd2dc29d7816da35108fd61,1,0,message_7ef0a250574a9982064a2b2a,event_618dfa382bbb3c963ed7c10f,SENT,2026-08-07 09:00:43,2026-08-07 09:00:43,Eigene Reputation stärken und exklusives 30 % Rabatt-Angebot nutzen,0,,,,,on
C09,dach_de_plus_m_consistency26m_3,431881087,B,test,person_7fd2dc29d7816da35108fd61,1,0,message_7ef0a250574a9982064a2b2a,event_d0e2b863d783ecc7e78218b5,DELIVERED,2026-08-07 09:00:43,2026-08-07 09:00:46,Eigene Reputation stärken und exklusives 30 % Rabatt-Angebot nutzen,0,,,,,on
C09,dach_de_plus_m_consistency26m_3,431881086,A,test,person_2b7f339dea100c7f66a31185,1,0,message_d1e01c55a47368080400f205,event_a69799b4b22a187ccdf84cb0,SENT,2026-08-07 08:59:23,2026-08-07 08:59:23,"Was sieht ein Kunde, wenn er dich heute online überprüft?",0,,,,,on
C09,dach_de_plus_m_consistency26m_3,431881086,A,test,person_2b7f339dea100c7f66a31185,1,0,message_d1e01c55a47368080400f205,event_10aa8c7a619fe5f5a24b860b,DELIVERED,2026-08-07 08:59:23,2026-08-07 08:59:26,"Was sieht ein Kunde, wenn er dich heute online überprüft?",0,,,,,on
C09,dach_de_plus_m_consistency26m_3,431881087,B,test,person_40bdae7f91e2598cf0869024,1,0,message_d745cb79c66adffc6493c0b6,event_152416f519ed9af7026db490,SENT,2026-08-07 09:00:44,2026-08-07 09:00:44,Eigene Reputation stärken und exklusives 30 % Rabatt-Angebot nutzen,0,,,,,on
C09,dach_de_plus_m_consistency26m_3,431881087,B,test,person_40bdae7f91e2598cf0869024,1,0,message_d745cb79c66adffc6493c0b6,event_ae3fae32183657b20d873b4d,DELIVERED,2026-08-07 09:00:44,2026-08-07 09:00:48,Eigene Reputation stärken und exklusives 30 % Rabatt-Angebot nutzen,0,,,,,on
C09,dach_de_plus_m_consistency26m_3,431881087,B,test,person_f3af3d0a206d913bc0eedda9,1,0,message_9a7f9729471ab23c869bccca,event_3ce5f77affb4985898d61fb5,SENT,2026-08-07 09:00:43,2026-08-07 09:00:43,Eigene Reputation stärken und exklusives 30 % Rabatt-Angebot nutzen,0,,,,,on
C09,dach_de_plus_m_consistency26m_3,431881087,B,test,person_f3af3d0a206d913bc0eedda9,1,0,message_9a7f9729471ab23c869bccca,event_93b652c81ac68f2d53d33016,DELIVERED,2026-08-07 09:00:43,2026-08-07 09:00:45,Eigene Reputation stärken und exklusives 30 % Rabatt-Angebot nutzen,0,,,,,on
C09,dach_de_plus_m_consistency26m_3,431881087,B,test,person_792f1021422575ac22d3f841,1,0,message_cf57b27bb02fa549312bf287,event_81566a1f6b9bdf56f85ea7f0,SENT,2026-08-07 09:00:43,2026-08-07 09:00:43,Eigene Reputation stärken und exklusives 30 % Rabatt-Angebot nutzen,0,,,,,on
C09,dach_de_plus_m_consistency26m_3,431881087,B,test,person_792f1021422575ac22d3f841,1,0,message_cf57b27bb02fa549312bf287,event_b5bbce9cf4ab69d7b6b06fc3,OPEN,2026-08-07 09:00:43,2026-08-07 09:02:46,Eigene Reputation stärken und exklusives 30 % Rabatt-Angebot nutzen,0,,,,,on
C09,dach_de_plus_m_consistency26m_3,431881087,B,test,person_792f1021422575ac22d3f841,1,0,message_cf57b27bb02fa549312bf287,event_1c11e614bfd712e52bca00b5,OPEN,2026-08-07 09:00:43,2026-08-07 09:00:50,Eigene Reputation stärken und exklusives 30 % Rabatt-Angebot nutzen,0,,,,,on
C09,dach_de_plus_m_consistency26m_3,431881087,B,test,person_792f1021422575ac22d3f841,1,0,message_cf57b27bb02fa549312bf287,event_39515f13e4bb684dd988bbc7,DELIVERED,2026-08-07 09:00:43,2026-08-07 09:00:45,Eigene Reputation stärken und exklusives 30 % Rabatt-Angebot nutzen,0,,,,,on
C09,dach_de_plus_m_consistency26m_3,431881085,A,rollout_fallback,person_f90fdaeb3e9a4cf34f574052,1,0,message_5f73ae98115390826fc32067,event_58c3480f3fcab6892a8a0caf,DELIVERED,2026-08-07 11:00:53,2026-08-07 13:13:28,"Was sieht ein Kunde, wenn er dich heute online überprüft?",0,,,,,on
C09,dach_de_plus_m_consistency26m_3,431881085,A,rollout_fallback,person_f90fdaeb3e9a4cf34f574052,1,0,message_5f73ae98115390826fc32067,event_0a2cd4cf2130ab4b3af3cb33,DEFERRED,2026-08-07 11:00:53,2026-08-07 11:03:00,"Was sieht ein Kunde, wenn er dich heute online überprüft?",0,,,,,on
C09,dach_de_plus_m_consistency26m_3,431881085,A,rollout_fallback,person_f90fdaeb3e9a4cf34f574052,1,0,message_5f73ae98115390826fc32067,event_528275e4666ac4b038660a46,DEFERRED,2026-08-07 11:00:53,2026-08-07 11:13:26,"Was sieht ein Kunde, wenn er dich heute online überprüft?",0,,,,,on
C09,dach_de_plus_m_consistency26m_3,431881085,A,rollout_fallback,person_f90fdaeb3e9a4cf34f574052,1,0,message_5f73ae98115390826fc32067,event_3401186045e0bd6028797adf,SENT,2026-08-07 11:00:53,2026-08-07 11:00:53,"Was sieht ein Kunde, wenn er dich heute online überprüft?",0,,,,,on
C09,dach_de_plus_m_consistency26m_3,431881086,A,test,person_a2a069696df357e74c2667d1,1,0,message_f031b45a49bb2426466c1cca,event_ba2c13cf706c781a538e073e,DELIVERED,2026-08-07 08:59:23,2026-08-07 08:59:27,"Was sieht ein Kunde, wenn er dich heute online überprüft?",0,,,,,on
C09,dach_de_plus_m_consistency26m_3,431881086,A,test,person_a2a069696df357e74c2667d1,1,0,message_f031b45a49bb2426466c1cca,event_0fcbf780a3ceb5a8ab2f02ae,SENT,2026-08-07 08:59:23,2026-08-07 08:59:23,"Was sieht ein Kunde, wenn er dich heute online überprüft?",0,,,,,on
C09,dach_de_plus_m_consistency26m_3,431881086,A,test,person_bd54d214f3146464c5af5854,1,0,message_9892c232185af5798a64e000,event_28666d655ef2387c2cd7a846,DELIVERED,2026-08-07 09:00:43,2026-08-07 09:00:47,"Was sieht ein Kunde, wenn er dich heute online überprüft?",0,,,,,on
C09,dach_de_plus_m_consistency26m_3,431881086,A,test,person_bd54d214f3146464c5af5854,1,0,message_9892c232185af5798a64e000,event_aaf6b6152adc4447c19f8ce8,SENT,2026-08-07 09:00:43,2026-08-07 09:00:43,"Was sieht ein Kunde, wenn er dich heute online überprüft?",0,,,,,on
C09,dach_de_plus_m_consistency26m_3,431881086,A,test,person_b5c2d8f9b699599086cbf1df,1,0,message_fc7f4c34ff1179674f1aa98a,event_fbe4b47791e0758263784be6,DELIVERED,2026-08-07 09:00:43,2026-08-07 09:12:06,"Was sieht ein Kunde, wenn er dich heute online überprüft?",0,,,,,on
C09,dach_de_plus_m_consistency26m_3,431881086,A,test,person_b5c2d8f9b699599086cbf1df,1,0,message_fc7f4c34ff1179674f1aa98a,event_d3a15aa7981e6512ed288108,SENT,2026-08-07 09:00:43,2026-08-07 09:00:43,"Was sieht ein Kunde, wenn er dich heute online überprüft?",0,,,,,on
C09,dach_de_plus_m_consistency26m_3,431881086,A,test,person_b5c2d8f9b699599086cbf1df,1,0,message_fc7f4c34ff1179674f1aa98a,event_90347e4e402d6237259e3770,DEFERRED,2026-08-07 09:00:43,2026-08-07 09:02:49,"Was sieht ein Kunde, wenn er dich heute online überprüft?",0,,,,,on
C09,dach_de_plus_m_consistency26m_3,431881086,A,test,person_05e80af095f7728af2a08f53,1,0,message_0e83d70a114e1af35631ca80,event_65ac659c3bb2781a2a122828,SENT,2026-08-07 08:59:23,2026-08-07 08:59:23,"Was sieht ein Kunde, wenn er dich heute online überprüft?",0,,,,,on
C09,dach_de_plus_m_consistency26m_3,431881086,A,test,person_05e80af095f7728af2a08f53,1,0,message_0e83d70a114e1af35631ca80,event_e11ef5fbfcfafd5dd9a2ac43,DELIVERED,2026-08-07 08:59:23,2026-08-07 08:59:34,"Was sieht ein Kunde, wenn er dich heute online überprüft?",0,,,,,on
C09,dach_de_plus_m_consistency26m_3,431881085,A,rollout_fallback,person_b2abfcfd7e648b368f41b948,1,0,message_82e9501e3975af72d21c2bc4,event_ee5775a6d2fb0730ebd1e699,SENT,2026-08-07 11:00:53,2026-08-07 11:00:53,"Was sieht ein Kunde, wenn er dich heute online überprüft?",0,,,,,on
C09,dach_de_plus_m_consistency26m_3,431881085,A,rollout_fallback,person_b2abfcfd7e648b368f41b948,1,0,message_82e9501e3975af72d21c2bc4,event_6c1395759194ca1ff4b0add1,DELIVERED,2026-08-07 11:00:53,2026-08-07 11:00:57,"Was sieht ein Kunde, wenn er dich heute online überprüft?",0,,,,,on
C09,dach_de_plus_m_consistency26m_3,431881087,B,test,person_c49aaae2569cd2096205cd83,1,0,message_3b5f93f96a372ca0d4e40b50,event_6c3fb5291ab08452be88f8e2,DEFERRED,2026-08-07 09:00:43,2026-08-07 09:01:06,Eigene Reputation stärken und exklusives 30 % Rabatt-Angebot nutzen,0,,,,,on
C09,dach_de_plus_m_consistency26m_3,431881087,B,test,person_c49aaae2569cd2096205cd83,1,0,message_3b5f93f96a372ca0d4e40b50,event_0cb63f7f628324e81e80595a,DELIVERED,2026-08-07 09:00:43,2026-08-07 11:01:07,Eigene Reputation stärken und exklusives 30 % Rabatt-Angebot nutzen,0,,,,,on
C09,dach_de_plus_m_consistency26m_3,431881087,B,test,person_c49aaae2569cd2096205cd83,1,0,message_3b5f93f96a372ca0d4e40b50,event_b96cb62b8db94980a4c67ff5,SENT,2026-08-07 09:00:43,2026-08-07 09:00:43,Eigene Reputation stärken und exklusives 30 % Rabatt-Angebot nutzen,0,,,,,on
C09,dach_de_plus_m_consistency26m_3,431881086,A,test,person_980e609da7934af4922352a2,1,0,message_6229dee272dcec5ad12f853a,event_0059b82d36bf959d2d8e40db,SENT,2026-08-07 08:59:23,2026-08-07 08:59:23,"Was sieht ein Kunde, wenn er dich heute online überprüft?",0,,,,,on
C09,dach_de_plus_m_consistency26m_3,431881086,A,test,person_980e609da7934af4922352a2,1,0,message_6229dee272dcec5ad12f853a,event_96761168dc74ce6aed65a05e,DELIVERED,2026-08-07 08:59:23,2026-08-07 08:59:25,"Was sieht ein Kunde, wenn er dich heute online überprüft?",0,,,,,on
C09,dach_de_plus_m_consistency26m_3,431881087,B,test,person_f56a0958ae639a6122294897,1,0,message_7631177f121a9f71ea4e9807,event_6adbf9461d400c57d053ea7f,STATUSCHANGE,2026-08-07 09:00:44,2026-08-07 09:59:39,Eigene Reputation stärken und exklusives 30 % Rabatt-Angebot nutzen,0,,,,,on
C09,dach_de_plus_m_consistency26m_3,431881087,B,test,person_f56a0958ae639a6122294897,1,0,message_7631177f121a9f71ea4e9807,event_31253654fc1fc30b3dcdbd64,STATUSCHANGE,2026-08-07 09:00:44,2026-08-07 09:59:39,Eigene Reputation stärken und exklusives 30 % Rabatt-Angebot nutzen,0,,,,,on
C09,dach_de_plus_m_consistency26m_3,431881087,B,test,person_f56a0958ae639a6122294897,1,0,message_7631177f121a9f71ea4e9807,event_cb2133ce823c9bf79040260c,STATUSCHANGE,2026-08-07 09:00:44,2026-08-07 09:59:39,Eigene Reputation stärken und exklusives 30 % Rabatt-Angebot nutzen,0,,,,,on
C09,dach_de_plus_m_consistency26m_3,431881087,B,test,person_f56a0958ae639a6122294897,1,0,message_7631177f121a9f71ea4e9807,event_40d46a61104f147809f64d6b,STATUSCHANGE,2026-08-07 09:00:44,2026-08-07 09:59:39,Eigene Reputation stärken und exklusives 30 % Rabatt-Angebot nutzen,0,,,,,on
C09,dach_de_plus_m_consistency26m_3,431881087,B,test,person_f56a0958ae639a6122294897,1,0,message_7631177f121a9f71ea4e9807,event_a40dcc1fd1fd09291a966004,STATUSCHANGE,2026-08-07 09:00:44,2026-08-07 09:59:39,Eigene Reputation stärken und exklusives 30 % Rabatt-Angebot nutzen,0,,,,,on
C09,dach_de_plus_m_consistency26m_3,431881087,B,test,person_f56a0958ae639a6122294897,1,0,message_7631177f121a9f71ea4e9807,event_4efda689f9468c4c6d328e71,SENT,2026-08-07 09:00:44,2026-08-07 09:00:44,Eigene Reputation stärken und exklusives 30 % Rabatt-Angebot nutzen,0,,,,,on
C09,dach_de_plus_m_consistency26m_3,431881087,B,test,person_f56a0958ae639a6122294897,1,0,message_7631177f121a9f71ea4e9807,event_50dcbed0ffccb9360bf7ada1,STATUSCHANGE,2026-08-07 09:00:44,2026-08-07 09:59:39,Eigene Reputation stärken und exklusives 30 % Rabatt-Angebot nutzen,0,,,,,on
C09,dach_de_plus_m_consistency26m_3,431881087,B,test,person_f56a0958ae639a6122294897,1,0,message_7631177f121a9f71ea4e9807,event_bcc6dd1bec5e0d7baede0da6,DELIVERED,2026-08-07 09:00:44,2026-08-07 09:00:48,Eigene Reputation stärken und exklusives 30 % Rabatt-Angebot nutzen,0,,,,,on
C09,dach_de_plus_m_consistency26m_3,431881087,B,test,person_f56a0958ae639a6122294897,1,0,message_7631177f121a9f71ea4e9807,event_48aeb29d832c486b10e4e730,STATUSCHANGE,2026-08-07 09:00:44,2026-08-07 09:59:39,Eigene Reputation stärken und exklusives 30 % Rabatt-Angebot nutzen,0,,,,,on
C09,dach_de_plus_m_consistency26m_3,431881086,A,test,person_7e67a8490216976104e901a6,1,0,message_5cc8a97f270e7e6775eb36b9,event_076626448c5a96e1cfe171f7,SENT,2026-08-07 09:00:43,2026-08-07 09:00:43,"Was sieht ein Kunde, wenn er dich heute online überprüft?",0,,,,,on
C09,dach_de_plus_m_consistency26m_3,431881086,A,test,person_7e67a8490216976104e901a6,1,0,message_5cc8a97f270e7e6775eb36b9,event_0b9a32e9e3badceec8b3f506,DELIVERED,2026-08-07 09:00:43,2026-08-07 09:01:41,"Was sieht ein Kunde, wenn er dich heute online überprüft?",0,,,,,on
C09,dach_de_plus_m_consistency26m_3,431881085,A,rollout_fallback,person_748fbf61b1504f99df0f7b02,1,0,message_9d88155f9720cfcea30500b4,event_efc78aae132824481af14a76,SENT,2026-08-07 11:00:53,2026-08-07 11:00:53,"Was sieht ein Kunde, wenn er dich heute online überprüft?",0,,,,,on
C09,dach_de_plus_m_consistency26m_3,431881085,A,rollout_fallback,person_748fbf61b1504f99df0f7b02,1,0,message_9d88155f9720cfcea30500b4,event_ba1eee532d179a4b719ef9b8,DELIVERED,2026-08-07 11:00:53,2026-08-07 11:01:04,"Was sieht ein Kunde, wenn er dich heute online überprüft?",0,,,,,on
C09,dach_de_plus_m_consistency26m_3,431881085,A,rollout_fallback,person_1b1303f704f17a65d7fa4aa2,1,0,message_84b9f319494905b3b979bae6,event_fd2f117969d436c2474e54c8,SUPPRESSED,2026-08-07 11:00:52,2026-08-07 11:00:52,"Was sieht ein Kunde, wenn er dich heute online überprüft?",0,,,,NON_MARKETABLE_CONTACT,on
C09,dach_de_plus_m_consistency26m_3,431881087,B,test,person_45df000715f7dcb9ca083f45,1,0,message_628ac12dfdf464a3c1a54983,event_88893092012a4779bfe721d8,DELIVERED,2026-08-07 09:00:43,2026-08-07 09:11:24,Eigene Reputation stärken und exklusives 30 % Rabatt-Angebot nutzen,0,,,,,on
C09,dach_de_plus_m_consistency26m_3,431881087,B,test,person_45df000715f7dcb9ca083f45,1,0,message_628ac12dfdf464a3c1a54983,event_ba2087e4c0c842ce13cd8c84,SENT,2026-08-07 09:00:43,2026-08-07 09:00:43,Eigene Reputation stärken und exklusives 30 % Rabatt-Angebot nutzen,0,,,,,on
C09,dach_de_plus_m_consistency26m_3,431881087,B,test,person_45df000715f7dcb9ca083f45,1,0,message_628ac12dfdf464a3c1a54983,event_0e1e791d752404f6f54c4eec,DEFERRED,2026-08-07 09:00:43,2026-08-07 09:02:12,Eigene Reputation stärken und exklusives 30 % Rabatt-Angebot nutzen,0,,,,,on
C09,dach_de_plus_m_consistency26m_3,431881085,A,rollout_fallback,person_d442b0c7293bd7f923d7a0df,1,0,message_072320d3b81678fb025577c0,event_db3d779bcba4da801cd5de29,DROPPED,2026-08-07 11:00:53,2026-08-07 11:00:53,"Was sieht ein Kunde, wenn er dich heute online überprüft?",0,,,,QUARANTINED_ADDRESS,on
C09,dach_de_plus_m_consistency26m_3,431881085,A,rollout_fallback,person_adb2d0a7bcfe1973dd7c212f,1,0,message_e53b1c25c413025f38fda922,event_c666948e70311bebc6e4bbf9,SENT,2026-08-07 11:00:52,2026-08-07 11:00:52,"Was sieht ein Kunde, wenn er dich heute online überprüft?",0,,,,,on
C09,dach_de_plus_m_consistency26m_3,431881085,A,rollout_fallback,person_adb2d0a7bcfe1973dd7c212f,1,0,message_e53b1c25c413025f38fda922,event_e81abca773b0d450e2594c07,DELIVERED,2026-08-07 11:00:52,2026-08-07 11:00:56,"Was sieht ein Kunde, wenn er dich heute online überprüft?",0,,,,,on
C09,dach_de_plus_m_consistency26m_3,431881085,A,rollout_fallback,person_b00031c9a7adc7028bd65077,1,0,message_0c81687bfbd1ecddcaa30855,event_849b76e40829f959183e4181,SENT,2026-08-07 11:00:53,2026-08-07 11:00:53,"Was sieht ein Kunde, wenn er dich heute online überprüft?",0,,,,,on
C09,dach_de_plus_m_consistency26m_3,431881085,A,rollout_fallback,person_b00031c9a7adc7028bd65077,1,0,message_0c81687bfbd1ecddcaa30855,event_f9dd5f1f5ef2465b9f1e73c9,DELIVERED,2026-08-07 11:00:53,2026-08-07 11:00:57,"Was sieht ein Kunde, wenn er dich heute online überprüft?",0,,,,,on
C09,dach_de_plus_m_consistency26m_3,431881086,A,test,person_a76a166701c463ddd8c36f39,1,0,message_59914ea759104812f4f5a179,event_67f55b8493d4cfb1c3054ea5,DELIVERED,2026-08-07 09:00:44,2026-08-07 09:00:47,"Was sieht ein Kunde, wenn er dich heute online überprüft?",0,,,,,on
C09,dach_de_plus_m_consistency26m_3,431881086,A,test,person_a76a166701c463ddd8c36f39,1,0,message_59914ea759104812f4f5a179,event_bc57897218e558a2ce5908d9,SENT,2026-08-07 09:00:44,2026-08-07 09:00:44,"Was sieht ein Kunde, wenn er dich heute online überprüft?",0,,,,,on
C09,dach_de_plus_m_consistency26m_3,431881087,B,test,person_d7eefa3dfa7e04d12f14e06b,1,0,message_ca91b8c3450f41bfedb484b6,event_69980e41baa1c26cd2bdf299,SENT,2026-08-07 09:00:44,2026-08-07 09:00:44,Eigene Reputation stärken und exklusives 30 % Rabatt-Angebot nutzen,0,,,,,on
C09,dach_de_plus_m_consistency26m_3,431881087,B,test,person_d7eefa3dfa7e04d12f14e06b,1,0,message_ca91b8c3450f41bfedb484b6,event_daaa1fefffea4695a665f6d7,DELIVERED,2026-08-07 09:00:44,2026-08-07 09:00:57,Eigene Reputation stärken und exklusives 30 % Rabatt-Angebot nutzen,0,,,,,on
C09,dach_de_plus_m_consistency26m_3,431881087,B,test,person_09528f532590b0ef6086c095,1,0,message_2c7e9e4f023acaab645c28ca,event_31a1617d8c6c67f8d01f8ff0,DELIVERED,2026-08-07 09:00:44,2026-08-07 09:00:47,Eigene Reputation stärken und exklusives 30 % Rabatt-Angebot nutzen,0,,,,,on
C09,dach_de_plus_m_consistency26m_3,431881087,B,test,person_09528f532590b0ef6086c095,1,0,message_2c7e9e4f023acaab645c28ca,event_d3531c1e86793c9a4a71df4d,SENT,2026-08-07 09:00:44,2026-08-07 09:00:44,Eigene Reputation stärken und exklusives 30 % Rabatt-Angebot nutzen,0,,,,,on
C09,dach_de_plus_m_consistency26m_3,431881087,B,test,person_b10d8e930c3434f6cf578f86,1,0,message_91c98e5ede9eefb76e777b10,event_d0c83c6d952c8e022e1a79c6,DELIVERED,2026-08-07 09:00:44,2026-08-07 09:00:49,Eigene Reputation stärken und exklusives 30 % Rabatt-Angebot nutzen,0,,,,,on
C09,dach_de_plus_m_consistency26m_3,431881087,B,test,person_b10d8e930c3434f6cf578f86,1,0,message_91c98e5ede9eefb76e777b10,event_45e6dc78c7e629687cd3a789,SENT,2026-08-07 09:00:44,2026-08-07 09:00:44,Eigene Reputation stärken und exklusives 30 % Rabatt-Angebot nutzen,0,,,,,on
C09,dach_de_plus_m_consistency26m_3,431881086,A,test,person_75336d3e226c3a8b322d480c,1,0,message_f1852ddcf456aa8da453ecf3,event_2ef5f54c4cd60abd51f55ba9,DELIVERED,2026-08-07 08:59:23,2026-08-07 08:59:25,"Was sieht ein Kunde, wenn er dich heute online überprüft?",0,,,,,on
C09,dach_de_plus_m_consistency26m_3,431881086,A,test,person_75336d3e226c3a8b322d480c,1,0,message_f1852ddcf456aa8da453ecf3,event_39d3caa7fd7bae27edec7c77,SENT,2026-08-07 08:59:23,2026-08-07 08:59:23,"Was sieht ein Kunde, wenn er dich heute online überprüft?",0,,,,,on
C09,dach_de_plus_m_consistency26m_3,431881086,A,test,person_75336d3e226c3a8b322d480c,1,0,message_f1852ddcf456aa8da453ecf3,event_cb7fa108fdb859a0194bde2b,OPEN,2026-08-07 08:59:23,2026-08-07 10:45:25,"Was sieht ein Kunde, wenn er dich heute online überprüft?",0,,,,,on
C09,dach_de_plus_m_consistency26m_3,431881085,A,rollout_fallback,person_0669ba7ccb3a70f27e153a4c,1,0,message_25fa5e7945fd4c227590a53f,event_74c5472f601f25a9feb34d0e,SENT,2026-08-07 11:00:53,2026-08-07 11:00:53,"Was sieht ein Kunde, wenn er dich heute online überprüft?",0,,,,,on
C09,dach_de_plus_m_consistency26m_3,431881085,A,rollout_fallback,person_0669ba7ccb3a70f27e153a4c,1,0,message_25fa5e7945fd4c227590a53f,event_05c55cb07fa25111f387cba5,DELIVERED,2026-08-07 11:00:53,2026-08-07 11:01:00,"Was sieht ein Kunde, wenn er dich heute online überprüft?",0,,,,,on
C09,dach_de_plus_m_consistency26m_3,431881087,B,test,person_f890489ae30058e65b103257,1,0,message_4faf8731ad45aaaa3660882a,event_3754438ebeb313dcf3801f79,SENT,2026-08-07 09:00:44,2026-08-07 09:00:44,Eigene Reputation stärken und exklusives 30 % Rabatt-Angebot nutzen,0,,,,,on
C09,dach_de_plus_m_consistency26m_3,431881087,B,test,person_f890489ae30058e65b103257,1,0,message_4faf8731ad45aaaa3660882a,event_57af8271799b74bcb1e5ac91,DELIVERED,2026-08-07 09:00:44,2026-08-07 09:00:48,Eigene Reputation stärken und exklusives 30 % Rabatt-Angebot nutzen,0,,,,,on
C09,dach_de_plus_m_consistency26m_3,431881085,A,rollout_fallback,person_997916d9a065e60b91e74c96,1,0,message_ed805dda599117dd9cab103e,event_6eba6830f17ed58c0b0e1608,DROPPED,2026-08-07 11:00:53,2026-08-07 11:00:53,"Was sieht ein Kunde, wenn er dich heute online überprüft?",0,,event_39705bdec378d59174924ec6,,PREVIOUSLY_BOUNCED,on
C09,dach_de_plus_m_consistency26m_3,431881086,A,test,person_dbe3578242652af00abd7b1f,1,0,message_88308b2e83afe0ffd0187519,event_7f30000569d22a2e5dcfd940,SENT,2026-08-07 09:00:43,2026-08-07 09:00:43,"Was sieht ein Kunde, wenn er dich heute online überprüft?",0,,,,,on
C09,dach_de_plus_m_consistency26m_3,431881086,A,test,person_dbe3578242652af00abd7b1f,1,0,message_88308b2e83afe0ffd0187519,event_ba4e031f74476515b72442b7,DELIVERED,2026-08-07 09:00:43,2026-08-07 09:00:46,"Was sieht ein Kunde, wenn er dich heute online überprüft?",0,,,,,on
C09,dach_de_plus_m_consistency26m_3,431881087,B,test,person_00cf4d05c420e1751ef0559d,1,0,message_628f1de467e6947099d590b2,event_c8764887208123f4a57f9d35,SENT,2026-08-07 09:00:43,2026-08-07 09:00:43,Eigene Reputation stärken und exklusives 30 % Rabatt-Angebot nutzen,0,,,,,on
C09,dach_de_plus_m_consistency26m_3,431881087,B,test,person_00cf4d05c420e1751ef0559d,1,0,message_628f1de467e6947099d590b2,event_0214f940f91bfb33de892d02,DELIVERED,2026-08-07 09:00:43,2026-08-07 09:00:46,Eigene Reputation stärken und exklusives 30 % Rabatt-Angebot nutzen,0,,,,,on
C09,dach_de_plus_m_consistency26m_3,431881085,A,rollout_fallback,person_89347bfc77c900fdde30ae67,1,0,message_6008ea861ebc062818cb39b8,event_40692c4e0a79da5e6bcc1878,DELIVERED,2026-08-07 11:00:53,2026-08-07 11:00:58,"Was sieht ein Kunde, wenn er dich heute online überprüft?",0,,,,,on
C09,dach_de_plus_m_consistency26m_3,431881085,A,rollout_fallback,person_89347bfc77c900fdde30ae67,1,0,message_6008ea861ebc062818cb39b8,event_42db3026b9c2d2663e4a06ea,SENT,2026-08-07 11:00:53,2026-08-07 11:00:53,"Was sieht ein Kunde, wenn er dich heute online überprüft?",0,,,,,on
C09,dach_de_plus_m_consistency26m_3,431881086,A,test,person_45aa418c6e1a79684b530c33,1,0,message_05a60c95608061e0fe2f3c54,event_f319de5a0ec010a6f737972a,DELIVERED,2026-08-07 08:59:23,2026-08-07 08:59:26,"Was sieht ein Kunde, wenn er dich heute online überprüft?",0,,,,,on
C09,dach_de_plus_m_consistency26m_3,431881086,A,test,person_45aa418c6e1a79684b530c33,1,0,message_05a60c95608061e0fe2f3c54,event_bd5f655bd4396b9d8676dd15,SENT,2026-08-07 08:59:23,2026-08-07 08:59:23,"Was sieht ein Kunde, wenn er dich heute online überprüft?",0,,,,,on
C09,dach_de_plus_m_consistency26m_3,431881086,A,test,person_892f6224154aabe0c241bb40,1,0,message_b864484eea421fe8261f4002,event_c97f6668b731f5dc5d57d965,DELIVERED,2026-08-07 09:00:43,2026-08-07 09:00:45,"Was sieht ein Kunde, wenn er dich heute online überprüft?",0,,,,,on
C09,dach_de_plus_m_consistency26m_3,431881086,A,test,person_892f6224154aabe0c241bb40,1,0,message_b864484eea421fe8261f4002,event_98e0641bf03755990182a5b2,SENT,2026-08-07 09:00:43,2026-08-07 09:00:43,"Was sieht ein Kunde, wenn er dich heute online überprüft?",0,,,,,on
C09,dach_de_plus_m_consistency26m_3,431881086,A,test,person_fa8467c79b61e00c466b732c,1,0,message_a5d86c03a744faf8a9794bd0,event_fca399454719e9451dc5445d,SENT,2026-08-07 08:59:23,2026-08-07 08:59:23,"Was sieht ein Kunde, wenn er dich heute online überprüft?",0,,,,,on
C09,dach_de_plus_m_consistency26m_3,431881086,A,test,person_fa8467c79b61e00c466b732c,1,0,message_a5d86c03a744faf8a9794bd0,event_fce1983403443b858a15682b,OPEN,2026-08-07 08:59:23,2026-08-07 08:59:27,"Was sieht ein Kunde, wenn er dich heute online überprüft?",0,,,,,on
C09,dach_de_plus_m_consistency26m_3,431881086,A,test,person_fa8467c79b61e00c466b732c,1,0,message_a5d86c03a744faf8a9794bd0,event_de0b41ed05f4ef8199954bd6,DELIVERED,2026-08-07 08:59:23,2026-08-07 08:59:26,"Was sieht ein Kunde, wenn er dich heute online überprüft?",0,,,,,on
C09,dach_de_plus_m_consistency26m_3,431881085,A,rollout_fallback,person_e4f9ccb3e24e86e86080f069,1,0,message_55f528f0c2b32e38bfdb2826,event_4c9e12def4f7cf8b6d46d986,SENT,2026-08-07 11:00:53,2026-08-07 11:00:53,"Was sieht ein Kunde, wenn er dich heute online überprüft?",0,,,,,on
C09,dach_de_plus_m_consistency26m_3,431881085,A,rollout_fallback,person_e4f9ccb3e24e86e86080f069,1,0,message_55f528f0c2b32e38bfdb2826,event_be95f54b2b028b88f1d13621,DELIVERED,2026-08-07 11:00:53,2026-08-07 11:00:57,"Was sieht ein Kunde, wenn er dich heute online überprüft?",0,,,,,on
C09,dach_de_plus_m_consistency26m_3,431881087,B,test,person_a63695bdcfc86c0fae2c37bb,1,0,message_c0263164e80b6e9a40fe26e7,event_a9db00fd0a76a598241d40fd,DELIVERED,2026-08-07 09:00:44,2026-08-07 09:00:49,Eigene Reputation stärken und exklusives 30 % Rabatt-Angebot nutzen,0,,,,,on
C09,dach_de_plus_m_consistency26m_3,431881087,B,test,person_a63695bdcfc86c0fae2c37bb,1,0,message_c0263164e80b6e9a40fe26e7,event_bb24a4041a82eb99d07f9d2c,SENT,2026-08-07 09:00:44,2026-08-07 09:00:44,Eigene Reputation stärken und exklusives 30 % Rabatt-Angebot nutzen,0,,,,,on
C09,dach_de_plus_m_consistency26m_3,431881085,A,rollout_fallback,person_0862206697b8cce641c8d349,1,0,message_75c948a4fc2654aacd026d74,event_81e00f098710a00c4a47493e,DELIVERED,2026-08-07 11:00:53,2026-08-07 11:00:57,"Was sieht ein Kunde, wenn er dich heute online überprüft?",0,,,,,on
C09,dach_de_plus_m_consistency26m_3,431881085,A,rollout_fallback,person_0862206697b8cce641c8d349,1,0,message_75c948a4fc2654aacd026d74,event_169b8f47c0726029d54974f0,SENT,2026-08-07 11:00:53,2026-08-07 11:00:53,"Was sieht ein Kunde, wenn er dich heute online überprüft?",0,,,,,on
