campaign_id,campaign_name,source_campaign_id,variant,phase,recipient_id,recipient_linkable,internal_domain_candidate,message_id,event_id,event_type,sent_at_local,event_at_local,subject_template,event_superseded,superseded_by_event_id,caused_by_event_id,link_id,not_sent_reason,bot_filtering_reported
C08,dach_de_plus_m_consistency26m_2,431508255,B,test,person_67ad5a1c3748cb3010ed63e7,1,0,message_7e5470b24baa7d2de1bf5f57,event_4c7b43a8e3f769a2567579ac,SENT,2026-08-05 09:04:55,2026-08-05 09:04:55,Wie dich konkrete Umfragen in KI-Systemen nach vorne bringen,0,,,,,on
C08,dach_de_plus_m_consistency26m_2,431508255,B,test,person_67ad5a1c3748cb3010ed63e7,1,0,message_7e5470b24baa7d2de1bf5f57,event_e839c6c38bca045c9f57829b,DELIVERED,2026-08-05 09:04:55,2026-08-05 09:04:58,Wie dich konkrete Umfragen in KI-Systemen nach vorne bringen,0,,,,,on
C08,dach_de_plus_m_consistency26m_2,431508255,B,test,person_90742281c9829e35027c326f,1,0,message_ac772f07a60027e9f6f353c5,event_c7a06091b8afa1095c1c002b,SENT,2026-08-05 09:03:35,2026-08-05 09:03:35,Wie dich konkrete Umfragen in KI-Systemen nach vorne bringen,0,,,,,on
C08,dach_de_plus_m_consistency26m_2,431508255,B,test,person_90742281c9829e35027c326f,1,0,message_ac772f07a60027e9f6f353c5,event_a2df740e126fd8173c2da7b0,OPEN,2026-08-05 09:03:35,2026-08-05 09:03:41,Wie dich konkrete Umfragen in KI-Systemen nach vorne bringen,0,,,,,on
C08,dach_de_plus_m_consistency26m_2,431508255,B,test,person_90742281c9829e35027c326f,1,0,message_ac772f07a60027e9f6f353c5,event_9311cb277807f4c80fabd568,DELIVERED,2026-08-05 09:03:35,2026-08-05 09:03:38,Wie dich konkrete Umfragen in KI-Systemen nach vorne bringen,0,,,,,on
C08,dach_de_plus_m_consistency26m_2,431508253,B,rollout_winner,person_f1055d802fe7e8f3fbfe5f78,1,0,message_0fffaff5270a78dc19a07c4c,event_2bdbd9f4fa2c4ada85db69a6,DELIVERED,2026-08-05 11:05:02,2026-08-05 11:05:04,Wie dich konkrete Umfragen in KI-Systemen nach vorne bringen,0,,,,,on
C08,dach_de_plus_m_consistency26m_2,431508253,B,rollout_winner,person_f1055d802fe7e8f3fbfe5f78,1,0,message_0fffaff5270a78dc19a07c4c,event_0edd1dc7f011688471c41a1e,SENT,2026-08-05 11:05:02,2026-08-05 11:05:02,Wie dich konkrete Umfragen in KI-Systemen nach vorne bringen,0,,,,,on
C08,dach_de_plus_m_consistency26m_2,431508255,B,test,person_04f79c65b7703b30a49efd2d,1,0,message_31ab23b8dc78ddd27b178bfe,event_52eeabdaeb3da1e478ba087d,DELIVERED,2026-08-05 09:03:35,2026-08-05 09:03:36,Wie dich konkrete Umfragen in KI-Systemen nach vorne bringen,0,,,,,on
C08,dach_de_plus_m_consistency26m_2,431508255,B,test,person_04f79c65b7703b30a49efd2d,1,0,message_31ab23b8dc78ddd27b178bfe,event_ac982ee74cae8ae365c3791d,SENT,2026-08-05 09:03:35,2026-08-05 09:03:35,Wie dich konkrete Umfragen in KI-Systemen nach vorne bringen,0,,,,,on
C08,dach_de_plus_m_consistency26m_2,431508253,B,rollout_winner,person_f36c60eaa5559b924eec0a78,1,0,message_c916f7c4a331ffe00edfdc3b,event_0bcd5dbd69e93102851d20ce,DELIVERED,2026-08-05 11:05:02,2026-08-05 11:05:04,Wie dich konkrete Umfragen in KI-Systemen nach vorne bringen,0,,,,,on
C08,dach_de_plus_m_consistency26m_2,431508253,B,rollout_winner,person_f36c60eaa5559b924eec0a78,1,0,message_c916f7c4a331ffe00edfdc3b,event_2504ca5159f8a7cd46e4a88f,SENT,2026-08-05 11:05:02,2026-08-05 11:05:02,Wie dich konkrete Umfragen in KI-Systemen nach vorne bringen,0,,,,,on
C08,dach_de_plus_m_consistency26m_2,431508253,B,rollout_winner,person_1ddd3e9630b1a45156c41a7c,1,1,message_c608306d0cc20e46f24f58a6,event_d8447c899238dd4ca7f29afd,SENT,2026-08-05 11:05:02,2026-08-05 11:05:02,Wie dich konkrete Umfragen in KI-Systemen nach vorne bringen,0,,,,,on
C08,dach_de_plus_m_consistency26m_2,431508253,B,rollout_winner,person_1ddd3e9630b1a45156c41a7c,1,1,message_c608306d0cc20e46f24f58a6,event_b0ccf257196dc37609cef60a,DELIVERED,2026-08-05 11:05:02,2026-08-05 11:05:05,Wie dich konkrete Umfragen in KI-Systemen nach vorne bringen,0,,,,,on
C08,dach_de_plus_m_consistency26m_2,431508255,B,test,person_38aa27b70a1da40c4d6da246,1,0,message_d01702455b9765db3e9d8a55,event_539c60033181f25919a2cd15,DELIVERED,2026-08-05 09:04:55,2026-08-05 09:04:59,Wie dich konkrete Umfragen in KI-Systemen nach vorne bringen,0,,,,,on
C08,dach_de_plus_m_consistency26m_2,431508255,B,test,person_38aa27b70a1da40c4d6da246,1,0,message_d01702455b9765db3e9d8a55,event_d04a910303b59f866c371643,SENT,2026-08-05 09:04:55,2026-08-05 09:04:55,Wie dich konkrete Umfragen in KI-Systemen nach vorne bringen,0,,,,,on
C08,dach_de_plus_m_consistency26m_2,431508255,B,test,person_888b625c901c5d4f5e2e5aa8,1,0,message_39c5493eb631055e19671b67,event_d9ba099dbe6e4c4b8e138031,SENT,2026-08-05 09:04:55,2026-08-05 09:04:55,Wie dich konkrete Umfragen in KI-Systemen nach vorne bringen,0,,,,,on
C08,dach_de_plus_m_consistency26m_2,431508255,B,test,person_888b625c901c5d4f5e2e5aa8,1,0,message_39c5493eb631055e19671b67,event_5993493b1c43c093fbbdf576,DELIVERED,2026-08-05 09:04:55,2026-08-05 09:04:59,Wie dich konkrete Umfragen in KI-Systemen nach vorne bringen,0,,,,,on
C08,dach_de_plus_m_consistency26m_2,431508255,B,test,person_040e14b844aaeaed64952d2f,1,0,message_38d3f3339455025af00c6dd5,event_6e54daf958c674b0a59bb2fa,SENT,2026-08-05 09:03:35,2026-08-05 09:03:35,Wie dich konkrete Umfragen in KI-Systemen nach vorne bringen,0,,,,,on
C08,dach_de_plus_m_consistency26m_2,431508255,B,test,person_040e14b844aaeaed64952d2f,1,0,message_38d3f3339455025af00c6dd5,event_f0d1876a323b96b554e51da3,DELIVERED,2026-08-05 09:03:35,2026-08-05 09:03:39,Wie dich konkrete Umfragen in KI-Systemen nach vorne bringen,0,,,,,on
C08,dach_de_plus_m_consistency26m_2,431508255,B,test,person_db64af226b4f7615f20cb859,1,0,message_b200fcba538ed71c588ba03b,event_c48cafbd20066cee391f1c90,DELIVERED,2026-08-05 09:04:55,2026-08-05 09:04:58,Wie dich konkrete Umfragen in KI-Systemen nach vorne bringen,0,,,,,on
C08,dach_de_plus_m_consistency26m_2,431508255,B,test,person_db64af226b4f7615f20cb859,1,0,message_b200fcba538ed71c588ba03b,event_0bbbd07675a215960095c171,SENT,2026-08-05 09:04:55,2026-08-05 09:04:55,Wie dich konkrete Umfragen in KI-Systemen nach vorne bringen,0,,,,,on
C08,dach_de_plus_m_consistency26m_2,431508253,B,rollout_winner,person_23ee73fd389373af1ee4bf9b,1,0,message_dbf392b14e53a0acf0a0cfb5,event_cf02838b01a702a8c480663c,DELIVERED,2026-08-05 11:05:02,2026-08-05 11:05:05,Wie dich konkrete Umfragen in KI-Systemen nach vorne bringen,0,,,,,on
C08,dach_de_plus_m_consistency26m_2,431508253,B,rollout_winner,person_23ee73fd389373af1ee4bf9b,1,0,message_dbf392b14e53a0acf0a0cfb5,event_93eace05d63e982a9e0aff1b,SENT,2026-08-05 11:05:02,2026-08-05 11:05:02,Wie dich konkrete Umfragen in KI-Systemen nach vorne bringen,0,,,,,on
C08,dach_de_plus_m_consistency26m_2,431508254,A,test,person_85434e23ec8b664200fea385,1,0,message_2bdf97ce3f1225cfc9eb9a5b,event_427d9415026e7fe476668051,DELIVERED,2026-08-05 09:04:56,2026-08-05 09:05:03,"5 Sterne allein zeigen nicht, warum Kunden dich wählen",0,,,,,on
C08,dach_de_plus_m_consistency26m_2,431508254,A,test,person_85434e23ec8b664200fea385,1,0,message_2bdf97ce3f1225cfc9eb9a5b,event_4ec32eb1d4212d1e4b73ac1f,SENT,2026-08-05 09:04:56,2026-08-05 09:04:56,"5 Sterne allein zeigen nicht, warum Kunden dich wählen",0,,,,,on
C08,dach_de_plus_m_consistency26m_2,431508254,A,test,person_b5c2d8f9b699599086cbf1df,1,0,message_0d06b9d36d1204fa69775a18,event_2d5eba01735f651f86ac3c8f,SENT,2026-08-05 09:04:56,2026-08-05 09:04:56,"5 Sterne allein zeigen nicht, warum Kunden dich wählen",0,,,,,on
C08,dach_de_plus_m_consistency26m_2,431508254,A,test,person_b5c2d8f9b699599086cbf1df,1,0,message_0d06b9d36d1204fa69775a18,event_0997030de66e053f19d5acd5,DEFERRED,2026-08-05 09:04:56,2026-08-05 09:05:18,"5 Sterne allein zeigen nicht, warum Kunden dich wählen",0,,,,,on
C08,dach_de_plus_m_consistency26m_2,431508254,A,test,person_b5c2d8f9b699599086cbf1df,1,0,message_0d06b9d36d1204fa69775a18,event_4604b59275ad15722331bb3f,DELIVERED,2026-08-05 09:04:56,2026-08-05 11:05:18,"5 Sterne allein zeigen nicht, warum Kunden dich wählen",0,,,,,on
C08,dach_de_plus_m_consistency26m_2,431508254,A,test,person_f409b36556d9e9500a5a1759,1,0,message_a6453eef3529ab27eaa1c00c,event_d6971ccec79652d75a60f273,DELIVERED,2026-08-05 09:04:56,2026-08-05 09:05:02,"5 Sterne allein zeigen nicht, warum Kunden dich wählen",0,,,,,on
C08,dach_de_plus_m_consistency26m_2,431508254,A,test,person_f409b36556d9e9500a5a1759,1,0,message_a6453eef3529ab27eaa1c00c,event_26e4b1c17a4072dabe248e85,SENT,2026-08-05 09:04:56,2026-08-05 09:04:56,"5 Sterne allein zeigen nicht, warum Kunden dich wählen",0,,,,,on
C08,dach_de_plus_m_consistency26m_2,431508253,B,rollout_winner,person_b5e03f3a133ee041d90f4483,1,0,message_9154e694280358fdea8476a8,event_50d50e7c10c6b6ff4849a873,DROPPED,2026-08-05 11:05:02,2026-08-05 11:05:02,Wie dich konkrete Umfragen in KI-Systemen nach vorne bringen,0,,event_f0fe86974a5e6cb52e3017d9,,PREVIOUSLY_BOUNCED,on
C08,dach_de_plus_m_consistency26m_2,431508255,B,test,person_b32398dab090cb4d813ef0a7,1,0,message_943b3044e47f687525d36b4b,event_8e1d53375908d6417ca11519,SENT,2026-08-05 09:04:55,2026-08-05 09:04:55,Wie dich konkrete Umfragen in KI-Systemen nach vorne bringen,0,,,,,on
C08,dach_de_plus_m_consistency26m_2,431508255,B,test,person_b32398dab090cb4d813ef0a7,1,0,message_943b3044e47f687525d36b4b,event_f762e559b437e93f9d11c3d1,DELIVERED,2026-08-05 09:04:55,2026-08-05 09:04:59,Wie dich konkrete Umfragen in KI-Systemen nach vorne bringen,0,,,,,on
C08,dach_de_plus_m_consistency26m_2,431508255,B,test,person_02b158ee389184ccd82ed73b,1,0,message_6fa163f20e949d5d128a3590,event_e2b4a7ca41f5cd97b3e3083b,DELIVERED,2026-08-05 09:04:55,2026-08-05 09:04:57,Wie dich konkrete Umfragen in KI-Systemen nach vorne bringen,0,,,,,on
C08,dach_de_plus_m_consistency26m_2,431508255,B,test,person_02b158ee389184ccd82ed73b,1,0,message_6fa163f20e949d5d128a3590,event_f16446aadec357cd47893c3f,SENT,2026-08-05 09:04:55,2026-08-05 09:04:55,Wie dich konkrete Umfragen in KI-Systemen nach vorne bringen,0,,,,,on
C08,dach_de_plus_m_consistency26m_2,431508255,B,test,person_6da334510324f397b6e88267,1,0,message_c7118e2fe1cbecd7d2731a24,event_e3f69635889e0f2d301637f0,DROPPED,2026-08-05 09:04:55,2026-08-05 15:36:05,Wie dich konkrete Umfragen in KI-Systemen nach vorne bringen,0,,,,MTA_IGNORE,on
C08,dach_de_plus_m_consistency26m_2,431508255,B,test,person_6da334510324f397b6e88267,1,0,message_c7118e2fe1cbecd7d2731a24,event_a746abaf8d7ed2c1e242d5fd,DEFERRED,2026-08-05 09:04:55,2026-08-05 15:35:25,Wie dich konkrete Umfragen in KI-Systemen nach vorne bringen,0,,,,,on
C08,dach_de_plus_m_consistency26m_2,431508255,B,test,person_6da334510324f397b6e88267,1,0,message_c7118e2fe1cbecd7d2731a24,event_966ed7beec40fd431cf7980c,DEFERRED,2026-08-05 09:04:55,2026-08-05 09:29:21,Wie dich konkrete Umfragen in KI-Systemen nach vorne bringen,0,,,,,on
C08,dach_de_plus_m_consistency26m_2,431508255,B,test,person_6da334510324f397b6e88267,1,0,message_c7118e2fe1cbecd7d2731a24,event_f07266fc6c5b0a97dfe15bd5,SENT,2026-08-05 09:04:55,2026-08-05 09:04:55,Wie dich konkrete Umfragen in KI-Systemen nach vorne bringen,1,event_e3f69635889e0f2d301637f0,,,,on
C08,dach_de_plus_m_consistency26m_2,431508255,B,test,person_6da334510324f397b6e88267,1,0,message_c7118e2fe1cbecd7d2731a24,event_e9cc3b26a4d290927941c382,DEFERRED,2026-08-05 09:04:55,2026-08-05 09:04:57,Wie dich konkrete Umfragen in KI-Systemen nach vorne bringen,0,,,,,on
C08,dach_de_plus_m_consistency26m_2,431508255,B,test,person_6da334510324f397b6e88267,1,0,message_c7118e2fe1cbecd7d2731a24,event_bd503f8733950b3f897b4fc1,DEFERRED,2026-08-05 09:04:55,2026-08-05 09:07:25,Wie dich konkrete Umfragen in KI-Systemen nach vorne bringen,0,,,,,on
C08,dach_de_plus_m_consistency26m_2,431508255,B,test,person_6da334510324f397b6e88267,1,0,message_c7118e2fe1cbecd7d2731a24,event_075e0df1607b7d2e09cdc9d0,DEFERRED,2026-08-05 09:04:55,2026-08-05 09:30:01,Wie dich konkrete Umfragen in KI-Systemen nach vorne bringen,0,,,,,on
C08,dach_de_plus_m_consistency26m_2,431508253,B,rollout_winner,person_b00031c9a7adc7028bd65077,1,0,message_1fc18bdb9b05c74ae21178fa,event_544e5158fe2005d1a4565215,DELIVERED,2026-08-05 11:05:02,2026-08-05 11:05:05,Wie dich konkrete Umfragen in KI-Systemen nach vorne bringen,0,,,,,on
C08,dach_de_plus_m_consistency26m_2,431508253,B,rollout_winner,person_b00031c9a7adc7028bd65077,1,0,message_1fc18bdb9b05c74ae21178fa,event_b169249be1ea3e26a060fcc8,SENT,2026-08-05 11:05:02,2026-08-05 11:05:02,Wie dich konkrete Umfragen in KI-Systemen nach vorne bringen,0,,,,,on
C08,dach_de_plus_m_consistency26m_2,431508255,B,test,person_f4f9cbcbda892961202d3a8d,1,0,message_3ec139079da24501eba190a6,event_fc94fe3036f3bb67bd9581de,DELIVERED,2026-08-05 09:03:35,2026-08-05 09:03:40,Wie dich konkrete Umfragen in KI-Systemen nach vorne bringen,0,,,,,on
C08,dach_de_plus_m_consistency26m_2,431508255,B,test,person_f4f9cbcbda892961202d3a8d,1,0,message_3ec139079da24501eba190a6,event_a13a6358b23eb95cff30a008,SENT,2026-08-05 09:03:35,2026-08-05 09:03:35,Wie dich konkrete Umfragen in KI-Systemen nach vorne bringen,0,,,,,on
C08,dach_de_plus_m_consistency26m_2,431508253,B,rollout_winner,person_1efe337095c8fd48f675f090,1,0,message_2afb5aca98cc917deca2487a,event_a4d39af74340d587cf6ff125,DELIVERED,2026-08-05 11:05:02,2026-08-05 11:05:04,Wie dich konkrete Umfragen in KI-Systemen nach vorne bringen,0,,,,,on
C08,dach_de_plus_m_consistency26m_2,431508253,B,rollout_winner,person_1efe337095c8fd48f675f090,1,0,message_2afb5aca98cc917deca2487a,event_ef6523b073c35700ef6f5421,SENT,2026-08-05 11:05:02,2026-08-05 11:05:02,Wie dich konkrete Umfragen in KI-Systemen nach vorne bringen,0,,,,,on
C08,dach_de_plus_m_consistency26m_2,431508254,A,test,person_ee4d0e48e3967edde0d32806,1,0,message_4960ee575e01b66dd7d910db,event_c222938701d76fe7aab3912d,DELIVERED,2026-08-05 09:04:56,2026-08-05 09:05:14,"5 Sterne allein zeigen nicht, warum Kunden dich wählen",0,,,,,on
C08,dach_de_plus_m_consistency26m_2,431508254,A,test,person_ee4d0e48e3967edde0d32806,1,0,message_4960ee575e01b66dd7d910db,event_fa100739aa733d5c95770433,SENT,2026-08-05 09:04:56,2026-08-05 09:04:56,"5 Sterne allein zeigen nicht, warum Kunden dich wählen",0,,,,,on
C08,dach_de_plus_m_consistency26m_2,431508255,B,test,person_00cf4d05c420e1751ef0559d,1,0,message_9f9c67bff1bd9f902cc1f815,event_db0580dd46026870c97a2a1b,OPEN,2026-08-05 09:04:55,2026-08-05 10:41:15,Wie dich konkrete Umfragen in KI-Systemen nach vorne bringen,0,,,,,on
C08,dach_de_plus_m_consistency26m_2,431508255,B,test,person_00cf4d05c420e1751ef0559d,1,0,message_9f9c67bff1bd9f902cc1f815,event_bd879ee3efb66d6d12dbbc19,DELIVERED,2026-08-05 09:04:55,2026-08-05 09:04:59,Wie dich konkrete Umfragen in KI-Systemen nach vorne bringen,0,,,,,on
C08,dach_de_plus_m_consistency26m_2,431508255,B,test,person_00cf4d05c420e1751ef0559d,1,0,message_9f9c67bff1bd9f902cc1f815,event_83940eb20dff152e8eb417e3,SENT,2026-08-05 09:04:55,2026-08-05 09:04:55,Wie dich konkrete Umfragen in KI-Systemen nach vorne bringen,0,,,,,on
C08,dach_de_plus_m_consistency26m_2,431508253,B,rollout_winner,person_adb2d0a7bcfe1973dd7c212f,1,0,message_c57379e57342ad6b663e88ca,event_1e1220f62add7c7ced56a199,SENT,2026-08-05 11:05:02,2026-08-05 11:05:02,Wie dich konkrete Umfragen in KI-Systemen nach vorne bringen,0,,,,,on
C08,dach_de_plus_m_consistency26m_2,431508253,B,rollout_winner,person_adb2d0a7bcfe1973dd7c212f,1,0,message_c57379e57342ad6b663e88ca,event_af8d104715df87602b4470ba,DELIVERED,2026-08-05 11:05:02,2026-08-05 11:05:06,Wie dich konkrete Umfragen in KI-Systemen nach vorne bringen,0,,,,,on
C08,dach_de_plus_m_consistency26m_2,431508254,A,test,person_a76a166701c463ddd8c36f39,1,0,message_9e21c04353c8459e741d2eac,event_c40d29ea367381fff5860a59,SENT,2026-08-05 09:04:55,2026-08-05 09:04:55,"5 Sterne allein zeigen nicht, warum Kunden dich wählen",0,,,,,on
C08,dach_de_plus_m_consistency26m_2,431508254,A,test,person_a76a166701c463ddd8c36f39,1,0,message_9e21c04353c8459e741d2eac,event_7ebe9d3ae71c7a82620f211c,DELIVERED,2026-08-05 09:04:55,2026-08-05 09:04:58,"5 Sterne allein zeigen nicht, warum Kunden dich wählen",0,,,,,on
C08,dach_de_plus_m_consistency26m_2,431508253,B,rollout_winner,person_900bd48f1717070b568e507b,1,0,message_2a76be4d3b7d620d8fd68512,event_39b925ae2d2e8bd578ab27f4,SENT,2026-08-05 11:05:02,2026-08-05 11:05:02,Wie dich konkrete Umfragen in KI-Systemen nach vorne bringen,0,,,,,on
C08,dach_de_plus_m_consistency26m_2,431508253,B,rollout_winner,person_900bd48f1717070b568e507b,1,0,message_2a76be4d3b7d620d8fd68512,event_da919936073383500833c14f,DELIVERED,2026-08-05 11:05:02,2026-08-05 11:05:06,Wie dich konkrete Umfragen in KI-Systemen nach vorne bringen,0,,,,,on
C08,dach_de_plus_m_consistency26m_2,431508253,B,rollout_winner,person_86dfd55593c0ff05f5ea32ad,1,0,message_dd0d5603e188401af14916ca,event_37340e34caa6aba623b36096,DELIVERED,2026-08-05 11:05:02,2026-08-05 11:06:02,Wie dich konkrete Umfragen in KI-Systemen nach vorne bringen,0,,,,,on
C08,dach_de_plus_m_consistency26m_2,431508254,A,test,person_2d5696a389c9eece83594f24,1,0,message_7d1caa38379dfed03f85beb0,event_965f61874bc81c2ba37b45b1,DROPPED,2026-08-05 09:04:56,2026-08-05 09:04:56,"5 Sterne allein zeigen nicht, warum Kunden dich wählen",0,,event_cbddd08751114a86be3f0e6d,,PREVIOUSLY_BOUNCED,on
C08,dach_de_plus_m_consistency26m_2,431508253,B,rollout_winner,person_86dfd55593c0ff05f5ea32ad,1,0,message_dd0d5603e188401af14916ca,event_00908dacf08520895ad47765,SENT,2026-08-05 11:05:02,2026-08-05 11:05:02,Wie dich konkrete Umfragen in KI-Systemen nach vorne bringen,0,,,,,on
C08,dach_de_plus_m_consistency26m_2,431508254,A,test,person_551f59453720c54c7b1bb230,1,0,message_2b59924cc39a50582c01c908,event_afdac2798f2374cd1926c8fd,SENT,2026-08-05 09:04:55,2026-08-05 09:04:55,"5 Sterne allein zeigen nicht, warum Kunden dich wählen",0,,,,,on
C08,dach_de_plus_m_consistency26m_2,431508254,A,test,person_551f59453720c54c7b1bb230,1,0,message_2b59924cc39a50582c01c908,event_c65b3f41003f25028231ebe7,DELIVERED,2026-08-05 09:04:55,2026-08-05 09:04:58,"5 Sterne allein zeigen nicht, warum Kunden dich wählen",0,,,,,on
C08,dach_de_plus_m_consistency26m_2,431508254,A,test,person_36b1e14dd390226857811329,1,0,message_da2483a8890588dfa1aea9e8,event_85c67140d9438b77bc04731c,SENT,2026-08-05 09:04:56,2026-08-05 09:04:56,"5 Sterne allein zeigen nicht, warum Kunden dich wählen",0,,,,,on
C08,dach_de_plus_m_consistency26m_2,431508254,A,test,person_36b1e14dd390226857811329,1,0,message_da2483a8890588dfa1aea9e8,event_893856dc4275a4932059725f,DELIVERED,2026-08-05 09:04:56,2026-08-05 09:04:58,"5 Sterne allein zeigen nicht, warum Kunden dich wählen",0,,,,,on
C08,dach_de_plus_m_consistency26m_2,431508255,B,test,person_e705be4975ff694d0e9f66c4,1,0,message_cc236e0db4d480e42867c3b5,event_eae5aaea4b1ab98b98572422,DELIVERED,2026-08-05 09:04:55,2026-08-05 09:05:00,Wie dich konkrete Umfragen in KI-Systemen nach vorne bringen,0,,,,,on
C08,dach_de_plus_m_consistency26m_2,431508255,B,test,person_e705be4975ff694d0e9f66c4,1,0,message_cc236e0db4d480e42867c3b5,event_85fbb8fff0854f69a50c402c,SENT,2026-08-05 09:04:55,2026-08-05 09:04:55,Wie dich konkrete Umfragen in KI-Systemen nach vorne bringen,0,,,,,on
C08,dach_de_plus_m_consistency26m_2,431508254,A,test,person_e448f0af401b452ad688cb4b,1,0,message_8f51ae536d32815d16333986,event_01c5bb92b40d18aac89e0cb2,SENT,2026-08-05 09:04:55,2026-08-05 09:04:55,"5 Sterne allein zeigen nicht, warum Kunden dich wählen",0,,,,,on
C08,dach_de_plus_m_consistency26m_2,431508254,A,test,person_e448f0af401b452ad688cb4b,1,0,message_8f51ae536d32815d16333986,event_e58413adcd356cb265ff6873,DELIVERED,2026-08-05 09:04:55,2026-08-05 09:05:00,"5 Sterne allein zeigen nicht, warum Kunden dich wählen",0,,,,,on
C08,dach_de_plus_m_consistency26m_2,431508254,A,test,person_f9b1de382e0b87d8058d7365,1,0,message_10773a3d31b4a4c522a75f9c,event_ac2516f65790f35d5f9f1f45,OPEN,2026-08-05 09:04:55,2026-08-05 18:05:11,"5 Sterne allein zeigen nicht, warum Kunden dich wählen",0,,,,,on
C08,dach_de_plus_m_consistency26m_2,431508254,A,test,person_f9b1de382e0b87d8058d7365,1,0,message_10773a3d31b4a4c522a75f9c,event_8c062444c539ae1f765242fe,SENT,2026-08-05 09:04:55,2026-08-05 09:04:55,"5 Sterne allein zeigen nicht, warum Kunden dich wählen",0,,,,,on
C08,dach_de_plus_m_consistency26m_2,431508254,A,test,person_f9b1de382e0b87d8058d7365,1,0,message_10773a3d31b4a4c522a75f9c,event_c534f14e80f46b95d0f1c868,DELIVERED,2026-08-05 09:04:55,2026-08-05 09:04:57,"5 Sterne allein zeigen nicht, warum Kunden dich wählen",0,,,,,on
C08,dach_de_plus_m_consistency26m_2,431508253,B,rollout_winner,person_c63bce3433452bd01be71c38,1,0,message_4ca2185ccee96ff98be25f13,event_31087146d8a5e3a49ab57070,SENT,2026-08-05 11:05:02,2026-08-05 11:05:02,Wie dich konkrete Umfragen in KI-Systemen nach vorne bringen,0,,,,,on
C08,dach_de_plus_m_consistency26m_2,431508253,B,rollout_winner,person_c63bce3433452bd01be71c38,1,0,message_4ca2185ccee96ff98be25f13,event_12a3ab21cfa334ae46d4ea97,DELIVERED,2026-08-05 11:05:02,2026-08-05 11:05:05,Wie dich konkrete Umfragen in KI-Systemen nach vorne bringen,0,,,,,on
C08,dach_de_plus_m_consistency26m_2,431508253,B,rollout_winner,person_b79705ce49b8c84efbd127c8,1,0,message_46e641ac585c1c95266d3213,event_f3f9dce322a99dbfdd3e46a8,OPEN,2026-08-05 11:05:02,2026-08-05 11:05:13,Wie dich konkrete Umfragen in KI-Systemen nach vorne bringen,0,,,,,on
C08,dach_de_plus_m_consistency26m_2,431508253,B,rollout_winner,person_b79705ce49b8c84efbd127c8,1,0,message_46e641ac585c1c95266d3213,event_a444ac1a870080b85f7a7b4d,SENT,2026-08-05 11:05:02,2026-08-05 11:05:02,Wie dich konkrete Umfragen in KI-Systemen nach vorne bringen,0,,,,,on
C08,dach_de_plus_m_consistency26m_2,431508253,B,rollout_winner,person_b79705ce49b8c84efbd127c8,1,0,message_46e641ac585c1c95266d3213,event_c5e7cdd03b90409a5a7e2de0,DELIVERED,2026-08-05 11:05:02,2026-08-05 11:05:05,Wie dich konkrete Umfragen in KI-Systemen nach vorne bringen,0,,,,,on
C08,dach_de_plus_m_consistency26m_2,431508255,B,test,person_3f2f6538910bcd83a0419943,1,0,message_598f03322982d9ed4c482b5f,event_e5527326df064a86ea0df9c9,SENT,2026-08-05 09:04:55,2026-08-05 09:04:55,Wie dich konkrete Umfragen in KI-Systemen nach vorne bringen,0,,,,,on
C08,dach_de_plus_m_consistency26m_2,431508255,B,test,person_3f2f6538910bcd83a0419943,1,0,message_598f03322982d9ed4c482b5f,event_d6c1daac774679b6b75e5736,DELIVERED,2026-08-05 09:04:55,2026-08-05 09:04:57,Wie dich konkrete Umfragen in KI-Systemen nach vorne bringen,0,,,,,on
C08,dach_de_plus_m_consistency26m_2,431508253,B,rollout_winner,person_7973587d4847ba8b3c4f6193,1,0,message_cd4d4424b14ee465e44944c4,event_e0a0200bc9d8c033f1784c19,DROPPED,2026-08-05 11:05:02,2026-08-05 11:05:02,Wie dich konkrete Umfragen in KI-Systemen nach vorne bringen,0,,event_ac575d1f24018896effb7395,,PREVIOUSLY_BOUNCED,on
C08,dach_de_plus_m_consistency26m_2,431508253,B,rollout_winner,person_997916d9a065e60b91e74c96,1,0,message_d8e26525add80b5b7326a55d,event_026ed218380dfa6463ab8e05,DROPPED,2026-08-05 11:05:02,2026-08-05 11:05:02,Wie dich konkrete Umfragen in KI-Systemen nach vorne bringen,0,,event_39705bdec378d59174924ec6,,PREVIOUSLY_BOUNCED,on
C08,dach_de_plus_m_consistency26m_2,431508254,A,test,person_7b48d979216278c560acdeee,1,0,message_42ec26130e2cebcca8b14e6d,event_9b6dbe2d382302fefa37cef7,DROPPED,2026-08-05 09:04:56,2026-08-05 09:04:56,"5 Sterne allein zeigen nicht, warum Kunden dich wählen",0,,event_5fcad63f649b5e0a7f57fc6d,,PREVIOUSLY_BOUNCED,on
C08,dach_de_plus_m_consistency26m_2,431508254,A,test,person_2d534ca2e4464f6af3dff35e,1,0,message_b7ecc642c5515cb6a59e2384,event_f3f4e42c516b5122c56f6b81,DROPPED,2026-08-05 09:04:56,2026-08-05 09:04:56,"5 Sterne allein zeigen nicht, warum Kunden dich wählen",0,,event_e257de02c1d9230b7e75f11d,,PREVIOUSLY_BOUNCED,on
C08,dach_de_plus_m_consistency26m_2,431508253,B,rollout_winner,person_bb515616554d11bb822b4235,1,0,message_f83026ce5fcb9b37f1d2c86c,event_0c83bfe6a1edc46f62ce5957,SENT,2026-08-05 11:05:02,2026-08-05 11:05:02,Wie dich konkrete Umfragen in KI-Systemen nach vorne bringen,0,,,,,on
C08,dach_de_plus_m_consistency26m_2,431508253,B,rollout_winner,person_bb515616554d11bb822b4235,1,0,message_f83026ce5fcb9b37f1d2c86c,event_00fbca91771e28fd08471278,DELIVERED,2026-08-05 11:05:02,2026-08-05 11:05:05,Wie dich konkrete Umfragen in KI-Systemen nach vorne bringen,0,,,,,on
C08,dach_de_plus_m_consistency26m_2,431508254,A,test,person_b25b2d59b2e84751e3304e98,1,0,message_ffd9b8203bb2e15e1f3e03ee,event_e5c75d6555a057e64c05a445,DELIVERED,2026-08-05 09:04:55,2026-08-05 09:04:56,"5 Sterne allein zeigen nicht, warum Kunden dich wählen",0,,,,,on
C08,dach_de_plus_m_consistency26m_2,431508254,A,test,person_b25b2d59b2e84751e3304e98,1,0,message_ffd9b8203bb2e15e1f3e03ee,event_4cecb0d605731936e6922907,SENT,2026-08-05 09:04:55,2026-08-05 09:04:55,"5 Sterne allein zeigen nicht, warum Kunden dich wählen",0,,,,,on
C08,dach_de_plus_m_consistency26m_2,431508253,B,rollout_winner,person_13cf101f714c3aa321052b67,1,0,message_13671b5d66d5104059b373df,event_ebdb5920b54ea5f904a09402,SENT,2026-08-05 11:05:02,2026-08-05 11:05:02,Wie dich konkrete Umfragen in KI-Systemen nach vorne bringen,0,,,,,on
C08,dach_de_plus_m_consistency26m_2,431508253,B,rollout_winner,person_13cf101f714c3aa321052b67,1,0,message_13671b5d66d5104059b373df,event_84d34f0fbe2a6efd355af8ea,DELIVERED,2026-08-05 11:05:02,2026-08-05 11:05:07,Wie dich konkrete Umfragen in KI-Systemen nach vorne bringen,0,,,,,on
C08,dach_de_plus_m_consistency26m_2,431508255,B,test,person_afcbd46e31747418e826d338,1,1,message_ff61c4cbf46745d92ae20b52,event_4139772f37b532bc5d7ec518,DELIVERED,2026-08-05 09:04:55,2026-08-05 09:04:57,Wie dich konkrete Umfragen in KI-Systemen nach vorne bringen,0,,,,,on
C08,dach_de_plus_m_consistency26m_2,431508255,B,test,person_afcbd46e31747418e826d338,1,1,message_ff61c4cbf46745d92ae20b52,event_e5a55f1dff89c7378c02a429,SENT,2026-08-05 09:04:55,2026-08-05 09:04:55,Wie dich konkrete Umfragen in KI-Systemen nach vorne bringen,0,,,,,on
C08,dach_de_plus_m_consistency26m_2,431508255,B,test,person_4faaa7c1d58a1093617b3210,1,0,message_65e402859b9022f1b883f6ed,event_af3ca37c6b1db625d590d9ad,SENT,2026-08-05 09:04:55,2026-08-05 09:04:55,Wie dich konkrete Umfragen in KI-Systemen nach vorne bringen,0,,,,,on
C08,dach_de_plus_m_consistency26m_2,431508255,B,test,person_4faaa7c1d58a1093617b3210,1,0,message_65e402859b9022f1b883f6ed,event_b5a5f56047dca3f251a69bb7,DELIVERED,2026-08-05 09:04:55,2026-08-05 09:04:58,Wie dich konkrete Umfragen in KI-Systemen nach vorne bringen,0,,,,,on
C08,dach_de_plus_m_consistency26m_2,431508254,A,test,person_0bedfbaeb634b024c8fc8ac8,1,0,message_dec1cce6b6ce1148e5c10cde,event_319fd05c9399372d6a838c2b,DELIVERED,2026-08-05 09:04:55,2026-08-05 09:05:02,"5 Sterne allein zeigen nicht, warum Kunden dich wählen",0,,,,,on
C08,dach_de_plus_m_consistency26m_2,431508254,A,test,person_0bedfbaeb634b024c8fc8ac8,1,0,message_dec1cce6b6ce1148e5c10cde,event_a338e1c5e95175758aa5cbfb,SENT,2026-08-05 09:04:55,2026-08-05 09:04:55,"5 Sterne allein zeigen nicht, warum Kunden dich wählen",0,,,,,on
C08,dach_de_plus_m_consistency26m_2,431508254,A,test,person_aa495a2d5c594f56608f8ffb,1,0,message_469585e273e4324550de3ff5,event_b59d8ccd6094c08f2455cb18,DELIVERED,2026-08-05 09:04:56,2026-08-05 09:05:00,"5 Sterne allein zeigen nicht, warum Kunden dich wählen",0,,,,,on
C08,dach_de_plus_m_consistency26m_2,431508254,A,test,person_aa495a2d5c594f56608f8ffb,1,0,message_469585e273e4324550de3ff5,event_b5d77f888aadce93a9a41d15,SENT,2026-08-05 09:04:56,2026-08-05 09:04:56,"5 Sterne allein zeigen nicht, warum Kunden dich wählen",0,,,,,on
C08,dach_de_plus_m_consistency26m_2,431508253,B,rollout_winner,person_4402db3c9e2e645a4e4fd5a8,1,0,message_5bcceaf41df67328530491e6,event_b295f2628aed58eb7a1a527c,SENT,2026-08-05 11:05:02,2026-08-05 11:05:02,Wie dich konkrete Umfragen in KI-Systemen nach vorne bringen,0,,,,,on
C08,dach_de_plus_m_consistency26m_2,431508253,B,rollout_winner,person_4402db3c9e2e645a4e4fd5a8,1,0,message_5bcceaf41df67328530491e6,event_48b06bcb1f1e5fd571f9754a,DELIVERED,2026-08-05 11:05:02,2026-08-05 11:05:06,Wie dich konkrete Umfragen in KI-Systemen nach vorne bringen,0,,,,,on
C08,dach_de_plus_m_consistency26m_2,431508253,B,rollout_winner,person_9ebfa4ae12ec2c4da932148e,1,0,message_80a8d540b2b78a1619f74d5c,event_e17fde73fa7620041dc1acb3,DELIVERED,2026-08-05 11:05:02,2026-08-05 11:05:07,Wie dich konkrete Umfragen in KI-Systemen nach vorne bringen,0,,,,,on
C08,dach_de_plus_m_consistency26m_2,431508253,B,rollout_winner,person_9ebfa4ae12ec2c4da932148e,1,0,message_80a8d540b2b78a1619f74d5c,event_698e8f6a135792724b03db35,SENT,2026-08-05 11:05:02,2026-08-05 11:05:02,Wie dich konkrete Umfragen in KI-Systemen nach vorne bringen,0,,,,,on
C08,dach_de_plus_m_consistency26m_2,431508253,B,rollout_winner,person_c208fbf0d23a6665da91ad74,1,0,message_7853ff82f6b53ad1ed2aa4ab,event_48179f17d9dafc832029f350,DELIVERED,2026-08-05 11:05:02,2026-08-05 11:05:07,Wie dich konkrete Umfragen in KI-Systemen nach vorne bringen,0,,,,,on
C08,dach_de_plus_m_consistency26m_2,431508253,B,rollout_winner,person_c208fbf0d23a6665da91ad74,1,0,message_7853ff82f6b53ad1ed2aa4ab,event_f009a7bf4e773de09aa9a963,SENT,2026-08-05 11:05:02,2026-08-05 11:05:02,Wie dich konkrete Umfragen in KI-Systemen nach vorne bringen,0,,,,,on
C08,dach_de_plus_m_consistency26m_2,431508255,B,test,person_d2d79a525bcd433bec9602be,1,0,message_c48a01dcf67ce5e6190ec1ae,event_5bdc1f83557f95bc6328dbaf,DELIVERED,2026-08-05 09:03:35,2026-08-05 09:03:37,Wie dich konkrete Umfragen in KI-Systemen nach vorne bringen,0,,,,,on
C08,dach_de_plus_m_consistency26m_2,431508255,B,test,person_d2d79a525bcd433bec9602be,1,0,message_c48a01dcf67ce5e6190ec1ae,event_ec3c7410cfd2937a2a939303,SENT,2026-08-05 09:03:35,2026-08-05 09:03:35,Wie dich konkrete Umfragen in KI-Systemen nach vorne bringen,0,,,,,on
C08,dach_de_plus_m_consistency26m_2,431508254,A,test,person_c85ce561387ae07560d06777,1,0,message_b919492bb496dac3468151f1,event_170d9050d6e3636be4d04d3e,SENT,2026-08-05 09:04:56,2026-08-05 09:04:56,"5 Sterne allein zeigen nicht, warum Kunden dich wählen",0,,,,,on
C08,dach_de_plus_m_consistency26m_2,431508254,A,test,person_c85ce561387ae07560d06777,1,0,message_b919492bb496dac3468151f1,event_7457e685f3abc75ba44d6c94,DELIVERED,2026-08-05 09:04:56,2026-08-05 09:04:59,"5 Sterne allein zeigen nicht, warum Kunden dich wählen",0,,,,,on
C08,dach_de_plus_m_consistency26m_2,431508253,B,rollout_winner,person_c651efda1d1977d191f729b6,1,0,message_61d34d1b9653ec41cdc79426,event_ec02a358a6820978e8d022b6,SENT,2026-08-05 11:05:02,2026-08-05 11:05:02,Wie dich konkrete Umfragen in KI-Systemen nach vorne bringen,0,,,,,on
C08,dach_de_plus_m_consistency26m_2,431508253,B,rollout_winner,person_c651efda1d1977d191f729b6,1,0,message_61d34d1b9653ec41cdc79426,event_3e8fa64ce77c267ad4658510,OPEN,2026-08-05 11:05:02,2026-08-05 12:15:06,Wie dich konkrete Umfragen in KI-Systemen nach vorne bringen,0,,,,,on
C08,dach_de_plus_m_consistency26m_2,431508253,B,rollout_winner,person_c651efda1d1977d191f729b6,1,0,message_61d34d1b9653ec41cdc79426,event_6f26accdf2d85a8e75327398,DELIVERED,2026-08-05 11:05:02,2026-08-05 11:05:17,Wie dich konkrete Umfragen in KI-Systemen nach vorne bringen,0,,,,,on
C08,dach_de_plus_m_consistency26m_2,431508254,A,test,person_2b7f339dea100c7f66a31185,1,0,message_cac4a01f5cc8e587d9004753,event_a914dc9371c730fd47cab793,DELIVERED,2026-08-05 09:04:56,2026-08-05 09:04:59,"5 Sterne allein zeigen nicht, warum Kunden dich wählen",0,,,,,on
C08,dach_de_plus_m_consistency26m_2,431508254,A,test,person_2b7f339dea100c7f66a31185,1,0,message_cac4a01f5cc8e587d9004753,event_6d91790f30818a95ea0588b7,SENT,2026-08-05 09:04:56,2026-08-05 09:04:56,"5 Sterne allein zeigen nicht, warum Kunden dich wählen",0,,,,,on
C08,dach_de_plus_m_consistency26m_2,431508253,B,rollout_winner,person_469b7fdc25f0d362b7c7fbb3,1,0,message_613f6a0bdc530752037b969e,event_afb08f16fabc383c5136ec9f,SENT,2026-08-05 11:05:02,2026-08-05 11:05:02,Wie dich konkrete Umfragen in KI-Systemen nach vorne bringen,0,,,,,on
C08,dach_de_plus_m_consistency26m_2,431508253,B,rollout_winner,person_469b7fdc25f0d362b7c7fbb3,1,0,message_613f6a0bdc530752037b969e,event_1445854db3b07dc2823aaa7c,DELIVERED,2026-08-05 11:05:02,2026-08-05 13:05:25,Wie dich konkrete Umfragen in KI-Systemen nach vorne bringen,0,,,,,on
C08,dach_de_plus_m_consistency26m_2,431508253,B,rollout_winner,person_469b7fdc25f0d362b7c7fbb3,1,0,message_613f6a0bdc530752037b969e,event_dd84b7482214797e1bfca12b,DEFERRED,2026-08-05 11:05:02,2026-08-05 11:05:23,Wie dich konkrete Umfragen in KI-Systemen nach vorne bringen,0,,,,,on
C08,dach_de_plus_m_consistency26m_2,431508253,B,rollout_winner,person_d7911c2d09d4927781b31994,1,0,message_f38d5ceb4678ef5d208cec5a,event_40b1a81a1355aa2fb2a131af,DELIVERED,2026-08-05 11:05:02,2026-08-05 11:05:06,Wie dich konkrete Umfragen in KI-Systemen nach vorne bringen,0,,,,,on
C08,dach_de_plus_m_consistency26m_2,431508253,B,rollout_winner,person_d7911c2d09d4927781b31994,1,0,message_f38d5ceb4678ef5d208cec5a,event_025da525df85fb482f44b631,SENT,2026-08-05 11:05:02,2026-08-05 11:05:02,Wie dich konkrete Umfragen in KI-Systemen nach vorne bringen,0,,,,,on
C08,dach_de_plus_m_consistency26m_2,431508253,B,rollout_winner,person_b2abfcfd7e648b368f41b948,1,0,message_18aacd8a39bf6ca3a18e193a,event_177b6e14c6b2ab0a67f87ceb,DEFERRED,2026-08-05 11:05:02,2026-08-05 11:05:25,Wie dich konkrete Umfragen in KI-Systemen nach vorne bringen,0,,,,,on
C08,dach_de_plus_m_consistency26m_2,431508253,B,rollout_winner,person_b2abfcfd7e648b368f41b948,1,0,message_18aacd8a39bf6ca3a18e193a,event_7df224b19cdcc8848825ef4b,DELIVERED,2026-08-05 11:05:02,2026-08-05 13:05:26,Wie dich konkrete Umfragen in KI-Systemen nach vorne bringen,0,,,,,on
C08,dach_de_plus_m_consistency26m_2,431508253,B,rollout_winner,person_b2abfcfd7e648b368f41b948,1,0,message_18aacd8a39bf6ca3a18e193a,event_b7108481f249a96cbb3345c4,SENT,2026-08-05 11:05:02,2026-08-05 11:05:02,Wie dich konkrete Umfragen in KI-Systemen nach vorne bringen,0,,,,,on
C08,dach_de_plus_m_consistency26m_2,431508255,B,test,person_2540cbf4d967aa7ce7051abb,1,0,message_336f2b95b5d130676c05bed0,event_99be18a72fcf7941500dd96e,SENT,2026-08-05 09:03:35,2026-08-05 09:03:35,Wie dich konkrete Umfragen in KI-Systemen nach vorne bringen,0,,,,,on
C08,dach_de_plus_m_consistency26m_2,431508255,B,test,person_2540cbf4d967aa7ce7051abb,1,0,message_336f2b95b5d130676c05bed0,event_1e1f608d4321fe8bb7c9cfda,DELIVERED,2026-08-05 09:03:35,2026-08-05 09:03:39,Wie dich konkrete Umfragen in KI-Systemen nach vorne bringen,0,,,,,on
C08,dach_de_plus_m_consistency26m_2,431508253,B,rollout_winner,person_0eff443d5693287f362b2e6e,1,0,message_5f69428036b933543e9d0536,event_5288020b92474f964d4cb400,DELIVERED,2026-08-05 11:05:02,2026-08-05 11:05:06,Wie dich konkrete Umfragen in KI-Systemen nach vorne bringen,0,,,,,on
C08,dach_de_plus_m_consistency26m_2,431508253,B,rollout_winner,person_0eff443d5693287f362b2e6e,1,0,message_5f69428036b933543e9d0536,event_27255ba02e578f5ac28e4b18,SENT,2026-08-05 11:05:02,2026-08-05 11:05:02,Wie dich konkrete Umfragen in KI-Systemen nach vorne bringen,0,,,,,on
C08,dach_de_plus_m_consistency26m_2,431508254,A,test,person_02a6e73b1cc41213d39cc276,1,0,message_a887207d74b7969493df7665,event_7b45a48e21ad4ea0d2419051,DELIVERED,2026-08-05 09:04:56,2026-08-05 09:05:01,"5 Sterne allein zeigen nicht, warum Kunden dich wählen",0,,,,,on
C08,dach_de_plus_m_consistency26m_2,431508254,A,test,person_02a6e73b1cc41213d39cc276,1,0,message_a887207d74b7969493df7665,event_55ca7ef365af4d15528db483,SENT,2026-08-05 09:04:56,2026-08-05 09:04:56,"5 Sterne allein zeigen nicht, warum Kunden dich wählen",0,,,,,on
C08,dach_de_plus_m_consistency26m_2,431508255,B,test,person_bfd89aad18e3252d45136c5f,1,0,message_49c4fba09c680478a43608af,event_75935007979a2a7d5f9f3b36,DELIVERED,2026-08-05 09:04:55,2026-08-05 09:04:58,Wie dich konkrete Umfragen in KI-Systemen nach vorne bringen,0,,,,,on
C08,dach_de_plus_m_consistency26m_2,431508255,B,test,person_bfd89aad18e3252d45136c5f,1,0,message_49c4fba09c680478a43608af,event_c9b5aa4a55e68e2a6b481031,SENT,2026-08-05 09:04:55,2026-08-05 09:04:55,Wie dich konkrete Umfragen in KI-Systemen nach vorne bringen,0,,,,,on
C08,dach_de_plus_m_consistency26m_2,431508255,B,test,person_1d430f4fb7a12b7b3c48d58a,1,0,message_210a36dc849408331212e359,event_1717b65549c77ca47870a49b,DELIVERED,2026-08-05 09:03:35,2026-08-05 09:03:39,Wie dich konkrete Umfragen in KI-Systemen nach vorne bringen,0,,,,,on
C08,dach_de_plus_m_consistency26m_2,431508255,B,test,person_1d430f4fb7a12b7b3c48d58a,1,0,message_210a36dc849408331212e359,event_4afdf90a7abd18353c507c52,SENT,2026-08-05 09:03:35,2026-08-05 09:03:35,Wie dich konkrete Umfragen in KI-Systemen nach vorne bringen,0,,,,,on
C08,dach_de_plus_m_consistency26m_2,431508255,B,test,person_f3af3d0a206d913bc0eedda9,1,0,message_f303055c6d8941c99a62b8e3,event_67abb12bc0dc220665a50d66,SENT,2026-08-05 09:03:35,2026-08-05 09:03:35,Wie dich konkrete Umfragen in KI-Systemen nach vorne bringen,0,,,,,on
C08,dach_de_plus_m_consistency26m_2,431508255,B,test,person_f3af3d0a206d913bc0eedda9,1,0,message_f303055c6d8941c99a62b8e3,event_f8192eef4d48ae6493f848f3,DELIVERED,2026-08-05 09:03:35,2026-08-05 09:03:39,Wie dich konkrete Umfragen in KI-Systemen nach vorne bringen,0,,,,,on
C08,dach_de_plus_m_consistency26m_2,431508254,A,test,person_753c5087b13ea94429ffda73,1,0,message_b22ed81258e47b0a5da16295,event_796f3e7830cc601464a8354b,DEFERRED,2026-08-05 09:04:56,2026-08-05 09:04:59,"5 Sterne allein zeigen nicht, warum Kunden dich wählen",0,,,,,on
C08,dach_de_plus_m_consistency26m_2,431508254,A,test,person_753c5087b13ea94429ffda73,1,0,message_b22ed81258e47b0a5da16295,event_9949c4c3bbc601bef7aa90f6,SENT,2026-08-05 09:04:56,2026-08-05 09:04:56,"5 Sterne allein zeigen nicht, warum Kunden dich wählen",0,,,,,on
C08,dach_de_plus_m_consistency26m_2,431508254,A,test,person_753c5087b13ea94429ffda73,1,0,message_b22ed81258e47b0a5da16295,event_ea8c411115523e4d8adc77b8,DELIVERED,2026-08-05 09:04:56,2026-08-05 09:06:02,"5 Sterne allein zeigen nicht, warum Kunden dich wählen",0,,,,,on
C08,dach_de_plus_m_consistency26m_2,431508255,B,test,person_2f7744b60604f8a677dfa35b,1,0,message_347f2aad9de5c5b956f58ecd,event_f6f5b2ef01c0b14ada827ffd,SENT,2026-08-05 09:04:55,2026-08-05 09:04:55,Wie dich konkrete Umfragen in KI-Systemen nach vorne bringen,0,,,,,on
C08,dach_de_plus_m_consistency26m_2,431508255,B,test,person_2f7744b60604f8a677dfa35b,1,0,message_347f2aad9de5c5b956f58ecd,event_92b14d1948e9dcf7af80f165,DELIVERED,2026-08-05 09:04:55,2026-08-05 09:05:04,Wie dich konkrete Umfragen in KI-Systemen nach vorne bringen,0,,,,,on
C08,dach_de_plus_m_consistency26m_2,431508253,B,rollout_winner,person_70eba439b16995480df04371,1,0,message_0260165c5de7d4967a9d6e75,event_b9b01d6c7de1359efe1d5e50,DELIVERED,2026-08-05 11:05:02,2026-08-05 11:05:04,Wie dich konkrete Umfragen in KI-Systemen nach vorne bringen,0,,,,,on
C08,dach_de_plus_m_consistency26m_2,431508253,B,rollout_winner,person_70eba439b16995480df04371,1,0,message_0260165c5de7d4967a9d6e75,event_b26b349e7df1ee4a4ffd891c,SENT,2026-08-05 11:05:02,2026-08-05 11:05:02,Wie dich konkrete Umfragen in KI-Systemen nach vorne bringen,0,,,,,on
C08,dach_de_plus_m_consistency26m_2,431508253,B,rollout_winner,person_70eba439b16995480df04371,1,0,message_0260165c5de7d4967a9d6e75,event_47bba137f27a297beeee6573,OPEN,2026-08-05 11:05:02,2026-08-05 11:35:36,Wie dich konkrete Umfragen in KI-Systemen nach vorne bringen,0,,,,,on
C08,dach_de_plus_m_consistency26m_2,431508253,B,rollout_winner,person_2ea3d9b8465cd74f9b4c8c15,1,0,message_7c27e41bbc67e11c581ccb24,event_89f5590bd150af9b41846bc9,DELIVERED,2026-08-05 11:05:01,2026-08-05 11:05:05,Wie dich konkrete Umfragen in KI-Systemen nach vorne bringen,0,,,,,on
C08,dach_de_plus_m_consistency26m_2,431508253,B,rollout_winner,person_2ea3d9b8465cd74f9b4c8c15,1,0,message_7c27e41bbc67e11c581ccb24,event_ef2f6715648bdfc01f73a922,OPEN,2026-08-05 11:05:01,2026-08-05 11:27:47,Wie dich konkrete Umfragen in KI-Systemen nach vorne bringen,0,,,,,on
C08,dach_de_plus_m_consistency26m_2,431508253,B,rollout_winner,person_2ea3d9b8465cd74f9b4c8c15,1,0,message_7c27e41bbc67e11c581ccb24,event_99b85d4a1222cafa43044989,SENT,2026-08-05 11:05:01,2026-08-05 11:05:01,Wie dich konkrete Umfragen in KI-Systemen nach vorne bringen,0,,,,,on
C08,dach_de_plus_m_consistency26m_2,431508255,B,test,person_70eb90672267befb4012f667,1,0,message_eee24939be38d50bfb423f4a,event_bb67f03d8a3bca101704a604,SENT,2026-08-05 09:04:55,2026-08-05 09:04:55,Wie dich konkrete Umfragen in KI-Systemen nach vorne bringen,0,,,,,on
C08,dach_de_plus_m_consistency26m_2,431508255,B,test,person_70eb90672267befb4012f667,1,0,message_eee24939be38d50bfb423f4a,event_8996752d54c847b219a83ef9,DELIVERED,2026-08-05 09:04:55,2026-08-05 09:04:59,Wie dich konkrete Umfragen in KI-Systemen nach vorne bringen,0,,,,,on
C08,dach_de_plus_m_consistency26m_2,431508253,B,rollout_winner,person_be5fda936ac52e9ab8f5171a,1,0,message_00774091daee34d0aefde9e0,event_2f329ab3ac88b0012a076455,SENT,2026-08-05 11:05:02,2026-08-05 11:05:02,Wie dich konkrete Umfragen in KI-Systemen nach vorne bringen,0,,,,,on
C08,dach_de_plus_m_consistency26m_2,431508253,B,rollout_winner,person_be5fda936ac52e9ab8f5171a,1,0,message_00774091daee34d0aefde9e0,event_7473f123bbd55b02e11d3480,DELIVERED,2026-08-05 11:05:02,2026-08-05 11:05:03,Wie dich konkrete Umfragen in KI-Systemen nach vorne bringen,0,,,,,on
C08,dach_de_plus_m_consistency26m_2,431508253,B,rollout_winner,person_297d181e0354e62a52dc8a8a,1,0,message_6f93e69642145fcc36ce8b13,event_8d38a6fef98e16c955387681,SENT,2026-08-05 11:05:02,2026-08-05 11:05:02,Wie dich konkrete Umfragen in KI-Systemen nach vorne bringen,0,,,,,on
C08,dach_de_plus_m_consistency26m_2,431508253,B,rollout_winner,person_297d181e0354e62a52dc8a8a,1,0,message_6f93e69642145fcc36ce8b13,event_e1e23df14283d0e4d2e42f15,DELIVERED,2026-08-05 11:05:02,2026-08-05 11:05:07,Wie dich konkrete Umfragen in KI-Systemen nach vorne bringen,0,,,,,on
C08,dach_de_plus_m_consistency26m_2,431508253,B,rollout_winner,person_c7091cc5f100dc0d5633dc8a,1,0,message_a5778a8add993ae5bb6a0aa9,event_4e47a4230643e9e8692c8701,DROPPED,2026-08-05 11:05:02,2026-08-05 11:05:02,Wie dich konkrete Umfragen in KI-Systemen nach vorne bringen,0,,event_ab83e6bc41ad5dfa200dc2d3,,PREVIOUSLY_BOUNCED,on
C08,dach_de_plus_m_consistency26m_2,431508255,B,test,person_24fa145991af60db8fb1fd96,1,0,message_41cf8674063ac9ef686bf550,event_8681d2014dc1eab6219d700a,DROPPED,2026-08-05 09:03:35,2026-08-05 09:03:35,Wie dich konkrete Umfragen in KI-Systemen nach vorne bringen,0,,event_9efe812b80d1f602a38c53bb,,PREVIOUSLY_BOUNCED,on
C08,dach_de_plus_m_consistency26m_2,431508254,A,test,person_b9dd3e8db292d431b9c15766,1,0,message_d1c487ef347b4bf1b1f6af8c,event_f1a2f11f4916f446306a70df,SENT,2026-08-05 09:04:55,2026-08-05 09:04:55,"5 Sterne allein zeigen nicht, warum Kunden dich wählen",0,,,,,on
C08,dach_de_plus_m_consistency26m_2,431508254,A,test,person_b9dd3e8db292d431b9c15766,1,0,message_d1c487ef347b4bf1b1f6af8c,event_cc1de067226caf83ab8ab67a,DELIVERED,2026-08-05 09:04:55,2026-08-05 09:04:58,"5 Sterne allein zeigen nicht, warum Kunden dich wählen",0,,,,,on
C08,dach_de_plus_m_consistency26m_2,431508254,A,test,person_7ff14c88d00cf3a60eb79486,1,0,message_bc5ff301fb80f64fd8607ea8,event_5b3dc6a70b6d76398ac67530,DELIVERED,2026-08-05 09:04:56,2026-08-05 09:05:00,"5 Sterne allein zeigen nicht, warum Kunden dich wählen",0,,,,,on
C08,dach_de_plus_m_consistency26m_2,431508254,A,test,person_7ff14c88d00cf3a60eb79486,1,0,message_bc5ff301fb80f64fd8607ea8,event_5c89785913ce4a99fc197acc,SENT,2026-08-05 09:04:56,2026-08-05 09:04:56,"5 Sterne allein zeigen nicht, warum Kunden dich wählen",0,,,,,on
C08,dach_de_plus_m_consistency26m_2,431508253,B,rollout_winner,person_4b52cf51dfef490e4b972570,1,0,message_febb172819f7e1327527d6e6,event_a66968960579fba3c98833ca,DELIVERED,2026-08-05 11:05:01,2026-08-05 11:05:05,Wie dich konkrete Umfragen in KI-Systemen nach vorne bringen,0,,,,,on
C08,dach_de_plus_m_consistency26m_2,431508253,B,rollout_winner,person_4b52cf51dfef490e4b972570,1,0,message_febb172819f7e1327527d6e6,event_7caca93a4e00cab1bda517ab,SENT,2026-08-05 11:05:01,2026-08-05 11:05:01,Wie dich konkrete Umfragen in KI-Systemen nach vorne bringen,0,,,,,on
C08,dach_de_plus_m_consistency26m_2,431508253,B,rollout_winner,person_e5bb8becebfe9d444161e10d,1,0,message_6c3dbacd5a7cdc0781b345d6,event_64fad515895418a481f8802f,SENT,2026-08-05 11:05:02,2026-08-05 11:05:02,Wie dich konkrete Umfragen in KI-Systemen nach vorne bringen,0,,,,,on
C08,dach_de_plus_m_consistency26m_2,431508253,B,rollout_winner,person_e5bb8becebfe9d444161e10d,1,0,message_6c3dbacd5a7cdc0781b345d6,event_a33a531634bd5b274dbc270d,DELIVERED,2026-08-05 11:05:02,2026-08-05 11:05:05,Wie dich konkrete Umfragen in KI-Systemen nach vorne bringen,0,,,,,on
C08,dach_de_plus_m_consistency26m_2,431508253,B,rollout_winner,person_1258f2b5e8616ef89d7db1db,1,0,message_521e35788e8c17536c48c69b,event_8876291b1e9b00c50d89cd52,DROPPED,2026-08-05 11:05:02,2026-08-05 11:05:02,Wie dich konkrete Umfragen in KI-Systemen nach vorne bringen,0,,event_652bb6b4584c05a1f04ea0a0,,PREVIOUSLY_BOUNCED,on
C08,dach_de_plus_m_consistency26m_2,431508253,B,rollout_winner,person_16a7f0cc6e7940ec26d39cbd,1,0,message_414a32a7af4c3a6ea51b2316,event_f3e0478423beb9678da74be6,DELIVERED,2026-08-05 11:05:01,2026-08-05 11:05:04,Wie dich konkrete Umfragen in KI-Systemen nach vorne bringen,0,,,,,on
C08,dach_de_plus_m_consistency26m_2,431508253,B,rollout_winner,person_16a7f0cc6e7940ec26d39cbd,1,0,message_414a32a7af4c3a6ea51b2316,event_859baf08edddbce2e6319f57,SENT,2026-08-05 11:05:01,2026-08-05 11:05:01,Wie dich konkrete Umfragen in KI-Systemen nach vorne bringen,0,,,,,on
C08,dach_de_plus_m_consistency26m_2,431508255,B,test,person_4ce1eb6062043ee0ec2e6c3a,1,0,message_636695da7148c0c0e7fe5415,event_ba12f92d869c0f825964f553,DELIVERED,2026-08-05 09:03:35,2026-08-05 09:03:38,Wie dich konkrete Umfragen in KI-Systemen nach vorne bringen,0,,,,,on
C08,dach_de_plus_m_consistency26m_2,431508255,B,test,person_4ce1eb6062043ee0ec2e6c3a,1,0,message_636695da7148c0c0e7fe5415,event_ec08d4a4ff8845fb314150a6,SENT,2026-08-05 09:03:35,2026-08-05 09:03:35,Wie dich konkrete Umfragen in KI-Systemen nach vorne bringen,0,,,,,on
C08,dach_de_plus_m_consistency26m_2,431508254,A,test,person_bd54d214f3146464c5af5854,1,0,message_bba23114baa20aa6e7f5a289,event_54d7adc2d47d76ad19727bed,DELIVERED,2026-08-05 09:04:56,2026-08-05 09:05:00,"5 Sterne allein zeigen nicht, warum Kunden dich wählen",0,,,,,on
C08,dach_de_plus_m_consistency26m_2,431508254,A,test,person_bd54d214f3146464c5af5854,1,0,message_bba23114baa20aa6e7f5a289,event_345484858729dc2e388d2c9c,SENT,2026-08-05 09:04:56,2026-08-05 09:04:56,"5 Sterne allein zeigen nicht, warum Kunden dich wählen",0,,,,,on
C08,dach_de_plus_m_consistency26m_2,431508255,B,test,person_f39f075ad96d2d0ebc2fb5ab,1,0,message_4b4bf87a0386884ec0db6b44,event_c4b274cbe09afc0ea0cfdbeb,DELIVERED,2026-08-05 09:03:35,2026-08-05 09:03:46,Wie dich konkrete Umfragen in KI-Systemen nach vorne bringen,0,,,,,on
C08,dach_de_plus_m_consistency26m_2,431508255,B,test,person_f39f075ad96d2d0ebc2fb5ab,1,0,message_4b4bf87a0386884ec0db6b44,event_d6ca74c384a476fa1df43786,SENT,2026-08-05 09:03:35,2026-08-05 09:03:35,Wie dich konkrete Umfragen in KI-Systemen nach vorne bringen,0,,,,,on
C08,dach_de_plus_m_consistency26m_2,431508253,B,rollout_winner,person_c636d53b37558c75c8f6bcc4,1,0,message_a16038180c68355c68156010,event_1ea0b30754356f556bd085ea,SENT,2026-08-05 11:05:02,2026-08-05 11:05:02,Wie dich konkrete Umfragen in KI-Systemen nach vorne bringen,0,,,,,on
C08,dach_de_plus_m_consistency26m_2,431508253,B,rollout_winner,person_c636d53b37558c75c8f6bcc4,1,0,message_a16038180c68355c68156010,event_1396acac1f22393ea239dee3,DELIVERED,2026-08-05 11:05:02,2026-08-05 11:05:06,Wie dich konkrete Umfragen in KI-Systemen nach vorne bringen,0,,,,,on
C08,dach_de_plus_m_consistency26m_2,431508254,A,test,person_b0cd4aeb50b427b5ceb58b1c,1,0,message_daa433c1771a69dd84bd4916,event_942b61b47ba2841843f55770,OPEN,2026-08-05 09:04:56,2026-08-05 13:13:09,"5 Sterne allein zeigen nicht, warum Kunden dich wählen",0,,,,,on
C08,dach_de_plus_m_consistency26m_2,431508254,A,test,person_b0cd4aeb50b427b5ceb58b1c,1,0,message_daa433c1771a69dd84bd4916,event_600289c6d0917a10e15b142e,SENT,2026-08-05 09:04:56,2026-08-05 09:04:56,"5 Sterne allein zeigen nicht, warum Kunden dich wählen",0,,,,,on
C08,dach_de_plus_m_consistency26m_2,431508254,A,test,person_b0cd4aeb50b427b5ceb58b1c,1,0,message_daa433c1771a69dd84bd4916,event_8058d4985c8f5ed9f1fdb5f7,DELIVERED,2026-08-05 09:04:56,2026-08-05 09:05:00,"5 Sterne allein zeigen nicht, warum Kunden dich wählen",0,,,,,on
C08,dach_de_plus_m_consistency26m_2,431508254,A,test,person_b0cd4aeb50b427b5ceb58b1c,1,0,message_daa433c1771a69dd84bd4916,event_daa31e197b9add07a9d410c2,OPEN,2026-08-05 09:04:56,2026-08-05 13:13:09,"5 Sterne allein zeigen nicht, warum Kunden dich wählen",0,,,,,on
C08,dach_de_plus_m_consistency26m_2,431508254,A,test,person_e3a79505fafaccfdf662c26c,1,0,message_17ad514892135271c21480dd,event_b7db2ff84cba8469cc532b4f,DELIVERED,2026-08-05 09:04:56,2026-08-05 09:05:00,"5 Sterne allein zeigen nicht, warum Kunden dich wählen",0,,,,,on
C08,dach_de_plus_m_consistency26m_2,431508254,A,test,person_e3a79505fafaccfdf662c26c,1,0,message_17ad514892135271c21480dd,event_7b13107f865f042da5da71df,SENT,2026-08-05 09:04:56,2026-08-05 09:04:56,"5 Sterne allein zeigen nicht, warum Kunden dich wählen",0,,,,,on
C08,dach_de_plus_m_consistency26m_2,431508253,B,rollout_winner,person_b1bd3944d241015109b0e725,1,0,message_47d8ec104eaf4339ce6d5e46,event_7b935e9599334cf54ed76cf7,SENT,2026-08-05 11:05:02,2026-08-05 11:05:02,Wie dich konkrete Umfragen in KI-Systemen nach vorne bringen,0,,,,,on
C08,dach_de_plus_m_consistency26m_2,431508253,B,rollout_winner,person_b1bd3944d241015109b0e725,1,0,message_47d8ec104eaf4339ce6d5e46,event_997faeb5cb3c387f53df57bb,DELIVERED,2026-08-05 11:05:02,2026-08-05 11:05:06,Wie dich konkrete Umfragen in KI-Systemen nach vorne bringen,0,,,,,on
C08,dach_de_plus_m_consistency26m_2,431508253,B,rollout_winner,person_781283113e41b02aa4667b86,1,0,message_bbe8f564ebfd235192c2940f,event_387128603d21037c104bad3a,SENT,2026-08-05 11:05:02,2026-08-05 11:05:02,Wie dich konkrete Umfragen in KI-Systemen nach vorne bringen,0,,,,,on
C08,dach_de_plus_m_consistency26m_2,431508253,B,rollout_winner,person_781283113e41b02aa4667b86,1,0,message_bbe8f564ebfd235192c2940f,event_a0b859d705eae372a4b9bee3,DELIVERED,2026-08-05 11:05:02,2026-08-05 11:05:07,Wie dich konkrete Umfragen in KI-Systemen nach vorne bringen,0,,,,,on
C08,dach_de_plus_m_consistency26m_2,431508253,B,rollout_winner,person_bceb97faf8186f6709cde98f,1,0,message_fc2ba8c9214d84938b84a80a,event_2e51eba7fdf926df42918a6c,SENT,2026-08-05 11:05:02,2026-08-05 11:05:02,Wie dich konkrete Umfragen in KI-Systemen nach vorne bringen,0,,,,,on
C08,dach_de_plus_m_consistency26m_2,431508253,B,rollout_winner,person_bceb97faf8186f6709cde98f,1,0,message_fc2ba8c9214d84938b84a80a,event_34271cd845f3fa6f8709f6d2,DELIVERED,2026-08-05 11:05:02,2026-08-05 11:05:07,Wie dich konkrete Umfragen in KI-Systemen nach vorne bringen,0,,,,,on
C08,dach_de_plus_m_consistency26m_2,431508253,B,rollout_winner,person_29601d90e0e867e8236efd94,1,0,message_d7ced664a14a515b90537a6f,event_ff9a3051aba0c9dbce9950e0,SUPPRESSED,2026-08-05 11:05:02,2026-08-05 11:05:02,Wie dich konkrete Umfragen in KI-Systemen nach vorne bringen,0,,,,NON_MARKETABLE_CONTACT,on
C08,dach_de_plus_m_consistency26m_2,431508255,B,test,person_792f1021422575ac22d3f841,1,0,message_997289637480e934665bccca,event_04fc2b62d9f09a49cb186a71,SENT,2026-08-05 09:03:35,2026-08-05 09:03:35,Wie dich konkrete Umfragen in KI-Systemen nach vorne bringen,0,,,,,on
C08,dach_de_plus_m_consistency26m_2,431508255,B,test,person_792f1021422575ac22d3f841,1,0,message_997289637480e934665bccca,event_b2eb28ba12c180ce0ebc0ce0,DELIVERED,2026-08-05 09:03:35,2026-08-05 09:03:37,Wie dich konkrete Umfragen in KI-Systemen nach vorne bringen,0,,,,,on
C08,dach_de_plus_m_consistency26m_2,431508253,B,rollout_winner,person_7aa77cec7ae7825176ec8219,1,0,message_f81ca3d901ed43cd681e03cc,event_deeb7e7db391c3c55e25dbaa,SENT,2026-08-05 11:05:02,2026-08-05 11:05:02,Wie dich konkrete Umfragen in KI-Systemen nach vorne bringen,0,,,,,on
C08,dach_de_plus_m_consistency26m_2,431508253,B,rollout_winner,person_7aa77cec7ae7825176ec8219,1,0,message_f81ca3d901ed43cd681e03cc,event_418bdbacb9a2b3fc9efd6960,DELIVERED,2026-08-05 11:05:02,2026-08-05 11:05:05,Wie dich konkrete Umfragen in KI-Systemen nach vorne bringen,0,,,,,on
C08,dach_de_plus_m_consistency26m_2,431508255,B,test,person_748fbf61b1504f99df0f7b02,1,0,message_c52a11a9e7f807f86fc477d2,event_7b8b90905c7c5015958c9f2d,DELIVERED,2026-08-05 09:04:55,2026-08-05 09:05:00,Wie dich konkrete Umfragen in KI-Systemen nach vorne bringen,0,,,,,on
C08,dach_de_plus_m_consistency26m_2,431508255,B,test,person_748fbf61b1504f99df0f7b02,1,0,message_c52a11a9e7f807f86fc477d2,event_a8f80914d7bbcc043bc4231e,SENT,2026-08-05 09:04:55,2026-08-05 09:04:55,Wie dich konkrete Umfragen in KI-Systemen nach vorne bringen,0,,,,,on
C08,dach_de_plus_m_consistency26m_2,431508255,B,test,person_d442b0c7293bd7f923d7a0df,1,0,message_690ec18d10cac251de6c8fb2,event_cf10e3d83b74c2d3a55dc879,DROPPED,2026-08-05 09:03:35,2026-08-05 09:03:35,Wie dich konkrete Umfragen in KI-Systemen nach vorne bringen,0,,,,QUARANTINED_ADDRESS,on
C08,dach_de_plus_m_consistency26m_2,431508254,A,test,person_36d54553857eed33cb6b0607,1,1,message_efbc7fb614d34301e9c1baf3,event_a9180e7a01e7f4ea5e151b04,CLICK,2026-08-05 09:04:56,2026-08-05 09:17:06,"5 Sterne allein zeigen nicht, warum Kunden dich wählen",0,,,link_407dac5bfbe2d65a0b8e2996,,on
C08,dach_de_plus_m_consistency26m_2,431508254,A,test,person_36d54553857eed33cb6b0607,1,1,message_efbc7fb614d34301e9c1baf3,event_dde003954975fad36ed28e6b,SENT,2026-08-05 09:04:56,2026-08-05 09:04:56,"5 Sterne allein zeigen nicht, warum Kunden dich wählen",0,,,,,on
C08,dach_de_plus_m_consistency26m_2,431508254,A,test,person_36d54553857eed33cb6b0607,1,1,message_efbc7fb614d34301e9c1baf3,event_bf3a28e0ba5b0234aa7e1afb,DELIVERED,2026-08-05 09:04:56,2026-08-05 09:04:58,"5 Sterne allein zeigen nicht, warum Kunden dich wählen",0,,,,,on
C08,dach_de_plus_m_consistency26m_2,431508254,A,test,person_36d54553857eed33cb6b0607,1,1,message_efbc7fb614d34301e9c1baf3,event_19c00ff9ac178a66ebcab2b0,OPEN,2026-08-05 09:04:56,2026-08-05 09:17:06,"5 Sterne allein zeigen nicht, warum Kunden dich wählen",0,,event_a9180e7a01e7f4ea5e151b04,,,on
C08,dach_de_plus_m_consistency26m_2,431508254,A,test,person_892f6224154aabe0c241bb40,1,0,message_538717c0c6004da8477ccbe3,event_f73332b55a83c4c899ceb5ab,OPEN,2026-08-05 09:04:55,2026-08-05 11:39:07,"5 Sterne allein zeigen nicht, warum Kunden dich wählen",0,,,,,on
C08,dach_de_plus_m_consistency26m_2,431508254,A,test,person_892f6224154aabe0c241bb40,1,0,message_538717c0c6004da8477ccbe3,event_31a0e7b4f4f07276aa7f6ddf,OPEN,2026-08-05 09:04:55,2026-08-06 09:08:00,"5 Sterne allein zeigen nicht, warum Kunden dich wählen",0,,,,,on
C08,dach_de_plus_m_consistency26m_2,431508254,A,test,person_892f6224154aabe0c241bb40,1,0,message_538717c0c6004da8477ccbe3,event_7376e97c0d749ef9d56e2697,OPEN,2026-08-05 09:04:55,2026-08-06 10:51:44,"5 Sterne allein zeigen nicht, warum Kunden dich wählen",0,,,,,on
C08,dach_de_plus_m_consistency26m_2,431508254,A,test,person_892f6224154aabe0c241bb40,1,0,message_538717c0c6004da8477ccbe3,event_de419f5142ea1ce0b872541c,OPEN,2026-08-05 09:04:55,2026-08-05 10:03:41,"5 Sterne allein zeigen nicht, warum Kunden dich wählen",0,,,,,on
C08,dach_de_plus_m_consistency26m_2,431508254,A,test,person_892f6224154aabe0c241bb40,1,0,message_538717c0c6004da8477ccbe3,event_6d5f003d66309315710ec948,DELIVERED,2026-08-05 09:04:55,2026-08-05 09:04:57,"5 Sterne allein zeigen nicht, warum Kunden dich wählen",0,,,,,on
C08,dach_de_plus_m_consistency26m_2,431508254,A,test,person_892f6224154aabe0c241bb40,1,0,message_538717c0c6004da8477ccbe3,event_47d2fa8e46a784d16022e212,SENT,2026-08-05 09:04:55,2026-08-05 09:04:55,"5 Sterne allein zeigen nicht, warum Kunden dich wählen",0,,,,,on
C08,dach_de_plus_m_consistency26m_2,431508254,A,test,person_93c1f41623bd967eb27f2a78,1,0,message_0f2f05903e2f007ef01fb215,event_da64987914c7f8fa1a53ac71,SENT,2026-08-05 09:04:56,2026-08-05 09:04:56,"5 Sterne allein zeigen nicht, warum Kunden dich wählen",0,,,,,on
C08,dach_de_plus_m_consistency26m_2,431508254,A,test,person_93c1f41623bd967eb27f2a78,1,0,message_0f2f05903e2f007ef01fb215,event_5c022e5243ce994e1bbcdd81,DELIVERED,2026-08-05 09:04:56,2026-08-05 09:05:01,"5 Sterne allein zeigen nicht, warum Kunden dich wählen",0,,,,,on
C08,dach_de_plus_m_consistency26m_2,431508254,A,test,person_45df000715f7dcb9ca083f45,1,0,message_88e314b886682a7a92e202cd,event_aef7fa7bf78983529be5352a,DELIVERED,2026-08-05 09:04:55,2026-08-05 11:05:17,"5 Sterne allein zeigen nicht, warum Kunden dich wählen",0,,,,,on
C08,dach_de_plus_m_consistency26m_2,431508254,A,test,person_45df000715f7dcb9ca083f45,1,0,message_88e314b886682a7a92e202cd,event_957a7d72bb24e087264b7881,SENT,2026-08-05 09:04:55,2026-08-05 09:04:55,"5 Sterne allein zeigen nicht, warum Kunden dich wählen",0,,,,,on
C08,dach_de_plus_m_consistency26m_2,431508254,A,test,person_45df000715f7dcb9ca083f45,1,0,message_88e314b886682a7a92e202cd,event_c616f7095ab0e3fb46c66202,DEFERRED,2026-08-05 09:04:55,2026-08-05 09:05:16,"5 Sterne allein zeigen nicht, warum Kunden dich wählen",0,,,,,on
C08,dach_de_plus_m_consistency26m_2,431508253,B,rollout_winner,person_4b1c78576bc20648bcd73c3a,1,0,message_95c53ecf76e81eeb46b336b8,event_97971c1ba80179016256ffa8,DELIVERED,2026-08-05 11:05:02,2026-08-05 11:05:05,Wie dich konkrete Umfragen in KI-Systemen nach vorne bringen,0,,,,,on
C08,dach_de_plus_m_consistency26m_2,431508253,B,rollout_winner,person_4b1c78576bc20648bcd73c3a,1,0,message_95c53ecf76e81eeb46b336b8,event_f443c2a30d71c8510880b6ee,SENT,2026-08-05 11:05:02,2026-08-05 11:05:02,Wie dich konkrete Umfragen in KI-Systemen nach vorne bringen,0,,,,,on
C08,dach_de_plus_m_consistency26m_2,431508255,B,test,person_df13ef5dca4e80a4ee5b5831,1,0,message_c7e3ccff34bab47857862df7,event_7a82af2411fa6e3ec4db06e5,SENT,2026-08-05 09:04:55,2026-08-05 09:04:55,Wie dich konkrete Umfragen in KI-Systemen nach vorne bringen,0,,,,,on
C08,dach_de_plus_m_consistency26m_2,431508255,B,test,person_df13ef5dca4e80a4ee5b5831,1,0,message_c7e3ccff34bab47857862df7,event_222eaaad86b1ef86ef532372,DELIVERED,2026-08-05 09:04:55,2026-08-05 09:05:00,Wie dich konkrete Umfragen in KI-Systemen nach vorne bringen,0,,,,,on
C08,dach_de_plus_m_consistency26m_2,431508253,B,rollout_winner,person_408ac7aa9871da20a775568e,1,0,message_f1aa17ea3299d93d22c1451c,event_df12b885f70c6593b116195c,DEFERRED,2026-08-05 11:05:02,2026-08-05 11:07:03,Wie dich konkrete Umfragen in KI-Systemen nach vorne bringen,0,,,,,on
C08,dach_de_plus_m_consistency26m_2,431508253,B,rollout_winner,person_408ac7aa9871da20a775568e,1,0,message_f1aa17ea3299d93d22c1451c,event_6036230a30dc1f2410a1f3a9,DELIVERED,2026-08-05 11:05:02,2026-08-05 11:17:09,Wie dich konkrete Umfragen in KI-Systemen nach vorne bringen,0,,,,,on
C08,dach_de_plus_m_consistency26m_2,431508253,B,rollout_winner,person_408ac7aa9871da20a775568e,1,0,message_f1aa17ea3299d93d22c1451c,event_635c26eaa2ddace48d8ee7f0,SENT,2026-08-05 11:05:02,2026-08-05 11:05:02,Wie dich konkrete Umfragen in KI-Systemen nach vorne bringen,0,,,,,on
C08,dach_de_plus_m_consistency26m_2,431508255,B,test,person_234ca675f0961603a0ab4b86,1,0,message_b9548cb0d59bb2b41eca9668,event_fe369119fe91782a11f30d59,SENT,2026-08-05 09:03:35,2026-08-05 09:03:35,Wie dich konkrete Umfragen in KI-Systemen nach vorne bringen,0,,,,,on
C08,dach_de_plus_m_consistency26m_2,431508255,B,test,person_234ca675f0961603a0ab4b86,1,0,message_b9548cb0d59bb2b41eca9668,event_7ece10605152090f5659675d,DELIVERED,2026-08-05 09:03:35,2026-08-05 09:03:38,Wie dich konkrete Umfragen in KI-Systemen nach vorne bringen,0,,,,,on
C08,dach_de_plus_m_consistency26m_2,431508254,A,test,person_980e609da7934af4922352a2,1,0,message_e2469f9151877441ec66a67a,event_5a8e9ee0814faa5718c649f9,DELIVERED,2026-08-05 09:04:55,2026-08-05 09:05:25,"5 Sterne allein zeigen nicht, warum Kunden dich wählen",0,,,,,on
C08,dach_de_plus_m_consistency26m_2,431508254,A,test,person_980e609da7934af4922352a2,1,0,message_e2469f9151877441ec66a67a,event_77183a7611d943af4cc20d51,DEFERRED,2026-08-05 09:04:55,2026-08-05 09:05:18,"5 Sterne allein zeigen nicht, warum Kunden dich wählen",0,,,,,on
C08,dach_de_plus_m_consistency26m_2,431508254,A,test,person_980e609da7934af4922352a2,1,0,message_e2469f9151877441ec66a67a,event_64d2e7d298fad960e665813f,SENT,2026-08-05 09:04:55,2026-08-05 09:04:55,"5 Sterne allein zeigen nicht, warum Kunden dich wählen",0,,,,,on
C08,dach_de_plus_m_consistency26m_2,431508255,B,test,person_56a48930144c114ddd022095,1,0,message_b10a21544c54d9507db94191,event_b91df876e61152d73565422e,SENT,2026-08-05 09:04:55,2026-08-05 09:04:55,Wie dich konkrete Umfragen in KI-Systemen nach vorne bringen,0,,,,,on
C08,dach_de_plus_m_consistency26m_2,431508255,B,test,person_56a48930144c114ddd022095,1,0,message_b10a21544c54d9507db94191,event_c05269db5390d25777b91dad,DELIVERED,2026-08-05 09:04:55,2026-08-05 09:04:58,Wie dich konkrete Umfragen in KI-Systemen nach vorne bringen,0,,,,,on
C08,dach_de_plus_m_consistency26m_2,431508253,B,rollout_winner,person_811625364a0a3618232f4d3a,1,0,message_02af5dfb90e1a19f1b2b6db7,event_0d777f6cb49db808f3a3a963,DROPPED,2026-08-05 11:05:02,2026-08-05 11:05:02,Wie dich konkrete Umfragen in KI-Systemen nach vorne bringen,0,,event_3dc074481cd7c3050d5b41e2,,PREVIOUSLY_BOUNCED,on
C08,dach_de_plus_m_consistency26m_2,431508253,B,rollout_winner,person_33528c5050059adce4d7c75e,1,0,message_8451dd5c03635ac813909f46,event_1f04bd22c26f9568ffdc9db0,DROPPED,2026-08-05 11:05:02,2026-08-05 11:05:02,Wie dich konkrete Umfragen in KI-Systemen nach vorne bringen,0,,event_6d972847cda2e551d356e808,,PREVIOUSLY_BOUNCED,on
C08,dach_de_plus_m_consistency26m_2,431508255,B,test,person_56a48930144c114ddd022095,1,0,message_b10a21544c54d9507db94191,event_3202b81cfd17b54a0240d49c,OPEN,2026-08-05 09:04:55,2026-08-05 09:15:18,Wie dich konkrete Umfragen in KI-Systemen nach vorne bringen,0,,,,,on
C08,dach_de_plus_m_consistency26m_2,431508253,B,rollout_winner,person_c1d680075c23be892de838cc,1,0,message_a624f4d441e498619084cb76,event_820abf53ef9f3df1c08a146d,SENT,2026-08-05 11:05:01,2026-08-05 11:05:01,Wie dich konkrete Umfragen in KI-Systemen nach vorne bringen,0,,,,,on
C08,dach_de_plus_m_consistency26m_2,431508253,B,rollout_winner,person_c1d680075c23be892de838cc,1,0,message_a624f4d441e498619084cb76,event_16f90ad9740a06fdf8a59a52,DELIVERED,2026-08-05 11:05:01,2026-08-05 11:05:03,Wie dich konkrete Umfragen in KI-Systemen nach vorne bringen,0,,,,,on
C08,dach_de_plus_m_consistency26m_2,431508254,A,test,person_e805da9d5e01c26ee6f5a1c7,1,0,message_a8889e523426ce7d9c2e97e5,event_7751192ee1c70a4ef92cd003,SENT,2026-08-05 09:04:56,2026-08-05 09:04:56,"5 Sterne allein zeigen nicht, warum Kunden dich wählen",0,,,,,on
C08,dach_de_plus_m_consistency26m_2,431508254,A,test,person_e805da9d5e01c26ee6f5a1c7,1,0,message_a8889e523426ce7d9c2e97e5,event_cc3e8f5c3b9f0f6707d4d6d9,DELIVERED,2026-08-05 09:04:56,2026-08-05 09:04:59,"5 Sterne allein zeigen nicht, warum Kunden dich wählen",0,,,,,on
C08,dach_de_plus_m_consistency26m_2,431508253,B,rollout_winner,person_e4f9ccb3e24e86e86080f069,1,0,message_9772e8be129ea8f2a2fc2134,event_5f6b9bc545587be2c00bce46,DELIVERED,2026-08-05 11:05:02,2026-08-05 11:05:06,Wie dich konkrete Umfragen in KI-Systemen nach vorne bringen,0,,,,,on
C08,dach_de_plus_m_consistency26m_2,431508253,B,rollout_winner,person_e4f9ccb3e24e86e86080f069,1,0,message_9772e8be129ea8f2a2fc2134,event_2cd9d133787f5f4db68a7a3b,SENT,2026-08-05 11:05:02,2026-08-05 11:05:02,Wie dich konkrete Umfragen in KI-Systemen nach vorne bringen,0,,,,,on
C08,dach_de_plus_m_consistency26m_2,431508253,B,rollout_winner,person_302287ddbb988e62590b9df2,1,0,message_a2ba95ce99e0238953a06043,event_1653829a6706888e221fd9e7,SENT,2026-08-05 11:05:02,2026-08-05 11:05:02,Wie dich konkrete Umfragen in KI-Systemen nach vorne bringen,0,,,,,on
C08,dach_de_plus_m_consistency26m_2,431508253,B,rollout_winner,person_302287ddbb988e62590b9df2,1,0,message_a2ba95ce99e0238953a06043,event_d4404f80f7d2662b16c75b88,DELIVERED,2026-08-05 11:05:02,2026-08-05 11:05:05,Wie dich konkrete Umfragen in KI-Systemen nach vorne bringen,0,,,,,on
C08,dach_de_plus_m_consistency26m_2,431508255,B,test,person_b10d8e930c3434f6cf578f86,1,0,message_b40755c847b6f115748f4dcd,event_8d3c60185eb4d5d98dd281a0,DELIVERED,2026-08-05 09:04:55,2026-08-05 09:05:01,Wie dich konkrete Umfragen in KI-Systemen nach vorne bringen,0,,,,,on
C08,dach_de_plus_m_consistency26m_2,431508255,B,test,person_b10d8e930c3434f6cf578f86,1,0,message_b40755c847b6f115748f4dcd,event_5d1ed638e624dafefa97720d,SENT,2026-08-05 09:04:55,2026-08-05 09:04:55,Wie dich konkrete Umfragen in KI-Systemen nach vorne bringen,0,,,,,on
C08,dach_de_plus_m_consistency26m_2,431508254,A,test,person_7edd6ace337211a5ba006001,1,0,message_394862f905fd241415efa78b,event_e0f0c0037ed9d6b54213186b,DELIVERED,2026-08-05 09:04:55,2026-08-05 09:05:49,"5 Sterne allein zeigen nicht, warum Kunden dich wählen",0,,,,,on
C08,dach_de_plus_m_consistency26m_2,431508254,A,test,person_7edd6ace337211a5ba006001,1,0,message_394862f905fd241415efa78b,event_c3ad0429b344b63333c63611,SENT,2026-08-05 09:04:55,2026-08-05 09:04:55,"5 Sterne allein zeigen nicht, warum Kunden dich wählen",0,,,,,on
C08,dach_de_plus_m_consistency26m_2,431508253,B,rollout_winner,person_0862206697b8cce641c8d349,1,0,message_1b39da73ce894737b26166cf,event_91a272d8977cdf7d92e9f53a,SENT,2026-08-05 11:05:02,2026-08-05 11:05:02,Wie dich konkrete Umfragen in KI-Systemen nach vorne bringen,0,,,,,on
C08,dach_de_plus_m_consistency26m_2,431508253,B,rollout_winner,person_0862206697b8cce641c8d349,1,0,message_1b39da73ce894737b26166cf,event_cccc96fd203faeb1b9a6fe93,DELIVERED,2026-08-05 11:05:02,2026-08-05 11:05:05,Wie dich konkrete Umfragen in KI-Systemen nach vorne bringen,0,,,,,on
C08,dach_de_plus_m_consistency26m_2,431508253,B,rollout_winner,person_1b1303f704f17a65d7fa4aa2,1,0,message_56b0d5cbc1bdb2d0c1fde9d3,event_44f442b016621c2db3deb545,SUPPRESSED,2026-08-05 11:05:02,2026-08-05 11:05:02,Wie dich konkrete Umfragen in KI-Systemen nach vorne bringen,0,,,,NON_MARKETABLE_CONTACT,on
C08,dach_de_plus_m_consistency26m_2,431508254,A,test,person_a6f381b065bb4d841d28723b,1,0,message_56fb1a0366b61b53f71618c8,event_a96f481ab885c5cb7aeaee70,DELIVERED,2026-08-05 09:04:56,2026-08-05 09:04:57,"5 Sterne allein zeigen nicht, warum Kunden dich wählen",0,,,,,on
C08,dach_de_plus_m_consistency26m_2,431508254,A,test,person_a6f381b065bb4d841d28723b,1,0,message_56fb1a0366b61b53f71618c8,event_5d7989d25e5bce6a76194ebc,SENT,2026-08-05 09:04:56,2026-08-05 09:04:56,"5 Sterne allein zeigen nicht, warum Kunden dich wählen",0,,,,,on
C08,dach_de_plus_m_consistency26m_2,431508253,B,rollout_winner,person_55e3dd42fb2363cdbad3036f,1,0,message_cb451869255a71b0a1f92ccf,event_33a82fb7bf033ea564e2a4dd,DELIVERED,2026-08-05 11:05:02,2026-08-05 11:05:05,Wie dich konkrete Umfragen in KI-Systemen nach vorne bringen,0,,,,,on
C08,dach_de_plus_m_consistency26m_2,431508253,B,rollout_winner,person_55e3dd42fb2363cdbad3036f,1,0,message_cb451869255a71b0a1f92ccf,event_b5a872a10698277db9c610ee,SENT,2026-08-05 11:05:02,2026-08-05 11:05:02,Wie dich konkrete Umfragen in KI-Systemen nach vorne bringen,0,,,,,on
C08,dach_de_plus_m_consistency26m_2,431508254,A,test,person_52849d81722254391767a0d7,1,0,message_d4a3e987978c269289f54659,event_5dfc6e1e352e7935357798e8,SENT,2026-08-05 09:04:55,2026-08-05 09:04:55,"5 Sterne allein zeigen nicht, warum Kunden dich wählen",0,,,,,on
C08,dach_de_plus_m_consistency26m_2,431508254,A,test,person_52849d81722254391767a0d7,1,0,message_d4a3e987978c269289f54659,event_664613c7751dd73e805c8878,DELIVERED,2026-08-05 09:04:55,2026-08-05 09:04:57,"5 Sterne allein zeigen nicht, warum Kunden dich wählen",0,,,,,on
C08,dach_de_plus_m_consistency26m_2,431508253,B,rollout_winner,person_ee02463c8d505d3379a0b1cc,1,0,message_0ce40121e3b376c6d8344ee5,event_0b124a03506bb288a323393d,DELIVERED,2026-08-05 11:05:02,2026-08-05 11:05:47,Wie dich konkrete Umfragen in KI-Systemen nach vorne bringen,0,,,,,on
C08,dach_de_plus_m_consistency26m_2,431508253,B,rollout_winner,person_ee02463c8d505d3379a0b1cc,1,0,message_0ce40121e3b376c6d8344ee5,event_d32938e0522d3833acc695aa,SENT,2026-08-05 11:05:02,2026-08-05 11:05:02,Wie dich konkrete Umfragen in KI-Systemen nach vorne bringen,0,,,,,on
C08,dach_de_plus_m_consistency26m_2,431508254,A,test,person_29d31d3ac116bd0e3ccff9e3,1,0,message_df90dc7fedfc38abe62e49ca,event_5d4457496814a69f81a8330d,DELIVERED,2026-08-05 09:04:56,2026-08-05 09:04:59,"5 Sterne allein zeigen nicht, warum Kunden dich wählen",0,,,,,on
C08,dach_de_plus_m_consistency26m_2,431508254,A,test,person_29d31d3ac116bd0e3ccff9e3,1,0,message_df90dc7fedfc38abe62e49ca,event_80593d0c7f95b453213c694f,SENT,2026-08-05 09:04:56,2026-08-05 09:04:56,"5 Sterne allein zeigen nicht, warum Kunden dich wählen",0,,,,,on
C08,dach_de_plus_m_consistency26m_2,431508255,B,test,person_f890489ae30058e65b103257,1,0,message_429665914fc7e7f4251950ff,event_7b67c5ab47eaa9530f91524a,DELIVERED,2026-08-05 09:03:35,2026-08-05 09:03:44,Wie dich konkrete Umfragen in KI-Systemen nach vorne bringen,0,,,,,on
C08,dach_de_plus_m_consistency26m_2,431508255,B,test,person_f890489ae30058e65b103257,1,0,message_429665914fc7e7f4251950ff,event_9b5531459704b81ee4951735,SENT,2026-08-05 09:03:35,2026-08-05 09:03:35,Wie dich konkrete Umfragen in KI-Systemen nach vorne bringen,0,,,,,on
C08,dach_de_plus_m_consistency26m_2,431508255,B,test,person_4c02b201e3f8e1df18b0e5e6,1,0,message_5082d8e2e8eafd31415a61bc,event_381192035103cbfb517d4383,DROPPED,2026-08-05 09:03:35,2026-08-05 09:03:35,Wie dich konkrete Umfragen in KI-Systemen nach vorne bringen,0,,event_f8b15db956f9c61f218904bc,,PREVIOUSLY_BOUNCED,on
C08,dach_de_plus_m_consistency26m_2,431508253,B,rollout_winner,person_dfc53eec4103442383e9ed85,1,0,message_77802c00cf6f5cf605ed1eae,event_f45beac18653afb6b42140fd,SENT,2026-08-05 11:05:02,2026-08-05 11:05:02,Wie dich konkrete Umfragen in KI-Systemen nach vorne bringen,0,,,,,on
C08,dach_de_plus_m_consistency26m_2,431508253,B,rollout_winner,person_dfc53eec4103442383e9ed85,1,0,message_77802c00cf6f5cf605ed1eae,event_106a782cdfb099aecb238dcc,DELIVERED,2026-08-05 11:05:02,2026-08-05 11:05:04,Wie dich konkrete Umfragen in KI-Systemen nach vorne bringen,0,,,,,on
C08,dach_de_plus_m_consistency26m_2,431508255,B,test,person_48ecb6a77b831ba22132ee76,1,0,message_f2e04ae9ab4f0125d314df5f,event_7edab98c8dfdbc955d3dee8f,DEFERRED,2026-08-05 09:04:55,2026-08-05 09:05:17,Wie dich konkrete Umfragen in KI-Systemen nach vorne bringen,0,,,,,on
C08,dach_de_plus_m_consistency26m_2,431508255,B,test,person_48ecb6a77b831ba22132ee76,1,0,message_f2e04ae9ab4f0125d314df5f,event_2e7626c0a680488978b19319,SENT,2026-08-05 09:04:55,2026-08-05 09:04:55,Wie dich konkrete Umfragen in KI-Systemen nach vorne bringen,0,,,,,on
C08,dach_de_plus_m_consistency26m_2,431508255,B,test,person_48ecb6a77b831ba22132ee76,1,0,message_f2e04ae9ab4f0125d314df5f,event_b30179f91262b120e332fa9b,DELIVERED,2026-08-05 09:04:55,2026-08-05 11:05:18,Wie dich konkrete Umfragen in KI-Systemen nach vorne bringen,0,,,,,on
C08,dach_de_plus_m_consistency26m_2,431508253,B,rollout_winner,person_cc7526e7c2f211c5851f8336,1,0,message_126758e32728b25f6d4c39a3,event_e70dce6941307bf5ea943275,SENT,2026-08-05 11:05:02,2026-08-05 11:05:02,Wie dich konkrete Umfragen in KI-Systemen nach vorne bringen,0,,,,,on
C08,dach_de_plus_m_consistency26m_2,431508253,B,rollout_winner,person_cc7526e7c2f211c5851f8336,1,0,message_126758e32728b25f6d4c39a3,event_a6e2237e4f9283ecc5b232a7,DELIVERED,2026-08-05 11:05:02,2026-08-05 11:05:09,Wie dich konkrete Umfragen in KI-Systemen nach vorne bringen,0,,,,,on
C08,dach_de_plus_m_consistency26m_2,431508253,B,rollout_winner,person_66d9c12cbd938277f325a682,1,0,message_f3bb33f4b181880562b78f61,event_d24ac46fda6dcccb6c72d859,DELIVERED,2026-08-05 11:05:02,2026-08-05 11:05:05,Wie dich konkrete Umfragen in KI-Systemen nach vorne bringen,0,,,,,on
C08,dach_de_plus_m_consistency26m_2,431508253,B,rollout_winner,person_66d9c12cbd938277f325a682,1,0,message_f3bb33f4b181880562b78f61,event_edf2fa3cfd07a5259dac940b,SENT,2026-08-05 11:05:02,2026-08-05 11:05:02,Wie dich konkrete Umfragen in KI-Systemen nach vorne bringen,0,,,,,on
C08,dach_de_plus_m_consistency26m_2,431508253,B,rollout_winner,person_865b185cb0ba92afff7f2431,1,0,message_f04074b6ecdcb38a0715edb0,event_63179a4fce753b0fb7f748cb,SUPPRESSED,2026-08-05 11:05:02,2026-08-05 11:05:02,Wie dich konkrete Umfragen in KI-Systemen nach vorne bringen,0,,,,NON_MARKETABLE_CONTACT,on
C08,dach_de_plus_m_consistency26m_2,431508255,B,test,person_aad8b6883f948072e08c638b,1,0,message_0f1e14c89338a6b0ff95b8d3,event_b7be2e81266bebfe51dcc065,SENT,2026-08-05 09:03:35,2026-08-05 09:03:35,Wie dich konkrete Umfragen in KI-Systemen nach vorne bringen,0,,,,,on
C08,dach_de_plus_m_consistency26m_2,431508255,B,test,person_aad8b6883f948072e08c638b,1,0,message_0f1e14c89338a6b0ff95b8d3,event_99e0260819c06f6a18e8e7d5,DELIVERED,2026-08-05 09:03:35,2026-08-05 09:03:39,Wie dich konkrete Umfragen in KI-Systemen nach vorne bringen,0,,,,,on
C08,dach_de_plus_m_consistency26m_2,431508253,B,rollout_winner,person_a347a17b3079887ba887cca7,1,0,message_a125f2f549abf488d8051742,event_db74a64733dbd342fd821309,DELIVERED,2026-08-05 11:05:02,2026-08-05 11:05:06,Wie dich konkrete Umfragen in KI-Systemen nach vorne bringen,0,,,,,on
C08,dach_de_plus_m_consistency26m_2,431508253,B,rollout_winner,person_a347a17b3079887ba887cca7,1,0,message_a125f2f549abf488d8051742,event_ba6c2821cc168938e2899c68,SENT,2026-08-05 11:05:02,2026-08-05 11:05:02,Wie dich konkrete Umfragen in KI-Systemen nach vorne bringen,0,,,,,on
C08,dach_de_plus_m_consistency26m_2,431508253,B,rollout_winner,person_f90fdaeb3e9a4cf34f574052,1,0,message_2f7d9ef68d67e7abd6dcdfcc,event_bf3356cf8253c9e8475a7ed8,SENT,2026-08-05 11:05:01,2026-08-05 11:05:01,Wie dich konkrete Umfragen in KI-Systemen nach vorne bringen,0,,,,,on
C08,dach_de_plus_m_consistency26m_2,431508253,B,rollout_winner,person_f90fdaeb3e9a4cf34f574052,1,0,message_2f7d9ef68d67e7abd6dcdfcc,event_0495bd1bb2a30d1a0b31b2f0,OPEN,2026-08-05 11:05:01,2026-08-05 11:18:11,Wie dich konkrete Umfragen in KI-Systemen nach vorne bringen,0,,,,,on
C08,dach_de_plus_m_consistency26m_2,431508253,B,rollout_winner,person_f90fdaeb3e9a4cf34f574052,1,0,message_2f7d9ef68d67e7abd6dcdfcc,event_35b184694c8bd82ca0559666,DELIVERED,2026-08-05 11:05:01,2026-08-05 11:05:04,Wie dich konkrete Umfragen in KI-Systemen nach vorne bringen,0,,,,,on
C08,dach_de_plus_m_consistency26m_2,431508254,A,test,person_a2bce01a449c1d0e4d2a0dd2,1,0,message_83b8e49559279fb4a4f4bd5e,event_b4404802c58019ad3828e986,DELIVERED,2026-08-05 09:04:55,2026-08-05 09:04:58,"5 Sterne allein zeigen nicht, warum Kunden dich wählen",0,,,,,on
C08,dach_de_plus_m_consistency26m_2,431508254,A,test,person_a2bce01a449c1d0e4d2a0dd2,1,0,message_83b8e49559279fb4a4f4bd5e,event_f934a92020f949b06746727d,SENT,2026-08-05 09:04:55,2026-08-05 09:04:55,"5 Sterne allein zeigen nicht, warum Kunden dich wählen",0,,,,,on
C08,dach_de_plus_m_consistency26m_2,431508255,B,test,person_d7eefa3dfa7e04d12f14e06b,1,0,message_8f1bc8621acbc7b7feae84f8,event_a31e4fe10cbc9b5c53a5cace,SENT,2026-08-05 09:03:35,2026-08-05 09:03:35,Wie dich konkrete Umfragen in KI-Systemen nach vorne bringen,0,,,,,on
C08,dach_de_plus_m_consistency26m_2,431508255,B,test,person_d7eefa3dfa7e04d12f14e06b,1,0,message_8f1bc8621acbc7b7feae84f8,event_2278c7be1036ed7edaca616d,DELIVERED,2026-08-05 09:03:35,2026-08-05 09:03:38,Wie dich konkrete Umfragen in KI-Systemen nach vorne bringen,0,,,,,on
C08,dach_de_plus_m_consistency26m_2,431508255,B,test,person_d7eefa3dfa7e04d12f14e06b,1,0,message_8f1bc8621acbc7b7feae84f8,event_7d873313dab42195bc6e2db2,OPEN,2026-08-05 09:03:35,2026-08-05 09:06:51,Wie dich konkrete Umfragen in KI-Systemen nach vorne bringen,0,,,,,on
C08,dach_de_plus_m_consistency26m_2,431508254,A,test,person_d1d6669cb32e1d011c9154c6,1,0,message_89b69aac9af3cbe183fd0309,event_14b5e5501a53839a01c7f779,SENT,2026-08-05 09:04:55,2026-08-05 09:04:55,"5 Sterne allein zeigen nicht, warum Kunden dich wählen",0,,,,,on
C08,dach_de_plus_m_consistency26m_2,431508254,A,test,person_d1d6669cb32e1d011c9154c6,1,0,message_89b69aac9af3cbe183fd0309,event_daa2d5e13b2ec8a2ea267af7,DELIVERED,2026-08-05 09:04:55,2026-08-05 09:04:59,"5 Sterne allein zeigen nicht, warum Kunden dich wählen",0,,,,,on
C08,dach_de_plus_m_consistency26m_2,431508253,B,rollout_winner,person_7582425d06f614d606cd5ce2,1,0,message_026228c1b403701df8d4cfa8,event_7efc9d8635e677b9c1327baf,DELIVERED,2026-08-05 11:05:02,2026-08-05 11:05:10,Wie dich konkrete Umfragen in KI-Systemen nach vorne bringen,0,,,,,on
C08,dach_de_plus_m_consistency26m_2,431508253,B,rollout_winner,person_7582425d06f614d606cd5ce2,1,0,message_026228c1b403701df8d4cfa8,event_d6354ad3c3f7b114c643c168,SENT,2026-08-05 11:05:02,2026-08-05 11:05:02,Wie dich konkrete Umfragen in KI-Systemen nach vorne bringen,0,,,,,on
C08,dach_de_plus_m_consistency26m_2,431508253,B,rollout_winner,person_c7d088d683776ccf1c68d5eb,1,0,message_9f982be3deef7b1110990600,event_be749227308d01278ecbc5d5,DELIVERED,2026-08-05 11:05:01,2026-08-05 11:05:03,Wie dich konkrete Umfragen in KI-Systemen nach vorne bringen,0,,,,,on
C08,dach_de_plus_m_consistency26m_2,431508253,B,rollout_winner,person_c7d088d683776ccf1c68d5eb,1,0,message_9f982be3deef7b1110990600,event_73e3130b850c00c507ea3f3e,SENT,2026-08-05 11:05:01,2026-08-05 11:05:01,Wie dich konkrete Umfragen in KI-Systemen nach vorne bringen,0,,,,,on
C08,dach_de_plus_m_consistency26m_2,431508254,A,test,person_ef5b931491c604a2f74b5d96,1,0,message_4d3f825b71920ca06cb3c7c8,event_bdb9a6a75321bd04f9acf495,DELIVERED,2026-08-05 09:04:56,2026-08-05 11:05:19,"5 Sterne allein zeigen nicht, warum Kunden dich wählen",0,,,,,on
C08,dach_de_plus_m_consistency26m_2,431508254,A,test,person_ef5b931491c604a2f74b5d96,1,0,message_4d3f825b71920ca06cb3c7c8,event_c96200141acf4f64e24df539,SENT,2026-08-05 09:04:56,2026-08-05 09:04:56,"5 Sterne allein zeigen nicht, warum Kunden dich wählen",0,,,,,on
C08,dach_de_plus_m_consistency26m_2,431508254,A,test,person_ef5b931491c604a2f74b5d96,1,0,message_4d3f825b71920ca06cb3c7c8,event_416040b123a3387af0b55852,DEFERRED,2026-08-05 09:04:56,2026-08-05 09:05:18,"5 Sterne allein zeigen nicht, warum Kunden dich wählen",0,,,,,on
C08,dach_de_plus_m_consistency26m_2,431508255,B,test,person_2460ff8c44213c5e9b14141a,1,0,message_1c623ee6ee0ece1afa7c81b9,event_dc06bf74241c884501dc517a,SENT,2026-08-05 09:03:35,2026-08-05 09:03:35,Wie dich konkrete Umfragen in KI-Systemen nach vorne bringen,0,,,,,on
C08,dach_de_plus_m_consistency26m_2,431508255,B,test,person_2460ff8c44213c5e9b14141a,1,0,message_1c623ee6ee0ece1afa7c81b9,event_98549e52b9e1c3fd40f62989,DELIVERED,2026-08-05 09:03:35,2026-08-05 09:03:37,Wie dich konkrete Umfragen in KI-Systemen nach vorne bringen,0,,,,,on
C08,dach_de_plus_m_consistency26m_2,431508254,A,test,person_5bf73acef624de8b5f06e3f1,1,0,message_e94de214e435469740f45d8c,event_48601a0eac8ff7397121eec3,SENT,2026-08-05 09:04:55,2026-08-05 09:04:55,"5 Sterne allein zeigen nicht, warum Kunden dich wählen",0,,,,,on
C08,dach_de_plus_m_consistency26m_2,431508254,A,test,person_5bf73acef624de8b5f06e3f1,1,0,message_e94de214e435469740f45d8c,event_fe2d95b379db969dcad60adb,DELIVERED,2026-08-05 09:04:55,2026-08-05 11:05:18,"5 Sterne allein zeigen nicht, warum Kunden dich wählen",0,,,,,on
C08,dach_de_plus_m_consistency26m_2,431508254,A,test,person_5bf73acef624de8b5f06e3f1,1,0,message_e94de214e435469740f45d8c,event_63593d2eae5371d0fa51f3ba,OPEN,2026-08-05 09:04:55,2026-08-05 11:08:10,"5 Sterne allein zeigen nicht, warum Kunden dich wählen",0,,,,,on
C08,dach_de_plus_m_consistency26m_2,431508254,A,test,person_5bf73acef624de8b5f06e3f1,1,0,message_e94de214e435469740f45d8c,event_5b1910e6a0a0c4bb09a1d01a,DEFERRED,2026-08-05 09:04:55,2026-08-05 09:05:16,"5 Sterne allein zeigen nicht, warum Kunden dich wählen",0,,,,,on
C08,dach_de_plus_m_consistency26m_2,431508255,B,test,person_ba13e4f9dd74cae6cccd4173,1,0,message_421980be26ade0387ab38afc,event_56eec42c31051d8d549d8831,DEFERRED,2026-08-05 09:04:55,2026-08-05 09:05:01,Wie dich konkrete Umfragen in KI-Systemen nach vorne bringen,0,,,,,on
C08,dach_de_plus_m_consistency26m_2,431508255,B,test,person_ba13e4f9dd74cae6cccd4173,1,0,message_421980be26ade0387ab38afc,event_c4f67cb6a2438c72601547f4,DELIVERED,2026-08-05 09:04:55,2026-08-05 09:06:35,Wie dich konkrete Umfragen in KI-Systemen nach vorne bringen,0,,,,,on
C08,dach_de_plus_m_consistency26m_2,431508255,B,test,person_ba13e4f9dd74cae6cccd4173,1,0,message_421980be26ade0387ab38afc,event_dc6eb6016a692ee8e26c3a63,SENT,2026-08-05 09:04:55,2026-08-05 09:04:55,Wie dich konkrete Umfragen in KI-Systemen nach vorne bringen,0,,,,,on
C08,dach_de_plus_m_consistency26m_2,431508253,B,rollout_winner,person_a5363cf701e725eef155584c,1,0,message_2c83a73767f489c3a8fe4d54,event_5f97aaae087487cb241a0e30,SENT,2026-08-05 11:05:02,2026-08-05 11:05:02,Wie dich konkrete Umfragen in KI-Systemen nach vorne bringen,0,,,,,on
C08,dach_de_plus_m_consistency26m_2,431508253,B,rollout_winner,person_a5363cf701e725eef155584c,1,0,message_2c83a73767f489c3a8fe4d54,event_75730cfe67dfb70176f672d5,DELIVERED,2026-08-05 11:05:02,2026-08-05 11:05:05,Wie dich konkrete Umfragen in KI-Systemen nach vorne bringen,0,,,,,on
C08,dach_de_plus_m_consistency26m_2,431508254,A,test,person_43eec894fc8f55ddce05b960,1,0,message_b546b26b583136ab4068515a,event_8562c6d9c18dd1f3a6b15d11,SENT,2026-08-05 09:04:55,2026-08-05 09:04:55,"5 Sterne allein zeigen nicht, warum Kunden dich wählen",0,,,,,on
C08,dach_de_plus_m_consistency26m_2,431508254,A,test,person_43eec894fc8f55ddce05b960,1,0,message_b546b26b583136ab4068515a,event_60589f586a6b596c9abe5ee4,DELIVERED,2026-08-05 09:04:55,2026-08-05 09:04:57,"5 Sterne allein zeigen nicht, warum Kunden dich wählen",0,,,,,on
C08,dach_de_plus_m_consistency26m_2,431508254,A,test,person_806343b83bd2a97562b2c569,1,0,message_6429c9fa6ebcad1ed282a694,event_10061725782d7c149b2b898d,OPEN,2026-08-05 09:04:56,2026-08-05 12:23:43,"5 Sterne allein zeigen nicht, warum Kunden dich wählen",0,,,,,on
C08,dach_de_plus_m_consistency26m_2,431508254,A,test,person_806343b83bd2a97562b2c569,1,0,message_6429c9fa6ebcad1ed282a694,event_de8f8f17644ef2b20263efd6,SENT,2026-08-05 09:04:56,2026-08-05 09:04:56,"5 Sterne allein zeigen nicht, warum Kunden dich wählen",0,,,,,on
C08,dach_de_plus_m_consistency26m_2,431508254,A,test,person_806343b83bd2a97562b2c569,1,0,message_6429c9fa6ebcad1ed282a694,event_72ba40bea5e7cdd4cc69e98b,DELIVERED,2026-08-05 09:04:56,2026-08-05 09:04:59,"5 Sterne allein zeigen nicht, warum Kunden dich wählen",0,,,,,on
C08,dach_de_plus_m_consistency26m_2,431508254,A,test,person_806343b83bd2a97562b2c569,1,0,message_6429c9fa6ebcad1ed282a694,event_3e4a7b315b0e4e2522dcd624,OPEN,2026-08-05 09:04:56,2026-08-05 12:23:45,"5 Sterne allein zeigen nicht, warum Kunden dich wählen",0,,,,,on
C08,dach_de_plus_m_consistency26m_2,431508253,B,rollout_winner,person_75336d3e226c3a8b322d480c,1,0,message_8151a6adabf18cc57019b443,event_90577ee48ea7ee83fbd6a9ab,DEFERRED,2026-08-05 11:05:02,2026-08-05 11:05:23,Wie dich konkrete Umfragen in KI-Systemen nach vorne bringen,0,,,,,on
C08,dach_de_plus_m_consistency26m_2,431508253,B,rollout_winner,person_75336d3e226c3a8b322d480c,1,0,message_8151a6adabf18cc57019b443,event_e2fca21971f6deaa648e48ce,SENT,2026-08-05 11:05:02,2026-08-05 11:05:02,Wie dich konkrete Umfragen in KI-Systemen nach vorne bringen,0,,,,,on
C08,dach_de_plus_m_consistency26m_2,431508253,B,rollout_winner,person_75336d3e226c3a8b322d480c,1,0,message_8151a6adabf18cc57019b443,event_240f1e6d60fa75f570c8a304,OPEN,2026-08-05 11:05:02,2026-08-05 13:05:34,Wie dich konkrete Umfragen in KI-Systemen nach vorne bringen,0,,,,,on
C08,dach_de_plus_m_consistency26m_2,431508253,B,rollout_winner,person_75336d3e226c3a8b322d480c,1,0,message_8151a6adabf18cc57019b443,event_b4ba61ffc0e90654bb901183,DELIVERED,2026-08-05 11:05:02,2026-08-05 13:05:25,Wie dich konkrete Umfragen in KI-Systemen nach vorne bringen,0,,,,,on
C08,dach_de_plus_m_consistency26m_2,431508253,B,rollout_winner,person_64aaf90d355a3b3b2184576e,1,0,message_2e026d265ae980a55563db2f,event_eb98df92057a9b1509fcb4a5,SENT,2026-08-05 11:05:02,2026-08-05 11:05:02,Wie dich konkrete Umfragen in KI-Systemen nach vorne bringen,0,,,,,on
C08,dach_de_plus_m_consistency26m_2,431508253,B,rollout_winner,person_64aaf90d355a3b3b2184576e,1,0,message_2e026d265ae980a55563db2f,event_4da326ff73d460269857eab9,DELIVERED,2026-08-05 11:05:02,2026-08-05 11:05:15,Wie dich konkrete Umfragen in KI-Systemen nach vorne bringen,0,,,,,on
C08,dach_de_plus_m_consistency26m_2,431508254,A,test,person_b424d59c94c393a156851afc,1,0,message_fcdcca49ad27f0d11e870b31,event_e238f07edc571415be5f3250,SENT,2026-08-05 09:04:56,2026-08-05 09:04:56,"5 Sterne allein zeigen nicht, warum Kunden dich wählen",0,,,,,on
C08,dach_de_plus_m_consistency26m_2,431508254,A,test,person_b424d59c94c393a156851afc,1,0,message_fcdcca49ad27f0d11e870b31,event_3f055616ec5ebe899f709a9a,DELIVERED,2026-08-05 09:04:56,2026-08-05 09:04:57,"5 Sterne allein zeigen nicht, warum Kunden dich wählen",0,,,,,on
C08,dach_de_plus_m_consistency26m_2,431508254,A,test,person_b234d2ce9325fd113453d11c,1,0,message_57f277a1d8e3a01371fdcf06,event_267e1f4a505887656fd3cfa1,DELIVERED,2026-08-05 09:04:55,2026-08-05 09:04:59,"5 Sterne allein zeigen nicht, warum Kunden dich wählen",0,,,,,on
C08,dach_de_plus_m_consistency26m_2,431508254,A,test,person_b234d2ce9325fd113453d11c,1,0,message_57f277a1d8e3a01371fdcf06,event_06cb5d5ab4de6e965a7f2184,SENT,2026-08-05 09:04:55,2026-08-05 09:04:55,"5 Sterne allein zeigen nicht, warum Kunden dich wählen",0,,,,,on
C08,dach_de_plus_m_consistency26m_2,431508255,B,test,person_8ad8959ef56b281c5b7758ab,1,0,message_edf6aa65a028c236f9355e29,event_e64481a2ba61fe4b0ae147f1,SENT,2026-08-05 09:03:35,2026-08-05 09:03:35,Wie dich konkrete Umfragen in KI-Systemen nach vorne bringen,0,,,,,on
C08,dach_de_plus_m_consistency26m_2,431508255,B,test,person_8ad8959ef56b281c5b7758ab,1,0,message_edf6aa65a028c236f9355e29,event_bf6d031c81f06ee87e39a085,DELIVERED,2026-08-05 09:03:35,2026-08-05 09:03:39,Wie dich konkrete Umfragen in KI-Systemen nach vorne bringen,0,,,,,on
C08,dach_de_plus_m_consistency26m_2,431508253,B,rollout_winner,person_2a34744d90cdcf9fa94c8f5c,1,0,message_59ab7fead7119ec2dc93d2e3,event_1d384615c475f76c2863f4fe,DELIVERED,2026-08-05 11:05:02,2026-08-05 11:05:04,Wie dich konkrete Umfragen in KI-Systemen nach vorne bringen,0,,,,,on
C08,dach_de_plus_m_consistency26m_2,431508253,B,rollout_winner,person_2a34744d90cdcf9fa94c8f5c,1,0,message_59ab7fead7119ec2dc93d2e3,event_d45341a942500b49e4d0ffa2,SENT,2026-08-05 11:05:02,2026-08-05 11:05:02,Wie dich konkrete Umfragen in KI-Systemen nach vorne bringen,0,,,,,on
C08,dach_de_plus_m_consistency26m_2,431508254,A,test,person_369a6139a94ad64da5468663,1,0,message_673be9e0edbb8fe3e09d24d7,event_597f430f962e7feb496b8b06,SENT,2026-08-05 09:04:56,2026-08-05 09:04:56,"5 Sterne allein zeigen nicht, warum Kunden dich wählen",0,,,,,on
C08,dach_de_plus_m_consistency26m_2,431508254,A,test,person_369a6139a94ad64da5468663,1,0,message_673be9e0edbb8fe3e09d24d7,event_4f9de75a7626baab5bbdc50b,DELIVERED,2026-08-05 09:04:56,2026-08-05 09:05:00,"5 Sterne allein zeigen nicht, warum Kunden dich wählen",0,,,,,on
C08,dach_de_plus_m_consistency26m_2,431508255,B,test,person_c49aaae2569cd2096205cd83,1,0,message_15b87d7b1607233a9df61628,event_aa991797c9b6c7da3692ef6d,SENT,2026-08-05 09:04:55,2026-08-05 09:04:55,Wie dich konkrete Umfragen in KI-Systemen nach vorne bringen,0,,,,,on
C08,dach_de_plus_m_consistency26m_2,431508255,B,test,person_c49aaae2569cd2096205cd83,1,0,message_15b87d7b1607233a9df61628,event_fe0de2f0d05ddcf49f1c9ca1,DEFERRED,2026-08-05 09:04:55,2026-08-05 11:05:37,Wie dich konkrete Umfragen in KI-Systemen nach vorne bringen,0,,,,,on
C08,dach_de_plus_m_consistency26m_2,431508255,B,test,person_c49aaae2569cd2096205cd83,1,0,message_15b87d7b1607233a9df61628,event_de426a7f4523d6f7d7c405b7,DELIVERED,2026-08-05 09:04:55,2026-08-05 13:05:38,Wie dich konkrete Umfragen in KI-Systemen nach vorne bringen,0,,,,,on
C08,dach_de_plus_m_consistency26m_2,431508255,B,test,person_c49aaae2569cd2096205cd83,1,0,message_15b87d7b1607233a9df61628,event_2a44db84f8fd9c301e526c30,DEFERRED,2026-08-05 09:04:55,2026-08-05 09:05:17,Wie dich konkrete Umfragen in KI-Systemen nach vorne bringen,0,,,,,on
C08,dach_de_plus_m_consistency26m_2,431508253,B,rollout_winner,person_5f9755cc4b498ba789e91fcc,1,0,message_7df0459c4aef911d102793bc,event_f5aff2f88f7f82a0c0396fa9,SENT,2026-08-05 11:05:02,2026-08-05 11:05:02,Wie dich konkrete Umfragen in KI-Systemen nach vorne bringen,0,,,,,on
C08,dach_de_plus_m_consistency26m_2,431508253,B,rollout_winner,person_64e895c8c962d567adfd41c8,1,0,message_2a1d7c5d2af28da290ff6a21,event_06886ed5a90fd274df475673,DROPPED,2026-08-05 11:05:02,2026-08-05 11:05:02,Wie dich konkrete Umfragen in KI-Systemen nach vorne bringen,0,,event_34cd29f1b986c8df4db02679,,PREVIOUSLY_BOUNCED,on
C08,dach_de_plus_m_consistency26m_2,431508253,B,rollout_winner,person_5f9755cc4b498ba789e91fcc,1,0,message_7df0459c4aef911d102793bc,event_3f1d6082440ea517d96c378d,DELIVERED,2026-08-05 11:05:02,2026-08-05 11:05:06,Wie dich konkrete Umfragen in KI-Systemen nach vorne bringen,0,,,,,on
C08,dach_de_plus_m_consistency26m_2,431508254,A,test,person_05e80af095f7728af2a08f53,1,0,message_8ddd608f36485f24825c7e97,event_278403830e6fd4e74c9f776f,SENT,2026-08-05 09:04:56,2026-08-05 09:04:56,"5 Sterne allein zeigen nicht, warum Kunden dich wählen",0,,,,,on
C08,dach_de_plus_m_consistency26m_2,431508254,A,test,person_05e80af095f7728af2a08f53,1,0,message_8ddd608f36485f24825c7e97,event_93286c03af0b1de6c00444f0,DELIVERED,2026-08-05 09:04:56,2026-08-05 09:05:07,"5 Sterne allein zeigen nicht, warum Kunden dich wählen",0,,,,,on
C08,dach_de_plus_m_consistency26m_2,431508254,A,test,person_ce7856523c2312a823c4390d,1,0,message_5c6179a98f4df02d3479d076,event_92fd1abdb058df5d9f3077ff,DELIVERED,2026-08-05 09:04:55,2026-08-05 09:04:58,"5 Sterne allein zeigen nicht, warum Kunden dich wählen",0,,,,,on
C08,dach_de_plus_m_consistency26m_2,431508254,A,test,person_ce7856523c2312a823c4390d,1,0,message_5c6179a98f4df02d3479d076,event_9335486143df90dc20b6f4c8,SENT,2026-08-05 09:04:55,2026-08-05 09:04:55,"5 Sterne allein zeigen nicht, warum Kunden dich wählen",0,,,,,on
C08,dach_de_plus_m_consistency26m_2,431508255,B,test,person_8b623b3fd7d7a3d253ebc824,1,1,message_262adc255440717cb557edb2,event_063f754051c4073c7dda4ae8,SENT,2026-08-05 09:04:55,2026-08-05 09:04:55,Wie dich konkrete Umfragen in KI-Systemen nach vorne bringen,0,,,,,on
C08,dach_de_plus_m_consistency26m_2,431508255,B,test,person_8b623b3fd7d7a3d253ebc824,1,1,message_262adc255440717cb557edb2,event_07576a34ec6ef1f3d00463d1,DELIVERED,2026-08-05 09:04:55,2026-08-05 09:04:59,Wie dich konkrete Umfragen in KI-Systemen nach vorne bringen,0,,,,,on
C08,dach_de_plus_m_consistency26m_2,431508253,B,rollout_winner,person_171ca6b0ae40ac264c621cc8,1,0,message_308f995d2311376aed1bf6af,event_9f6056ca34ed9a5d25534ad5,DELIVERED,2026-08-05 11:05:01,2026-08-05 11:05:07,Wie dich konkrete Umfragen in KI-Systemen nach vorne bringen,0,,,,,on
C08,dach_de_plus_m_consistency26m_2,431508253,B,rollout_winner,person_171ca6b0ae40ac264c621cc8,1,0,message_308f995d2311376aed1bf6af,event_a09f71cdfaba5fcca65b864b,SENT,2026-08-05 11:05:01,2026-08-05 11:05:01,Wie dich konkrete Umfragen in KI-Systemen nach vorne bringen,0,,,,,on
C08,dach_de_plus_m_consistency26m_2,431508254,A,test,person_9fec0f5b59a937bec8565b1c,1,0,message_025ad18b82c78dba74d44621,event_2239b646e222b6c4555c7593,SENT,2026-08-05 09:04:56,2026-08-05 09:04:56,"5 Sterne allein zeigen nicht, warum Kunden dich wählen",0,,,,,on
C08,dach_de_plus_m_consistency26m_2,431508254,A,test,person_9fec0f5b59a937bec8565b1c,1,0,message_025ad18b82c78dba74d44621,event_6cfa58633b0dee759c9566d2,DELIVERED,2026-08-05 09:04:56,2026-08-05 09:04:59,"5 Sterne allein zeigen nicht, warum Kunden dich wählen",0,,,,,on
C08,dach_de_plus_m_consistency26m_2,431508253,B,rollout_winner,person_b49db4c3b0f1d14b19b65afd,1,0,message_f70896b2817058001decf2f4,event_031a4d7d108ea4a7c9ccfce5,DELIVERED,2026-08-05 11:05:02,2026-08-05 11:05:07,Wie dich konkrete Umfragen in KI-Systemen nach vorne bringen,0,,,,,on
C08,dach_de_plus_m_consistency26m_2,431508253,B,rollout_winner,person_b49db4c3b0f1d14b19b65afd,1,0,message_f70896b2817058001decf2f4,event_a719991be9998f59b094d715,SENT,2026-08-05 11:05:02,2026-08-05 11:05:02,Wie dich konkrete Umfragen in KI-Systemen nach vorne bringen,0,,,,,on
C08,dach_de_plus_m_consistency26m_2,431508255,B,test,person_89347bfc77c900fdde30ae67,1,0,message_3379faf0be5d8b2fea210ed5,event_173ff5b891b067f492bdece2,DELIVERED,2026-08-05 09:04:56,2026-08-05 09:05:01,Wie dich konkrete Umfragen in KI-Systemen nach vorne bringen,0,,,,,on
C08,dach_de_plus_m_consistency26m_2,431508255,B,test,person_89347bfc77c900fdde30ae67,1,0,message_3379faf0be5d8b2fea210ed5,event_75c8256ea5e7b7c0d6cdae25,SENT,2026-08-05 09:04:56,2026-08-05 09:04:56,Wie dich konkrete Umfragen in KI-Systemen nach vorne bringen,0,,,,,on
C08,dach_de_plus_m_consistency26m_2,431508255,B,test,person_7ed46e99065956dd2a87b066,1,0,message_63cb239824856ad4d971422f,event_153a62a7b0707792be6a7759,DELIVERED,2026-08-05 09:04:55,2026-08-05 09:05:00,Wie dich konkrete Umfragen in KI-Systemen nach vorne bringen,0,,,,,on
C08,dach_de_plus_m_consistency26m_2,431508255,B,test,person_7ed46e99065956dd2a87b066,1,0,message_63cb239824856ad4d971422f,event_10c8ef9689ec0cf56463d907,SENT,2026-08-05 09:04:55,2026-08-05 09:04:55,Wie dich konkrete Umfragen in KI-Systemen nach vorne bringen,0,,,,,on
C08,dach_de_plus_m_consistency26m_2,431508255,B,test,person_caea75b72e7d04d282a95f72,1,0,message_cae9a5ae10904b94f7cdc648,event_7da6f2ad65c1eccbee76eda5,DELIVERED,2026-08-05 09:03:35,2026-08-05 09:03:39,Wie dich konkrete Umfragen in KI-Systemen nach vorne bringen,0,,,,,on
C08,dach_de_plus_m_consistency26m_2,431508255,B,test,person_caea75b72e7d04d282a95f72,1,0,message_cae9a5ae10904b94f7cdc648,event_bfd2750d202a52941afc0e0f,SENT,2026-08-05 09:03:35,2026-08-05 09:03:35,Wie dich konkrete Umfragen in KI-Systemen nach vorne bringen,0,,,,,on
C08,dach_de_plus_m_consistency26m_2,431508255,B,test,person_5d6c3e9ec0d72085c4a3efbf,1,0,message_91d5893545b5e135566da4d5,event_33de9432908a7c6e0efc1c3e,SENT,2026-08-05 09:03:35,2026-08-05 09:03:35,Wie dich konkrete Umfragen in KI-Systemen nach vorne bringen,0,,,,,on
C08,dach_de_plus_m_consistency26m_2,431508255,B,test,person_5d6c3e9ec0d72085c4a3efbf,1,0,message_91d5893545b5e135566da4d5,event_eaa4da4848fbdc7e440255db,DELIVERED,2026-08-05 09:03:35,2026-08-05 09:03:36,Wie dich konkrete Umfragen in KI-Systemen nach vorne bringen,0,,,,,on
C08,dach_de_plus_m_consistency26m_2,431508255,B,test,person_5d6c3e9ec0d72085c4a3efbf,1,0,message_91d5893545b5e135566da4d5,event_b9c552a1aed92a2b427111f7,OPEN,2026-08-05 09:03:35,2026-08-05 09:04:49,Wie dich konkrete Umfragen in KI-Systemen nach vorne bringen,0,,,,,on
C08,dach_de_plus_m_consistency26m_2,431508254,A,test,person_dbe3578242652af00abd7b1f,1,0,message_e53d95de1eeadbf6e1e98f12,event_8e1e4a235f38d3eb597e9549,DELIVERED,2026-08-05 09:04:56,2026-08-05 09:04:59,"5 Sterne allein zeigen nicht, warum Kunden dich wählen",0,,,,,on
C08,dach_de_plus_m_consistency26m_2,431508254,A,test,person_dbe3578242652af00abd7b1f,1,0,message_e53d95de1eeadbf6e1e98f12,event_51ef2622ea3ccfed4131428e,SENT,2026-08-05 09:04:56,2026-08-05 09:04:56,"5 Sterne allein zeigen nicht, warum Kunden dich wählen",0,,,,,on
C08,dach_de_plus_m_consistency26m_2,431508253,B,rollout_winner,person_f488470cf839a5e883de16af,1,1,message_15622b55136e20ba07e61747,event_42b9a99af7b7a2be34985c66,SENT,2026-08-05 11:05:02,2026-08-05 11:05:02,Wie dich konkrete Umfragen in KI-Systemen nach vorne bringen,0,,,,,on
C08,dach_de_plus_m_consistency26m_2,431508253,B,rollout_winner,person_f488470cf839a5e883de16af,1,1,message_15622b55136e20ba07e61747,event_4e00ae4288477c063e97d243,DELIVERED,2026-08-05 11:05:02,2026-08-05 11:05:09,Wie dich konkrete Umfragen in KI-Systemen nach vorne bringen,0,,,,,on
C08,dach_de_plus_m_consistency26m_2,431508253,B,rollout_winner,person_f488470cf839a5e883de16af,1,1,message_15622b55136e20ba07e61747,event_ca8c9d7083572f753687b152,OPEN,2026-08-05 11:05:02,2026-08-05 11:08:03,Wie dich konkrete Umfragen in KI-Systemen nach vorne bringen,0,,,,,on
C08,dach_de_plus_m_consistency26m_2,431508253,B,rollout_winner,person_f488470cf839a5e883de16af,1,1,message_15622b55136e20ba07e61747,event_ae2afaca51fd62ea2fc9ec2f,OPEN,2026-08-05 11:05:02,2026-08-05 12:25:28,Wie dich konkrete Umfragen in KI-Systemen nach vorne bringen,0,,,,,on
C08,dach_de_plus_m_consistency26m_2,431508253,B,rollout_winner,person_70cae15af796cd1f70262ebd,1,0,message_1e13143c2c2a152ee59c0ea1,event_f04a0008377f89e4bded8acf,SENT,2026-08-05 11:05:02,2026-08-05 11:05:02,Wie dich konkrete Umfragen in KI-Systemen nach vorne bringen,0,,,,,on
C08,dach_de_plus_m_consistency26m_2,431508253,B,rollout_winner,person_70cae15af796cd1f70262ebd,1,0,message_1e13143c2c2a152ee59c0ea1,event_0c59afff3892ece589465e94,DELIVERED,2026-08-05 11:05:02,2026-08-05 11:05:06,Wie dich konkrete Umfragen in KI-Systemen nach vorne bringen,0,,,,,on
C08,dach_de_plus_m_consistency26m_2,431508255,B,test,person_ba01d1c4aa4487187eaebc9e,1,0,message_266a8af4e5c178c9da301c16,event_3709c41bed0fc70e211fd424,SENT,2026-08-05 09:04:55,2026-08-05 09:04:55,Wie dich konkrete Umfragen in KI-Systemen nach vorne bringen,0,,,,,on
C08,dach_de_plus_m_consistency26m_2,431508255,B,test,person_ba01d1c4aa4487187eaebc9e,1,0,message_266a8af4e5c178c9da301c16,event_cedc5d404edbd5ec01f1e8f8,OPEN,2026-08-05 09:04:55,2026-08-05 10:51:10,Wie dich konkrete Umfragen in KI-Systemen nach vorne bringen,0,,,,,on
C08,dach_de_plus_m_consistency26m_2,431508255,B,test,person_ba01d1c4aa4487187eaebc9e,1,0,message_266a8af4e5c178c9da301c16,event_858a36b767e7d92473007fec,DELIVERED,2026-08-05 09:04:55,2026-08-05 09:05:04,Wie dich konkrete Umfragen in KI-Systemen nach vorne bringen,0,,,,,on
C08,dach_de_plus_m_consistency26m_2,431508255,B,test,person_ba01d1c4aa4487187eaebc9e,1,0,message_266a8af4e5c178c9da301c16,event_0b8ee2026003f8ed8d91d779,OPEN,2026-08-05 09:04:55,2026-08-05 09:38:16,Wie dich konkrete Umfragen in KI-Systemen nach vorne bringen,0,,,,,on
C08,dach_de_plus_m_consistency26m_2,431508255,B,test,person_40bdae7f91e2598cf0869024,1,0,message_5be0bfe6379ec7d35f3f2e24,event_930a1d9700de19accfbc68c5,DELIVERED,2026-08-05 09:04:55,2026-08-05 09:04:59,Wie dich konkrete Umfragen in KI-Systemen nach vorne bringen,0,,,,,on
C08,dach_de_plus_m_consistency26m_2,431508255,B,test,person_40bdae7f91e2598cf0869024,1,0,message_5be0bfe6379ec7d35f3f2e24,event_024e8e3caf8a4c2740025c66,SENT,2026-08-05 09:04:55,2026-08-05 09:04:55,Wie dich konkrete Umfragen in KI-Systemen nach vorne bringen,0,,,,,on
C08,dach_de_plus_m_consistency26m_2,431508255,B,test,person_064a1a0cac08218100498786,1,0,message_5ebe98e157782309ace1a1d2,event_57e72e2a42a9bbd4c33d9383,SENT,2026-08-05 09:03:35,2026-08-05 09:03:35,Wie dich konkrete Umfragen in KI-Systemen nach vorne bringen,0,,,,,on
C08,dach_de_plus_m_consistency26m_2,431508255,B,test,person_064a1a0cac08218100498786,1,0,message_5ebe98e157782309ace1a1d2,event_6faec50e6e3e4e4c84fc43f2,DELIVERED,2026-08-05 09:03:35,2026-08-05 09:03:40,Wie dich konkrete Umfragen in KI-Systemen nach vorne bringen,0,,,,,on
C08,dach_de_plus_m_consistency26m_2,431508254,A,test,person_4af213dac8c1031fa7c1d1c6,1,0,message_0993a9387ece1cd722a8f5c9,event_dc9bb1c541ec8d91687cd141,DELIVERED,2026-08-05 09:04:56,2026-08-05 09:04:59,"5 Sterne allein zeigen nicht, warum Kunden dich wählen",0,,,,,on
C08,dach_de_plus_m_consistency26m_2,431508254,A,test,person_4af213dac8c1031fa7c1d1c6,1,0,message_0993a9387ece1cd722a8f5c9,event_4e2ae16e5906983f988868e0,SENT,2026-08-05 09:04:56,2026-08-05 09:04:56,"5 Sterne allein zeigen nicht, warum Kunden dich wählen",0,,,,,on
C08,dach_de_plus_m_consistency26m_2,431508253,B,rollout_winner,person_6417eba3e835264d220a9a97,1,0,message_f76d6cd794b783c88323ec98,event_ecd1e25977449726aa011956,DELIVERED,2026-08-05 11:05:02,2026-08-05 11:17:41,Wie dich konkrete Umfragen in KI-Systemen nach vorne bringen,0,,,,,on
C08,dach_de_plus_m_consistency26m_2,431508253,B,rollout_winner,person_6417eba3e835264d220a9a97,1,0,message_f76d6cd794b783c88323ec98,event_bcc4ea4056893366ea1229dc,SENT,2026-08-05 11:05:02,2026-08-05 11:05:02,Wie dich konkrete Umfragen in KI-Systemen nach vorne bringen,0,,,,,on
C08,dach_de_plus_m_consistency26m_2,431508253,B,rollout_winner,person_6417eba3e835264d220a9a97,1,0,message_f76d6cd794b783c88323ec98,event_c3e068337f93ae150f7b1474,DEFERRED,2026-08-05 11:05:02,2026-08-05 11:07:08,Wie dich konkrete Umfragen in KI-Systemen nach vorne bringen,0,,,,,on
C08,dach_de_plus_m_consistency26m_2,431508255,B,test,person_bbe5966aafa33e435a41bd38,1,0,message_2e1ae4b9cd45857a56567caf,event_6eeff018645934add27678ab,DELIVERED,2026-08-05 09:03:35,2026-08-05 09:03:38,Wie dich konkrete Umfragen in KI-Systemen nach vorne bringen,0,,,,,on
C08,dach_de_plus_m_consistency26m_2,431508255,B,test,person_bbe5966aafa33e435a41bd38,1,0,message_2e1ae4b9cd45857a56567caf,event_4f03e8fe7a5fa5916f435824,SENT,2026-08-05 09:03:35,2026-08-05 09:03:35,Wie dich konkrete Umfragen in KI-Systemen nach vorne bringen,0,,,,,on
C08,dach_de_plus_m_consistency26m_2,431508255,B,test,person_30bd491404a74a59469a65ec,1,0,message_7fad5af88f14580902e20143,event_a9e4cc72104af0d7ade59823,SENT,2026-08-05 09:03:35,2026-08-05 09:03:35,Wie dich konkrete Umfragen in KI-Systemen nach vorne bringen,0,,,,,on
C08,dach_de_plus_m_consistency26m_2,431508255,B,test,person_30bd491404a74a59469a65ec,1,0,message_7fad5af88f14580902e20143,event_fd2c7a00f4aabd5a8bc828ec,OPEN,2026-08-05 09:03:35,2026-08-05 09:03:39,Wie dich konkrete Umfragen in KI-Systemen nach vorne bringen,0,,,,,on
C08,dach_de_plus_m_consistency26m_2,431508255,B,test,person_30bd491404a74a59469a65ec,1,0,message_7fad5af88f14580902e20143,event_4fff89de3791adea1738e013,DELIVERED,2026-08-05 09:03:35,2026-08-05 09:03:38,Wie dich konkrete Umfragen in KI-Systemen nach vorne bringen,0,,,,,on
C08,dach_de_plus_m_consistency26m_2,431508254,A,test,person_a63695bdcfc86c0fae2c37bb,1,0,message_113a75465eaf9df9cc67ccd8,event_dbb5aad243428bbca9505910,SENT,2026-08-05 09:04:55,2026-08-05 09:04:55,"5 Sterne allein zeigen nicht, warum Kunden dich wählen",0,,,,,on
C08,dach_de_plus_m_consistency26m_2,431508254,A,test,person_a63695bdcfc86c0fae2c37bb,1,0,message_113a75465eaf9df9cc67ccd8,event_a7d21edd44b25e2692db66da,DELIVERED,2026-08-05 09:04:55,2026-08-05 09:04:58,"5 Sterne allein zeigen nicht, warum Kunden dich wählen",0,,,,,on
C08,dach_de_plus_m_consistency26m_2,431508254,A,test,person_a63695bdcfc86c0fae2c37bb,1,0,message_113a75465eaf9df9cc67ccd8,event_cd3fd6613dbc8304b04226d2,OPEN,2026-08-05 09:04:55,2026-08-05 09:26:38,"5 Sterne allein zeigen nicht, warum Kunden dich wählen",0,,,,,on
C08,dach_de_plus_m_consistency26m_2,431508254,A,test,person_a63695bdcfc86c0fae2c37bb,1,0,message_113a75465eaf9df9cc67ccd8,event_2669643ef8c3b80e11156f84,OPEN,2026-08-05 09:04:55,2026-08-05 13:47:15,"5 Sterne allein zeigen nicht, warum Kunden dich wählen",0,,,,,on
C08,dach_de_plus_m_consistency26m_2,431508255,B,test,person_b47b5c5db127e05e7b1428cd,1,0,message_be9fd7c017af4c5a3ee3f4df,event_776086d470d0ce0938521fa6,SENT,2026-08-05 09:04:55,2026-08-05 09:04:55,Wie dich konkrete Umfragen in KI-Systemen nach vorne bringen,0,,,,,on
C08,dach_de_plus_m_consistency26m_2,431508255,B,test,person_b47b5c5db127e05e7b1428cd,1,0,message_be9fd7c017af4c5a3ee3f4df,event_9f78aff30f3537be67c23fe9,DELIVERED,2026-08-05 09:04:55,2026-08-05 09:05:03,Wie dich konkrete Umfragen in KI-Systemen nach vorne bringen,0,,,,,on
C08,dach_de_plus_m_consistency26m_2,431508253,B,rollout_winner,person_b3ed962b30fb5be25aeba12e,1,0,message_de064c3cc414f9aedec9f5ee,event_6908455b85e9c0ab36a77192,SENT,2026-08-05 11:05:02,2026-08-05 11:05:02,Wie dich konkrete Umfragen in KI-Systemen nach vorne bringen,0,,,,,on
C08,dach_de_plus_m_consistency26m_2,431508253,B,rollout_winner,person_b3ed962b30fb5be25aeba12e,1,0,message_de064c3cc414f9aedec9f5ee,event_ab9c24a3d9f5461cd277696f,DELIVERED,2026-08-05 11:05:02,2026-08-05 11:05:04,Wie dich konkrete Umfragen in KI-Systemen nach vorne bringen,0,,,,,on
C08,dach_de_plus_m_consistency26m_2,431508254,A,test,person_d109a2f528c9d144f5667400,1,0,message_f533acca28b8e33edabbcf08,event_08e51fb605221154115330f2,DELIVERED,2026-08-05 09:04:56,2026-08-05 09:05:00,"5 Sterne allein zeigen nicht, warum Kunden dich wählen",0,,,,,on
C08,dach_de_plus_m_consistency26m_2,431508254,A,test,person_d109a2f528c9d144f5667400,1,0,message_f533acca28b8e33edabbcf08,event_c3eb053a005cf9888bfad7be,SENT,2026-08-05 09:04:56,2026-08-05 09:04:56,"5 Sterne allein zeigen nicht, warum Kunden dich wählen",0,,,,,on
C08,dach_de_plus_m_consistency26m_2,431508253,B,rollout_winner,person_7ea47bf17c0adaec194d0abc,1,0,message_4190761469ad30d197a62cc4,event_02e0e137e9942f5270157ae3,DELIVERED,2026-08-05 11:05:02,2026-08-05 11:05:06,Wie dich konkrete Umfragen in KI-Systemen nach vorne bringen,0,,,,,on
C08,dach_de_plus_m_consistency26m_2,431508253,B,rollout_winner,person_7ea47bf17c0adaec194d0abc,1,0,message_4190761469ad30d197a62cc4,event_ad4e5b5c7e29dba39af1b43d,SENT,2026-08-05 11:05:02,2026-08-05 11:05:02,Wie dich konkrete Umfragen in KI-Systemen nach vorne bringen,0,,,,,on
C08,dach_de_plus_m_consistency26m_2,431508254,A,test,person_45aa418c6e1a79684b530c33,1,0,message_d1e1de82981759274c07347b,event_d337489e7c57f9c49916ceb8,SENT,2026-08-05 09:04:56,2026-08-05 09:04:56,"5 Sterne allein zeigen nicht, warum Kunden dich wählen",0,,,,,on
C08,dach_de_plus_m_consistency26m_2,431508254,A,test,person_45aa418c6e1a79684b530c33,1,0,message_d1e1de82981759274c07347b,event_41b6f7b2f91cc2704a65a729,DELIVERED,2026-08-05 09:04:56,2026-08-05 09:04:58,"5 Sterne allein zeigen nicht, warum Kunden dich wählen",0,,,,,on
C08,dach_de_plus_m_consistency26m_2,431508254,A,test,person_7e67a8490216976104e901a6,1,0,message_a88a43eec78802d40372482a,event_41f7cd5c1958d1efc1b403d9,SENT,2026-08-05 09:04:55,2026-08-05 09:04:55,"5 Sterne allein zeigen nicht, warum Kunden dich wählen",0,,,,,on
C08,dach_de_plus_m_consistency26m_2,431508254,A,test,person_7e67a8490216976104e901a6,1,0,message_a88a43eec78802d40372482a,event_85de5548449919addd4aa3bb,DELIVERED,2026-08-05 09:04:55,2026-08-05 09:05:46,"5 Sterne allein zeigen nicht, warum Kunden dich wählen",0,,,,,on
C08,dach_de_plus_m_consistency26m_2,431508253,B,rollout_winner,person_a0d23b4b253720400b65b13a,1,0,message_d69a8da28874287342b8742f,event_6d7190128c9d199991f89968,DELIVERED,2026-08-05 11:05:01,2026-08-05 11:17:23,Wie dich konkrete Umfragen in KI-Systemen nach vorne bringen,0,,,,,on
C08,dach_de_plus_m_consistency26m_2,431508253,B,rollout_winner,person_a0d23b4b253720400b65b13a,1,0,message_d69a8da28874287342b8742f,event_ab617c19aa4143bb3421984f,SENT,2026-08-05 11:05:01,2026-08-05 11:05:01,Wie dich konkrete Umfragen in KI-Systemen nach vorne bringen,0,,,,,on
C08,dach_de_plus_m_consistency26m_2,431508253,B,rollout_winner,person_a0d23b4b253720400b65b13a,1,0,message_d69a8da28874287342b8742f,event_50c4a52ae11aca6f80c670ae,DEFERRED,2026-08-05 11:05:01,2026-08-05 11:07:04,Wie dich konkrete Umfragen in KI-Systemen nach vorne bringen,0,,,,,on
C08,dach_de_plus_m_consistency26m_2,431508253,B,rollout_winner,person_e9bfd56dce29d75daa35f611,1,0,message_1ba4e6b9ef2e1ee8bacb5294,event_c8f7da2d1a97912479226e67,SENT,2026-08-05 11:05:01,2026-08-05 11:05:01,Wie dich konkrete Umfragen in KI-Systemen nach vorne bringen,0,,,,,on
C08,dach_de_plus_m_consistency26m_2,431508253,B,rollout_winner,person_e9bfd56dce29d75daa35f611,1,0,message_1ba4e6b9ef2e1ee8bacb5294,event_78cfd0fd56af3a8e581f32ec,DELIVERED,2026-08-05 11:05:01,2026-08-05 11:05:04,Wie dich konkrete Umfragen in KI-Systemen nach vorne bringen,0,,,,,on
C08,dach_de_plus_m_consistency26m_2,431508255,B,test,person_09528f532590b0ef6086c095,1,0,message_7a661d1021d7e85e1e5aa2de,event_4e7c12dfada65733985a0739,SENT,2026-08-05 09:04:56,2026-08-05 09:04:56,Wie dich konkrete Umfragen in KI-Systemen nach vorne bringen,0,,,,,on
C08,dach_de_plus_m_consistency26m_2,431508255,B,test,person_09528f532590b0ef6086c095,1,0,message_7a661d1021d7e85e1e5aa2de,event_802f3d9305680cc60b60a7b4,DELIVERED,2026-08-05 09:04:56,2026-08-05 11:05:20,Wie dich konkrete Umfragen in KI-Systemen nach vorne bringen,0,,,,,on
C08,dach_de_plus_m_consistency26m_2,431508255,B,test,person_09528f532590b0ef6086c095,1,0,message_7a661d1021d7e85e1e5aa2de,event_b9be09b313d9047cd673c3c5,DEFERRED,2026-08-05 09:04:56,2026-08-05 09:05:18,Wie dich konkrete Umfragen in KI-Systemen nach vorne bringen,0,,,,,on
C08,dach_de_plus_m_consistency26m_2,431508254,A,test,person_95fc417443e4bf62b24415a7,1,0,message_cb6e0e2f17187d829b469288,event_42ad56f0b46dceb54bd834ac,SENT,2026-08-05 09:04:56,2026-08-05 09:04:56,"5 Sterne allein zeigen nicht, warum Kunden dich wählen",0,,,,,on
C08,dach_de_plus_m_consistency26m_2,431508254,A,test,person_95fc417443e4bf62b24415a7,1,0,message_cb6e0e2f17187d829b469288,event_1a30f2329e33cf1f0f546c57,DELIVERED,2026-08-05 09:04:56,2026-08-05 09:04:59,"5 Sterne allein zeigen nicht, warum Kunden dich wählen",0,,,,,on
C08,dach_de_plus_m_consistency26m_2,431508255,B,test,person_6a701f6238186951781a8245,1,0,message_630334bdef64a2cc3dd50f42,event_a97b71ebc5435e27f356243c,OPEN,2026-08-05 09:04:55,2026-08-10 10:10:06,Wie dich konkrete Umfragen in KI-Systemen nach vorne bringen,0,,,,,on
C08,dach_de_plus_m_consistency26m_2,431508255,B,test,person_6a701f6238186951781a8245,1,0,message_630334bdef64a2cc3dd50f42,event_47b4f43378bc976995b6f90e,DELIVERED,2026-08-05 09:04:55,2026-08-05 09:05:00,Wie dich konkrete Umfragen in KI-Systemen nach vorne bringen,0,,,,,on
C08,dach_de_plus_m_consistency26m_2,431508255,B,test,person_6a701f6238186951781a8245,1,0,message_630334bdef64a2cc3dd50f42,event_a5917bdcb54baa1a976bdd91,SENT,2026-08-05 09:04:55,2026-08-05 09:04:55,Wie dich konkrete Umfragen in KI-Systemen nach vorne bringen,0,,,,,on
C08,dach_de_plus_m_consistency26m_2,431508253,B,rollout_winner,person_0864ee54a8ae4175854d015f,1,0,message_db59ca8d8bf9e67d3d0c3d71,event_b6d5d2c9760ab6d513523fb7,SENT,2026-08-05 11:05:02,2026-08-05 11:05:02,Wie dich konkrete Umfragen in KI-Systemen nach vorne bringen,0,,,,,on
C08,dach_de_plus_m_consistency26m_2,431508253,B,rollout_winner,person_0864ee54a8ae4175854d015f,1,0,message_db59ca8d8bf9e67d3d0c3d71,event_579ed98037dd5bd7c3545552,DELIVERED,2026-08-05 11:05:02,2026-08-05 11:05:05,Wie dich konkrete Umfragen in KI-Systemen nach vorne bringen,0,,,,,on
C08,dach_de_plus_m_consistency26m_2,431508253,B,rollout_winner,person_0864ee54a8ae4175854d015f,1,0,message_db59ca8d8bf9e67d3d0c3d71,event_1d8a6138521c45ca6455e07b,OPEN,2026-08-05 11:05:02,2026-08-05 11:54:03,Wie dich konkrete Umfragen in KI-Systemen nach vorne bringen,0,,,,,on
C08,dach_de_plus_m_consistency26m_2,431508253,B,rollout_winner,person_0864ee54a8ae4175854d015f,1,0,message_db59ca8d8bf9e67d3d0c3d71,event_98d7bbd5a359fb8e17f404b5,OPEN,2026-08-05 11:05:02,2026-08-05 11:54:03,Wie dich konkrete Umfragen in KI-Systemen nach vorne bringen,0,,,,,on
C08,dach_de_plus_m_consistency26m_2,431508254,A,test,person_6bae980e488d27e657bcefb5,1,0,message_b9d2c12dc54fd91a2db62d58,event_a80eb591ea3dd51c7f448e76,SENT,2026-08-05 09:04:56,2026-08-05 09:04:56,"5 Sterne allein zeigen nicht, warum Kunden dich wählen",0,,,,,on
C08,dach_de_plus_m_consistency26m_2,431508254,A,test,person_6bae980e488d27e657bcefb5,1,0,message_b9d2c12dc54fd91a2db62d58,event_5e7961a199b384bd45df52ec,DELIVERED,2026-08-05 09:04:56,2026-08-05 09:04:57,"5 Sterne allein zeigen nicht, warum Kunden dich wählen",0,,,,,on
C08,dach_de_plus_m_consistency26m_2,431508253,B,rollout_winner,person_a5f0d86dec3db2df0660966f,1,0,message_c79a082514d881857de121b6,event_8e7d53e76814f6891fe4489c,SENT,2026-08-05 11:05:02,2026-08-05 11:05:02,Wie dich konkrete Umfragen in KI-Systemen nach vorne bringen,0,,,,,on
C08,dach_de_plus_m_consistency26m_2,431508253,B,rollout_winner,person_a5f0d86dec3db2df0660966f,1,0,message_c79a082514d881857de121b6,event_2eb0a76d130bba358d6b9be7,DELIVERED,2026-08-05 11:05:02,2026-08-05 11:05:06,Wie dich konkrete Umfragen in KI-Systemen nach vorne bringen,0,,,,,on
C08,dach_de_plus_m_consistency26m_2,431508255,B,test,person_a83c3f62d8b3369111f91c4c,1,0,message_31d09212e01dbcbf847704a8,event_9c3824c5affca35cf19c9020,SENT,2026-08-05 09:04:55,2026-08-05 09:04:55,Wie dich konkrete Umfragen in KI-Systemen nach vorne bringen,0,,,,,on
C08,dach_de_plus_m_consistency26m_2,431508255,B,test,person_a83c3f62d8b3369111f91c4c,1,0,message_31d09212e01dbcbf847704a8,event_5e95e5193e2f4bfcbbe87e13,DELIVERED,2026-08-05 09:04:55,2026-08-05 09:04:59,Wie dich konkrete Umfragen in KI-Systemen nach vorne bringen,0,,,,,on
C08,dach_de_plus_m_consistency26m_2,431508255,B,test,person_fa8467c79b61e00c466b732c,1,0,message_1a42f3d23b9891b098b83064,event_f28b6539c28a96f1d28b7161,SENT,2026-08-05 09:03:35,2026-08-05 09:03:35,Wie dich konkrete Umfragen in KI-Systemen nach vorne bringen,0,,,,,on
C08,dach_de_plus_m_consistency26m_2,431508255,B,test,person_fa8467c79b61e00c466b732c,1,0,message_1a42f3d23b9891b098b83064,event_83bd3610f57fc5d24c723af8,DELIVERED,2026-08-05 09:03:35,2026-08-05 09:03:38,Wie dich konkrete Umfragen in KI-Systemen nach vorne bringen,0,,,,,on
C08,dach_de_plus_m_consistency26m_2,431508255,B,test,person_fa8467c79b61e00c466b732c,1,0,message_1a42f3d23b9891b098b83064,event_b0f9f13a9803b0759a031936,OPEN,2026-08-05 09:03:35,2026-08-05 09:03:39,Wie dich konkrete Umfragen in KI-Systemen nach vorne bringen,0,,,,,on
C08,dach_de_plus_m_consistency26m_2,431508254,A,test,person_3d0cbf8e6f8fc3aa20146e10,1,0,message_53069c50d54bb60a1cc61e34,event_e2a8046fff412b8126cb1187,DELIVERED,2026-08-05 09:04:56,2026-08-05 11:05:19,"5 Sterne allein zeigen nicht, warum Kunden dich wählen",0,,,,,on
C08,dach_de_plus_m_consistency26m_2,431508254,A,test,person_3d0cbf8e6f8fc3aa20146e10,1,0,message_53069c50d54bb60a1cc61e34,event_44b90ce1b026eb17676d337c,DEFERRED,2026-08-05 09:04:56,2026-08-05 09:05:18,"5 Sterne allein zeigen nicht, warum Kunden dich wählen",0,,,,,on
C08,dach_de_plus_m_consistency26m_2,431508254,A,test,person_3d0cbf8e6f8fc3aa20146e10,1,0,message_53069c50d54bb60a1cc61e34,event_f75d9c9a715e0ddbdc309296,SENT,2026-08-05 09:04:56,2026-08-05 09:04:56,"5 Sterne allein zeigen nicht, warum Kunden dich wählen",0,,,,,on
C08,dach_de_plus_m_consistency26m_2,431508255,B,test,person_7fd2dc29d7816da35108fd61,1,0,message_b7b3aae9fbc5411744f4848d,event_62debb114b71a7d4bd64d3fa,SENT,2026-08-05 09:03:35,2026-08-05 09:03:35,Wie dich konkrete Umfragen in KI-Systemen nach vorne bringen,0,,,,,on
C08,dach_de_plus_m_consistency26m_2,431508255,B,test,person_7fd2dc29d7816da35108fd61,1,0,message_b7b3aae9fbc5411744f4848d,event_be37d0174495ccfcce0505c5,DELIVERED,2026-08-05 09:03:35,2026-08-05 09:03:39,Wie dich konkrete Umfragen in KI-Systemen nach vorne bringen,0,,,,,on
C08,dach_de_plus_m_consistency26m_2,431508253,B,rollout_winner,person_f5b17b047e9d9f0d86c1eb6f,1,0,message_2ee4dd6c5978983d0c98ae22,event_e60429bd7d2f52f49a694117,DELIVERED,2026-08-05 11:05:02,2026-08-05 13:05:28,Wie dich konkrete Umfragen in KI-Systemen nach vorne bringen,0,,,,,on
C08,dach_de_plus_m_consistency26m_2,431508253,B,rollout_winner,person_f5b17b047e9d9f0d86c1eb6f,1,0,message_2ee4dd6c5978983d0c98ae22,event_8c790fa8cb53c7d171a37e1d,DEFERRED,2026-08-05 11:05:02,2026-08-05 11:05:24,Wie dich konkrete Umfragen in KI-Systemen nach vorne bringen,0,,,,,on
C08,dach_de_plus_m_consistency26m_2,431508253,B,rollout_winner,person_f5b17b047e9d9f0d86c1eb6f,1,0,message_2ee4dd6c5978983d0c98ae22,event_7c8ffc57a8563f49fabeb3f9,SENT,2026-08-05 11:05:02,2026-08-05 11:05:02,Wie dich konkrete Umfragen in KI-Systemen nach vorne bringen,0,,,,,on
C08,dach_de_plus_m_consistency26m_2,431508254,A,test,person_2be6f280da25d2308ab3cce0,1,1,message_bdd4511460d39dc39720f333,event_700bcc35090aff3f30b4b5d6,DEFERRED,2026-08-05 09:04:55,2026-08-05 09:05:17,"5 Sterne allein zeigen nicht, warum Kunden dich wählen",0,,,,,on
C08,dach_de_plus_m_consistency26m_2,431508254,A,test,person_2be6f280da25d2308ab3cce0,1,1,message_bdd4511460d39dc39720f333,event_7f646566a5c7b36d34ebbdd4,DELIVERED,2026-08-05 09:04:55,2026-08-05 11:05:18,"5 Sterne allein zeigen nicht, warum Kunden dich wählen",0,,,,,on
C08,dach_de_plus_m_consistency26m_2,431508254,A,test,person_2be6f280da25d2308ab3cce0,1,1,message_bdd4511460d39dc39720f333,event_451025e424ec69a6477b3b38,SENT,2026-08-05 09:04:55,2026-08-05 09:04:55,"5 Sterne allein zeigen nicht, warum Kunden dich wählen",0,,,,,on
C08,dach_de_plus_m_consistency26m_2,431508255,B,test,person_ec61e6b935bda3fd69e9f6bb,1,0,message_cd03d530af47189d4e2a18cf,event_b9c1beec6992d02e2000607d,SENT,2026-08-05 09:03:35,2026-08-05 09:03:35,Wie dich konkrete Umfragen in KI-Systemen nach vorne bringen,0,,,,,on
C08,dach_de_plus_m_consistency26m_2,431508255,B,test,person_ec61e6b935bda3fd69e9f6bb,1,0,message_cd03d530af47189d4e2a18cf,event_000e00eff0c0c46a6ad49ac7,DELIVERED,2026-08-05 09:03:35,2026-08-05 09:03:38,Wie dich konkrete Umfragen in KI-Systemen nach vorne bringen,0,,,,,on
C08,dach_de_plus_m_consistency26m_2,431508253,B,rollout_winner,person_d8b03bc66f8a54c00057a42b,1,0,message_38897d2834b5f57844fe1ac0,event_1c778c5068d63e7be1e40bac,DELIVERED,2026-08-05 11:05:02,2026-08-05 11:05:05,Wie dich konkrete Umfragen in KI-Systemen nach vorne bringen,0,,,,,on
C08,dach_de_plus_m_consistency26m_2,431508253,B,rollout_winner,person_d8b03bc66f8a54c00057a42b,1,0,message_38897d2834b5f57844fe1ac0,event_fde338d8582c7e89f0fa66eb,SENT,2026-08-05 11:05:02,2026-08-05 11:05:02,Wie dich konkrete Umfragen in KI-Systemen nach vorne bringen,0,,,,,on
C08,dach_de_plus_m_consistency26m_2,431508253,B,rollout_winner,person_50d92784750f123034d47cc5,1,0,message_c9ae50b8cd7a5ea5fe927d31,event_bc2c5c430939d4b190f3e2fe,DELIVERED,2026-08-05 11:05:02,2026-08-05 11:05:05,Wie dich konkrete Umfragen in KI-Systemen nach vorne bringen,0,,,,,on
C08,dach_de_plus_m_consistency26m_2,431508253,B,rollout_winner,person_50d92784750f123034d47cc5,1,0,message_c9ae50b8cd7a5ea5fe927d31,event_4f7e137d0900b961dc01ce7c,SENT,2026-08-05 11:05:02,2026-08-05 11:05:02,Wie dich konkrete Umfragen in KI-Systemen nach vorne bringen,0,,,,,on
C08,dach_de_plus_m_consistency26m_2,431508253,B,rollout_winner,person_50d92784750f123034d47cc5,1,0,message_c9ae50b8cd7a5ea5fe927d31,event_62445a89f52c5674ca9a3bee,OPEN,2026-08-05 11:05:02,2026-08-05 13:30:25,Wie dich konkrete Umfragen in KI-Systemen nach vorne bringen,0,,,,,on
C08,dach_de_plus_m_consistency26m_2,431508254,A,test,person_7fd120db2cba87aa8b16f791,1,0,message_b37ad6aea6b5a7ddb646a0f7,event_f01ca2c1917c7301a5878eb7,SENT,2026-08-05 09:04:56,2026-08-05 09:04:56,"5 Sterne allein zeigen nicht, warum Kunden dich wählen",0,,,,,on
C08,dach_de_plus_m_consistency26m_2,431508253,B,rollout_winner,person_7e9bec8b003e4fc763b9c2bd,1,0,message_8529b4c836167ba812003dd1,event_2210fff76b731bb9112aa8fa,DROPPED,2026-08-05 11:05:02,2026-08-05 11:05:02,Wie dich konkrete Umfragen in KI-Systemen nach vorne bringen,0,,event_2296c5eb40ac2f18014fffb0,,PREVIOUSLY_BOUNCED,on
C08,dach_de_plus_m_consistency26m_2,431508254,A,test,person_7fd120db2cba87aa8b16f791,1,0,message_b37ad6aea6b5a7ddb646a0f7,event_a059f96aa5331a4d34243f82,DELIVERED,2026-08-05 09:04:56,2026-08-05 09:04:59,"5 Sterne allein zeigen nicht, warum Kunden dich wählen",0,,,,,on
C08,dach_de_plus_m_consistency26m_2,431508253,B,rollout_winner,person_23036db82d53c463aaaf09de,1,0,message_9edf210143345a2f107c3a8e,event_3507a1d0b0610c5ac3ca5d7b,DELIVERED,2026-08-05 11:05:01,2026-08-05 11:05:04,Wie dich konkrete Umfragen in KI-Systemen nach vorne bringen,0,,,,,on
C08,dach_de_plus_m_consistency26m_2,431508253,B,rollout_winner,person_23036db82d53c463aaaf09de,1,0,message_9edf210143345a2f107c3a8e,event_f528dca4a73b6e095a5d3305,SENT,2026-08-05 11:05:01,2026-08-05 11:05:01,Wie dich konkrete Umfragen in KI-Systemen nach vorne bringen,0,,,,,on
C08,dach_de_plus_m_consistency26m_2,431508254,A,test,person_5adda8f9a689e5e0efb46ab6,1,0,message_adbe5db3910d955e38fb4112,event_5c181cb0698077281c5fe75c,DELIVERED,2026-08-05 09:04:55,2026-08-05 09:05:00,"5 Sterne allein zeigen nicht, warum Kunden dich wählen",0,,,,,on
C08,dach_de_plus_m_consistency26m_2,431508254,A,test,person_5adda8f9a689e5e0efb46ab6,1,0,message_adbe5db3910d955e38fb4112,event_70ccad62fbfefad02fa8db63,SENT,2026-08-05 09:04:55,2026-08-05 09:04:55,"5 Sterne allein zeigen nicht, warum Kunden dich wählen",0,,,,,on
C08,dach_de_plus_m_consistency26m_2,431508254,A,test,person_371421315f754648a348fc05,1,0,message_d59b40cf7c3bd2625030ee00,event_f19e6e729ba9dc162795b42d,SENT,2026-08-05 09:04:56,2026-08-05 09:04:56,"5 Sterne allein zeigen nicht, warum Kunden dich wählen",0,,,,,on
C08,dach_de_plus_m_consistency26m_2,431508254,A,test,person_371421315f754648a348fc05,1,0,message_d59b40cf7c3bd2625030ee00,event_ccc5ad3af1570a077e58c18f,DELIVERED,2026-08-05 09:04:56,2026-08-05 09:05:01,"5 Sterne allein zeigen nicht, warum Kunden dich wählen",0,,,,,on
C08,dach_de_plus_m_consistency26m_2,431508255,B,test,person_31db68086a48f352d80307b6,1,0,message_2856ba6e7f912f90792a6eed,event_3b259f4ea447ae51862d27fd,DELIVERED,2026-08-05 09:03:35,2026-08-05 09:03:38,Wie dich konkrete Umfragen in KI-Systemen nach vorne bringen,0,,,,,on
C08,dach_de_plus_m_consistency26m_2,431508255,B,test,person_31db68086a48f352d80307b6,1,0,message_2856ba6e7f912f90792a6eed,event_1583f367dbe667d76caf4418,OPEN,2026-08-05 09:03:35,2026-08-05 09:30:17,Wie dich konkrete Umfragen in KI-Systemen nach vorne bringen,0,,,,,on
C08,dach_de_plus_m_consistency26m_2,431508255,B,test,person_1d21b9e5a9535982e127c9f2,1,0,message_46144b9ea064949b3ea62995,event_c5694203f3b4b7ecb4c70b80,DROPPED,2026-08-05 09:04:56,2026-08-05 09:04:56,Wie dich konkrete Umfragen in KI-Systemen nach vorne bringen,0,,event_4fcc45a9a2261d4abda24218,,PREVIOUSLY_BOUNCED,on
C08,dach_de_plus_m_consistency26m_2,431508254,A,test,person_eeb4513bf91b063242e55e09,1,0,message_ec90ac5f7d1ea58028bfe235,event_e698918824ada70eb615cc4b,DROPPED,2026-08-05 09:04:56,2026-08-05 09:04:56,"5 Sterne allein zeigen nicht, warum Kunden dich wählen",0,,event_816f661abbbcd1ff9a4aa3ce,,PREVIOUSLY_BOUNCED,on
C08,dach_de_plus_m_consistency26m_2,431508255,B,test,person_31db68086a48f352d80307b6,1,0,message_2856ba6e7f912f90792a6eed,event_57e44cb7bf8df10d70bad505,SENT,2026-08-05 09:03:35,2026-08-05 09:03:35,Wie dich konkrete Umfragen in KI-Systemen nach vorne bringen,0,,,,,on
C08,dach_de_plus_m_consistency26m_2,431508253,B,rollout_winner,person_6138f150b92bb081c6ec6b9d,1,1,message_93b69fcdc3b793bf6414483d,event_dd14c7b87ea32088d94ce3ea,SENT,2026-08-05 11:05:02,2026-08-05 11:05:02,Wie dich konkrete Umfragen in KI-Systemen nach vorne bringen,0,,,,,on
C08,dach_de_plus_m_consistency26m_2,431508253,B,rollout_winner,person_6138f150b92bb081c6ec6b9d,1,1,message_93b69fcdc3b793bf6414483d,event_098eb93112a52c29726dc428,DEFERRED,2026-08-05 11:05:02,2026-08-05 11:05:24,Wie dich konkrete Umfragen in KI-Systemen nach vorne bringen,0,,,,,on
C08,dach_de_plus_m_consistency26m_2,431508253,B,rollout_winner,person_6138f150b92bb081c6ec6b9d,1,1,message_93b69fcdc3b793bf6414483d,event_0c86fbc0b356e74cc80856e4,DEFERRED,2026-08-05 11:05:02,2026-08-05 13:05:44,Wie dich konkrete Umfragen in KI-Systemen nach vorne bringen,0,,,,,on
C08,dach_de_plus_m_consistency26m_2,431508253,B,rollout_winner,person_6138f150b92bb081c6ec6b9d,1,1,message_93b69fcdc3b793bf6414483d,event_1b13e80812577bfa9454b379,DELIVERED,2026-08-05 11:05:02,2026-08-05 15:05:46,Wie dich konkrete Umfragen in KI-Systemen nach vorne bringen,0,,,,,on
C08,dach_de_plus_m_consistency26m_2,431508253,B,rollout_winner,person_f56a0958ae639a6122294897,1,0,message_72bf9ad433ab39c268d06edc,event_d009ee2db82af220c40e0f9b,DELIVERED,2026-08-05 11:05:02,2026-08-05 11:05:05,Wie dich konkrete Umfragen in KI-Systemen nach vorne bringen,0,,,,,on
C08,dach_de_plus_m_consistency26m_2,431508253,B,rollout_winner,person_f56a0958ae639a6122294897,1,0,message_72bf9ad433ab39c268d06edc,event_ae5d0fbe4a072141e0aabc52,SENT,2026-08-05 11:05:02,2026-08-05 11:05:02,Wie dich konkrete Umfragen in KI-Systemen nach vorne bringen,0,,,,,on
C08,dach_de_plus_m_consistency26m_2,431508255,B,test,person_782aabfcd4c6f344cf6bbc44,1,0,message_e96e03b2e38fcbc4a0275a03,event_2fe06fa08a955927d92f6b0f,SENT,2026-08-05 09:03:35,2026-08-05 09:03:35,Wie dich konkrete Umfragen in KI-Systemen nach vorne bringen,0,,,,,on
C08,dach_de_plus_m_consistency26m_2,431508255,B,test,person_782aabfcd4c6f344cf6bbc44,1,0,message_e96e03b2e38fcbc4a0275a03,event_a671b303fb4737efce4f6e5c,OPEN,2026-08-05 09:03:35,2026-08-05 09:04:01,Wie dich konkrete Umfragen in KI-Systemen nach vorne bringen,0,,,,,on
C08,dach_de_plus_m_consistency26m_2,431508255,B,test,person_782aabfcd4c6f344cf6bbc44,1,0,message_e96e03b2e38fcbc4a0275a03,event_c30815668d0b7208a118e87b,DELIVERED,2026-08-05 09:03:35,2026-08-05 09:03:37,Wie dich konkrete Umfragen in KI-Systemen nach vorne bringen,0,,,,,on
C08,dach_de_plus_m_consistency26m_2,431508254,A,test,person_8e1fb2e12283c401f54f173a,1,0,message_9f1184e8440f5cff36217060,event_d2e17c164ddb5765213a30db,SENT,2026-08-05 09:04:55,2026-08-05 09:04:55,"5 Sterne allein zeigen nicht, warum Kunden dich wählen",0,,,,,on
C08,dach_de_plus_m_consistency26m_2,431508254,A,test,person_8e1fb2e12283c401f54f173a,1,0,message_9f1184e8440f5cff36217060,event_1e609fc7352b317cf4c16e00,DELIVERED,2026-08-05 09:04:55,2026-08-05 09:04:59,"5 Sterne allein zeigen nicht, warum Kunden dich wählen",0,,,,,on
C08,dach_de_plus_m_consistency26m_2,431508255,B,test,person_88b626a96e30dc46d1746ea8,1,0,message_7f4577004d2d69d730be6605,event_ab44cc4a92d93fa60ac676fb,SENT,2026-08-05 09:04:55,2026-08-05 09:04:55,Wie dich konkrete Umfragen in KI-Systemen nach vorne bringen,0,,,,,on
C08,dach_de_plus_m_consistency26m_2,431508255,B,test,person_88b626a96e30dc46d1746ea8,1,0,message_7f4577004d2d69d730be6605,event_dc6f55abbd6df65bfd767522,DELIVERED,2026-08-05 09:04:55,2026-08-05 09:05:06,Wie dich konkrete Umfragen in KI-Systemen nach vorne bringen,0,,,,,on
C08,dach_de_plus_m_consistency26m_2,431508253,B,rollout_winner,person_aedacda9c3f4619ab556255b,1,0,message_fb49932329e5294fbefe437f,event_2da144ea486b6e67cebe3355,DELIVERED,2026-08-05 11:05:02,2026-08-05 11:05:04,Wie dich konkrete Umfragen in KI-Systemen nach vorne bringen,0,,,,,on
C08,dach_de_plus_m_consistency26m_2,431508253,B,rollout_winner,person_aedacda9c3f4619ab556255b,1,0,message_fb49932329e5294fbefe437f,event_f3a4bebd709015fb45fda6ae,SENT,2026-08-05 11:05:02,2026-08-05 11:05:02,Wie dich konkrete Umfragen in KI-Systemen nach vorne bringen,0,,,,,on
C08,dach_de_plus_m_consistency26m_2,431508254,A,test,person_b3ace25d2af0e1b92043cb24,1,0,message_6ce2507211723ad4980b2ac5,event_d90dab80a51fe9191978e09b,DELIVERED,2026-08-05 09:04:55,2026-08-05 09:04:58,"5 Sterne allein zeigen nicht, warum Kunden dich wählen",0,,,,,on
C08,dach_de_plus_m_consistency26m_2,431508254,A,test,person_b3ace25d2af0e1b92043cb24,1,0,message_6ce2507211723ad4980b2ac5,event_ae29f8fd816a6a1a0152ba6a,SENT,2026-08-05 09:04:55,2026-08-05 09:04:55,"5 Sterne allein zeigen nicht, warum Kunden dich wählen",0,,,,,on
C08,dach_de_plus_m_consistency26m_2,431508253,B,rollout_winner,person_6c05f858373d38aca117bb5d,1,0,message_bb477e5fbcd85d0de0f87901,event_146bcf2675ac9bc19dd634c6,DROPPED,2026-08-05 11:05:02,2026-08-05 11:05:02,Wie dich konkrete Umfragen in KI-Systemen nach vorne bringen,0,,event_1b2bf58c7daed6fb58bc44d1,,PREVIOUSLY_BOUNCED,on
C08,dach_de_plus_m_consistency26m_2,431508253,B,rollout_winner,person_a2a069696df357e74c2667d1,1,0,message_bfab62c20f9066563f1bcc38,event_5f9575b822ec9de5126d7c95,DELIVERED,2026-08-05 11:05:02,2026-08-05 11:05:07,Wie dich konkrete Umfragen in KI-Systemen nach vorne bringen,0,,,,,on
C08,dach_de_plus_m_consistency26m_2,431508253,B,rollout_winner,person_a2a069696df357e74c2667d1,1,0,message_bfab62c20f9066563f1bcc38,event_ee9d3da37e6419b2f5959373,SENT,2026-08-05 11:05:02,2026-08-05 11:05:02,Wie dich konkrete Umfragen in KI-Systemen nach vorne bringen,0,,,,,on
C08,dach_de_plus_m_consistency26m_2,431508254,A,test,person_c700c2f2783d4e07a47e0b54,1,0,message_9213f404c6560edd9a51aa29,event_ea1571938f314346e8daebd2,SENT,2026-08-05 09:04:56,2026-08-05 09:04:56,"5 Sterne allein zeigen nicht, warum Kunden dich wählen",0,,,,,on
C08,dach_de_plus_m_consistency26m_2,431508254,A,test,person_c700c2f2783d4e07a47e0b54,1,0,message_9213f404c6560edd9a51aa29,event_ae900e18ab9c7c9615918239,DELIVERED,2026-08-05 09:04:56,2026-08-05 09:05:00,"5 Sterne allein zeigen nicht, warum Kunden dich wählen",0,,,,,on
C08,dach_de_plus_m_consistency26m_2,431508254,A,test,person_4a5d99e27045a9abd72e0ee9,1,0,message_cc894c31d1b9775d47eb09e3,event_37b68f584824ce783e56c2d0,DELIVERED,2026-08-05 09:04:56,2026-08-05 09:05:00,"5 Sterne allein zeigen nicht, warum Kunden dich wählen",0,,,,,on
C08,dach_de_plus_m_consistency26m_2,431508254,A,test,person_4a5d99e27045a9abd72e0ee9,1,0,message_cc894c31d1b9775d47eb09e3,event_a25d142d686f14a6484b4636,SENT,2026-08-05 09:04:56,2026-08-05 09:04:56,"5 Sterne allein zeigen nicht, warum Kunden dich wählen",0,,,,,on
C08,dach_de_plus_m_consistency26m_2,431508253,B,rollout_winner,person_ed778d06e0b584cb9176f468,1,0,message_5cba6ec4b2dfdf96df904608,event_2a8b03ddc7c97762b867aeef,SENT,2026-08-05 11:05:02,2026-08-05 11:05:02,Wie dich konkrete Umfragen in KI-Systemen nach vorne bringen,0,,,,,on
C08,dach_de_plus_m_consistency26m_2,431508253,B,rollout_winner,person_ed778d06e0b584cb9176f468,1,0,message_5cba6ec4b2dfdf96df904608,event_b51489adbc6507a0bbe4dd31,DELIVERED,2026-08-05 11:05:02,2026-08-05 11:05:06,Wie dich konkrete Umfragen in KI-Systemen nach vorne bringen,0,,,,,on
C08,dach_de_plus_m_consistency26m_2,431508255,B,test,person_035d068d1435bf74e8c8bdd9,1,0,message_0b574fdeb85f077eb2a83016,event_69493c4e55925ef9e4f592ca,SENT,2026-08-05 09:04:56,2026-08-05 09:04:56,Wie dich konkrete Umfragen in KI-Systemen nach vorne bringen,0,,,,,on
C08,dach_de_plus_m_consistency26m_2,431508255,B,test,person_035d068d1435bf74e8c8bdd9,1,0,message_0b574fdeb85f077eb2a83016,event_93c69fed53b4865eba5e82ea,DELIVERED,2026-08-05 09:04:56,2026-08-05 09:05:01,Wie dich konkrete Umfragen in KI-Systemen nach vorne bringen,0,,,,,on
C08,dach_de_plus_m_consistency26m_2,431508253,B,rollout_winner,person_19e982de542bb5aba938bbf8,1,0,message_1dac123e987c0803594f0170,event_f247b0e90f99269dbbf680dc,SENT,2026-08-05 11:05:02,2026-08-05 11:05:02,Wie dich konkrete Umfragen in KI-Systemen nach vorne bringen,0,,,,,on
C08,dach_de_plus_m_consistency26m_2,431508253,B,rollout_winner,person_19e982de542bb5aba938bbf8,1,0,message_1dac123e987c0803594f0170,event_804a5dd0e0ba0673ae3af468,DELIVERED,2026-08-05 11:05:02,2026-08-05 11:05:05,Wie dich konkrete Umfragen in KI-Systemen nach vorne bringen,0,,,,,on
C08,dach_de_plus_m_consistency26m_2,431508253,B,rollout_winner,person_a1e3ca0cc2cc3cb07f9dec27,1,0,message_87924ca4ad07b450d3a8211e,event_1bbf566a0be18d3c22160e07,SENT,2026-08-05 11:05:01,2026-08-05 11:05:01,Wie dich konkrete Umfragen in KI-Systemen nach vorne bringen,0,,,,,on
C08,dach_de_plus_m_consistency26m_2,431508253,B,rollout_winner,person_a1e3ca0cc2cc3cb07f9dec27,1,0,message_87924ca4ad07b450d3a8211e,event_79c91e69e6c0075e11f0fc1e,DELIVERED,2026-08-05 11:05:01,2026-08-05 11:05:02,Wie dich konkrete Umfragen in KI-Systemen nach vorne bringen,0,,,,,on
C08,dach_de_plus_m_consistency26m_2,431508254,A,test,person_4deb1897984a7940ead7ee0e,1,0,message_05f154975650ed8bf5bc6072,event_4ae70a87d641bb3d6f227296,SENT,2026-08-05 09:04:56,2026-08-05 09:04:56,"5 Sterne allein zeigen nicht, warum Kunden dich wählen",0,,,,,on
C08,dach_de_plus_m_consistency26m_2,431508254,A,test,person_4deb1897984a7940ead7ee0e,1,0,message_05f154975650ed8bf5bc6072,event_5f6cb1b88cd64d54aff93a60,DELIVERED,2026-08-05 09:04:56,2026-08-05 09:05:04,"5 Sterne allein zeigen nicht, warum Kunden dich wählen",0,,,,,on
C08,dach_de_plus_m_consistency26m_2,431508253,B,rollout_winner,person_bb0381837e271e0ab8ac15e1,1,0,message_fcb50e1b3dbdd73b0760544e,event_a71ea62444f492232dd52a7e,CLICK,2026-08-05 11:05:02,2026-08-19 13:30:34,Wie dich konkrete Umfragen in KI-Systemen nach vorne bringen,0,,,link_f5a85faf8fc51b15d020b34a,,on
C08,dach_de_plus_m_consistency26m_2,431508253,B,rollout_winner,person_bb0381837e271e0ab8ac15e1,1,0,message_fcb50e1b3dbdd73b0760544e,event_7401270440b4ed1b05a99929,OPEN,2026-08-05 11:05:02,2026-08-19 13:30:21,Wie dich konkrete Umfragen in KI-Systemen nach vorne bringen,0,,,,,on
C08,dach_de_plus_m_consistency26m_2,431508253,B,rollout_winner,person_bb0381837e271e0ab8ac15e1,1,0,message_fcb50e1b3dbdd73b0760544e,event_bb311dcdfa2989d86f8b737e,DELIVERED,2026-08-05 11:05:02,2026-08-05 11:05:06,Wie dich konkrete Umfragen in KI-Systemen nach vorne bringen,0,,,,,on
C08,dach_de_plus_m_consistency26m_2,431508253,B,rollout_winner,person_bb0381837e271e0ab8ac15e1,1,0,message_fcb50e1b3dbdd73b0760544e,event_d37e1ad315be543096cddd86,OPEN,2026-08-05 11:05:02,2026-08-06 10:55:53,Wie dich konkrete Umfragen in KI-Systemen nach vorne bringen,0,,,,,on
C08,dach_de_plus_m_consistency26m_2,431508253,B,rollout_winner,person_bb0381837e271e0ab8ac15e1,1,0,message_fcb50e1b3dbdd73b0760544e,event_6653b29e25a68e79b932394e,OPEN,2026-08-05 11:05:02,2026-08-19 13:30:21,Wie dich konkrete Umfragen in KI-Systemen nach vorne bringen,0,,,,,on
C08,dach_de_plus_m_consistency26m_2,431508253,B,rollout_winner,person_bb0381837e271e0ab8ac15e1,1,0,message_fcb50e1b3dbdd73b0760544e,event_12000585e32aed58be26e3d6,SENT,2026-08-05 11:05:02,2026-08-05 11:05:02,Wie dich konkrete Umfragen in KI-Systemen nach vorne bringen,0,,,,,on
C08,dach_de_plus_m_consistency26m_2,431508255,B,test,person_0669ba7ccb3a70f27e153a4c,1,0,message_2cc374f8cb64e5dec2351a80,event_65cf04d985c30a3e8128ad82,SENT,2026-08-05 09:03:35,2026-08-05 09:03:35,Wie dich konkrete Umfragen in KI-Systemen nach vorne bringen,0,,,,,on
C08,dach_de_plus_m_consistency26m_2,431508255,B,test,person_0669ba7ccb3a70f27e153a4c,1,0,message_2cc374f8cb64e5dec2351a80,event_53b64dc94bd0cb2024a525c5,DELIVERED,2026-08-05 09:03:35,2026-08-05 09:03:40,Wie dich konkrete Umfragen in KI-Systemen nach vorne bringen,0,,,,,on
C08,dach_de_plus_m_consistency26m_2,431508255,B,test,person_92d0c74a4bf2ce54afff3cc6,1,1,message_250224e26369648321933a0d,event_fcb82b67d9454efbfa9f040b,DELIVERED,2026-08-05 09:04:55,2026-08-05 09:04:57,Wie dich konkrete Umfragen in KI-Systemen nach vorne bringen,0,,,,,on
C08,dach_de_plus_m_consistency26m_2,431508255,B,test,person_92d0c74a4bf2ce54afff3cc6,1,1,message_250224e26369648321933a0d,event_bc0103a9540f9264697c9e20,SENT,2026-08-05 09:04:55,2026-08-05 09:04:55,Wie dich konkrete Umfragen in KI-Systemen nach vorne bringen,0,,,,,on
C08,dach_de_plus_m_consistency26m_2,431508254,A,test,person_b254dffa52574ecc80cb7dbf,1,0,message_3126c19967149e5796cfd019,event_ff9b3065e6d7e235c6fc08ad,SENT,2026-08-05 09:04:56,2026-08-05 09:04:56,"5 Sterne allein zeigen nicht, warum Kunden dich wählen",0,,,,,on
C08,dach_de_plus_m_consistency26m_2,431508254,A,test,person_b254dffa52574ecc80cb7dbf,1,0,message_3126c19967149e5796cfd019,event_b826ea953a5aea3777cf2c89,DELIVERED,2026-08-05 09:04:56,2026-08-05 09:04:59,"5 Sterne allein zeigen nicht, warum Kunden dich wählen",0,,,,,on
