"Recipient","Hub ID","Email Campaign ID","SubType","Subject","From","Reply-To","CC","BCC","Sent Date (Your time zone)","Sent By Event ID","Event Type","Event ID","Event Created Date (Your time zone)","Message ID","Obsoleted by Event ID","Obsoleted by Date (Your time zone)","Caused by Event ID","Caused by Date (Your time zone)","Not Sent Reason","Not Sent Message","App ID","App Name","User Agent","City","State","Country","CTA ID","CTA Name","Click URL","Open duration (ms)","Bounce status","Bounce reason","Bounce message","Subscription Change Requested By","Subscription Change Source","Portal Subscription Status"
"mail@tom-peter-rietdorf.com","6890244","351930935","","ExpertLetter | Brisante Trustpilot-Enthüllungen + WIX & WordPress kommen!","""ProvenExpert | NEWS"" <news@provenexpert.com>","[news@provenexpert.com]","[]","[]","2025-03-17 11:22:30","d8f757bf-0153-443b-96eb-67a19b647eff","SENT","d8f757bf-0153-443b-96eb-67a19b647eff","2025-03-17 11:22:30","<1742206950699.d8f757bf-0153-443b-96eb-67a19b647eff@smtp.hubapi.com>","","","","","","","20185","AbBatch","","","","","","","","","","","","","",""
"mail@tom-peter-rietdorf.com","6890244","351930935","","ExpertLetter | Brisante Trustpilot-Enthüllungen + WIX & WordPress kommen!","""ProvenExpert | NEWS"" <news@provenexpert.com>","[news@provenexpert.com]","[]","[]","2025-03-17 11:22:30","d8f757bf-0153-443b-96eb-67a19b647eff","DELIVERED","bea54d76-4483-3bda-bd0f-aa5e7b46e41b","2025-03-17 11:23:04","<1742206950699.d8f757bf-0153-443b-96eb-67a19b647eff@smtp.hubapi.com>","","","","","","","20185","AbBatch","","","","","","","","","","","","","",""
"pr@banking-licenses.com","6890244","351930936","","ExpertLetter | Bewertungsmanagement-Geheimnisse: von Estimotos Erfolg lernen + Trustpilot-Skandal! ","""ProvenExpert | NEWS"" <news@provenexpert.com>","[news@provenexpert.com]","[]","[]","2025-03-17 11:19:49","2c8b9444-f477-4296-a074-427dbc5f244c","SENT","2c8b9444-f477-4296-a074-427dbc5f244c","2025-03-17 11:19:49","<1742206789996.2c8b9444-f477-4296-a074-427dbc5f244c@smtp.hubapi.com>","","","","","","","20185","AbBatch","","","","","","","","","","","","","",""
"pr@banking-licenses.com","6890244","351930936","","ExpertLetter | Bewertungsmanagement-Geheimnisse: von Estimotos Erfolg lernen + Trustpilot-Skandal! ","""ProvenExpert | NEWS"" <news@provenexpert.com>","[news@provenexpert.com]","[]","[]","2025-03-17 11:19:49","2c8b9444-f477-4296-a074-427dbc5f244c","DELIVERED","da203269-d7a2-3405-b425-1251c455d4fa","2025-03-17 11:19:52","<1742206789996.2c8b9444-f477-4296-a074-427dbc5f244c@smtp.hubapi.com>","","","","","","","20185","AbBatch","","","","","","","","","","","","","",""
"andreas.golchert@gmail.com","6890244","351930936","","ExpertLetter | Bewertungsmanagement-Geheimnisse: von Estimotos Erfolg lernen + Trustpilot-Skandal! ","""ProvenExpert | NEWS"" <news@provenexpert.com>","[news@provenexpert.com]","[]","[]","2025-03-17 11:22:30","4581a1fa-d089-4713-ae19-1507d89955c1","SENT","4581a1fa-d089-4713-ae19-1507d89955c1","2025-03-17 11:22:30","<1742206950681.4581a1fa-d089-4713-ae19-1507d89955c1@smtp.hubapi.com>","","","","","","","20185","AbBatch","","","","","","","","","","","","","",""
"andreas.golchert@gmail.com","6890244","351930936","","ExpertLetter | Bewertungsmanagement-Geheimnisse: von Estimotos Erfolg lernen + Trustpilot-Skandal! ","""ProvenExpert | NEWS"" <news@provenexpert.com>","[news@provenexpert.com]","[]","[]","2025-03-17 11:22:30","4581a1fa-d089-4713-ae19-1507d89955c1","DELIVERED","22771363-6973-3ef4-bc19-9afe55e31ee4","2025-03-17 11:22:32","<1742206950681.4581a1fa-d089-4713-ae19-1507d89955c1@smtp.hubapi.com>","","","","","","","20185","AbBatch","","","","","","","","","","","","","",""
"boss@philbolanz.com","6890244","351930935","","ExpertLetter | Brisante Trustpilot-Enthüllungen + WIX & WordPress kommen!","""ProvenExpert | NEWS"" <news@provenexpert.com>","[news@provenexpert.com]","[]","[]","2025-03-17 11:21:09","94ae5eae-9cb0-42ad-8948-561ef2eef82b","DELIVERED","33e34d1f-58b3-395f-a1d6-91a2a4013aee","2025-03-17 11:21:15","<1742206869929.94ae5eae-9cb0-42ad-8948-561ef2eef82b@smtp.hubapi.com>","","","","","","","20185","AbBatch","","","","","","","","","","","","","",""
"boss@philbolanz.com","6890244","351930935","","ExpertLetter | Brisante Trustpilot-Enthüllungen + WIX & WordPress kommen!","""ProvenExpert | NEWS"" <news@provenexpert.com>","[news@provenexpert.com]","[]","[]","2025-03-17 11:21:09","94ae5eae-9cb0-42ad-8948-561ef2eef82b","SENT","94ae5eae-9cb0-42ad-8948-561ef2eef82b","2025-03-17 11:21:09","<1742206869929.94ae5eae-9cb0-42ad-8948-561ef2eef82b@smtp.hubapi.com>","","","","","","","20185","AbBatch","","","","","","","","","","","","","",""
"ask@markosimic.at","6890244","351930936","","ExpertLetter | Bewertungsmanagement-Geheimnisse: von Estimotos Erfolg lernen + Trustpilot-Skandal! ","""ProvenExpert | NEWS"" <news@provenexpert.com>","[news@provenexpert.com]","[]","[]","2025-03-17 11:22:29","47237c99-435b-488d-a807-f92f2b53b154","SENT","47237c99-435b-488d-a807-f92f2b53b154","2025-03-17 11:22:29","<1742206949908.47237c99-435b-488d-a807-f92f2b53b154@smtp.hubapi.com>","","","","","","","20185","AbBatch","","","","","","","","","","","","","",""
"ask@markosimic.at","6890244","351930936","","ExpertLetter | Bewertungsmanagement-Geheimnisse: von Estimotos Erfolg lernen + Trustpilot-Skandal! ","""ProvenExpert | NEWS"" <news@provenexpert.com>","[news@provenexpert.com]","[]","[]","2025-03-17 11:22:29","47237c99-435b-488d-a807-f92f2b53b154","OPEN","8eb370c4-1142-34c0-a54d-d8d0b911b5a2","2025-03-17 11:47:16","<1742206949908.47237c99-435b-488d-a807-f92f2b53b154@smtp.hubapi.com>","","","","","","","20185","AbBatch","Mozilla/5.0 (Macintosh; Intel Mac OS X 10_15_7) AppleWebKit/605.1.15 (KHTML, like Gecko) Version/17.2.1 Safari/605.1.15","paphos","paphos","CYPRUS","","","","33113","","","","","",""
"info@revenuewings.com","6890244","351930936","","ExpertLetter | Bewertungsmanagement-Geheimnisse: von Estimotos Erfolg lernen + Trustpilot-Skandal! ","""ProvenExpert | NEWS"" <news@provenexpert.com>","[news@provenexpert.com]","[]","[]","2025-03-17 11:22:30","79e5a337-22ad-42c5-acfd-48879ac67b09","DROPPED","79e5a337-22ad-42c5-acfd-48879ac67b09","2025-03-17 11:22:30","<1742206950226.79e5a337-22ad-42c5-acfd-48879ac67b09@smtp.hubapi.com>","","","a3da2bf4-719a-315c-b4fb-4d1a087e72d7","2024-05-07 16:40:42","PREVIOUSLY_BOUNCED","Recipient has previously bounced.","20185","AbBatch","","","","","","","","","552","smtp; 552 5.2.2 <info-revenuewings.com@s19.wpxhosting.com> Not
    enough disk quota","smtp; 552 5.2.2 <info-revenuewings.com@s19.wpxhosting.com> Not
    enough disk quota","","",""
"info@patricia-roempke.com","6890244","351930936","","ExpertLetter | Bewertungsmanagement-Geheimnisse: von Estimotos Erfolg lernen + Trustpilot-Skandal! ","""ProvenExpert | NEWS"" <news@provenexpert.com>","[news@provenexpert.com]","[]","[]","2025-03-17 11:22:30","22937a2f-4011-4133-ac92-d85e7700f794","DROPPED","22937a2f-4011-4133-ac92-d85e7700f794","2025-03-17 11:22:30","<1742206950479.22937a2f-4011-4133-ac92-d85e7700f794@smtp.hubapi.com>","","","dc3dbbb1-c10c-348d-8159-7baddf0d2742","2021-06-09 16:13:41","PREVIOUSLY_BOUNCED","Recipient has previously bounced.","20185","AbBatch","","","","","","","","","550","550-Requested action not taken: mailbox unavailable 550 invalid DNS MX or A/AAAA resource record","550-Requested action not taken: mailbox unavailable 550 invalid DNS MX or A/AAAA resource record","","",""
"ask@markosimic.at","6890244","351930936","","ExpertLetter | Bewertungsmanagement-Geheimnisse: von Estimotos Erfolg lernen + Trustpilot-Skandal! ","""ProvenExpert | NEWS"" <news@provenexpert.com>","[news@provenexpert.com]","[]","[]","2025-03-17 11:22:29","47237c99-435b-488d-a807-f92f2b53b154","DELIVERED","59267871-12c4-36e1-ad97-9ff6c3a7154a","2025-03-17 11:22:32","<1742206949908.47237c99-435b-488d-a807-f92f2b53b154@smtp.hubapi.com>","","","","","","","20185","AbBatch","","","","","","","","","","","","","",""
"ask@markosimic.at","6890244","351930936","","ExpertLetter | Bewertungsmanagement-Geheimnisse: von Estimotos Erfolg lernen + Trustpilot-Skandal! ","""ProvenExpert | NEWS"" <news@provenexpert.com>","[news@provenexpert.com]","[]","[]","2025-03-17 11:22:29","47237c99-435b-488d-a807-f92f2b53b154","OPEN","6bfcb4d9-7bcc-3578-8611-16186ed796a2","2025-03-17 17:24:57","<1742206949908.47237c99-435b-488d-a807-f92f2b53b154@smtp.hubapi.com>","","","","","","","20185","AbBatch","Mozilla/5.0 (Macintosh; Intel Mac OS X 10_15_7) AppleWebKit/605.1.15 (KHTML, like Gecko) Version/17.2.1 Safari/605.1.15","paphos","paphos","CYPRUS","","","","33132","","","","","",""
"inshaberger@yahoo.de","6890244","351930936","","ExpertLetter | Bewertungsmanagement-Geheimnisse: von Estimotos Erfolg lernen + Trustpilot-Skandal! ","""ProvenExpert | NEWS"" <news@provenexpert.com>","[news@provenexpert.com]","[]","[]","2025-03-17 11:22:30","bccbcaf3-09a8-48c5-bb52-b2e9772fbc1d","OPEN","182d44c0-5432-3c0e-a630-91cc1a6ee953","2025-03-17 12:04:01","<1742206950205.bccbcaf3-09a8-48c5-bb52-b2e9772fbc1d@smtp.hubapi.com>","","","","","","","20185","AbBatch","YahooMailProxy; https://help.yahoo.com/kb/yahoo-mail-proxy-SLN28749.html","amsterdam","noord-holland","NETHERLANDS","","","","10865","","","","","",""
"inshaberger@yahoo.de","6890244","351930936","","ExpertLetter | Bewertungsmanagement-Geheimnisse: von Estimotos Erfolg lernen + Trustpilot-Skandal! ","""ProvenExpert | NEWS"" <news@provenexpert.com>","[news@provenexpert.com]","[]","[]","2025-03-17 11:22:30","bccbcaf3-09a8-48c5-bb52-b2e9772fbc1d","OPEN","8bc63a01-afd0-3c42-a0a8-5693dd552e5f","2025-03-17 12:30:31","<1742206950205.bccbcaf3-09a8-48c5-bb52-b2e9772fbc1d@smtp.hubapi.com>","","","","","","","20185","AbBatch","YahooMailProxy; https://help.yahoo.com/kb/yahoo-mail-proxy-SLN28749.html","","sao paulo","BRAZIL","","","","4852","","","","","",""
"inshaberger@yahoo.de","6890244","351930936","","ExpertLetter | Bewertungsmanagement-Geheimnisse: von Estimotos Erfolg lernen + Trustpilot-Skandal! ","""ProvenExpert | NEWS"" <news@provenexpert.com>","[news@provenexpert.com]","[]","[]","2025-03-17 11:22:30","bccbcaf3-09a8-48c5-bb52-b2e9772fbc1d","OPEN","cdd0a05f-35af-39c7-a3ab-28079bca2814","2025-03-17 12:30:41","<1742206950205.bccbcaf3-09a8-48c5-bb52-b2e9772fbc1d@smtp.hubapi.com>","","","","","","","20185","AbBatch","YahooMailProxy; https://help.yahoo.com/kb/yahoo-mail-proxy-SLN28749.html","","sao paulo","BRAZIL","","","","10937","","","","","",""
"inshaberger@yahoo.de","6890244","351930936","","ExpertLetter | Bewertungsmanagement-Geheimnisse: von Estimotos Erfolg lernen + Trustpilot-Skandal! ","""ProvenExpert | NEWS"" <news@provenexpert.com>","[news@provenexpert.com]","[]","[]","2025-03-17 11:22:30","bccbcaf3-09a8-48c5-bb52-b2e9772fbc1d","SENT","bccbcaf3-09a8-48c5-bb52-b2e9772fbc1d","2025-03-17 11:22:30","<1742206950205.bccbcaf3-09a8-48c5-bb52-b2e9772fbc1d@smtp.hubapi.com>","","","","","","","20185","AbBatch","","","","","","","","","","","","","",""
"inshaberger@yahoo.de","6890244","351930936","","ExpertLetter | Bewertungsmanagement-Geheimnisse: von Estimotos Erfolg lernen + Trustpilot-Skandal! ","""ProvenExpert | NEWS"" <news@provenexpert.com>","[news@provenexpert.com]","[]","[]","2025-03-17 11:22:30","bccbcaf3-09a8-48c5-bb52-b2e9772fbc1d","DELIVERED","33cf2049-dcad-39bb-8889-c789236792f6","2025-03-17 11:22:31","<1742206950205.bccbcaf3-09a8-48c5-bb52-b2e9772fbc1d@smtp.hubapi.com>","","","","","","","20185","AbBatch","","","","","","","","","","","","","",""
"info@drserkanaygin.co.uk","6890244","351930935","","ExpertLetter | Brisante Trustpilot-Enthüllungen + WIX & WordPress kommen!","""ProvenExpert | NEWS"" <news@provenexpert.com>","[news@provenexpert.com]","[]","[]","2025-03-17 11:22:30","7f953260-d6b8-4f1c-9dd5-d6c39d84208b","DEFERRED","3e2a8f89-6684-3bd7-8435-45846646dd7f","2025-03-17 11:27:16","<1742206950363.7f953260-d6b8-4f1c-9dd5-d6c39d84208b@smtp.hubapi.com>","","","","","","","20185","AbBatch","","","","","","","","","","","","","",""
"info@drserkanaygin.co.uk","6890244","351930935","","ExpertLetter | Brisante Trustpilot-Enthüllungen + WIX & WordPress kommen!","""ProvenExpert | NEWS"" <news@provenexpert.com>","[news@provenexpert.com]","[]","[]","2025-03-17 11:22:30","7f953260-d6b8-4f1c-9dd5-d6c39d84208b","DROPPED","169597de-48cb-335c-a8e2-5e99104e837b","2025-03-17 11:48:44","<1742206950363.7f953260-d6b8-4f1c-9dd5-d6c39d84208b@smtp.hubapi.com>","","","","","MTA_IGNORE","","20185","AbBatch","","","","","","","","","","","","","",""
"info@drserkanaygin.co.uk","6890244","351930935","","ExpertLetter | Brisante Trustpilot-Enthüllungen + WIX & WordPress kommen!","""ProvenExpert | NEWS"" <news@provenexpert.com>","[news@provenexpert.com]","[]","[]","2025-03-17 11:22:30","7f953260-d6b8-4f1c-9dd5-d6c39d84208b","DEFERRED","c8e70ee5-2dc5-3cab-b9bf-eaf8daf30b67","2025-03-17 11:46:38","<1742206950363.7f953260-d6b8-4f1c-9dd5-d6c39d84208b@smtp.hubapi.com>","","","","","","","20185","AbBatch","","","","","","","","","","","","","",""
"info@drserkanaygin.co.uk","6890244","351930935","","ExpertLetter | Brisante Trustpilot-Enthüllungen + WIX & WordPress kommen!","""ProvenExpert | NEWS"" <news@provenexpert.com>","[news@provenexpert.com]","[]","[]","2025-03-17 11:22:30","7f953260-d6b8-4f1c-9dd5-d6c39d84208b","DEFERRED","006788ad-855d-3236-9d45-31fa2096d5d5","2025-03-17 11:23:16","<1742206950363.7f953260-d6b8-4f1c-9dd5-d6c39d84208b@smtp.hubapi.com>","","","","","","","20185","AbBatch","","","","","","","","","","","","","",""
"info@drserkanaygin.co.uk","6890244","351930935","","ExpertLetter | Brisante Trustpilot-Enthüllungen + WIX & WordPress kommen!","""ProvenExpert | NEWS"" <news@provenexpert.com>","[news@provenexpert.com]","[]","[]","2025-03-17 11:22:30","7f953260-d6b8-4f1c-9dd5-d6c39d84208b","SENT","7f953260-d6b8-4f1c-9dd5-d6c39d84208b","2025-03-17 11:22:30","<1742206950363.7f953260-d6b8-4f1c-9dd5-d6c39d84208b@smtp.hubapi.com>","169597de-48cb-335c-a8e2-5e99104e837b","2025-03-17 11:48:44","","","","","20185","AbBatch","","","","","","","","","","","","","",""
"info@clevertipps.com","6890244","351930935","","ExpertLetter | Brisante Trustpilot-Enthüllungen + WIX & WordPress kommen!","""ProvenExpert | NEWS"" <news@provenexpert.com>","[news@provenexpert.com]","[]","[]","2025-03-17 11:22:30","5360d2fa-3eb5-4571-bfe2-4d9167779493","DELIVERED","a5404461-c25c-3ad7-9067-a35ad8c7a8ab","2025-03-17 11:22:32","<1742206950651.5360d2fa-3eb5-4571-bfe2-4d9167779493@smtp.hubapi.com>","","","","","","","20185","AbBatch","","","","","","","","","","","","","",""
"info@clevertipps.com","6890244","351930935","","ExpertLetter | Brisante Trustpilot-Enthüllungen + WIX & WordPress kommen!","""ProvenExpert | NEWS"" <news@provenexpert.com>","[news@provenexpert.com]","[]","[]","2025-03-17 11:22:30","5360d2fa-3eb5-4571-bfe2-4d9167779493","SENT","5360d2fa-3eb5-4571-bfe2-4d9167779493","2025-03-17 11:22:30","<1742206950651.5360d2fa-3eb5-4571-bfe2-4d9167779493@smtp.hubapi.com>","","","","","","","20185","AbBatch","","","","","","","","","","","","","",""
"fw@w-v.co.uk","6890244","351930935","","ExpertLetter | Brisante Trustpilot-Enthüllungen + WIX & WordPress kommen!","""ProvenExpert | NEWS"" <news@provenexpert.com>","[news@provenexpert.com]","[]","[]","2025-03-17 11:21:10","3300a0fc-85e6-4bdc-a8ba-fa7ec585dd78","SENT","3300a0fc-85e6-4bdc-a8ba-fa7ec585dd78","2025-03-17 11:21:10","<1742206870015.3300a0fc-85e6-4bdc-a8ba-fa7ec585dd78@smtp.hubapi.com>","","","","","","","20185","AbBatch","","","","","","","","","","","","","",""
"fw@w-v.co.uk","6890244","351930935","","ExpertLetter | Brisante Trustpilot-Enthüllungen + WIX & WordPress kommen!","""ProvenExpert | NEWS"" <news@provenexpert.com>","[news@provenexpert.com]","[]","[]","2025-03-17 11:21:10","3300a0fc-85e6-4bdc-a8ba-fa7ec585dd78","DELIVERED","42ea8511-2c6d-306a-b1cf-d09626456fd9","2025-03-17 11:21:11","<1742206870015.3300a0fc-85e6-4bdc-a8ba-fa7ec585dd78@smtp.hubapi.com>","","","","","","","20185","AbBatch","","","","","","","","","","","","","",""
"marius@marius-sobotta.de","6890244","351930936","","ExpertLetter | Bewertungsmanagement-Geheimnisse: von Estimotos Erfolg lernen + Trustpilot-Skandal! ","""ProvenExpert | NEWS"" <news@provenexpert.com>","[news@provenexpert.com]","[]","[]","2025-03-17 11:19:49","a095b78a-37ac-475d-8155-d4b12f418e26","DELIVERED","ab4afd01-5454-37cc-9980-b7c3ec45b330","2025-03-17 11:19:50","<1742206789781.a095b78a-37ac-475d-8155-d4b12f418e26@smtp.hubapi.com>","","","","","","","20185","AbBatch","","","","","","","","","","","","","",""
"marius@marius-sobotta.de","6890244","351930936","","ExpertLetter | Bewertungsmanagement-Geheimnisse: von Estimotos Erfolg lernen + Trustpilot-Skandal! ","""ProvenExpert | NEWS"" <news@provenexpert.com>","[news@provenexpert.com]","[]","[]","2025-03-17 11:19:49","a095b78a-37ac-475d-8155-d4b12f418e26","SENT","a095b78a-37ac-475d-8155-d4b12f418e26","2025-03-17 11:19:49","<1742206789781.a095b78a-37ac-475d-8155-d4b12f418e26@smtp.hubapi.com>","","","","","","","20185","AbBatch","","","","","","","","","","","","","",""
"nadja.blattner91@gmail.com","6890244","351930935","","ExpertLetter | Brisante Trustpilot-Enthüllungen + WIX & WordPress kommen!","""ProvenExpert | NEWS"" <news@provenexpert.com>","[news@provenexpert.com]","[]","[]","2025-03-17 11:21:09","9c0e29e4-3226-402e-9f32-28e321ed1d7e","SENT","9c0e29e4-3226-402e-9f32-28e321ed1d7e","2025-03-17 11:21:09","<1742206869734.9c0e29e4-3226-402e-9f32-28e321ed1d7e@smtp.hubapi.com>","","","","","","","20185","AbBatch","","","","","","","","","","","","","",""
"nadja.blattner91@gmail.com","6890244","351930935","","ExpertLetter | Brisante Trustpilot-Enthüllungen + WIX & WordPress kommen!","""ProvenExpert | NEWS"" <news@provenexpert.com>","[news@provenexpert.com]","[]","[]","2025-03-17 11:21:09","9c0e29e4-3226-402e-9f32-28e321ed1d7e","DELIVERED","6d14920a-dd74-3b8e-b56e-c7e217693153","2025-03-17 11:21:10","<1742206869734.9c0e29e4-3226-402e-9f32-28e321ed1d7e@smtp.hubapi.com>","","","","","","","20185","AbBatch","","","","","","","","","","","","","",""
"dott.hoffmann@gmail.com","6890244","351930936","","ExpertLetter | Bewertungsmanagement-Geheimnisse: von Estimotos Erfolg lernen + Trustpilot-Skandal! ","""ProvenExpert | NEWS"" <news@provenexpert.com>","[news@provenexpert.com]","[]","[]","2025-03-17 11:22:30","d19c7f22-2f42-42ed-9dfa-f03e821bedf7","SENT","d19c7f22-2f42-42ed-9dfa-f03e821bedf7","2025-03-17 11:22:30","<1742206950471.d19c7f22-2f42-42ed-9dfa-f03e821bedf7@smtp.hubapi.com>","","","","","","","20185","AbBatch","","","","","","","","","","","","","",""
"dott.hoffmann@gmail.com","6890244","351930936","","ExpertLetter | Bewertungsmanagement-Geheimnisse: von Estimotos Erfolg lernen + Trustpilot-Skandal! ","""ProvenExpert | NEWS"" <news@provenexpert.com>","[news@provenexpert.com]","[]","[]","2025-03-17 11:22:30","d19c7f22-2f42-42ed-9dfa-f03e821bedf7","DELIVERED","cdfc30bc-36df-3060-9839-270566317de0","2025-03-17 11:22:32","<1742206950471.d19c7f22-2f42-42ed-9dfa-f03e821bedf7@smtp.hubapi.com>","","","","","","","20185","AbBatch","","","","","","","","","","","","","",""
"dott.hoffmann@gmail.com","6890244","351930936","","ExpertLetter | Bewertungsmanagement-Geheimnisse: von Estimotos Erfolg lernen + Trustpilot-Skandal! ","""ProvenExpert | NEWS"" <news@provenexpert.com>","[news@provenexpert.com]","[]","[]","2025-03-17 11:22:30","d19c7f22-2f42-42ed-9dfa-f03e821bedf7","OPEN","84448b86-34c8-37aa-9bc2-2521613c39be","2025-03-26 12:59:14","<1742206950471.d19c7f22-2f42-42ed-9dfa-f03e821bedf7@smtp.hubapi.com>","","","","","","","20185","AbBatch","Mozilla/5.0 (Windows NT 5.1; rv:11.0) Gecko Firefox/11.0 (via ggpht.com GoogleImageProxy)","Unknown","Unknown","Unknown","","","","0","","","","","",""
"dott.hoffmann@gmail.com","6890244","351930936","","ExpertLetter | Bewertungsmanagement-Geheimnisse: von Estimotos Erfolg lernen + Trustpilot-Skandal! ","""ProvenExpert | NEWS"" <news@provenexpert.com>","[news@provenexpert.com]","[]","[]","2025-03-17 11:22:30","d19c7f22-2f42-42ed-9dfa-f03e821bedf7","OPEN","a6e5924a-fe23-39e9-a02e-a923ed09b7ee","2025-03-18 14:20:32","<1742206950471.d19c7f22-2f42-42ed-9dfa-f03e821bedf7@smtp.hubapi.com>","","","","","","","20185","AbBatch","Mozilla/5.0 (Windows NT 5.1; rv:11.0) Gecko Firefox/11.0 (via ggpht.com GoogleImageProxy)","Unknown","Unknown","Unknown","","","","0","","","","","",""
"dott.hoffmann@gmail.com","6890244","351930936","","ExpertLetter | Bewertungsmanagement-Geheimnisse: von Estimotos Erfolg lernen + Trustpilot-Skandal! ","""ProvenExpert | NEWS"" <news@provenexpert.com>","[news@provenexpert.com]","[]","[]","2025-03-17 11:22:30","d19c7f22-2f42-42ed-9dfa-f03e821bedf7","OPEN","fe072fe8-5a54-3cc9-9c26-c7d3e104f671","2025-03-22 15:42:06","<1742206950471.d19c7f22-2f42-42ed-9dfa-f03e821bedf7@smtp.hubapi.com>","","","","","","","20185","AbBatch","Mozilla/5.0 (Windows NT 5.1; rv:11.0) Gecko Firefox/11.0 (via ggpht.com GoogleImageProxy)","Unknown","Unknown","Unknown","","","","0","","","","","",""
"dev-testing@digital-results-international.com","6890244","351930935","","ExpertLetter | Brisante Trustpilot-Enthüllungen + WIX & WordPress kommen!","""ProvenExpert | NEWS"" <news@provenexpert.com>","[news@provenexpert.com]","[]","[]","2025-03-17 11:21:10","476e2735-c686-42c5-b3d0-e94100c72bcf","SENT","476e2735-c686-42c5-b3d0-e94100c72bcf","2025-03-17 11:21:10","<1742206870190.476e2735-c686-42c5-b3d0-e94100c72bcf@smtp.hubapi.com>","","","","","","","20185","AbBatch","","","","","","","","","","","","","",""
"dev-testing@digital-results-international.com","6890244","351930935","","ExpertLetter | Brisante Trustpilot-Enthüllungen + WIX & WordPress kommen!","""ProvenExpert | NEWS"" <news@provenexpert.com>","[news@provenexpert.com]","[]","[]","2025-03-17 11:21:10","476e2735-c686-42c5-b3d0-e94100c72bcf","OPEN","c4099f23-ad25-3c27-bf9d-ff21fc9e6a4d","2025-03-17 11:21:15","<1742206870190.476e2735-c686-42c5-b3d0-e94100c72bcf@smtp.hubapi.com>","","","","","","","20185","AbBatch","Mozilla/5.0 (Windows NT 10.0; Win64; x64) AppleWebKit/537.36 (KHTML, like Gecko) Chrome/42.0.2311.135 Safari/537.36 Edge/12.246 Mozilla/5.0","","","UNITED STATES","","","","0","","","","","",""
"dev-testing@digital-results-international.com","6890244","351930935","","ExpertLetter | Brisante Trustpilot-Enthüllungen + WIX & WordPress kommen!","""ProvenExpert | NEWS"" <news@provenexpert.com>","[news@provenexpert.com]","[]","[]","2025-03-17 11:21:10","476e2735-c686-42c5-b3d0-e94100c72bcf","OPEN","9dd1525b-dc74-374f-b61c-a8100b435ff7","2025-03-17 15:07:00","<1742206870190.476e2735-c686-42c5-b3d0-e94100c72bcf@smtp.hubapi.com>","","","","","","","20185","AbBatch","Mozilla/5.0 (Windows NT 5.1; rv:11.0) Gecko Firefox/11.0 (via ggpht.com GoogleImageProxy)","Unknown","Unknown","Unknown","","","","0","","","","","",""
"kerstin@kerstinboecker.de","6890244","351930936","","ExpertLetter | Bewertungsmanagement-Geheimnisse: von Estimotos Erfolg lernen + Trustpilot-Skandal! ","""ProvenExpert | NEWS"" <news@provenexpert.com>","[news@provenexpert.com]","[]","[]","2025-03-17 11:22:30","3278d645-5554-49af-a133-1231a797646f","DROPPED","3278d645-5554-49af-a133-1231a797646f","2025-03-17 11:22:30","<1742206950273.3278d645-5554-49af-a133-1231a797646f@smtp.hubapi.com>","","","8541db7d-baf2-3967-9352-41125c5f39a0","2025-02-10 21:30:04","PREVIOUSLY_BOUNCED","Recipient has previously bounced.","20185","AbBatch","","","","","","","","","554","554 5.7.1 <kerstin@kerstinboecker.de>: Relay access denied","554 5.7.1 <kerstin@kerstinboecker.de>: Relay access denied","","",""
"dev-testing@digital-results-international.com","6890244","351930935","","ExpertLetter | Brisante Trustpilot-Enthüllungen + WIX & WordPress kommen!","""ProvenExpert | NEWS"" <news@provenexpert.com>","[news@provenexpert.com]","[]","[]","2025-03-17 11:21:10","476e2735-c686-42c5-b3d0-e94100c72bcf","OPEN","3bf037e5-c52e-3c93-8037-490320510986","2025-03-17 11:21:16","<1742206870190.476e2735-c686-42c5-b3d0-e94100c72bcf@smtp.hubapi.com>","","","","","","","20185","AbBatch","Mozilla/5.0 (Windows NT 10.0; Win64; x64) AppleWebKit/537.36 (KHTML, like Gecko) Chrome/42.0.2311.135 Safari/537.36 Edge/12.246 Mozilla/5.0","","","UNITED STATES","","","","0","","","","","",""
"dev-testing@digital-results-international.com","6890244","351930935","","ExpertLetter | Brisante Trustpilot-Enthüllungen + WIX & WordPress kommen!","""ProvenExpert | NEWS"" <news@provenexpert.com>","[news@provenexpert.com]","[]","[]","2025-03-17 11:21:10","476e2735-c686-42c5-b3d0-e94100c72bcf","OPEN","1f3a146b-829c-3554-a895-62caf1dbf68b","2025-03-17 11:23:21","<1742206870190.476e2735-c686-42c5-b3d0-e94100c72bcf@smtp.hubapi.com>","","","","","","","20185","AbBatch","Mozilla/5.0 (Windows NT 5.1; rv:11.0) Gecko Firefox/11.0 (via ggpht.com GoogleImageProxy)","Unknown","Unknown","Unknown","","","","0","","","","","",""
"dev-testing@digital-results-international.com","6890244","351930935","","ExpertLetter | Brisante Trustpilot-Enthüllungen + WIX & WordPress kommen!","""ProvenExpert | NEWS"" <news@provenexpert.com>","[news@provenexpert.com]","[]","[]","2025-03-17 11:21:10","476e2735-c686-42c5-b3d0-e94100c72bcf","OPEN","2bcf05af-8876-3c46-8a41-18f2c2186549","2025-03-19 09:01:09","<1742206870190.476e2735-c686-42c5-b3d0-e94100c72bcf@smtp.hubapi.com>","","","","","","","20185","AbBatch","Mozilla/5.0 (Windows NT 5.1; rv:11.0) Gecko Firefox/11.0 (via ggpht.com GoogleImageProxy)","Unknown","Unknown","Unknown","","","","0","","","","","",""
"dev-testing@digital-results-international.com","6890244","351930935","","ExpertLetter | Brisante Trustpilot-Enthüllungen + WIX & WordPress kommen!","""ProvenExpert | NEWS"" <news@provenexpert.com>","[news@provenexpert.com]","[]","[]","2025-03-17 11:21:10","476e2735-c686-42c5-b3d0-e94100c72bcf","DELIVERED","7788c5b1-1cab-3f71-ba57-57994a023581","2025-03-17 11:21:11","<1742206870190.476e2735-c686-42c5-b3d0-e94100c72bcf@smtp.hubapi.com>","","","","","","","20185","AbBatch","","","","","","","","","","","","","",""
"info@internationalfinance.net","6890244","351930936","","ExpertLetter | Bewertungsmanagement-Geheimnisse: von Estimotos Erfolg lernen + Trustpilot-Skandal! ","""ProvenExpert | NEWS"" <news@provenexpert.com>","[news@provenexpert.com]","[]","[]","2025-03-17 11:22:29","34e93d83-0e86-4bbf-8db5-af032288e303","SENT","34e93d83-0e86-4bbf-8db5-af032288e303","2025-03-17 11:22:29","<1742206949962.34e93d83-0e86-4bbf-8db5-af032288e303@smtp.hubapi.com>","","","","","","","20185","AbBatch","","","","","","","","","","","","","",""
"info@internationalfinance.net","6890244","351930936","","ExpertLetter | Bewertungsmanagement-Geheimnisse: von Estimotos Erfolg lernen + Trustpilot-Skandal! ","""ProvenExpert | NEWS"" <news@provenexpert.com>","[news@provenexpert.com]","[]","[]","2025-03-17 11:22:29","34e93d83-0e86-4bbf-8db5-af032288e303","DELIVERED","fa6c2da9-ea51-3eae-b684-a7d7104db8cb","2025-03-17 11:22:31","<1742206949962.34e93d83-0e86-4bbf-8db5-af032288e303@smtp.hubapi.com>","","","","","","","20185","AbBatch","","","","","","","","","","","","","",""
"oliver@re-connect-yourself.com","6890244","351930936","","ExpertLetter | Bewertungsmanagement-Geheimnisse: von Estimotos Erfolg lernen + Trustpilot-Skandal! ","""ProvenExpert | NEWS"" <news@provenexpert.com>","[news@provenexpert.com]","[]","[]","2025-03-17 11:22:30","e6c175dc-f06b-4eab-b742-9cedef7d86af","DEFERRED","a8be79eb-6ebb-3457-9b6c-9f9c84df45f0","2025-03-17 11:26:44","<1742206950805.e6c175dc-f06b-4eab-b742-9cedef7d86af@smtp.hubapi.com>","","","","","","","20185","AbBatch","","","","","","","","","","","","","",""
"oliver@re-connect-yourself.com","6890244","351930936","","ExpertLetter | Bewertungsmanagement-Geheimnisse: von Estimotos Erfolg lernen + Trustpilot-Skandal! ","""ProvenExpert | NEWS"" <news@provenexpert.com>","[news@provenexpert.com]","[]","[]","2025-03-17 11:22:30","e6c175dc-f06b-4eab-b742-9cedef7d86af","DEFERRED","9d7a8165-40af-3243-91c4-01ccc307530a","2025-03-17 11:23:17","<1742206950805.e6c175dc-f06b-4eab-b742-9cedef7d86af@smtp.hubapi.com>","","","","","","","20185","AbBatch","","","","","","","","","","","","","",""
"oliver@re-connect-yourself.com","6890244","351930936","","ExpertLetter | Bewertungsmanagement-Geheimnisse: von Estimotos Erfolg lernen + Trustpilot-Skandal! ","""ProvenExpert | NEWS"" <news@provenexpert.com>","[news@provenexpert.com]","[]","[]","2025-03-17 11:22:30","e6c175dc-f06b-4eab-b742-9cedef7d86af","SENT","e6c175dc-f06b-4eab-b742-9cedef7d86af","2025-03-17 11:22:30","<1742206950805.e6c175dc-f06b-4eab-b742-9cedef7d86af@smtp.hubapi.com>","b35062db-c1cc-3852-b394-7dd5973221f0","2025-03-17 11:47:22","","","","","20185","AbBatch","","","","","","","","","","","","","",""
"info@terra-medica.de","6890244","351930935","","ExpertLetter | Brisante Trustpilot-Enthüllungen + WIX & WordPress kommen!","""ProvenExpert | NEWS"" <news@provenexpert.com>","[news@provenexpert.com]","[]","[]","2025-03-17 11:22:30","a8ecdae6-0706-4351-b34f-991ff640b45c","DROPPED","a8ecdae6-0706-4351-b34f-991ff640b45c","2025-03-17 11:22:30","<1742206950266.a8ecdae6-0706-4351-b34f-991ff640b45c@smtp.hubapi.com>","","","ea5f51f7-ca05-3759-91aa-62c74e94187b","2024-05-08 04:41:04","PREVIOUSLY_BOUNCED","Recipient has previously bounced.","20185","AbBatch","","","","","","","","","452","SMTP; 452 Requested mail action aborted: exceeded storage allocation 
                 Quota exceeded. For explanation visit 
                 https://postmaster.web.de/de/case?c=r1503&i=ip&v=81.169
                 .146.150&r=1MhUYT-1sYwAE2uup-00eZOo","SMTP; 452 Requested mail action aborted: exceeded storage allocation 
                 Quota exceeded. For explanation visit 
                 https://postmaster.web.de/de/case?c=r1503&i=ip&v=81.169
                 .146.150&r=1MhUYT-1sYwAE2uup-00eZOo","","",""
"oliver@re-connect-yourself.com","6890244","351930936","","ExpertLetter | Bewertungsmanagement-Geheimnisse: von Estimotos Erfolg lernen + Trustpilot-Skandal! ","""ProvenExpert | NEWS"" <news@provenexpert.com>","[news@provenexpert.com]","[]","[]","2025-03-17 11:22:30","e6c175dc-f06b-4eab-b742-9cedef7d86af","DEFERRED","18116e61-3188-382b-bd41-bb920ba0888c","2025-03-17 11:45:53","<1742206950805.e6c175dc-f06b-4eab-b742-9cedef7d86af@smtp.hubapi.com>","","","","","","","20185","AbBatch","","","","","","","","","","","","","",""
"oliver@re-connect-yourself.com","6890244","351930936","","ExpertLetter | Bewertungsmanagement-Geheimnisse: von Estimotos Erfolg lernen + Trustpilot-Skandal! ","""ProvenExpert | NEWS"" <news@provenexpert.com>","[news@provenexpert.com]","[]","[]","2025-03-17 11:22:30","e6c175dc-f06b-4eab-b742-9cedef7d86af","DROPPED","b35062db-c1cc-3852-b394-7dd5973221f0","2025-03-17 11:47:22","<1742206950805.e6c175dc-f06b-4eab-b742-9cedef7d86af@smtp.hubapi.com>","","","","","MTA_IGNORE","","20185","AbBatch","","","","","","","","","","","","","",""
"ps.follmer@gmail.com","6890244","351930935","","ExpertLetter | Brisante Trustpilot-Enthüllungen + WIX & WordPress kommen!","""ProvenExpert | NEWS"" <news@provenexpert.com>","[news@provenexpert.com]","[]","[]","2025-03-17 11:22:30","2ec215eb-9697-4590-b64e-b9948368c561","SENT","2ec215eb-9697-4590-b64e-b9948368c561","2025-03-17 11:22:30","<1742206950194.2ec215eb-9697-4590-b64e-b9948368c561@smtp.hubapi.com>","","","","","","","20185","AbBatch","","","","","","","","","","","","","",""
"ps.follmer@gmail.com","6890244","351930935","","ExpertLetter | Brisante Trustpilot-Enthüllungen + WIX & WordPress kommen!","""ProvenExpert | NEWS"" <news@provenexpert.com>","[news@provenexpert.com]","[]","[]","2025-03-17 11:22:30","2ec215eb-9697-4590-b64e-b9948368c561","DELIVERED","ae59879c-8208-3911-8196-1d593bbef4a8","2025-03-17 11:22:31","<1742206950194.2ec215eb-9697-4590-b64e-b9948368c561@smtp.hubapi.com>","","","","","","","20185","AbBatch","","","","","","","","","","","","","",""
"michael.kaun@googlemail.com","6890244","351930935","","ExpertLetter | Brisante Trustpilot-Enthüllungen + WIX & WordPress kommen!","""ProvenExpert | NEWS"" <news@provenexpert.com>","[news@provenexpert.com]","[]","[]","2025-03-17 11:21:09","8abca3fd-264d-4020-b1ca-136397c1bf98","DELIVERED","2fc6718c-4568-3edc-b31b-9fff48ea2d95","2025-03-17 11:21:10","<1742206869981.8abca3fd-264d-4020-b1ca-136397c1bf98@smtp.hubapi.com>","","","","","","","20185","AbBatch","","","","","","","","","","","","","",""
"michael.kaun@googlemail.com","6890244","351930935","","ExpertLetter | Brisante Trustpilot-Enthüllungen + WIX & WordPress kommen!","""ProvenExpert | NEWS"" <news@provenexpert.com>","[news@provenexpert.com]","[]","[]","2025-03-17 11:21:09","8abca3fd-264d-4020-b1ca-136397c1bf98","SENT","8abca3fd-264d-4020-b1ca-136397c1bf98","2025-03-17 11:21:09","<1742206869981.8abca3fd-264d-4020-b1ca-136397c1bf98@smtp.hubapi.com>","","","","","","","20185","AbBatch","","","","","","","","","","","","","",""
"info@condorspirit.com","6890244","351930936","","ExpertLetter | Bewertungsmanagement-Geheimnisse: von Estimotos Erfolg lernen + Trustpilot-Skandal! ","""ProvenExpert | NEWS"" <news@provenexpert.com>","[news@provenexpert.com]","[]","[]","2025-03-17 11:22:30","8c39b46d-dcae-4c14-b253-f8f34faa6c85","SENT","8c39b46d-dcae-4c14-b253-f8f34faa6c85","2025-03-17 11:22:30","<1742206950323.8c39b46d-dcae-4c14-b253-f8f34faa6c85@smtp.hubapi.com>","","","","","","","20185","AbBatch","","","","","","","","","","","","","",""
"info@condorspirit.com","6890244","351930936","","ExpertLetter | Bewertungsmanagement-Geheimnisse: von Estimotos Erfolg lernen + Trustpilot-Skandal! ","""ProvenExpert | NEWS"" <news@provenexpert.com>","[news@provenexpert.com]","[]","[]","2025-03-17 11:22:30","8c39b46d-dcae-4c14-b253-f8f34faa6c85","DELIVERED","c3519b82-3d9d-3f97-8fe5-a62329ff8f22","2025-03-17 11:22:35","<1742206950323.8c39b46d-dcae-4c14-b253-f8f34faa6c85@smtp.hubapi.com>","","","","","","","20185","AbBatch","","","","","","","","","","","","","",""
"timo.hendricks@timcompany.de","6890244","351930935","","ExpertLetter | Brisante Trustpilot-Enthüllungen + WIX & WordPress kommen!","""ProvenExpert | NEWS"" <news@provenexpert.com>","[news@provenexpert.com]","[]","[]","2025-03-17 11:22:30","a1245451-564a-4d53-ba98-a94994c98266","DELIVERED","38ba9c18-5811-3347-a5c3-272ae3f3ebc8","2025-03-17 11:22:32","<1742206950469.a1245451-564a-4d53-ba98-a94994c98266@smtp.hubapi.com>","","","","","","","20185","AbBatch","","","","","","","","","","","","","",""
"timo.hendricks@timcompany.de","6890244","351930935","","ExpertLetter | Brisante Trustpilot-Enthüllungen + WIX & WordPress kommen!","""ProvenExpert | NEWS"" <news@provenexpert.com>","[news@provenexpert.com]","[]","[]","2025-03-17 11:22:30","a1245451-564a-4d53-ba98-a94994c98266","SENT","a1245451-564a-4d53-ba98-a94994c98266","2025-03-17 11:22:30","<1742206950469.a1245451-564a-4d53-ba98-a94994c98266@smtp.hubapi.com>","","","","","","","20185","AbBatch","","","","","","","","","","","","","",""
"helga.niederstaetter@train4you.it","6890244","351930936","","ExpertLetter | Bewertungsmanagement-Geheimnisse: von Estimotos Erfolg lernen + Trustpilot-Skandal! ","""ProvenExpert | NEWS"" <news@provenexpert.com>","[news@provenexpert.com]","[]","[]","2025-03-17 11:22:30","bbcbcf42-3b87-41fc-8ae7-74ca50d069b3","SENT","bbcbcf42-3b87-41fc-8ae7-74ca50d069b3","2025-03-17 11:22:30","<1742206950307.bbcbcf42-3b87-41fc-8ae7-74ca50d069b3@smtp.hubapi.com>","","","","","","","20185","AbBatch","","","","","","","","","","","","","",""
"helga.niederstaetter@train4you.it","6890244","351930936","","ExpertLetter | Bewertungsmanagement-Geheimnisse: von Estimotos Erfolg lernen + Trustpilot-Skandal! ","""ProvenExpert | NEWS"" <news@provenexpert.com>","[news@provenexpert.com]","[]","[]","2025-03-17 11:22:30","bbcbcf42-3b87-41fc-8ae7-74ca50d069b3","DELIVERED","ab09105e-dde9-3d48-a0a7-a8aa675f1a03","2025-03-17 11:22:40","<1742206950307.bbcbcf42-3b87-41fc-8ae7-74ca50d069b3@smtp.hubapi.com>","","","","","","","20185","AbBatch","","","","","","","","","","","","","",""
"administrator@treuhand-liechtenstein.li","6890244","351930936","","ExpertLetter | Bewertungsmanagement-Geheimnisse: von Estimotos Erfolg lernen + Trustpilot-Skandal! ","""ProvenExpert | NEWS"" <news@provenexpert.com>","[news@provenexpert.com]","[]","[]","2025-03-17 11:22:31","aa889a20-1cfa-40f7-a9d5-b8333a8f2cba","STATUSCHANGE","0705c335-13f5-472f-9fd1-a62aeaec1960","2026-02-03 02:16:51","<1742206951109.aa889a20-1cfa-40f7-a9d5-b8333a8f2cba@smtp.hubapi.com>","","","","","","","20185","AbBatch","","","","","","","","","","","","","SOURCE_RECIPIENT",""
"administrator@treuhand-liechtenstein.li","6890244","351930936","","ExpertLetter | Bewertungsmanagement-Geheimnisse: von Estimotos Erfolg lernen + Trustpilot-Skandal! ","""ProvenExpert | NEWS"" <news@provenexpert.com>","[news@provenexpert.com]","[]","[]","2025-03-17 11:22:31","aa889a20-1cfa-40f7-a9d5-b8333a8f2cba","OPEN","d8b440d1-adfa-3ede-865b-f7a41d282888","2025-03-17 11:44:30","<1742206951109.aa889a20-1cfa-40f7-a9d5-b8333a8f2cba@smtp.hubapi.com>","","","","","","","20185","AbBatch","Mozilla/4.0 (compatible; MSIE 7.0; Windows NT 6.2; WOW64; Trident/7.0; .NET4.0C; .NET4.0E; NMTE)","","","GERMANY","","","","3711","","","","","",""
"administrator@treuhand-liechtenstein.li","6890244","351930936","","ExpertLetter | Bewertungsmanagement-Geheimnisse: von Estimotos Erfolg lernen + Trustpilot-Skandal! ","""ProvenExpert | NEWS"" <news@provenexpert.com>","[news@provenexpert.com]","[]","[]","2025-03-17 11:22:31","aa889a20-1cfa-40f7-a9d5-b8333a8f2cba","DELIVERED","7801875d-cb80-3fec-bedf-08344cee52ce","2025-03-17 11:22:34","<1742206951109.aa889a20-1cfa-40f7-a9d5-b8333a8f2cba@smtp.hubapi.com>","","","","","","","20185","AbBatch","","","","","","","","","","","","","",""
"administrator@treuhand-liechtenstein.li","6890244","351930936","","ExpertLetter | Bewertungsmanagement-Geheimnisse: von Estimotos Erfolg lernen + Trustpilot-Skandal! ","""ProvenExpert | NEWS"" <news@provenexpert.com>","[news@provenexpert.com]","[]","[]","2025-03-17 11:22:31","aa889a20-1cfa-40f7-a9d5-b8333a8f2cba","STATUSCHANGE","068a51a7-a986-4808-814b-cd39d3f21fda","2026-02-03 02:16:51","<1742206951109.aa889a20-1cfa-40f7-a9d5-b8333a8f2cba@smtp.hubapi.com>","","","","","","","20185","AbBatch","","","","","","","","","","","","","SOURCE_RECIPIENT",""
"administrator@treuhand-liechtenstein.li","6890244","351930936","","ExpertLetter | Bewertungsmanagement-Geheimnisse: von Estimotos Erfolg lernen + Trustpilot-Skandal! ","""ProvenExpert | NEWS"" <news@provenexpert.com>","[news@provenexpert.com]","[]","[]","2025-03-17 11:22:31","aa889a20-1cfa-40f7-a9d5-b8333a8f2cba","SENT","aa889a20-1cfa-40f7-a9d5-b8333a8f2cba","2025-03-17 11:22:31","<1742206951109.aa889a20-1cfa-40f7-a9d5-b8333a8f2cba@smtp.hubapi.com>","","","","","","","20185","AbBatch","","","","","","","","","","","","","",""
"administrator@treuhand-liechtenstein.li","6890244","351930936","","ExpertLetter | Bewertungsmanagement-Geheimnisse: von Estimotos Erfolg lernen + Trustpilot-Skandal! ","""ProvenExpert | NEWS"" <news@provenexpert.com>","[news@provenexpert.com]","[]","[]","2025-03-17 11:22:31","aa889a20-1cfa-40f7-a9d5-b8333a8f2cba","STATUSCHANGE","a0b359af-b10b-4660-9a1c-3314dbd206de","2026-02-03 02:16:51","<1742206951109.aa889a20-1cfa-40f7-a9d5-b8333a8f2cba@smtp.hubapi.com>","","","","","","","20185","AbBatch","","","","","","","","","","","","","SOURCE_RECIPIENT",""
"administrator@treuhand-liechtenstein.li","6890244","351930936","","ExpertLetter | Bewertungsmanagement-Geheimnisse: von Estimotos Erfolg lernen + Trustpilot-Skandal! ","""ProvenExpert | NEWS"" <news@provenexpert.com>","[news@provenexpert.com]","[]","[]","2025-03-17 11:22:31","aa889a20-1cfa-40f7-a9d5-b8333a8f2cba","OPEN","a37f7ec2-1156-3036-b057-edf927044e2f","2025-03-17 11:37:53","<1742206951109.aa889a20-1cfa-40f7-a9d5-b8333a8f2cba@smtp.hubapi.com>","","","","","","","20185","AbBatch","Mozilla/4.0 (compatible; MSIE 7.0; Windows NT 6.2; WOW64; Trident/7.0; .NET4.0C; .NET4.0E; NMTE)","","","GERMANY","","","","11347","","","","","",""
"administrator@treuhand-liechtenstein.li","6890244","351930936","","ExpertLetter | Bewertungsmanagement-Geheimnisse: von Estimotos Erfolg lernen + Trustpilot-Skandal! ","""ProvenExpert | NEWS"" <news@provenexpert.com>","[news@provenexpert.com]","[]","[]","2025-03-17 11:22:31","aa889a20-1cfa-40f7-a9d5-b8333a8f2cba","STATUSCHANGE","f4720ef3-039d-4bdb-9fd7-587cfcebba60","2026-02-03 02:16:51","<1742206951109.aa889a20-1cfa-40f7-a9d5-b8333a8f2cba@smtp.hubapi.com>","","","","","","","20185","AbBatch","","","","","","","","","","","","","SOURCE_RECIPIENT",""
"administrator@treuhand-liechtenstein.li","6890244","351930936","","ExpertLetter | Bewertungsmanagement-Geheimnisse: von Estimotos Erfolg lernen + Trustpilot-Skandal! ","""ProvenExpert | NEWS"" <news@provenexpert.com>","[news@provenexpert.com]","[]","[]","2025-03-17 11:22:31","aa889a20-1cfa-40f7-a9d5-b8333a8f2cba","OPEN","b3270581-402a-3837-89ea-5f90d5f1f3c6","2025-03-17 11:44:43","<1742206951109.aa889a20-1cfa-40f7-a9d5-b8333a8f2cba@smtp.hubapi.com>","","","","","","","20185","AbBatch","Mozilla/4.0 (compatible; MSIE 7.0; Windows NT 6.2; WOW64; Trident/7.0; .NET4.0C; .NET4.0E; NMTE)","","","GERMANY","","","","3789","","","","","",""
"administrator@treuhand-liechtenstein.li","6890244","351930936","","ExpertLetter | Bewertungsmanagement-Geheimnisse: von Estimotos Erfolg lernen + Trustpilot-Skandal! ","""ProvenExpert | NEWS"" <news@provenexpert.com>","[news@provenexpert.com]","[]","[]","2025-03-17 11:22:31","aa889a20-1cfa-40f7-a9d5-b8333a8f2cba","STATUSCHANGE","ab07275e-2a87-4bde-9212-8576a79c987e","2026-02-03 02:16:51","<1742206951109.aa889a20-1cfa-40f7-a9d5-b8333a8f2cba@smtp.hubapi.com>","","","","","","","20185","AbBatch","","","","","","","","","","","","","SOURCE_RECIPIENT",""
"administrator@treuhand-liechtenstein.li","6890244","351930936","","ExpertLetter | Bewertungsmanagement-Geheimnisse: von Estimotos Erfolg lernen + Trustpilot-Skandal! ","""ProvenExpert | NEWS"" <news@provenexpert.com>","[news@provenexpert.com]","[]","[]","2025-03-17 11:22:31","aa889a20-1cfa-40f7-a9d5-b8333a8f2cba","STATUSCHANGE","9ed20b09-7bbc-452b-b4d6-e6799ff59165","2026-02-03 02:16:51","<1742206951109.aa889a20-1cfa-40f7-a9d5-b8333a8f2cba@smtp.hubapi.com>","","","","","","","20185","AbBatch","","","","","","","","","","","","","SOURCE_RECIPIENT",""
"administrator@treuhand-liechtenstein.li","6890244","351930936","","ExpertLetter | Bewertungsmanagement-Geheimnisse: von Estimotos Erfolg lernen + Trustpilot-Skandal! ","""ProvenExpert | NEWS"" <news@provenexpert.com>","[news@provenexpert.com]","[]","[]","2025-03-17 11:22:31","aa889a20-1cfa-40f7-a9d5-b8333a8f2cba","OPEN","50ddb611-3642-3a69-8bed-a39a8569a7e6","2026-02-03 02:16:07","<1742206951109.aa889a20-1cfa-40f7-a9d5-b8333a8f2cba@smtp.hubapi.com>","","","","","","","20185","AbBatch","Mozilla/5.0 (Windows NT 5.1; rv:11.0) Gecko Firefox/11.0 (via ggpht.com GoogleImageProxy)","Unknown","Unknown","Unknown","","","","0","","","","","",""
"administrator@treuhand-liechtenstein.li","6890244","351930936","","ExpertLetter | Bewertungsmanagement-Geheimnisse: von Estimotos Erfolg lernen + Trustpilot-Skandal! ","""ProvenExpert | NEWS"" <news@provenexpert.com>","[news@provenexpert.com]","[]","[]","2025-03-17 11:22:31","aa889a20-1cfa-40f7-a9d5-b8333a8f2cba","STATUSCHANGE","fc6ba4ce-8552-4213-ad32-c336a68f7973","2026-02-03 02:16:51","<1742206951109.aa889a20-1cfa-40f7-a9d5-b8333a8f2cba@smtp.hubapi.com>","","","","","","","20185","AbBatch","","","","","","","","","","","","","SOURCE_RECIPIENT","SUBSCRIBED"
"provenexpert@bavaroo.com","6890244","351930936","","ExpertLetter | Bewertungsmanagement-Geheimnisse: von Estimotos Erfolg lernen + Trustpilot-Skandal! ","""ProvenExpert | NEWS"" <news@provenexpert.com>","[news@provenexpert.com]","[]","[]","2025-03-17 11:19:49","52175813-88da-48fc-9f2a-36bd04100ae6","SENT","52175813-88da-48fc-9f2a-36bd04100ae6","2025-03-17 11:19:49","<1742206789818.52175813-88da-48fc-9f2a-36bd04100ae6@smtp.hubapi.com>","","","","","","","20185","AbBatch","","","","","","","","","","","","","",""
"provenexpert@bavaroo.com","6890244","351930936","","ExpertLetter | Bewertungsmanagement-Geheimnisse: von Estimotos Erfolg lernen + Trustpilot-Skandal! ","""ProvenExpert | NEWS"" <news@provenexpert.com>","[news@provenexpert.com]","[]","[]","2025-03-17 11:19:49","52175813-88da-48fc-9f2a-36bd04100ae6","DELIVERED","a2567620-b877-393d-9c88-6ac0d297d605","2025-03-17 11:20:31","<1742206789818.52175813-88da-48fc-9f2a-36bd04100ae6@smtp.hubapi.com>","","","","","","","20185","AbBatch","","","","","","","","","","","","","",""
"irongoals989@gmail.com","6890244","351930935","","ExpertLetter | Brisante Trustpilot-Enthüllungen + WIX & WordPress kommen!","""ProvenExpert | NEWS"" <news@provenexpert.com>","[news@provenexpert.com]","[]","[]","2025-03-17 11:22:30","3e9b1488-d4de-4bcb-8fc4-a3550b2d5b7b","OPEN","304abda5-a101-30f0-bc2f-50292dbb4295","2025-03-22 11:08:51","<1742206950796.3e9b1488-d4de-4bcb-8fc4-a3550b2d5b7b@smtp.hubapi.com>","","","","","","","20185","AbBatch","Mozilla/5.0 (Windows NT 5.1; rv:11.0) Gecko Firefox/11.0 (via ggpht.com GoogleImageProxy)","Unknown","Unknown","Unknown","","","","0","","","","","",""
"irongoals989@gmail.com","6890244","351930935","","ExpertLetter | Brisante Trustpilot-Enthüllungen + WIX & WordPress kommen!","""ProvenExpert | NEWS"" <news@provenexpert.com>","[news@provenexpert.com]","[]","[]","2025-03-17 11:22:30","3e9b1488-d4de-4bcb-8fc4-a3550b2d5b7b","DELIVERED","5637da3e-e70f-3706-b816-55a84796847c","2025-03-17 11:22:33","<1742206950796.3e9b1488-d4de-4bcb-8fc4-a3550b2d5b7b@smtp.hubapi.com>","","","","","","","20185","AbBatch","","","","","","","","","","","","","",""
"kontakt@kirstenreimer.de","6890244","351930936","","ExpertLetter | Bewertungsmanagement-Geheimnisse: von Estimotos Erfolg lernen + Trustpilot-Skandal! ","""ProvenExpert | NEWS"" <news@provenexpert.com>","[news@provenexpert.com]","[]","[]","2025-03-17 11:19:49","82d6cb94-cc70-4dd8-a200-fe19f886d01a","DROPPED","82d6cb94-cc70-4dd8-a200-fe19f886d01a","2025-03-17 11:19:49","<1742206789738.82d6cb94-cc70-4dd8-a200-fe19f886d01a@smtp.hubapi.com>","","","88cc9376-6f3d-33e7-abd3-423ab914ac04","2025-03-07 08:13:47","PREVIOUSLY_BOUNCED","Recipient has previously bounced.","20185","AbBatch","","","","","","","","","550","550 5.7.1 <kontakt@kirstenreimer.de>: Recipient address rejected: Mail appeared to be SPAM or forged. Ask your Mail/DNS-Administrator to correct HELO and DNS MX settings or to get removed from DNSBLs","550 5.7.1 <kontakt@kirstenreimer.de>: Recipient address rejected: Mail appeared to be SPAM or forged. Ask your Mail/DNS-Administrator to correct HELO and DNS MX settings or to get removed from DNSBLs","","",""
"irongoals989@gmail.com","6890244","351930935","","ExpertLetter | Brisante Trustpilot-Enthüllungen + WIX & WordPress kommen!","""ProvenExpert | NEWS"" <news@provenexpert.com>","[news@provenexpert.com]","[]","[]","2025-03-17 11:22:30","3e9b1488-d4de-4bcb-8fc4-a3550b2d5b7b","SENT","3e9b1488-d4de-4bcb-8fc4-a3550b2d5b7b","2025-03-17 11:22:30","<1742206950796.3e9b1488-d4de-4bcb-8fc4-a3550b2d5b7b@smtp.hubapi.com>","","","","","","","20185","AbBatch","","","","","","","","","","","","","",""
"info@ecom-audit.de","6890244","351930936","","ExpertLetter | Bewertungsmanagement-Geheimnisse: von Estimotos Erfolg lernen + Trustpilot-Skandal! ","""ProvenExpert | NEWS"" <news@provenexpert.com>","[news@provenexpert.com]","[]","[]","2025-03-17 11:22:30","3314ef3d-7b64-4055-8d2f-9a1cf68e1ccf","DELIVERED","c090d004-c1e9-3534-ba04-4aa71153fea8","2025-03-17 11:22:35","<1742206950901.3314ef3d-7b64-4055-8d2f-9a1cf68e1ccf@smtp.hubapi.com>","","","","","","","20185","AbBatch","","","","","","","","","","","","","",""
"info@ecom-audit.de","6890244","351930936","","ExpertLetter | Bewertungsmanagement-Geheimnisse: von Estimotos Erfolg lernen + Trustpilot-Skandal! ","""ProvenExpert | NEWS"" <news@provenexpert.com>","[news@provenexpert.com]","[]","[]","2025-03-17 11:22:30","3314ef3d-7b64-4055-8d2f-9a1cf68e1ccf","SENT","3314ef3d-7b64-4055-8d2f-9a1cf68e1ccf","2025-03-17 11:22:30","<1742206950901.3314ef3d-7b64-4055-8d2f-9a1cf68e1ccf@smtp.hubapi.com>","","","","","","","20185","AbBatch","","","","","","","","","","","","","",""
"ihessler@gmail.com","6890244","351930936","","ExpertLetter | Bewertungsmanagement-Geheimnisse: von Estimotos Erfolg lernen + Trustpilot-Skandal! ","""ProvenExpert | NEWS"" <news@provenexpert.com>","[news@provenexpert.com]","[]","[]","2025-03-17 11:22:30","038b6478-472b-4e6c-92b5-400e04f5aa30","DELIVERED","ba00c5fd-d39a-3a53-9af8-526e186c735b","2025-03-17 11:22:32","<1742206950885.038b6478-472b-4e6c-92b5-400e04f5aa30@smtp.hubapi.com>","","","","","","","20185","AbBatch","","","","","","","","","","","","","",""
"ihessler@gmail.com","6890244","351930936","","ExpertLetter | Bewertungsmanagement-Geheimnisse: von Estimotos Erfolg lernen + Trustpilot-Skandal! ","""ProvenExpert | NEWS"" <news@provenexpert.com>","[news@provenexpert.com]","[]","[]","2025-03-17 11:22:30","038b6478-472b-4e6c-92b5-400e04f5aa30","SENT","038b6478-472b-4e6c-92b5-400e04f5aa30","2025-03-17 11:22:30","<1742206950885.038b6478-472b-4e6c-92b5-400e04f5aa30@smtp.hubapi.com>","","","","","","","20185","AbBatch","","","","","","","","","","","","","",""
"kontakt@mirijana.eu","6890244","351930935","","ExpertLetter | Brisante Trustpilot-Enthüllungen + WIX & WordPress kommen!","""ProvenExpert | NEWS"" <news@provenexpert.com>","[news@provenexpert.com]","[]","[]","2025-03-17 11:21:10","aeeb256e-c70a-400e-8b45-bf09edef6d52","OPEN","b390deb1-20dc-3b8c-96f8-c4a3988cbab1","2025-03-17 11:31:11","<1742206870033.aeeb256e-c70a-400e-8b45-bf09edef6d52@smtp.hubapi.com>","","","","","","","20185","AbBatch","Mozilla/5.0 (Macintosh; Intel Mac OS X 10_15_7) AppleWebKit/605.1.15 (KHTML, like Gecko)","hasselroth","hessen","GERMANY","","","","1465","","","","","",""
"kontakt@mirijana.eu","6890244","351930935","","ExpertLetter | Brisante Trustpilot-Enthüllungen + WIX & WordPress kommen!","""ProvenExpert | NEWS"" <news@provenexpert.com>","[news@provenexpert.com]","[]","[]","2025-03-17 11:21:10","aeeb256e-c70a-400e-8b45-bf09edef6d52","SENT","aeeb256e-c70a-400e-8b45-bf09edef6d52","2025-03-17 11:21:10","<1742206870033.aeeb256e-c70a-400e-8b45-bf09edef6d52@smtp.hubapi.com>","","","","","","","20185","AbBatch","","","","","","","","","","","","","",""
"kontakt@mirijana.eu","6890244","351930935","","ExpertLetter | Brisante Trustpilot-Enthüllungen + WIX & WordPress kommen!","""ProvenExpert | NEWS"" <news@provenexpert.com>","[news@provenexpert.com]","[]","[]","2025-03-17 11:21:10","aeeb256e-c70a-400e-8b45-bf09edef6d52","DELIVERED","f24841db-4264-3acf-8923-e884aefe6fde","2025-03-17 11:21:11","<1742206870033.aeeb256e-c70a-400e-8b45-bf09edef6d52@smtp.hubapi.com>","","","","","","","20185","AbBatch","","","","","","","","","","","","","",""
"contact@marketing.cure-intelligence.com","6890244","351930936","","ExpertLetter | Bewertungsmanagement-Geheimnisse: von Estimotos Erfolg lernen + Trustpilot-Skandal! ","""ProvenExpert | NEWS"" <news@provenexpert.com>","[news@provenexpert.com]","[]","[]","2025-03-17 11:19:50","49bc53dd-ac1a-4253-967e-5b634299c5d0","DELIVERED","b9471e23-64be-3d15-baf2-be9baad725b7","2025-03-17 11:19:51","<1742206790031.49bc53dd-ac1a-4253-967e-5b634299c5d0@smtp.hubapi.com>","","","","","","","20185","AbBatch","","","","","","","","","","","","","",""
"contact@marketing.cure-intelligence.com","6890244","351930936","","ExpertLetter | Bewertungsmanagement-Geheimnisse: von Estimotos Erfolg lernen + Trustpilot-Skandal! ","""ProvenExpert | NEWS"" <news@provenexpert.com>","[news@provenexpert.com]","[]","[]","2025-03-17 11:19:50","49bc53dd-ac1a-4253-967e-5b634299c5d0","SENT","49bc53dd-ac1a-4253-967e-5b634299c5d0","2025-03-17 11:19:50","<1742206790031.49bc53dd-ac1a-4253-967e-5b634299c5d0@smtp.hubapi.com>","","","","","","","20185","AbBatch","","","","","","","","","","","","","",""
"info@acuramedischcentrum.nl","6890244","351930935","","ExpertLetter | Brisante Trustpilot-Enthüllungen + WIX & WordPress kommen!","""ProvenExpert | NEWS"" <news@provenexpert.com>","[news@provenexpert.com]","[]","[]","2025-03-17 11:22:29","6c015964-0257-4eb3-955b-4199d52cdcee","DELIVERED","e74b291b-c88a-3184-8d47-56eeba37a246","2025-03-17 11:22:31","<1742206949885.6c015964-0257-4eb3-955b-4199d52cdcee@smtp.hubapi.com>","","","","","","","20185","AbBatch","","","","","","","","","","","","","",""
"info@acuramedischcentrum.nl","6890244","351930935","","ExpertLetter | Brisante Trustpilot-Enthüllungen + WIX & WordPress kommen!","""ProvenExpert | NEWS"" <news@provenexpert.com>","[news@provenexpert.com]","[]","[]","2025-03-17 11:22:29","6c015964-0257-4eb3-955b-4199d52cdcee","SENT","6c015964-0257-4eb3-955b-4199d52cdcee","2025-03-17 11:22:29","<1742206949885.6c015964-0257-4eb3-955b-4199d52cdcee@smtp.hubapi.com>","","","","","","","20185","AbBatch","","","","","","","","","","","","","",""
"peggy.magnussen@gmx.de","6890244","351930936","","ExpertLetter | Bewertungsmanagement-Geheimnisse: von Estimotos Erfolg lernen + Trustpilot-Skandal! ","""ProvenExpert | NEWS"" <news@provenexpert.com>","[news@provenexpert.com]","[]","[]","2025-03-17 11:22:29","528c9ccc-825e-487d-8747-7847234f6f39","OPEN","9fd7e3c2-b15a-3b63-8c44-59420d8382e6","2025-03-17 11:56:46","<1742206949996.528c9ccc-825e-487d-8747-7847234f6f39@smtp.hubapi.com>","","","","","","","20185","AbBatch","Mozilla/5.0 (iPhone; CPU iPhone OS 18_3_1 like Mac OS X) AppleWebKit/605.1.15 (KHTML, like Gecko) Mobile/15E148","herne","nordrhein-westfalen","GERMANY","","","","3624","","","","","",""
"peggy.magnussen@gmx.de","6890244","351930936","","ExpertLetter | Bewertungsmanagement-Geheimnisse: von Estimotos Erfolg lernen + Trustpilot-Skandal! ","""ProvenExpert | NEWS"" <news@provenexpert.com>","[news@provenexpert.com]","[]","[]","2025-03-17 11:22:29","528c9ccc-825e-487d-8747-7847234f6f39","OPEN","3e800010-6196-300d-b142-47d80bdf3d41","2025-03-17 11:56:39","<1742206949996.528c9ccc-825e-487d-8747-7847234f6f39@smtp.hubapi.com>","","","","","","","20185","AbBatch","Mozilla/5.0 (iPhone; CPU iPhone OS 18_3_1 like Mac OS X) AppleWebKit/605.1.15 (KHTML, like Gecko) Mobile/15E148","herne","nordrhein-westfalen","GERMANY","","","","2603","","","","","",""
"peggy.magnussen@gmx.de","6890244","351930936","","ExpertLetter | Bewertungsmanagement-Geheimnisse: von Estimotos Erfolg lernen + Trustpilot-Skandal! ","""ProvenExpert | NEWS"" <news@provenexpert.com>","[news@provenexpert.com]","[]","[]","2025-03-17 11:22:29","528c9ccc-825e-487d-8747-7847234f6f39","DELIVERED","ee1f49f5-2eee-3ab2-b0d0-17b695ce13e8","2025-03-17 11:22:32","<1742206949996.528c9ccc-825e-487d-8747-7847234f6f39@smtp.hubapi.com>","","","","","","","20185","AbBatch","","","","","","","","","","","","","",""
"peggy.magnussen@gmx.de","6890244","351930936","","ExpertLetter | Bewertungsmanagement-Geheimnisse: von Estimotos Erfolg lernen + Trustpilot-Skandal! ","""ProvenExpert | NEWS"" <news@provenexpert.com>","[news@provenexpert.com]","[]","[]","2025-03-17 11:22:29","528c9ccc-825e-487d-8747-7847234f6f39","SENT","528c9ccc-825e-487d-8747-7847234f6f39","2025-03-17 11:22:29","<1742206949996.528c9ccc-825e-487d-8747-7847234f6f39@smtp.hubapi.com>","","","","","","","20185","AbBatch","","","","","","","","","","","","","",""
"jkehrbaum@epro360.de","6890244","351930935","","ExpertLetter | Brisante Trustpilot-Enthüllungen + WIX & WordPress kommen!","""ProvenExpert | NEWS"" <news@provenexpert.com>","[news@provenexpert.com]","[]","[]","2025-03-17 11:22:30","a3c62f7e-ed43-433d-8de5-4bc4ec612596","DELIVERED","b63f9601-3bd7-39f7-bb2f-5c406e776622","2025-03-17 11:22:41","<1742206950002.a3c62f7e-ed43-433d-8de5-4bc4ec612596@smtp.hubapi.com>","","","","","","","20185","AbBatch","","","","","","","","","","","","","",""
"jkehrbaum@epro360.de","6890244","351930935","","ExpertLetter | Brisante Trustpilot-Enthüllungen + WIX & WordPress kommen!","""ProvenExpert | NEWS"" <news@provenexpert.com>","[news@provenexpert.com]","[]","[]","2025-03-17 11:22:30","a3c62f7e-ed43-433d-8de5-4bc4ec612596","SENT","a3c62f7e-ed43-433d-8de5-4bc4ec612596","2025-03-17 11:22:30","<1742206950002.a3c62f7e-ed43-433d-8de5-4bc4ec612596@smtp.hubapi.com>","","","","","","","20185","AbBatch","","","","","","","","","","","","","",""
"epacademy2@gmx.de","6890244","351930935","","ExpertLetter | Brisante Trustpilot-Enthüllungen + WIX & WordPress kommen!","""ProvenExpert | NEWS"" <news@provenexpert.com>","[news@provenexpert.com]","[]","[]","2025-03-17 11:22:30","9489e890-b286-464f-b4ac-86d807e4d428","SENT","9489e890-b286-464f-b4ac-86d807e4d428","2025-03-17 11:22:30","<1742206950762.9489e890-b286-464f-b4ac-86d807e4d428@smtp.hubapi.com>","","","","","","","20185","AbBatch","","","","","","","","","","","","","",""
"epacademy2@gmx.de","6890244","351930935","","ExpertLetter | Brisante Trustpilot-Enthüllungen + WIX & WordPress kommen!","""ProvenExpert | NEWS"" <news@provenexpert.com>","[news@provenexpert.com]","[]","[]","2025-03-17 11:22:30","9489e890-b286-464f-b4ac-86d807e4d428","DELIVERED","345a7ece-d9fc-3809-9312-745e48187dd1","2025-03-17 11:22:32","<1742206950762.9489e890-b286-464f-b4ac-86d807e4d428@smtp.hubapi.com>","","","","","","","20185","AbBatch","","","","","","","","","","","","","",""
"accounting@die-korrigierer.com","6890244","351930936","","ExpertLetter | Bewertungsmanagement-Geheimnisse: von Estimotos Erfolg lernen + Trustpilot-Skandal! ","""ProvenExpert | NEWS"" <news@provenexpert.com>","[news@provenexpert.com]","[]","[]","2025-03-17 11:22:31","9859fb4a-9ce9-49e9-926e-3fe2bfe3a019","DELIVERED","71845f3d-5da2-36a0-b31d-4a72246466a0","2025-03-17 11:22:33","<1742206951157.9859fb4a-9ce9-49e9-926e-3fe2bfe3a019@smtp.hubapi.com>","","","","","","","20185","AbBatch","","","","","","","","","","","","","",""
"accounting@die-korrigierer.com","6890244","351930936","","ExpertLetter | Bewertungsmanagement-Geheimnisse: von Estimotos Erfolg lernen + Trustpilot-Skandal! ","""ProvenExpert | NEWS"" <news@provenexpert.com>","[news@provenexpert.com]","[]","[]","2025-03-17 11:22:31","9859fb4a-9ce9-49e9-926e-3fe2bfe3a019","OPEN","d45cc02d-f7ca-3f43-93ba-b7136bb08f74","2025-03-17 16:12:29","<1742206951157.9859fb4a-9ce9-49e9-926e-3fe2bfe3a019@smtp.hubapi.com>","","","","","","","20185","AbBatch","Mozilla/5.0 (Linux; Android 14; SM-A346B Build/UP1A.231005.007; wv) AppleWebKit/537.36 (KHTML, like Gecko) Version/4.0 Chrome/134.0.6998.39 Mobile Safari/537.36","lisbon","lisboa","PORTUGAL","","","","28746","","","","","",""
"accounting@die-korrigierer.com","6890244","351930936","","ExpertLetter | Bewertungsmanagement-Geheimnisse: von Estimotos Erfolg lernen + Trustpilot-Skandal! ","""ProvenExpert | NEWS"" <news@provenexpert.com>","[news@provenexpert.com]","[]","[]","2025-03-17 11:22:31","9859fb4a-9ce9-49e9-926e-3fe2bfe3a019","SENT","9859fb4a-9ce9-49e9-926e-3fe2bfe3a019","2025-03-17 11:22:31","<1742206951157.9859fb4a-9ce9-49e9-926e-3fe2bfe3a019@smtp.hubapi.com>","","","","","","","20185","AbBatch","","","","","","","","","","","","","",""
"s.bader@mail.de","6890244","351930935","","ExpertLetter | Brisante Trustpilot-Enthüllungen + WIX & WordPress kommen!","""ProvenExpert | NEWS"" <news@provenexpert.com>","[news@provenexpert.com]","[]","[]","2025-03-17 11:22:30","0b53b5eb-1de7-4f70-94e0-1a71a4b79f47","SENT","0b53b5eb-1de7-4f70-94e0-1a71a4b79f47","2025-03-17 11:22:30","<1742206950178.0b53b5eb-1de7-4f70-94e0-1a71a4b79f47@smtp.hubapi.com>","","","","","","","20185","AbBatch","","","","","","","","","","","","","",""
"s.bader@mail.de","6890244","351930935","","ExpertLetter | Brisante Trustpilot-Enthüllungen + WIX & WordPress kommen!","""ProvenExpert | NEWS"" <news@provenexpert.com>","[news@provenexpert.com]","[]","[]","2025-03-17 11:22:30","0b53b5eb-1de7-4f70-94e0-1a71a4b79f47","DELIVERED","fbec7798-a620-3fe3-8ebd-e5a787247b1b","2025-03-17 11:22:33","<1742206950178.0b53b5eb-1de7-4f70-94e0-1a71a4b79f47@smtp.hubapi.com>","","","","","","","20185","AbBatch","","","","","","","","","","","","","",""
"info@wohlstandschmiede.com","6890244","351930936","","ExpertLetter | Bewertungsmanagement-Geheimnisse: von Estimotos Erfolg lernen + Trustpilot-Skandal! ","""ProvenExpert | NEWS"" <news@provenexpert.com>","[news@provenexpert.com]","[]","[]","2025-03-17 11:22:30","b7c1a7b0-d754-4428-8420-6390d7b0bda5","OPEN","963c4145-9d29-35e7-bbe4-41d68adcdf69","2025-03-18 18:42:08","<1742206950102.b7c1a7b0-d754-4428-8420-6390d7b0bda5@smtp.hubapi.com>","","","","","","","20185","AbBatch","Mozilla/5.0 (Windows NT 10.0; Win64; x64; rv:115.0) Gecko/20100101 Thunderbird/115.15.0","kufstein","tirol","AUSTRIA","","","","1270","","","","","",""
"info@wohlstandschmiede.com","6890244","351930936","","ExpertLetter | Bewertungsmanagement-Geheimnisse: von Estimotos Erfolg lernen + Trustpilot-Skandal! ","""ProvenExpert | NEWS"" <news@provenexpert.com>","[news@provenexpert.com]","[]","[]","2025-03-17 11:22:30","b7c1a7b0-d754-4428-8420-6390d7b0bda5","DELIVERED","23e791b8-ba91-32ac-9f60-f75f30d6a515","2025-03-17 11:22:40","<1742206950102.b7c1a7b0-d754-4428-8420-6390d7b0bda5@smtp.hubapi.com>","","","","","","","20185","AbBatch","","","","","","","","","","","","","",""
"info@wohlstandschmiede.com","6890244","351930936","","ExpertLetter | Bewertungsmanagement-Geheimnisse: von Estimotos Erfolg lernen + Trustpilot-Skandal! ","""ProvenExpert | NEWS"" <news@provenexpert.com>","[news@provenexpert.com]","[]","[]","2025-03-17 11:22:30","b7c1a7b0-d754-4428-8420-6390d7b0bda5","OPEN","5ce71aad-67d2-33c3-b0fd-d50c50d79919","2025-04-05 08:03:06","<1742206950102.b7c1a7b0-d754-4428-8420-6390d7b0bda5@smtp.hubapi.com>","","","","","","","20185","AbBatch","Mozilla/5.0 (Windows NT 10.0; Win64; x64; rv:115.0) Gecko/20100101 Thunderbird/115.15.0","","tirol","AUSTRIA","","","","3698","","","","","",""
"info@wohlstandschmiede.com","6890244","351930936","","ExpertLetter | Bewertungsmanagement-Geheimnisse: von Estimotos Erfolg lernen + Trustpilot-Skandal! ","""ProvenExpert | NEWS"" <news@provenexpert.com>","[news@provenexpert.com]","[]","[]","2025-03-17 11:22:30","b7c1a7b0-d754-4428-8420-6390d7b0bda5","OPEN","49c30b32-784a-3f5f-b159-7f143e4ddeb2","2025-03-17 12:06:49","<1742206950102.b7c1a7b0-d754-4428-8420-6390d7b0bda5@smtp.hubapi.com>","","","","","","","20185","AbBatch","Mozilla/5.0 (Windows NT 10.0; Win64; x64; rv:115.0) Gecko/20100101 Thunderbird/115.15.0","kufstein","tirol","AUSTRIA","","","","0","","","","","",""
"info@wohlstandschmiede.com","6890244","351930936","","ExpertLetter | Bewertungsmanagement-Geheimnisse: von Estimotos Erfolg lernen + Trustpilot-Skandal! ","""ProvenExpert | NEWS"" <news@provenexpert.com>","[news@provenexpert.com]","[]","[]","2025-03-17 11:22:30","b7c1a7b0-d754-4428-8420-6390d7b0bda5","SENT","b7c1a7b0-d754-4428-8420-6390d7b0bda5","2025-03-17 11:22:30","<1742206950102.b7c1a7b0-d754-4428-8420-6390d7b0bda5@smtp.hubapi.com>","","","","","","","20185","AbBatch","","","","","","","","","","","","","",""
"info@wohlstandschmiede.com","6890244","351930936","","ExpertLetter | Bewertungsmanagement-Geheimnisse: von Estimotos Erfolg lernen + Trustpilot-Skandal! ","""ProvenExpert | NEWS"" <news@provenexpert.com>","[news@provenexpert.com]","[]","[]","2025-03-17 11:22:30","b7c1a7b0-d754-4428-8420-6390d7b0bda5","OPEN","22a4d913-464f-37b7-bd14-daab7209ce49","2025-03-27 13:23:31","<1742206950102.b7c1a7b0-d754-4428-8420-6390d7b0bda5@smtp.hubapi.com>","","","","","","","20185","AbBatch","Mozilla/5.0 (Windows NT 10.0; Win64; x64; rv:115.0) Gecko/20100101 Thunderbird/115.15.0","","tirol","AUSTRIA","","","","8540","","","","","",""
"info@wohlstandschmiede.com","6890244","351930936","","ExpertLetter | Bewertungsmanagement-Geheimnisse: von Estimotos Erfolg lernen + Trustpilot-Skandal! ","""ProvenExpert | NEWS"" <news@provenexpert.com>","[news@provenexpert.com]","[]","[]","2025-03-17 11:22:30","b7c1a7b0-d754-4428-8420-6390d7b0bda5","OPEN","f923bef5-87e6-3090-8bce-aa75c0f0d022","2025-03-27 13:26:49","<1742206950102.b7c1a7b0-d754-4428-8420-6390d7b0bda5@smtp.hubapi.com>","","","","","","","20185","AbBatch","Mozilla/5.0 (Windows NT 10.0; Win64; x64; rv:115.0) Gecko/20100101 Thunderbird/115.15.0","","tirol","AUSTRIA","","","","32198","","","","","",""
"info@wohlstandschmiede.com","6890244","351930936","","ExpertLetter | Bewertungsmanagement-Geheimnisse: von Estimotos Erfolg lernen + Trustpilot-Skandal! ","""ProvenExpert | NEWS"" <news@provenexpert.com>","[news@provenexpert.com]","[]","[]","2025-03-17 11:22:30","b7c1a7b0-d754-4428-8420-6390d7b0bda5","OPEN","318b00b7-07ee-30f8-882f-0c066f94132c","2025-04-05 07:06:45","<1742206950102.b7c1a7b0-d754-4428-8420-6390d7b0bda5@smtp.hubapi.com>","","","","","","","20185","AbBatch","Mozilla/5.0 (Windows NT 10.0; Win64; x64; rv:115.0) Gecko/20100101 Thunderbird/115.15.0","","tirol","AUSTRIA","","","","1628","","","","","",""
"info@wohlstandschmiede.com","6890244","351930936","","ExpertLetter | Bewertungsmanagement-Geheimnisse: von Estimotos Erfolg lernen + Trustpilot-Skandal! ","""ProvenExpert | NEWS"" <news@provenexpert.com>","[news@provenexpert.com]","[]","[]","2025-03-17 11:22:30","b7c1a7b0-d754-4428-8420-6390d7b0bda5","OPEN","ed01921b-c3df-38a8-8011-e2c81042c974","2025-03-19 10:01:18","<1742206950102.b7c1a7b0-d754-4428-8420-6390d7b0bda5@smtp.hubapi.com>","","","","","","","20185","AbBatch","Mozilla/5.0 (Windows NT 10.0; Win64; x64; rv:115.0) Gecko/20100101 Thunderbird/115.15.0","kufstein","tirol","AUSTRIA","","","","2442","","","","","",""
"info@wohlstandschmiede.com","6890244","351930936","","ExpertLetter | Bewertungsmanagement-Geheimnisse: von Estimotos Erfolg lernen + Trustpilot-Skandal! ","""ProvenExpert | NEWS"" <news@provenexpert.com>","[news@provenexpert.com]","[]","[]","2025-03-17 11:22:30","b7c1a7b0-d754-4428-8420-6390d7b0bda5","OPEN","2d8a55e2-328f-3064-855e-923d05ec8baa","2025-03-31 17:28:30","<1742206950102.b7c1a7b0-d754-4428-8420-6390d7b0bda5@smtp.hubapi.com>","","","","","","","20185","AbBatch","Mozilla/5.0 (Windows NT 10.0; Win64; x64; rv:115.0) Gecko/20100101 Thunderbird/115.15.0","","tirol","AUSTRIA","","","","4998","","","","","",""
"info@wohlstandschmiede.com","6890244","351930936","","ExpertLetter | Bewertungsmanagement-Geheimnisse: von Estimotos Erfolg lernen + Trustpilot-Skandal! ","""ProvenExpert | NEWS"" <news@provenexpert.com>","[news@provenexpert.com]","[]","[]","2025-03-17 11:22:30","b7c1a7b0-d754-4428-8420-6390d7b0bda5","OPEN","ac36cdfe-b2f4-3cd4-b6ee-04745cd1e4b8","2025-04-22 11:48:45","<1742206950102.b7c1a7b0-d754-4428-8420-6390d7b0bda5@smtp.hubapi.com>","","","","","","","20185","AbBatch","Mozilla/5.0 (Windows NT 10.0; Win64; x64; rv:137.0) Gecko/20100101 Thunderbird/137.0.2","ebbs","tirol","AUSTRIA","","","","8652","","","","","",""
"info@wohlstandschmiede.com","6890244","351930936","","ExpertLetter | Bewertungsmanagement-Geheimnisse: von Estimotos Erfolg lernen + Trustpilot-Skandal! ","""ProvenExpert | NEWS"" <news@provenexpert.com>","[news@provenexpert.com]","[]","[]","2025-03-17 11:22:30","b7c1a7b0-d754-4428-8420-6390d7b0bda5","OPEN","6635a7eb-59f5-376a-9bf5-542190394425","2025-03-18 13:04:18","<1742206950102.b7c1a7b0-d754-4428-8420-6390d7b0bda5@smtp.hubapi.com>","","","","","","","20185","AbBatch","Mozilla/5.0 (Windows NT 10.0; Win64; x64; rv:115.0) Gecko/20100101 Thunderbird/115.15.0","kufstein","tirol","AUSTRIA","","","","32854","","","","","",""
"info@wohlstandschmiede.com","6890244","351930936","","ExpertLetter | Bewertungsmanagement-Geheimnisse: von Estimotos Erfolg lernen + Trustpilot-Skandal! ","""ProvenExpert | NEWS"" <news@provenexpert.com>","[news@provenexpert.com]","[]","[]","2025-03-17 11:22:30","b7c1a7b0-d754-4428-8420-6390d7b0bda5","OPEN","bff0679b-9767-35b1-acf9-95ccbfa1374c","2025-03-25 10:09:13","<1742206950102.b7c1a7b0-d754-4428-8420-6390d7b0bda5@smtp.hubapi.com>","","","","","","","20185","AbBatch","Mozilla/5.0 (Windows NT 10.0; Win64; x64; rv:115.0) Gecko/20100101 Thunderbird/115.15.0","kufstein","tirol","AUSTRIA","","","","32585","","","","","",""
"info@wohlstandschmiede.com","6890244","351930936","","ExpertLetter | Bewertungsmanagement-Geheimnisse: von Estimotos Erfolg lernen + Trustpilot-Skandal! ","""ProvenExpert | NEWS"" <news@provenexpert.com>","[news@provenexpert.com]","[]","[]","2025-03-17 11:22:30","b7c1a7b0-d754-4428-8420-6390d7b0bda5","OPEN","c922ac34-b55f-355c-bd6f-af61eea6f9f8","2025-03-17 11:42:09","<1742206950102.b7c1a7b0-d754-4428-8420-6390d7b0bda5@smtp.hubapi.com>","","","","","","","20185","AbBatch","Mozilla/5.0 (Windows NT 10.0; Win64; x64; rv:115.0) Gecko/20100101 Thunderbird/115.15.0","kufstein","tirol","AUSTRIA","","","","7287","","","","","",""
"david.helm.ganz.anders@provenemployer.com","6890244","351930935","","ExpertLetter | Brisante Trustpilot-Enthüllungen + WIX & WordPress kommen!","""ProvenExpert | NEWS"" <news@provenexpert.com>","[news@provenexpert.com]","[]","[]","2025-03-17 11:21:10","61035f06-1c1b-4005-aa33-36fb5dd1ccae","DROPPED","61035f06-1c1b-4005-aa33-36fb5dd1ccae","2025-03-17 11:21:10","<1742206870155.61035f06-1c1b-4005-aa33-36fb5dd1ccae@smtp.hubapi.com>","","","b608e769-8b90-3aaa-8876-9f0235568691","2024-05-27 16:00:15","PREVIOUSLY_BOUNCED","Recipient has previously bounced.","20185","AbBatch","","","","","","","","","550","smtp;550 5.1.10 RESOLVER.ADR.RecipientNotFound; Recipient david.helm.ganz.anders@provenemployer.com not found by SMTP address lookup
X-Display-Name: David Helm","smtp;550 5.1.10 RESOLVER.ADR.RecipientNotFound; Recipient david.helm.ganz.anders@provenemployer.com not found by SMTP address lookup
X-Display-Name: David Helm","","",""
"florian.wilk@mail.ru","6890244","351930936","","ExpertLetter | Bewertungsmanagement-Geheimnisse: von Estimotos Erfolg lernen + Trustpilot-Skandal! ","""ProvenExpert | NEWS"" <news@provenexpert.com>","[news@provenexpert.com]","[]","[]","2025-03-17 11:22:30","777775b1-a11b-439a-a7ff-ae910ad6a945","DROPPED","777775b1-a11b-439a-a7ff-ae910ad6a945","2025-03-17 11:22:30","<1742206950787.777775b1-a11b-439a-a7ff-ae910ad6a945@smtp.hubapi.com>","","","c3c3dace-ffd9-3b69-8168-5b3c1cb3e51f","2024-12-03 09:02:59","PREVIOUSLY_BOUNCED","Recipient has previously bounced.","20185","AbBatch","","","","","","","","","550","550 Message was not accepted -- invalid mailbox.  Local mailbox florian.wilk@mail.ru is unavailable: user is terminated","550 Message was not accepted -- invalid mailbox.  Local mailbox florian.wilk@mail.ru is unavailable: user is terminated","","",""
"info@wohlstandschmiede.com","6890244","351930936","","ExpertLetter | Bewertungsmanagement-Geheimnisse: von Estimotos Erfolg lernen + Trustpilot-Skandal! ","""ProvenExpert | NEWS"" <news@provenexpert.com>","[news@provenexpert.com]","[]","[]","2025-03-17 11:22:30","b7c1a7b0-d754-4428-8420-6390d7b0bda5","OPEN","1907c1a7-f4da-3370-881f-d76faf720cef","2025-04-03 11:07:54","<1742206950102.b7c1a7b0-d754-4428-8420-6390d7b0bda5@smtp.hubapi.com>","","","","","","","20185","AbBatch","Mozilla/5.0 (Windows NT 10.0; Win64; x64; rv:115.0) Gecko/20100101 Thunderbird/115.15.0","","tirol","AUSTRIA","","","","4941","","","","","",""
"m.dieste@mariadieste.com","6890244","351930935","","ExpertLetter | Brisante Trustpilot-Enthüllungen + WIX & WordPress kommen!","""ProvenExpert | NEWS"" <news@provenexpert.com>","[news@provenexpert.com]","[]","[]","2025-03-17 11:22:30","ba10687c-3ddb-4507-b754-a6230c3d74df","DELIVERED","2f62d7d2-c16d-30ab-86cc-1277e77e3812","2025-03-17 11:22:34","<1742206950619.ba10687c-3ddb-4507-b754-a6230c3d74df@smtp.hubapi.com>","","","","","","","20185","AbBatch","","","","","","","","","","","","","",""
"m.dieste@mariadieste.com","6890244","351930935","","ExpertLetter | Brisante Trustpilot-Enthüllungen + WIX & WordPress kommen!","""ProvenExpert | NEWS"" <news@provenexpert.com>","[news@provenexpert.com]","[]","[]","2025-03-17 11:22:30","ba10687c-3ddb-4507-b754-a6230c3d74df","OPEN","39487657-3a54-3b60-af53-6974aff7889c","2025-03-17 11:41:32","<1742206950619.ba10687c-3ddb-4507-b754-a6230c3d74df@smtp.hubapi.com>","","","","","","","20185","AbBatch","Mozilla/4.0 (compatible; ms-office; MSOffice 16)","arrecife","las palmas","SPAIN","","","","5042","","","","","",""
"m.dieste@mariadieste.com","6890244","351930935","","ExpertLetter | Brisante Trustpilot-Enthüllungen + WIX & WordPress kommen!","""ProvenExpert | NEWS"" <news@provenexpert.com>","[news@provenexpert.com]","[]","[]","2025-03-17 11:22:30","ba10687c-3ddb-4507-b754-a6230c3d74df","SENT","ba10687c-3ddb-4507-b754-a6230c3d74df","2025-03-17 11:22:30","<1742206950619.ba10687c-3ddb-4507-b754-a6230c3d74df@smtp.hubapi.com>","","","","","","","20185","AbBatch","","","","","","","","","","","","","",""
"rainer.franke@franke-akademie.de","6890244","351930936","","ExpertLetter | Bewertungsmanagement-Geheimnisse: von Estimotos Erfolg lernen + Trustpilot-Skandal! ","""ProvenExpert | NEWS"" <news@provenexpert.com>","[news@provenexpert.com]","[]","[]","2025-03-17 11:22:30","312ea9a7-84b5-4492-aa31-a94e5c0ba1eb","DELIVERED","1405dad6-5706-3cbf-93cb-7dcaefe852e0","2025-03-17 11:22:33","<1742206950934.312ea9a7-84b5-4492-aa31-a94e5c0ba1eb@smtp.hubapi.com>","","","","","","","20185","AbBatch","","","","","","","","","","","","","",""
"rainer.franke@franke-akademie.de","6890244","351930936","","ExpertLetter | Bewertungsmanagement-Geheimnisse: von Estimotos Erfolg lernen + Trustpilot-Skandal! ","""ProvenExpert | NEWS"" <news@provenexpert.com>","[news@provenexpert.com]","[]","[]","2025-03-17 11:22:30","312ea9a7-84b5-4492-aa31-a94e5c0ba1eb","SENT","312ea9a7-84b5-4492-aa31-a94e5c0ba1eb","2025-03-17 11:22:30","<1742206950934.312ea9a7-84b5-4492-aa31-a94e5c0ba1eb@smtp.hubapi.com>","","","","","","","20185","AbBatch","","","","","","","","","","","","","",""
"katja@puregrowth.net","6890244","351930935","","ExpertLetter | Brisante Trustpilot-Enthüllungen + WIX & WordPress kommen!","""ProvenExpert | NEWS"" <news@provenexpert.com>","[news@provenexpert.com]","[]","[]","2025-03-17 11:21:09","f6bf8a2f-80af-45fd-9400-d7ba683f61cf","SENT","f6bf8a2f-80af-45fd-9400-d7ba683f61cf","2025-03-17 11:21:09","<1742206869947.f6bf8a2f-80af-45fd-9400-d7ba683f61cf@smtp.hubapi.com>","","","","","","","20185","AbBatch","","","","","","","","","","","","","",""
"katja@puregrowth.net","6890244","351930935","","ExpertLetter | Brisante Trustpilot-Enthüllungen + WIX & WordPress kommen!","""ProvenExpert | NEWS"" <news@provenexpert.com>","[news@provenexpert.com]","[]","[]","2025-03-17 11:21:09","f6bf8a2f-80af-45fd-9400-d7ba683f61cf","DELIVERED","3f32c088-c995-3865-9e77-09b50459fbf4","2025-03-17 11:21:11","<1742206869947.f6bf8a2f-80af-45fd-9400-d7ba683f61cf@smtp.hubapi.com>","","","","","","","20185","AbBatch","","","","","","","","","","","","","",""
"dana@danaheidrich.com","6890244","351930936","","ExpertLetter | Bewertungsmanagement-Geheimnisse: von Estimotos Erfolg lernen + Trustpilot-Skandal! ","""ProvenExpert | NEWS"" <news@provenexpert.com>","[news@provenexpert.com]","[]","[]","2025-03-17 11:22:30","8f6335ca-3773-440f-9864-d733f7dc8dc0","DELIVERED","6d47ed45-47c0-3b39-b34e-b6b39389be84","2025-03-17 11:22:35","<1742206950823.8f6335ca-3773-440f-9864-d733f7dc8dc0@smtp.hubapi.com>","","","","","","","20185","AbBatch","","","","","","","","","","","","","",""
"dana@danaheidrich.com","6890244","351930936","","ExpertLetter | Bewertungsmanagement-Geheimnisse: von Estimotos Erfolg lernen + Trustpilot-Skandal! ","""ProvenExpert | NEWS"" <news@provenexpert.com>","[news@provenexpert.com]","[]","[]","2025-03-17 11:22:30","8f6335ca-3773-440f-9864-d733f7dc8dc0","SENT","8f6335ca-3773-440f-9864-d733f7dc8dc0","2025-03-17 11:22:30","<1742206950823.8f6335ca-3773-440f-9864-d733f7dc8dc0@smtp.hubapi.com>","","","","","","","20185","AbBatch","","","","","","","","","","","","","",""
"info@vastcob.com","6890244","351930936","","ExpertLetter | Bewertungsmanagement-Geheimnisse: von Estimotos Erfolg lernen + Trustpilot-Skandal! ","""ProvenExpert | NEWS"" <news@provenexpert.com>","[news@provenexpert.com]","[]","[]","2025-03-17 11:19:49","3340cff9-ff8e-44e4-adc2-02ded13fe04d","DELIVERED","2dadf4fd-197c-3ac7-b5f9-df8653a99703","2025-03-17 11:19:52","<1742206789711.3340cff9-ff8e-44e4-adc2-02ded13fe04d@smtp.hubapi.com>","","","","","","","20185","AbBatch","","","","","","","","","","","","","",""
"info@vastcob.com","6890244","351930936","","ExpertLetter | Bewertungsmanagement-Geheimnisse: von Estimotos Erfolg lernen + Trustpilot-Skandal! ","""ProvenExpert | NEWS"" <news@provenexpert.com>","[news@provenexpert.com]","[]","[]","2025-03-17 11:19:49","3340cff9-ff8e-44e4-adc2-02ded13fe04d","SENT","3340cff9-ff8e-44e4-adc2-02ded13fe04d","2025-03-17 11:19:49","<1742206789711.3340cff9-ff8e-44e4-adc2-02ded13fe04d@smtp.hubapi.com>","","","","","","","20185","AbBatch","","","","","","","","","","","","","",""
"fithealthybymelanie@gmx.net","6890244","351930936","","ExpertLetter | Bewertungsmanagement-Geheimnisse: von Estimotos Erfolg lernen + Trustpilot-Skandal! ","""ProvenExpert | NEWS"" <news@provenexpert.com>","[news@provenexpert.com]","[]","[]","2025-03-17 11:22:29","7afc9333-f0ff-400a-85cc-188617bf8951","SENT","7afc9333-f0ff-400a-85cc-188617bf8951","2025-03-17 11:22:29","<1742206949836.7afc9333-f0ff-400a-85cc-188617bf8951@smtp.hubapi.com>","","","","","","","20185","AbBatch","","","","","","","","","","","","","",""
"fithealthybymelanie@gmx.net","6890244","351930936","","ExpertLetter | Bewertungsmanagement-Geheimnisse: von Estimotos Erfolg lernen + Trustpilot-Skandal! ","""ProvenExpert | NEWS"" <news@provenexpert.com>","[news@provenexpert.com]","[]","[]","2025-03-17 11:22:29","7afc9333-f0ff-400a-85cc-188617bf8951","DELIVERED","bfda27ca-fa21-3f75-bc5a-49145df954d3","2025-03-17 11:22:31","<1742206949836.7afc9333-f0ff-400a-85cc-188617bf8951@smtp.hubapi.com>","","","","","","","20185","AbBatch","","","","","","","","","","","","","",""
"fithealthybymelanie@gmx.net","6890244","351930936","","ExpertLetter | Bewertungsmanagement-Geheimnisse: von Estimotos Erfolg lernen + Trustpilot-Skandal! ","""ProvenExpert | NEWS"" <news@provenexpert.com>","[news@provenexpert.com]","[]","[]","2025-03-17 11:22:29","7afc9333-f0ff-400a-85cc-188617bf8951","OPEN","6c2c5369-00b2-3758-a552-ccdfd0beb7f1","2025-03-17 11:42:21","<1742206949836.7afc9333-f0ff-400a-85cc-188617bf8951@smtp.hubapi.com>","","","","","","","20185","AbBatch","Mozilla/5.0 (iPhone; CPU iPhone OS 18_3_2 like Mac OS X) AppleWebKit/605.1.15 (KHTML, like Gecko) Mobile/15E148","","islas baleares","SPAIN","","","","6345","","","","","",""
"login@thorstenwittmann.com","6890244","351930935","","ExpertLetter | Brisante Trustpilot-Enthüllungen + WIX & WordPress kommen!","""ProvenExpert | NEWS"" <news@provenexpert.com>","[news@provenexpert.com]","[]","[]","2025-03-17 11:22:30","674f6ac6-a441-454e-b5cb-5ba64cdbd23c","DELIVERED","b9e7c6bb-0c81-30e1-9eb7-607fc1acebd9","2025-03-17 11:22:32","<1742206950436.674f6ac6-a441-454e-b5cb-5ba64cdbd23c@smtp.hubapi.com>","","","","","","","20185","AbBatch","","","","","","","","","","","","","",""
"login@thorstenwittmann.com","6890244","351930935","","ExpertLetter | Brisante Trustpilot-Enthüllungen + WIX & WordPress kommen!","""ProvenExpert | NEWS"" <news@provenexpert.com>","[news@provenexpert.com]","[]","[]","2025-03-17 11:22:30","674f6ac6-a441-454e-b5cb-5ba64cdbd23c","SENT","674f6ac6-a441-454e-b5cb-5ba64cdbd23c","2025-03-17 11:22:30","<1742206950436.674f6ac6-a441-454e-b5cb-5ba64cdbd23c@smtp.hubapi.com>","","","","","","","20185","AbBatch","","","","","","","","","","","","","",""
"info@hafling.com","6890244","351930935","","ExpertLetter | Brisante Trustpilot-Enthüllungen + WIX & WordPress kommen!","""ProvenExpert | NEWS"" <news@provenexpert.com>","[news@provenexpert.com]","[]","[]","2025-03-17 11:22:30","fe168901-e2ad-4d21-a189-ebae0620868c","SENT","fe168901-e2ad-4d21-a189-ebae0620868c","2025-03-17 11:22:30","<1742206950330.fe168901-e2ad-4d21-a189-ebae0620868c@smtp.hubapi.com>","","","","","","","20185","AbBatch","","","","","","","","","","","","","",""
"info@hafling.com","6890244","351930935","","ExpertLetter | Brisante Trustpilot-Enthüllungen + WIX & WordPress kommen!","""ProvenExpert | NEWS"" <news@provenexpert.com>","[news@provenexpert.com]","[]","[]","2025-03-17 11:22:30","fe168901-e2ad-4d21-a189-ebae0620868c","DELIVERED","df1d04c1-80d3-36c3-92bd-809b99eeffea","2025-03-17 11:22:36","<1742206950330.fe168901-e2ad-4d21-a189-ebae0620868c@smtp.hubapi.com>","","","","","","","20185","AbBatch","","","","","","","","","","","","","",""
"office@emotions-coaching.at","6890244","351930935","","ExpertLetter | Brisante Trustpilot-Enthüllungen + WIX & WordPress kommen!","""ProvenExpert | NEWS"" <news@provenexpert.com>","[news@provenexpert.com]","[]","[]","2025-03-17 11:22:30","b2b6b182-9802-45f3-8830-8e4d99850642","DELIVERED","516e8c65-1fb4-33da-8114-994339f82ff9","2025-03-17 11:22:33","<1742206950877.b2b6b182-9802-45f3-8830-8e4d99850642@smtp.hubapi.com>","","","","","","","20185","AbBatch","","","","","","","","","","","","","",""
"office@emotions-coaching.at","6890244","351930935","","ExpertLetter | Brisante Trustpilot-Enthüllungen + WIX & WordPress kommen!","""ProvenExpert | NEWS"" <news@provenexpert.com>","[news@provenexpert.com]","[]","[]","2025-03-17 11:22:30","b2b6b182-9802-45f3-8830-8e4d99850642","SENT","b2b6b182-9802-45f3-8830-8e4d99850642","2025-03-17 11:22:30","<1742206950877.b2b6b182-9802-45f3-8830-8e4d99850642@smtp.hubapi.com>","","","","","","","20185","AbBatch","","","","","","","","","","","","","",""
"aloha@matthias-langwasser.com","6890244","351930935","","ExpertLetter | Brisante Trustpilot-Enthüllungen + WIX & WordPress kommen!","""ProvenExpert | NEWS"" <news@provenexpert.com>","[news@provenexpert.com]","[]","[]","2025-03-17 11:21:09","82f18577-c1b1-416f-b436-8b2598bfe4ae","SENT","82f18577-c1b1-416f-b436-8b2598bfe4ae","2025-03-17 11:21:09","<1742206869849.82f18577-c1b1-416f-b436-8b2598bfe4ae@smtp.hubapi.com>","","","","","","","20185","AbBatch","","","","","","","","","","","","","",""
"aloha@matthias-langwasser.com","6890244","351930935","","ExpertLetter | Brisante Trustpilot-Enthüllungen + WIX & WordPress kommen!","""ProvenExpert | NEWS"" <news@provenexpert.com>","[news@provenexpert.com]","[]","[]","2025-03-17 11:21:09","82f18577-c1b1-416f-b436-8b2598bfe4ae","DELIVERED","8e5695e6-b991-3846-8c7a-bae712b182d8","2025-03-17 11:21:12","<1742206869849.82f18577-c1b1-416f-b436-8b2598bfe4ae@smtp.hubapi.com>","","","","","","","20185","AbBatch","","","","","","","","","","","","","",""
"joelbillhardt02@gmail.com","6890244","351930936","","ExpertLetter | Bewertungsmanagement-Geheimnisse: von Estimotos Erfolg lernen + Trustpilot-Skandal! ","""ProvenExpert | NEWS"" <news@provenexpert.com>","[news@provenexpert.com]","[]","[]","2025-03-17 11:22:30","bac0296a-b85b-4619-ac42-f502b7abd4a0","SENT","bac0296a-b85b-4619-ac42-f502b7abd4a0","2025-03-17 11:22:30","<1742206950357.bac0296a-b85b-4619-ac42-f502b7abd4a0@smtp.hubapi.com>","","","","","","","20185","AbBatch","","","","","","","","","","","","","",""
"joelbillhardt02@gmail.com","6890244","351930936","","ExpertLetter | Bewertungsmanagement-Geheimnisse: von Estimotos Erfolg lernen + Trustpilot-Skandal! ","""ProvenExpert | NEWS"" <news@provenexpert.com>","[news@provenexpert.com]","[]","[]","2025-03-17 11:22:30","bac0296a-b85b-4619-ac42-f502b7abd4a0","DELIVERED","d465915b-e13e-3e13-a3c6-4f166955a482","2025-03-17 11:22:31","<1742206950357.bac0296a-b85b-4619-ac42-f502b7abd4a0@smtp.hubapi.com>","","","","","","","20185","AbBatch","","","","","","","","","","","","","",""
"larissajabali@gmail.com","6890244","351930935","","ExpertLetter | Brisante Trustpilot-Enthüllungen + WIX & WordPress kommen!","""ProvenExpert | NEWS"" <news@provenexpert.com>","[news@provenexpert.com]","[]","[]","2025-03-17 11:22:30","48ebc28c-d86e-4890-861b-f94357ac22b8","SENT","48ebc28c-d86e-4890-861b-f94357ac22b8","2025-03-17 11:22:30","<1742206950893.48ebc28c-d86e-4890-861b-f94357ac22b8@smtp.hubapi.com>","","","","","","","20185","AbBatch","","","","","","","","","","","","","",""
"larissajabali@gmail.com","6890244","351930935","","ExpertLetter | Brisante Trustpilot-Enthüllungen + WIX & WordPress kommen!","""ProvenExpert | NEWS"" <news@provenexpert.com>","[news@provenexpert.com]","[]","[]","2025-03-17 11:22:30","48ebc28c-d86e-4890-861b-f94357ac22b8","DELIVERED","08ba564b-b488-3018-b3dd-a47ea21242ac","2025-03-17 11:22:32","<1742206950893.48ebc28c-d86e-4890-861b-f94357ac22b8@smtp.hubapi.com>","","","","","","","20185","AbBatch","","","","","","","","","","","","","",""
"larissajabali@gmail.com","6890244","351930935","","ExpertLetter | Brisante Trustpilot-Enthüllungen + WIX & WordPress kommen!","""ProvenExpert | NEWS"" <news@provenexpert.com>","[news@provenexpert.com]","[]","[]","2025-03-17 11:22:30","48ebc28c-d86e-4890-861b-f94357ac22b8","OPEN","7af738f9-9c92-3db1-9396-1d41bf8ac291","2025-03-17 17:01:02","<1742206950893.48ebc28c-d86e-4890-861b-f94357ac22b8@smtp.hubapi.com>","","","","","","","20185","AbBatch","Mozilla/5.0 (Windows NT 5.1; rv:11.0) Gecko Firefox/11.0 (via ggpht.com GoogleImageProxy)","Unknown","Unknown","Unknown","","","","0","","","","","",""
"pm@lifedesigner.at","6890244","351930935","","ExpertLetter | Brisante Trustpilot-Enthüllungen + WIX & WordPress kommen!","""ProvenExpert | NEWS"" <news@provenexpert.com>","[news@provenexpert.com]","[]","[]","2025-03-17 11:22:31","2b334638-cf25-4525-b533-f3ee618c113c","SENT","2b334638-cf25-4525-b533-f3ee618c113c","2025-03-17 11:22:31","<1742206951151.2b334638-cf25-4525-b533-f3ee618c113c@smtp.hubapi.com>","","","","","","","20185","AbBatch","","","","","","","","","","","","","",""
"pm@lifedesigner.at","6890244","351930935","","ExpertLetter | Brisante Trustpilot-Enthüllungen + WIX & WordPress kommen!","""ProvenExpert | NEWS"" <news@provenexpert.com>","[news@provenexpert.com]","[]","[]","2025-03-17 11:22:31","2b334638-cf25-4525-b533-f3ee618c113c","DEFERRED","7f9eae6a-11a1-31dc-9b6d-acfd7563a9e8","2025-03-17 12:12:25","<1742206951151.2b334638-cf25-4525-b533-f3ee618c113c@smtp.hubapi.com>","","","","","","","20185","AbBatch","","","","","","","","","","","","","",""
"pm@lifedesigner.at","6890244","351930935","","ExpertLetter | Brisante Trustpilot-Enthüllungen + WIX & WordPress kommen!","""ProvenExpert | NEWS"" <news@provenexpert.com>","[news@provenexpert.com]","[]","[]","2025-03-17 11:22:31","2b334638-cf25-4525-b533-f3ee618c113c","BOUNCE","4fba027c-2664-3f77-99d8-c8effa6cb6e2","2025-03-17 12:31:19","<1742206951151.2b334638-cf25-4525-b533-f3ee618c113c@smtp.hubapi.com>","","","","","","","20185","AbBatch","","","","","","","","","451","451 4.7.1 Try again later. NMM-C91B1CEB09FD3BE6","451 4.7.1 Try again later. NMM-C91B1CEB09FD3BE6","","",""
"pm@lifedesigner.at","6890244","351930935","","ExpertLetter | Brisante Trustpilot-Enthüllungen + WIX & WordPress kommen!","""ProvenExpert | NEWS"" <news@provenexpert.com>","[news@provenexpert.com]","[]","[]","2025-03-17 11:22:31","2b334638-cf25-4525-b533-f3ee618c113c","DEFERRED","fda1f6b5-2684-326b-86a2-b96341a4308a","2025-03-17 11:32:54","<1742206951151.2b334638-cf25-4525-b533-f3ee618c113c@smtp.hubapi.com>","","","","","","","20185","AbBatch","","","","","","","","","","","","","",""
"pm@lifedesigner.at","6890244","351930935","","ExpertLetter | Brisante Trustpilot-Enthüllungen + WIX & WordPress kommen!","""ProvenExpert | NEWS"" <news@provenexpert.com>","[news@provenexpert.com]","[]","[]","2025-03-17 11:22:31","2b334638-cf25-4525-b533-f3ee618c113c","DEFERRED","e7270f26-95d1-3e5e-9eda-e07d2e0dbf99","2025-03-17 11:22:35","<1742206951151.2b334638-cf25-4525-b533-f3ee618c113c@smtp.hubapi.com>","","","","","","","20185","AbBatch","","","","","","","","","","","","","",""
"pm@lifedesigner.at","6890244","351930935","","ExpertLetter | Brisante Trustpilot-Enthüllungen + WIX & WordPress kommen!","""ProvenExpert | NEWS"" <news@provenexpert.com>","[news@provenexpert.com]","[]","[]","2025-03-17 11:22:31","2b334638-cf25-4525-b533-f3ee618c113c","DEFERRED","feccbc4e-f7cf-36be-995a-5a7ca9c1394b","2025-03-17 11:52:51","<1742206951151.2b334638-cf25-4525-b533-f3ee618c113c@smtp.hubapi.com>","","","","","","","20185","AbBatch","","","","","","","","","","","","","",""
"a.kerber@garageweis.lu","6890244","351930936","","ExpertLetter | Bewertungsmanagement-Geheimnisse: von Estimotos Erfolg lernen + Trustpilot-Skandal! ","""ProvenExpert | NEWS"" <news@provenexpert.com>","[news@provenexpert.com]","[]","[]","2025-03-17 11:22:30","0e5a3a0c-ea59-433f-94c2-46ff094d6ea2","DELIVERED","f2954110-0ee2-3ffe-bec8-c6f560d485c0","2025-03-17 11:22:34","<1742206950666.0e5a3a0c-ea59-433f-94c2-46ff094d6ea2@smtp.hubapi.com>","","","","","","","20185","AbBatch","","","","","","","","","","","","","",""
"a.kerber@garageweis.lu","6890244","351930936","","ExpertLetter | Bewertungsmanagement-Geheimnisse: von Estimotos Erfolg lernen + Trustpilot-Skandal! ","""ProvenExpert | NEWS"" <news@provenexpert.com>","[news@provenexpert.com]","[]","[]","2025-03-17 11:22:30","0e5a3a0c-ea59-433f-94c2-46ff094d6ea2","SENT","0e5a3a0c-ea59-433f-94c2-46ff094d6ea2","2025-03-17 11:22:30","<1742206950666.0e5a3a0c-ea59-433f-94c2-46ff094d6ea2@smtp.hubapi.com>","","","","","","","20185","AbBatch","","","","","","","","","","","","","",""
"bestellung@digital-results-international.com","6890244","351930935","","ExpertLetter | Brisante Trustpilot-Enthüllungen + WIX & WordPress kommen!","""ProvenExpert | NEWS"" <news@provenexpert.com>","[news@provenexpert.com]","[]","[]","2025-03-17 11:22:31","6ad818ea-eeb1-4c8b-9b88-dc3028061478","SENT","6ad818ea-eeb1-4c8b-9b88-dc3028061478","2025-03-17 11:22:31","<1742206951080.6ad818ea-eeb1-4c8b-9b88-dc3028061478@smtp.hubapi.com>","","","","","","","20185","AbBatch","","","","","","","","","","","","","",""
"bestellung@digital-results-international.com","6890244","351930935","","ExpertLetter | Brisante Trustpilot-Enthüllungen + WIX & WordPress kommen!","""ProvenExpert | NEWS"" <news@provenexpert.com>","[news@provenexpert.com]","[]","[]","2025-03-17 11:22:31","6ad818ea-eeb1-4c8b-9b88-dc3028061478","OPEN","0273ea06-613b-3910-9c8a-e033f33ca5e7","2025-03-17 11:22:35","<1742206951080.6ad818ea-eeb1-4c8b-9b88-dc3028061478@smtp.hubapi.com>","","","","","","","20185","AbBatch","Mozilla/5.0 (Windows NT 10.0; Win64; x64) AppleWebKit/537.36 (KHTML, like Gecko) Chrome/42.0.2311.135 Safari/537.36 Edge/12.246 Mozilla/5.0","","","UNITED STATES","","","","0","","","","","",""
"katharina@arctic-outdoor-coaching.com","6890244","351930935","","ExpertLetter | Brisante Trustpilot-Enthüllungen + WIX & WordPress kommen!","""ProvenExpert | NEWS"" <news@provenexpert.com>","[news@provenexpert.com]","[]","[]","2025-03-17 11:22:30","bdcaba68-9e51-4f1f-9bbd-772a2d4a3a9c","DROPPED","bdcaba68-9e51-4f1f-9bbd-772a2d4a3a9c","2025-03-17 11:22:30","<1742206950789.bdcaba68-9e51-4f1f-9bbd-772a2d4a3a9c@smtp.hubapi.com>","","","4ef39c20-8249-3ca9-9176-63ed6e263dfa","2024-11-22 10:07:09","PREVIOUSLY_BOUNCED","Recipient has previously bounced.","20185","AbBatch","","","","","","","","","499","Received an exception while waiting for a response to [MAIL FROM:<1axbrmbswq7e43kp3aswlziwqfec2kwzoeuvym@bf03.hubspotemail.net>, RCPT TO:<katharina@arctic-outdoor-coaching.com>, [CONTENT]]; responses so far: 250 2.1.0 Ok,554 5.7.1 <1axbrmbswq7e43kp3aswlziwqfec2kwzoeuvym@bf03.hubspotemail.net>: Sender address rejected: Go away, spammer!","Received an exception while waiting for a response to [MAIL FROM:<1axbrmbswq7e43kp3aswlziwqfec2kwzoeuvym@bf03.hubspotemail.net>, RCPT TO:<katharina@arctic-outdoor-coaching.com>, [CONTENT]]; responses so far: 250 2.1.0 Ok,554 5.7.1 <1axbrmbswq7e43kp3aswlziwqfec2kwzoeuvym@bf03.hubspotemail.net>: Sender address rejected: Go away, spammer!","","",""
"bestellung@digital-results-international.com","6890244","351930935","","ExpertLetter | Brisante Trustpilot-Enthüllungen + WIX & WordPress kommen!","""ProvenExpert | NEWS"" <news@provenexpert.com>","[news@provenexpert.com]","[]","[]","2025-03-17 11:22:31","6ad818ea-eeb1-4c8b-9b88-dc3028061478","DELIVERED","aff3ffc8-9dd9-30f4-a8a3-c2807134c070","2025-03-17 11:22:33","<1742206951080.6ad818ea-eeb1-4c8b-9b88-dc3028061478@smtp.hubapi.com>","","","","","","","20185","AbBatch","","","","","","","","","","","","","",""
"moning.isabel@gmail.com","6890244","351930936","","ExpertLetter | Bewertungsmanagement-Geheimnisse: von Estimotos Erfolg lernen + Trustpilot-Skandal! ","""ProvenExpert | NEWS"" <news@provenexpert.com>","[news@provenexpert.com]","[]","[]","2025-03-17 11:22:30","85ba1fd9-3a97-42a3-a11a-97a68cf1ba3d","DELIVERED","9ea5406d-defe-3388-a6ed-6b34d08d389f","2025-03-17 11:22:32","<1742206950774.85ba1fd9-3a97-42a3-a11a-97a68cf1ba3d@smtp.hubapi.com>","","","","","","","20185","AbBatch","","","","","","","","","","","","","",""
"moning.isabel@gmail.com","6890244","351930936","","ExpertLetter | Bewertungsmanagement-Geheimnisse: von Estimotos Erfolg lernen + Trustpilot-Skandal! ","""ProvenExpert | NEWS"" <news@provenexpert.com>","[news@provenexpert.com]","[]","[]","2025-03-17 11:22:30","85ba1fd9-3a97-42a3-a11a-97a68cf1ba3d","OPEN","5b261997-9460-389c-92ad-995b1482aceb","2025-03-17 16:54:39","<1742206950774.85ba1fd9-3a97-42a3-a11a-97a68cf1ba3d@smtp.hubapi.com>","","","","","","","20185","AbBatch","Mozilla/5.0 (Windows NT 5.1; rv:11.0) Gecko Firefox/11.0 (via ggpht.com GoogleImageProxy)","Unknown","Unknown","Unknown","","","","0","","","","","",""
"moning.isabel@gmail.com","6890244","351930936","","ExpertLetter | Bewertungsmanagement-Geheimnisse: von Estimotos Erfolg lernen + Trustpilot-Skandal! ","""ProvenExpert | NEWS"" <news@provenexpert.com>","[news@provenexpert.com]","[]","[]","2025-03-17 11:22:30","85ba1fd9-3a97-42a3-a11a-97a68cf1ba3d","SENT","85ba1fd9-3a97-42a3-a11a-97a68cf1ba3d","2025-03-17 11:22:30","<1742206950774.85ba1fd9-3a97-42a3-a11a-97a68cf1ba3d@smtp.hubapi.com>","","","","","","","20185","AbBatch","","","","","","","","","","","","","",""
"moning.isabel@gmail.com","6890244","351930936","","ExpertLetter | Bewertungsmanagement-Geheimnisse: von Estimotos Erfolg lernen + Trustpilot-Skandal! ","""ProvenExpert | NEWS"" <news@provenexpert.com>","[news@provenexpert.com]","[]","[]","2025-03-17 11:22:30","85ba1fd9-3a97-42a3-a11a-97a68cf1ba3d","OPEN","7b62c58b-722e-34e2-ab94-029875c06e7c","2025-03-17 11:22:37","<1742206950774.85ba1fd9-3a97-42a3-a11a-97a68cf1ba3d@smtp.hubapi.com>","","","","","","","20185","AbBatch","Mozilla/5.0 (Windows NT 5.1; rv:11.0) Gecko Firefox/11.0 (via ggpht.com GoogleImageProxy)","Unknown","Unknown","Unknown","","","","0","","","","","",""
"moning.isabel@gmail.com","6890244","351930936","","ExpertLetter | Bewertungsmanagement-Geheimnisse: von Estimotos Erfolg lernen + Trustpilot-Skandal! ","""ProvenExpert | NEWS"" <news@provenexpert.com>","[news@provenexpert.com]","[]","[]","2025-03-17 11:22:30","85ba1fd9-3a97-42a3-a11a-97a68cf1ba3d","OPEN","725880b0-eaf0-3d85-820f-08460e9c46f6","2025-03-17 20:36:04","<1742206950774.85ba1fd9-3a97-42a3-a11a-97a68cf1ba3d@smtp.hubapi.com>","","","","","","","20185","AbBatch","Mozilla/5.0 (Windows NT 5.1; rv:11.0) Gecko Firefox/11.0 (via ggpht.com GoogleImageProxy)","Unknown","Unknown","Unknown","","","","0","","","","","",""
"office.ma@4-europe-consulting.com","6890244","351930935","","ExpertLetter | Brisante Trustpilot-Enthüllungen + WIX & WordPress kommen!","""ProvenExpert | NEWS"" <news@provenexpert.com>","[news@provenexpert.com]","[]","[]","2025-03-17 11:21:10","a5ad3370-7465-4f05-8e35-565b8f735a6a","SENT","a5ad3370-7465-4f05-8e35-565b8f735a6a","2025-03-17 11:21:10","<1742206870137.a5ad3370-7465-4f05-8e35-565b8f735a6a@smtp.hubapi.com>","","","","","","","20185","AbBatch","","","","","","","","","","","","","",""
"office.ma@4-europe-consulting.com","6890244","351930935","","ExpertLetter | Brisante Trustpilot-Enthüllungen + WIX & WordPress kommen!","""ProvenExpert | NEWS"" <news@provenexpert.com>","[news@provenexpert.com]","[]","[]","2025-03-17 11:21:10","a5ad3370-7465-4f05-8e35-565b8f735a6a","DELIVERED","f9801af2-4167-3af1-8850-712f12974039","2025-03-17 11:21:12","<1742206870137.a5ad3370-7465-4f05-8e35-565b8f735a6a@smtp.hubapi.com>","","","","","","","20185","AbBatch","","","","","","","","","","","","","",""
"office@diepraxisfamily.com","6890244","351930936","","ExpertLetter | Bewertungsmanagement-Geheimnisse: von Estimotos Erfolg lernen + Trustpilot-Skandal! ","""ProvenExpert | NEWS"" <news@provenexpert.com>","[news@provenexpert.com]","[]","[]","2025-03-17 11:22:29","59fdd458-5dd7-4959-ad1e-d67af0e70f1c","SENT","59fdd458-5dd7-4959-ad1e-d67af0e70f1c","2025-03-17 11:22:29","<1742206949745.59fdd458-5dd7-4959-ad1e-d67af0e70f1c@smtp.hubapi.com>","","","","","","","20185","AbBatch","","","","","","","","","","","","","",""
"office@diepraxisfamily.com","6890244","351930936","","ExpertLetter | Bewertungsmanagement-Geheimnisse: von Estimotos Erfolg lernen + Trustpilot-Skandal! ","""ProvenExpert | NEWS"" <news@provenexpert.com>","[news@provenexpert.com]","[]","[]","2025-03-17 11:22:29","59fdd458-5dd7-4959-ad1e-d67af0e70f1c","DELIVERED","b8fdc960-ccf0-3a32-8699-aba5d88a8135","2025-03-17 11:22:32","<1742206949745.59fdd458-5dd7-4959-ad1e-d67af0e70f1c@smtp.hubapi.com>","","","","","","","20185","AbBatch","","","","","","","","","","","","","",""
"social@luxfux.lu","6890244","351930935","","ExpertLetter | Brisante Trustpilot-Enthüllungen + WIX & WordPress kommen!","""ProvenExpert | NEWS"" <news@provenexpert.com>","[news@provenexpert.com]","[]","[]","2025-03-17 11:22:29","ebfadf72-d7a0-4789-a308-b62912eb9e95","DELIVERED","af9911e4-6b06-3e4d-8329-bcfc393d43ca","2025-03-17 11:22:46","<1742206949901.ebfadf72-d7a0-4789-a308-b62912eb9e95@smtp.hubapi.com>","","","","","","","20185","AbBatch","","","","","","","","","","","","","",""
"social@luxfux.lu","6890244","351930935","","ExpertLetter | Brisante Trustpilot-Enthüllungen + WIX & WordPress kommen!","""ProvenExpert | NEWS"" <news@provenexpert.com>","[news@provenexpert.com]","[]","[]","2025-03-17 11:22:29","ebfadf72-d7a0-4789-a308-b62912eb9e95","OPEN","ea270035-8ef9-3816-b88f-151df98aa5f2","2025-03-25 08:36:57","<1742206949901.ebfadf72-d7a0-4789-a308-b62912eb9e95@smtp.hubapi.com>","","","","","","","20185","AbBatch","Mozilla/5.0 (compatible; MSIE 10.0; Windows NT 10.0; WOW64; Trident/7.0; Microsoft Outlook 16.0.10416; ms-office; MSOffice 16)","trier","rheinland-pfalz","GERMANY","","","","0","","","","","",""
"social@luxfux.lu","6890244","351930935","","ExpertLetter | Brisante Trustpilot-Enthüllungen + WIX & WordPress kommen!","""ProvenExpert | NEWS"" <news@provenexpert.com>","[news@provenexpert.com]","[]","[]","2025-03-17 11:22:29","ebfadf72-d7a0-4789-a308-b62912eb9e95","SENT","ebfadf72-d7a0-4789-a308-b62912eb9e95","2025-03-17 11:22:29","<1742206949901.ebfadf72-d7a0-4789-a308-b62912eb9e95@smtp.hubapi.com>","","","","","","","20185","AbBatch","","","","","","","","","","","","","",""
"daniel.kunz@finance-angels.de","6890244","351930935","","ExpertLetter | Brisante Trustpilot-Enthüllungen + WIX & WordPress kommen!","""ProvenExpert | NEWS"" <news@provenexpert.com>","[news@provenexpert.com]","[]","[]","2025-03-17 11:22:30","39bdcdf5-bb7d-4441-8c7b-c3437912ff04","DELIVERED","9c39c08f-97f6-31f2-b83c-18c2d63836a6","2025-03-17 11:22:31","<1742206950668.39bdcdf5-bb7d-4441-8c7b-c3437912ff04@smtp.hubapi.com>","","","","","","","20185","AbBatch","","","","","","","","","","","","","",""
"daniel.kunz@finance-angels.de","6890244","351930935","","ExpertLetter | Brisante Trustpilot-Enthüllungen + WIX & WordPress kommen!","""ProvenExpert | NEWS"" <news@provenexpert.com>","[news@provenexpert.com]","[]","[]","2025-03-17 11:22:30","39bdcdf5-bb7d-4441-8c7b-c3437912ff04","SENT","39bdcdf5-bb7d-4441-8c7b-c3437912ff04","2025-03-17 11:22:30","<1742206950668.39bdcdf5-bb7d-4441-8c7b-c3437912ff04@smtp.hubapi.com>","","","","","","","20185","AbBatch","","","","","","","","","","","","","",""
"provenexpert@kosys.de","6890244","351930936","","ExpertLetter | Bewertungsmanagement-Geheimnisse: von Estimotos Erfolg lernen + Trustpilot-Skandal! ","""ProvenExpert | NEWS"" <news@provenexpert.com>","[news@provenexpert.com]","[]","[]","2025-03-17 11:22:30","5958dfd3-9dbc-4ead-862a-c9b419fb95e8","SENT","5958dfd3-9dbc-4ead-862a-c9b419fb95e8","2025-03-17 11:22:30","<1742206950387.5958dfd3-9dbc-4ead-862a-c9b419fb95e8@smtp.hubapi.com>","","","","","","","20185","AbBatch","","","","","","","","","","","","","",""
"provenexpert@kosys.de","6890244","351930936","","ExpertLetter | Bewertungsmanagement-Geheimnisse: von Estimotos Erfolg lernen + Trustpilot-Skandal! ","""ProvenExpert | NEWS"" <news@provenexpert.com>","[news@provenexpert.com]","[]","[]","2025-03-17 11:22:30","5958dfd3-9dbc-4ead-862a-c9b419fb95e8","DELIVERED","90e1f6d5-6da7-3b27-9085-5d7cb0d6bffe","2025-03-17 11:22:33","<1742206950387.5958dfd3-9dbc-4ead-862a-c9b419fb95e8@smtp.hubapi.com>","","","","","","","20185","AbBatch","","","","","","","","","","","","","",""
"info@immoconceptbalear.com","6890244","351930935","","ExpertLetter | Brisante Trustpilot-Enthüllungen + WIX & WordPress kommen!","""ProvenExpert | NEWS"" <news@provenexpert.com>","[news@provenexpert.com]","[]","[]","2025-03-17 11:22:31","4675a3e0-57e9-4870-b559-eee7a3ea8ee4","DELIVERED","f10d7706-0cd0-32f4-8cef-ea84197308f8","2025-03-17 11:23:28","<1742206951046.4675a3e0-57e9-4870-b559-eee7a3ea8ee4@smtp.hubapi.com>","","","","","","","20185","AbBatch","","","","","","","","","","","","","",""
"info@immoconceptbalear.com","6890244","351930935","","ExpertLetter | Brisante Trustpilot-Enthüllungen + WIX & WordPress kommen!","""ProvenExpert | NEWS"" <news@provenexpert.com>","[news@provenexpert.com]","[]","[]","2025-03-17 11:22:31","4675a3e0-57e9-4870-b559-eee7a3ea8ee4","SENT","4675a3e0-57e9-4870-b559-eee7a3ea8ee4","2025-03-17 11:22:31","<1742206951046.4675a3e0-57e9-4870-b559-eee7a3ea8ee4@smtp.hubapi.com>","","","","","","","20185","AbBatch","","","","","","","","","","","","","",""
"info@growth-mindset-institute.com","6890244","351930936","","ExpertLetter | Bewertungsmanagement-Geheimnisse: von Estimotos Erfolg lernen + Trustpilot-Skandal! ","""ProvenExpert | NEWS"" <news@provenexpert.com>","[news@provenexpert.com]","[]","[]","2025-03-17 11:22:31","98ca94e4-61b5-41cc-b2e4-cd8120041081","SENT","98ca94e4-61b5-41cc-b2e4-cd8120041081","2025-03-17 11:22:31","<1742206951047.98ca94e4-61b5-41cc-b2e4-cd8120041081@smtp.hubapi.com>","","","","","","","20185","AbBatch","","","","","","","","","","","","","",""
"info@growth-mindset-institute.com","6890244","351930936","","ExpertLetter | Bewertungsmanagement-Geheimnisse: von Estimotos Erfolg lernen + Trustpilot-Skandal! ","""ProvenExpert | NEWS"" <news@provenexpert.com>","[news@provenexpert.com]","[]","[]","2025-03-17 11:22:31","98ca94e4-61b5-41cc-b2e4-cd8120041081","DELIVERED","07bff879-4f9e-3003-8d9f-a8068011fa93","2025-03-17 11:22:34","<1742206951047.98ca94e4-61b5-41cc-b2e4-cd8120041081@smtp.hubapi.com>","","","","","","","20185","AbBatch","","","","","","","","","","","","","",""
"consultantbusinesscompany.uae+provenexpert@gmail.com","6890244","351930935","","ExpertLetter | Brisante Trustpilot-Enthüllungen + WIX & WordPress kommen!","""ProvenExpert | NEWS"" <news@provenexpert.com>","[news@provenexpert.com]","[]","[]","2025-03-17 11:21:09","7b4fe19f-621e-4752-9640-417e249eb0be","SENT","7b4fe19f-621e-4752-9640-417e249eb0be","2025-03-17 11:21:09","<1742206869997.7b4fe19f-621e-4752-9640-417e249eb0be@smtp.hubapi.com>","","","","","","","20185","AbBatch","","","","","","","","","","","","","",""
"consultantbusinesscompany.uae+provenexpert@gmail.com","6890244","351930935","","ExpertLetter | Brisante Trustpilot-Enthüllungen + WIX & WordPress kommen!","""ProvenExpert | NEWS"" <news@provenexpert.com>","[news@provenexpert.com]","[]","[]","2025-03-17 11:21:09","7b4fe19f-621e-4752-9640-417e249eb0be","DELIVERED","891641e8-cb58-3cf4-973d-4c25f59da8cf","2025-03-17 11:21:11","<1742206869997.7b4fe19f-621e-4752-9640-417e249eb0be@smtp.hubapi.com>","","","","","","","20185","AbBatch","","","","","","","","","","","","","",""
"consultantbusinesscompany.uae+provenexpert@gmail.com","6890244","351930935","","ExpertLetter | Brisante Trustpilot-Enthüllungen + WIX & WordPress kommen!","""ProvenExpert | NEWS"" <news@provenexpert.com>","[news@provenexpert.com]","[]","[]","2025-03-17 11:21:09","7b4fe19f-621e-4752-9640-417e249eb0be","OPEN","952b58c9-289c-33d8-a92f-bd895251de1c","2025-03-17 12:53:58","<1742206869997.7b4fe19f-621e-4752-9640-417e249eb0be@smtp.hubapi.com>","","","","","","","20185","AbBatch","Mozilla/5.0 (Windows NT 5.1; rv:11.0) Gecko Firefox/11.0 (via ggpht.com GoogleImageProxy)","Unknown","Unknown","Unknown","","","","0","","","","","",""
"sales@mytalent.io","6890244","351930935","","ExpertLetter | Brisante Trustpilot-Enthüllungen + WIX & WordPress kommen!","""ProvenExpert | NEWS"" <news@provenexpert.com>","[news@provenexpert.com]","[]","[]","2025-03-17 11:21:09","5670eb56-7e14-4bf2-ad8a-9a1bd8b22751","SENT","5670eb56-7e14-4bf2-ad8a-9a1bd8b22751","2025-03-17 11:21:09","<1742206869831.5670eb56-7e14-4bf2-ad8a-9a1bd8b22751@smtp.hubapi.com>","","","","","","","20185","AbBatch","","","","","","","","","","","","","",""
"sales@mytalent.io","6890244","351930935","","ExpertLetter | Brisante Trustpilot-Enthüllungen + WIX & WordPress kommen!","""ProvenExpert | NEWS"" <news@provenexpert.com>","[news@provenexpert.com]","[]","[]","2025-03-17 11:21:09","5670eb56-7e14-4bf2-ad8a-9a1bd8b22751","DELIVERED","9c01c500-08b1-3e40-82f2-f30d1607f8c8","2025-03-17 11:21:10","<1742206869831.5670eb56-7e14-4bf2-ad8a-9a1bd8b22751@smtp.hubapi.com>","","","","","","","20185","AbBatch","","","","","","","","","","","","","",""
"sales@mytalent.io","6890244","351930935","","ExpertLetter | Brisante Trustpilot-Enthüllungen + WIX & WordPress kommen!","""ProvenExpert | NEWS"" <news@provenexpert.com>","[news@provenexpert.com]","[]","[]","2025-03-17 11:21:09","5670eb56-7e14-4bf2-ad8a-9a1bd8b22751","OPEN","b6ec95c6-4e33-3d07-a3dd-0f6c722767a8","2025-03-17 12:17:21","<1742206869831.5670eb56-7e14-4bf2-ad8a-9a1bd8b22751@smtp.hubapi.com>","","","","","","","20185","AbBatch","Mozilla/5.0 (Windows NT 10.0; Win64; x64) AppleWebKit/537.36 (KHTML, like Gecko) Chrome/134.0.0.0 Safari/537.36","tbilisi","tbilisi","GEORGIA","","","","34430","","","","","",""
"hey@avrawell.com","6890244","351930936","","ExpertLetter | Bewertungsmanagement-Geheimnisse: von Estimotos Erfolg lernen + Trustpilot-Skandal! ","""ProvenExpert | NEWS"" <news@provenexpert.com>","[news@provenexpert.com]","[]","[]","2025-03-17 11:19:50","26eb92b9-e4d6-462d-8fe7-97f546928de4","SENT","26eb92b9-e4d6-462d-8fe7-97f546928de4","2025-03-17 11:19:50","<1742206790012.26eb92b9-e4d6-462d-8fe7-97f546928de4@smtp.hubapi.com>","","","","","","","20185","AbBatch","","","","","","","","","","","","","",""
"hey@avrawell.com","6890244","351930936","","ExpertLetter | Bewertungsmanagement-Geheimnisse: von Estimotos Erfolg lernen + Trustpilot-Skandal! ","""ProvenExpert | NEWS"" <news@provenexpert.com>","[news@provenexpert.com]","[]","[]","2025-03-17 11:19:50","26eb92b9-e4d6-462d-8fe7-97f546928de4","DELIVERED","aa30a27a-2317-36d7-9dd8-8ed80255997b","2025-03-17 11:19:55","<1742206790012.26eb92b9-e4d6-462d-8fe7-97f546928de4@smtp.hubapi.com>","","","","","","","20185","AbBatch","","","","","","","","","","","","","",""
"campaigntestprofile2@provenexpert.com","6890244","351930935","","ExpertLetter | Brisante Trustpilot-Enthüllungen + WIX & WordPress kommen!","""ProvenExpert | NEWS"" <news@provenexpert.com>","[news@provenexpert.com]","[]","[]","2025-03-17 11:21:10","3fd1d242-f84b-45ce-b0f0-34825ac896bf","DELIVERED","abadba4b-4262-36f4-bc65-49933d24937b","2025-03-17 11:21:12","<1742206870068.3fd1d242-f84b-45ce-b0f0-34825ac896bf@smtp.hubapi.com>","","","","","","","20185","AbBatch","","","","","","","","","","","","","",""
"campaigntestprofile2@provenexpert.com","6890244","351930935","","ExpertLetter | Brisante Trustpilot-Enthüllungen + WIX & WordPress kommen!","""ProvenExpert | NEWS"" <news@provenexpert.com>","[news@provenexpert.com]","[]","[]","2025-03-17 11:21:10","3fd1d242-f84b-45ce-b0f0-34825ac896bf","SENT","3fd1d242-f84b-45ce-b0f0-34825ac896bf","2025-03-17 11:21:10","<1742206870068.3fd1d242-f84b-45ce-b0f0-34825ac896bf@smtp.hubapi.com>","","","","","","","20185","AbBatch","","","","","","","","","","","","","",""
"info@martinatabery.de","6890244","351930935","","ExpertLetter | Brisante Trustpilot-Enthüllungen + WIX & WordPress kommen!","""ProvenExpert | NEWS"" <news@provenexpert.com>","[news@provenexpert.com]","[]","[]","2025-03-17 11:21:09","eef44af2-fb91-43ed-b886-3490fa1b0900","SENT","eef44af2-fb91-43ed-b886-3490fa1b0900","2025-03-17 11:21:09","<1742206869655.eef44af2-fb91-43ed-b886-3490fa1b0900@smtp.hubapi.com>","","","","","","","20185","AbBatch","","","","","","","","","","","","","",""
"info@martinatabery.de","6890244","351930935","","ExpertLetter | Brisante Trustpilot-Enthüllungen + WIX & WordPress kommen!","""ProvenExpert | NEWS"" <news@provenexpert.com>","[news@provenexpert.com]","[]","[]","2025-03-17 11:21:09","eef44af2-fb91-43ed-b886-3490fa1b0900","DELIVERED","16f54c51-cfbf-3cca-a1d0-8367bc754681","2025-03-17 11:21:11","<1742206869655.eef44af2-fb91-43ed-b886-3490fa1b0900@smtp.hubapi.com>","","","","","","","20185","AbBatch","","","","","","","","","","","","","",""
"info@brandyourvoice.de","6890244","351930936","","ExpertLetter | Bewertungsmanagement-Geheimnisse: von Estimotos Erfolg lernen + Trustpilot-Skandal! ","""ProvenExpert | NEWS"" <news@provenexpert.com>","[news@provenexpert.com]","[]","[]","2025-03-17 11:22:30","56a24bed-c740-4dea-9eae-ad464e8c109e","DELIVERED","7d490f47-6336-3077-80b3-1c80aa821d09","2025-03-17 11:22:33","<1742206950838.56a24bed-c740-4dea-9eae-ad464e8c109e@smtp.hubapi.com>","","","","","","","20185","AbBatch","","","","","","","","","","","","","",""
"info@brandyourvoice.de","6890244","351930936","","ExpertLetter | Bewertungsmanagement-Geheimnisse: von Estimotos Erfolg lernen + Trustpilot-Skandal! ","""ProvenExpert | NEWS"" <news@provenexpert.com>","[news@provenexpert.com]","[]","[]","2025-03-17 11:22:30","56a24bed-c740-4dea-9eae-ad464e8c109e","SENT","56a24bed-c740-4dea-9eae-ad464e8c109e","2025-03-17 11:22:30","<1742206950838.56a24bed-c740-4dea-9eae-ad464e8c109e@smtp.hubapi.com>","","","","","","","20185","AbBatch","","","","","","","","","","","","","",""
"olaf@west-atlantico.de","6890244","351930935","","ExpertLetter | Brisante Trustpilot-Enthüllungen + WIX & WordPress kommen!","""ProvenExpert | NEWS"" <news@provenexpert.com>","[news@provenexpert.com]","[]","[]","2025-03-17 11:22:30","011c0499-5606-44a5-a1bd-fa0ae3110c3b","OPEN","3bb05261-6a50-3b88-896e-ab391dc5b511","2025-03-18 08:37:21","<1742206950412.011c0499-5606-44a5-a1bd-fa0ae3110c3b@smtp.hubapi.com>","","","fd7a0916-0bee-38e5-8bbf-8ea757213d97","2025-03-18 08:37:21","","","20185","AbBatch","Mozilla/5.0 (X11; Linux x86_64; rv:128.0) Gecko/20100101 Firefox/128.0","madrid","madrid","SPAIN","","","","null","","","","","",""
"olaf@west-atlantico.de","6890244","351930935","","ExpertLetter | Brisante Trustpilot-Enthüllungen + WIX & WordPress kommen!","""ProvenExpert | NEWS"" <news@provenexpert.com>","[news@provenexpert.com]","[]","[]","2025-03-17 11:22:30","011c0499-5606-44a5-a1bd-fa0ae3110c3b","CLICK","fd7a0916-0bee-38e5-8bbf-8ea757213d97","2025-03-18 08:37:21","<1742206950412.011c0499-5606-44a5-a1bd-fa0ae3110c3b@smtp.hubapi.com>","","","","","","","20185","AbBatch","Mozilla/5.0 (X11; Linux x86_64; rv:128.0) Gecko/20100101 Firefox/128.0","madrid","madrid","SPAIN","","","https://app.provenexpert.com/integrations/?utm_term=2&utm_campaign=NL1225&utm_medium=email&_hsmi=351930935&utm_content=DE_NL-CW12-25_ROW-DE-PAIDvB&utm_source=hubspot","","","","","","",""
"olaf@west-atlantico.de","6890244","351930935","","ExpertLetter | Brisante Trustpilot-Enthüllungen + WIX & WordPress kommen!","""ProvenExpert | NEWS"" <news@provenexpert.com>","[news@provenexpert.com]","[]","[]","2025-03-17 11:22:30","011c0499-5606-44a5-a1bd-fa0ae3110c3b","DELIVERED","78425cbb-8f59-3803-92a5-8e92e83d4754","2025-03-17 11:22:32","<1742206950412.011c0499-5606-44a5-a1bd-fa0ae3110c3b@smtp.hubapi.com>","","","","","","","20185","AbBatch","","","","","","","","","","","","","",""
"olaf@west-atlantico.de","6890244","351930935","","ExpertLetter | Brisante Trustpilot-Enthüllungen + WIX & WordPress kommen!","""ProvenExpert | NEWS"" <news@provenexpert.com>","[news@provenexpert.com]","[]","[]","2025-03-17 11:22:30","011c0499-5606-44a5-a1bd-fa0ae3110c3b","SENT","011c0499-5606-44a5-a1bd-fa0ae3110c3b","2025-03-17 11:22:30","<1742206950412.011c0499-5606-44a5-a1bd-fa0ae3110c3b@smtp.hubapi.com>","","","","","","","20185","AbBatch","","","","","","","","","","","","","",""
"support@social-boost24.com","6890244","351930936","","ExpertLetter | Bewertungsmanagement-Geheimnisse: von Estimotos Erfolg lernen + Trustpilot-Skandal! ","""ProvenExpert | NEWS"" <news@provenexpert.com>","[news@provenexpert.com]","[]","[]","2025-03-17 11:22:31","ff6f9a34-45d9-4bfc-a413-f590b95f7bb5","DROPPED","ff6f9a34-45d9-4bfc-a413-f590b95f7bb5","2025-03-17 11:22:31","<1742206951175.ff6f9a34-45d9-4bfc-a413-f590b95f7bb5@smtp.hubapi.com>","","","f288fa1f-76a1-338c-9eab-f754d306469d","2023-01-28 17:15:08","PREVIOUSLY_BOUNCED","Recipient has previously bounced.","20185","AbBatch","","","","","","","","","552","5.0.0","5.0.0","","",""
"florian.merzenich@gmx.de","6890244","351930936","","ExpertLetter | Bewertungsmanagement-Geheimnisse: von Estimotos Erfolg lernen + Trustpilot-Skandal! ","""ProvenExpert | NEWS"" <news@provenexpert.com>","[news@provenexpert.com]","[]","[]","2025-03-17 11:22:30","9e4fe46b-b1d1-41f0-8bfe-12f5583f3f5d","SENT","9e4fe46b-b1d1-41f0-8bfe-12f5583f3f5d","2025-03-17 11:22:30","<1742206950240.9e4fe46b-b1d1-41f0-8bfe-12f5583f3f5d@smtp.hubapi.com>","","","","","","","20185","AbBatch","","","","","","","","","","","","","",""
"florian.merzenich@gmx.de","6890244","351930936","","ExpertLetter | Bewertungsmanagement-Geheimnisse: von Estimotos Erfolg lernen + Trustpilot-Skandal! ","""ProvenExpert | NEWS"" <news@provenexpert.com>","[news@provenexpert.com]","[]","[]","2025-03-17 11:22:30","9e4fe46b-b1d1-41f0-8bfe-12f5583f3f5d","DELIVERED","dc47d760-316a-3715-a1e2-cab4bed5ab92","2025-03-17 11:22:32","<1742206950240.9e4fe46b-b1d1-41f0-8bfe-12f5583f3f5d@smtp.hubapi.com>","","","","","","","20185","AbBatch","","","","","","","","","","","","","",""
"contact@wett-tipps.ai","6890244","351930936","","ExpertLetter | Bewertungsmanagement-Geheimnisse: von Estimotos Erfolg lernen + Trustpilot-Skandal! ","""ProvenExpert | NEWS"" <news@provenexpert.com>","[news@provenexpert.com]","[]","[]","2025-03-17 11:19:49","7c2ff7ec-a247-4eb3-b91d-788a12aa582a","SENT","7c2ff7ec-a247-4eb3-b91d-788a12aa582a","2025-03-17 11:19:49","<1742206789976.7c2ff7ec-a247-4eb3-b91d-788a12aa582a@smtp.hubapi.com>","","","","","","","20185","AbBatch","","","","","","","","","","","","","",""
"contact@wett-tipps.ai","6890244","351930936","","ExpertLetter | Bewertungsmanagement-Geheimnisse: von Estimotos Erfolg lernen + Trustpilot-Skandal! ","""ProvenExpert | NEWS"" <news@provenexpert.com>","[news@provenexpert.com]","[]","[]","2025-03-17 11:19:49","7c2ff7ec-a247-4eb3-b91d-788a12aa582a","DELIVERED","4149ce99-c769-33ae-aff3-40b35c8576c0","2025-03-17 11:20:00","<1742206789976.7c2ff7ec-a247-4eb3-b91d-788a12aa582a@smtp.hubapi.com>","","","","","","","20185","AbBatch","","","","","","","","","","","","","",""
"carolin@carolintietz.de","6890244","351930935","","ExpertLetter | Brisante Trustpilot-Enthüllungen + WIX & WordPress kommen!","""ProvenExpert | NEWS"" <news@provenexpert.com>","[news@provenexpert.com]","[]","[]","2025-03-17 11:22:30","81fa0449-e8bf-481a-b19d-7160f77ffa55","SENT","81fa0449-e8bf-481a-b19d-7160f77ffa55","2025-03-17 11:22:30","<1742206950262.81fa0449-e8bf-481a-b19d-7160f77ffa55@smtp.hubapi.com>","","","","","","","20185","AbBatch","","","","","","","","","","","","","",""
"carolin@carolintietz.de","6890244","351930935","","ExpertLetter | Brisante Trustpilot-Enthüllungen + WIX & WordPress kommen!","""ProvenExpert | NEWS"" <news@provenexpert.com>","[news@provenexpert.com]","[]","[]","2025-03-17 11:22:30","81fa0449-e8bf-481a-b19d-7160f77ffa55","DELIVERED","dd720b45-6474-3285-acf7-7eb2c46b708c","2025-03-17 11:22:42","<1742206950262.81fa0449-e8bf-481a-b19d-7160f77ffa55@smtp.hubapi.com>","","","","","","","20185","AbBatch","","","","","","","","","","","","","",""
"mathias.weber@healthtravels.de","6890244","351930935","","ExpertLetter | Brisante Trustpilot-Enthüllungen + WIX & WordPress kommen!","""ProvenExpert | NEWS"" <news@provenexpert.com>","[news@provenexpert.com]","[]","[]","2025-03-17 11:22:30","5d6fffe7-f028-4064-8441-e4c9cd8af1ec","DELIVERED","383458ac-c093-39ef-8757-0cd5610fd067","2025-03-17 11:22:32","<1742206950812.5d6fffe7-f028-4064-8441-e4c9cd8af1ec@smtp.hubapi.com>","","","","","","","20185","AbBatch","","","","","","","","","","","","","",""
"mathias.weber@healthtravels.de","6890244","351930935","","ExpertLetter | Brisante Trustpilot-Enthüllungen + WIX & WordPress kommen!","""ProvenExpert | NEWS"" <news@provenexpert.com>","[news@provenexpert.com]","[]","[]","2025-03-17 11:22:30","5d6fffe7-f028-4064-8441-e4c9cd8af1ec","SENT","5d6fffe7-f028-4064-8441-e4c9cd8af1ec","2025-03-17 11:22:30","<1742206950812.5d6fffe7-f028-4064-8441-e4c9cd8af1ec@smtp.hubapi.com>","","","","","","","20185","AbBatch","","","","","","","","","","","","","",""
"mathias.weber@healthtravels.de","6890244","351930935","","ExpertLetter | Brisante Trustpilot-Enthüllungen + WIX & WordPress kommen!","""ProvenExpert | NEWS"" <news@provenexpert.com>","[news@provenexpert.com]","[]","[]","2025-03-17 11:22:30","5d6fffe7-f028-4064-8441-e4c9cd8af1ec","OPEN","a37db0d6-8470-378c-b3ac-8f3ed0bb2c25","2025-03-17 12:09:12","<1742206950812.5d6fffe7-f028-4064-8441-e4c9cd8af1ec@smtp.hubapi.com>","","","","","","","20185","AbBatch","Mozilla/5.0 (Windows NT 10.0; Win64; x64) AppleWebKit/537.36 (KHTML, like Gecko) Chrome/122.0.0.0 Safari/537.36","istanbul","istanbul","TURKEY","","","","32779","","","","","",""
"info@elevatefx.de","6890244","351930936","","ExpertLetter | Bewertungsmanagement-Geheimnisse: von Estimotos Erfolg lernen + Trustpilot-Skandal! ","""ProvenExpert | NEWS"" <news@provenexpert.com>","[news@provenexpert.com]","[]","[]","2025-03-17 11:19:49","15b326a3-691d-4adb-a50c-fe3a7f3ad018","SENT","15b326a3-691d-4adb-a50c-fe3a7f3ad018","2025-03-17 11:19:49","<1742206789959.15b326a3-691d-4adb-a50c-fe3a7f3ad018@smtp.hubapi.com>","","","","","","","20185","AbBatch","","","","","","","","","","","","","",""
"info@elevatefx.de","6890244","351930936","","ExpertLetter | Bewertungsmanagement-Geheimnisse: von Estimotos Erfolg lernen + Trustpilot-Skandal! ","""ProvenExpert | NEWS"" <news@provenexpert.com>","[news@provenexpert.com]","[]","[]","2025-03-17 11:19:49","15b326a3-691d-4adb-a50c-fe3a7f3ad018","DELIVERED","ddb66602-e3d3-3189-b443-336182f1b545","2025-03-17 11:19:52","<1742206789959.15b326a3-691d-4adb-a50c-fe3a7f3ad018@smtp.hubapi.com>","","","","","","","20185","AbBatch","","","","","","","","","","","","","",""
"sclaassen@elelaafrica.com","6890244","351930936","","ExpertLetter | Bewertungsmanagement-Geheimnisse: von Estimotos Erfolg lernen + Trustpilot-Skandal! ","""ProvenExpert | NEWS"" <news@provenexpert.com>","[news@provenexpert.com]","[]","[]","2025-03-17 11:22:29","7c54eded-1e38-46a7-8bf9-94a5dc240b12","DELIVERED","7f92456c-c0f6-3db8-9f43-aa1418a862e4","2025-03-17 11:22:32","<1742206949873.7c54eded-1e38-46a7-8bf9-94a5dc240b12@smtp.hubapi.com>","","","","","","","20185","AbBatch","","","","","","","","","","","","","",""
"sclaassen@elelaafrica.com","6890244","351930936","","ExpertLetter | Bewertungsmanagement-Geheimnisse: von Estimotos Erfolg lernen + Trustpilot-Skandal! ","""ProvenExpert | NEWS"" <news@provenexpert.com>","[news@provenexpert.com]","[]","[]","2025-03-17 11:22:29","7c54eded-1e38-46a7-8bf9-94a5dc240b12","SENT","7c54eded-1e38-46a7-8bf9-94a5dc240b12","2025-03-17 11:22:29","<1742206949873.7c54eded-1e38-46a7-8bf9-94a5dc240b12@smtp.hubapi.com>","","","","","","","20185","AbBatch","","","","","","","","","","","","","",""
"cyrate@eu-ibc.com","6890244","351930936","","ExpertLetter | Bewertungsmanagement-Geheimnisse: von Estimotos Erfolg lernen + Trustpilot-Skandal! ","""ProvenExpert | NEWS"" <news@provenexpert.com>","[news@provenexpert.com]","[]","[]","2025-03-17 11:22:30","a91dda09-3ada-4a2e-88a4-096335181cd9","DELIVERED","19eb8d05-0b24-3eba-89bc-9a6c7ad2662a","2025-03-17 11:22:37","<1742206950984.a91dda09-3ada-4a2e-88a4-096335181cd9@smtp.hubapi.com>","","","","","","","20185","AbBatch","","","","","","","","","","","","","",""
"cyrate@eu-ibc.com","6890244","351930936","","ExpertLetter | Bewertungsmanagement-Geheimnisse: von Estimotos Erfolg lernen + Trustpilot-Skandal! ","""ProvenExpert | NEWS"" <news@provenexpert.com>","[news@provenexpert.com]","[]","[]","2025-03-17 11:22:30","a91dda09-3ada-4a2e-88a4-096335181cd9","SENT","a91dda09-3ada-4a2e-88a4-096335181cd9","2025-03-17 11:22:30","<1742206950984.a91dda09-3ada-4a2e-88a4-096335181cd9@smtp.hubapi.com>","","","","","","","20185","AbBatch","","","","","","","","","","","","","",""
"info@feldbergfamiliecamping.dk","6890244","351930935","","ExpertLetter | Brisante Trustpilot-Enthüllungen + WIX & WordPress kommen!","""ProvenExpert | NEWS"" <news@provenexpert.com>","[news@provenexpert.com]","[]","[]","2025-03-17 11:22:30","62cc94e1-e6b3-4308-9d18-83bf8efdae3f","DELIVERED","29bfa36a-e532-36d6-9c7a-ee8ce81832bf","2025-03-17 11:22:35","<1742206950715.62cc94e1-e6b3-4308-9d18-83bf8efdae3f@smtp.hubapi.com>","","","","","","","20185","AbBatch","","","","","","","","","","","","","",""
"info@feldbergfamiliecamping.dk","6890244","351930935","","ExpertLetter | Brisante Trustpilot-Enthüllungen + WIX & WordPress kommen!","""ProvenExpert | NEWS"" <news@provenexpert.com>","[news@provenexpert.com]","[]","[]","2025-03-17 11:22:30","62cc94e1-e6b3-4308-9d18-83bf8efdae3f","SENT","62cc94e1-e6b3-4308-9d18-83bf8efdae3f","2025-03-17 11:22:30","<1742206950715.62cc94e1-e6b3-4308-9d18-83bf8efdae3f@smtp.hubapi.com>","","","","","","","20185","AbBatch","","","","","","","","","","","","","",""
"contact@soulacademyanette.com","6890244","351930936","","ExpertLetter | Bewertungsmanagement-Geheimnisse: von Estimotos Erfolg lernen + Trustpilot-Skandal! ","""ProvenExpert | NEWS"" <news@provenexpert.com>","[news@provenexpert.com]","[]","[]","2025-03-17 11:22:31","3dad34bb-9aee-485a-b8d7-fce2b07a7d16","DELIVERED","c3d946b8-f7eb-375b-adab-2ca86726e2ea","2025-03-17 11:22:33","<1742206951076.3dad34bb-9aee-485a-b8d7-fce2b07a7d16@smtp.hubapi.com>","","","","","","","20185","AbBatch","","","","","","","","","","","","","",""
"contact@soulacademyanette.com","6890244","351930936","","ExpertLetter | Bewertungsmanagement-Geheimnisse: von Estimotos Erfolg lernen + Trustpilot-Skandal! ","""ProvenExpert | NEWS"" <news@provenexpert.com>","[news@provenexpert.com]","[]","[]","2025-03-17 11:22:31","3dad34bb-9aee-485a-b8d7-fce2b07a7d16","SENT","3dad34bb-9aee-485a-b8d7-fce2b07a7d16","2025-03-17 11:22:31","<1742206951076.3dad34bb-9aee-485a-b8d7-fce2b07a7d16@smtp.hubapi.com>","","","","","","","20185","AbBatch","","","","","","","","","","","","","",""
"contact@soulacademyanette.com","6890244","351930936","","ExpertLetter | Bewertungsmanagement-Geheimnisse: von Estimotos Erfolg lernen + Trustpilot-Skandal! ","""ProvenExpert | NEWS"" <news@provenexpert.com>","[news@provenexpert.com]","[]","[]","2025-03-17 11:22:31","3dad34bb-9aee-485a-b8d7-fce2b07a7d16","OPEN","8ae96ea9-4089-3365-a7e3-e2aefbe96e1c","2025-03-17 12:01:37","<1742206951076.3dad34bb-9aee-485a-b8d7-fce2b07a7d16@smtp.hubapi.com>","","","","","","","20185","AbBatch","Mozilla/5.0 (Windows NT 5.1; rv:11.0) Gecko Firefox/11.0 (via ggpht.com GoogleImageProxy)","Unknown","Unknown","Unknown","","","","0","","","","","",""
"amina@regenbogenkreis.de","6890244","351930935","","ExpertLetter | Brisante Trustpilot-Enthüllungen + WIX & WordPress kommen!","""ProvenExpert | NEWS"" <news@provenexpert.com>","[news@provenexpert.com]","[]","[]","2025-03-17 11:22:31","6dac06e5-99c0-46fa-a045-184b8ad56924","SENT","6dac06e5-99c0-46fa-a045-184b8ad56924","2025-03-17 11:22:31","<1742206951063.6dac06e5-99c0-46fa-a045-184b8ad56924@smtp.hubapi.com>","","","","","","","20185","AbBatch","","","","","","","","","","","","","",""
"amina@regenbogenkreis.de","6890244","351930935","","ExpertLetter | Brisante Trustpilot-Enthüllungen + WIX & WordPress kommen!","""ProvenExpert | NEWS"" <news@provenexpert.com>","[news@provenexpert.com]","[]","[]","2025-03-17 11:22:31","6dac06e5-99c0-46fa-a045-184b8ad56924","DELIVERED","ded9804d-e234-3a24-aa8c-c63929d3b05d","2025-03-17 11:22:35","<1742206951063.6dac06e5-99c0-46fa-a045-184b8ad56924@smtp.hubapi.com>","","","","","","","20185","AbBatch","","","","","","","","","","","","","",""
"annekatrinmueller219@gmail.com","6890244","351930936","","ExpertLetter | Bewertungsmanagement-Geheimnisse: von Estimotos Erfolg lernen + Trustpilot-Skandal! ","""ProvenExpert | NEWS"" <news@provenexpert.com>","[news@provenexpert.com]","[]","[]","2025-03-17 11:22:30","4e8617ed-fa68-4f70-9d4e-d91cf57b4545","DELIVERED","a5e4b795-b13d-32d5-ac94-27f80f7a9b9b","2025-03-17 11:22:31","<1742206950339.4e8617ed-fa68-4f70-9d4e-d91cf57b4545@smtp.hubapi.com>","","","","","","","20185","AbBatch","","","","","","","","","","","","","",""
"annekatrinmueller219@gmail.com","6890244","351930936","","ExpertLetter | Bewertungsmanagement-Geheimnisse: von Estimotos Erfolg lernen + Trustpilot-Skandal! ","""ProvenExpert | NEWS"" <news@provenexpert.com>","[news@provenexpert.com]","[]","[]","2025-03-17 11:22:30","4e8617ed-fa68-4f70-9d4e-d91cf57b4545","SENT","4e8617ed-fa68-4f70-9d4e-d91cf57b4545","2025-03-17 11:22:30","<1742206950339.4e8617ed-fa68-4f70-9d4e-d91cf57b4545@smtp.hubapi.com>","","","","","","","20185","AbBatch","","","","","","","","","","","","","",""
"annekatrinmueller219@gmail.com","6890244","351930936","","ExpertLetter | Bewertungsmanagement-Geheimnisse: von Estimotos Erfolg lernen + Trustpilot-Skandal! ","""ProvenExpert | NEWS"" <news@provenexpert.com>","[news@provenexpert.com]","[]","[]","2025-03-17 11:22:30","4e8617ed-fa68-4f70-9d4e-d91cf57b4545","OPEN","fc304709-7956-3282-ae7c-c1e40c6920cf","2025-03-17 18:31:04","<1742206950339.4e8617ed-fa68-4f70-9d4e-d91cf57b4545@smtp.hubapi.com>","","","","","","","20185","AbBatch","Mozilla/5.0 (Windows NT 5.1; rv:11.0) Gecko Firefox/11.0 (via ggpht.com GoogleImageProxy)","Unknown","Unknown","Unknown","","","","0","","","","","",""
"akupunkturaerztin@gmail.com","6890244","351930936","","ExpertLetter | Bewertungsmanagement-Geheimnisse: von Estimotos Erfolg lernen + Trustpilot-Skandal! ","""ProvenExpert | NEWS"" <news@provenexpert.com>","[news@provenexpert.com]","[]","[]","2025-03-17 11:22:31","d15a4d3b-5630-4a7b-a8f8-a0c571c7c197","SENT","d15a4d3b-5630-4a7b-a8f8-a0c571c7c197","2025-03-17 11:22:31","<1742206951061.d15a4d3b-5630-4a7b-a8f8-a0c571c7c197@smtp.hubapi.com>","","","","","","","20185","AbBatch","","","","","","","","","","","","","",""
"akupunkturaerztin@gmail.com","6890244","351930936","","ExpertLetter | Bewertungsmanagement-Geheimnisse: von Estimotos Erfolg lernen + Trustpilot-Skandal! ","""ProvenExpert | NEWS"" <news@provenexpert.com>","[news@provenexpert.com]","[]","[]","2025-03-17 11:22:31","d15a4d3b-5630-4a7b-a8f8-a0c571c7c197","DELIVERED","03b809c2-ac1c-3315-baa9-d9254aff0fb0","2025-03-17 11:22:32","<1742206951061.d15a4d3b-5630-4a7b-a8f8-a0c571c7c197@smtp.hubapi.com>","","","","","","","20185","AbBatch","","","","","","","","","","","","","",""
"akupunkturaerztin@gmail.com","6890244","351930936","","ExpertLetter | Bewertungsmanagement-Geheimnisse: von Estimotos Erfolg lernen + Trustpilot-Skandal! ","""ProvenExpert | NEWS"" <news@provenexpert.com>","[news@provenexpert.com]","[]","[]","2025-03-17 11:22:31","d15a4d3b-5630-4a7b-a8f8-a0c571c7c197","OPEN","1c838608-8d58-3050-a9a0-d701f637e345","2025-03-18 11:33:36","<1742206951061.d15a4d3b-5630-4a7b-a8f8-a0c571c7c197@smtp.hubapi.com>","","","","","","","20185","AbBatch","Mozilla/4.0 (compatible; ms-office; MSOffice 16)","","syddanmark","DENMARK","","","","4999","","","","","",""
"arbeitarbeit702@gmail.com","6890244","351930935","","ExpertLetter | Brisante Trustpilot-Enthüllungen + WIX & WordPress kommen!","""ProvenExpert | NEWS"" <news@provenexpert.com>","[news@provenexpert.com]","[]","[]","2025-03-17 11:21:10","ac6ed311-81f9-4f09-b62e-0809f1c92c17","DELIVERED","039a2fb2-49a3-330f-a51c-5208fbabe779","2025-03-17 11:21:11","<1742206870156.ac6ed311-81f9-4f09-b62e-0809f1c92c17@smtp.hubapi.com>","","","","","","","20185","AbBatch","","","","","","","","","","","","","",""
"contact@jennypaetzolt.de","6890244","351930936","","ExpertLetter | Bewertungsmanagement-Geheimnisse: von Estimotos Erfolg lernen + Trustpilot-Skandal! ","""ProvenExpert | NEWS"" <news@provenexpert.com>","[news@provenexpert.com]","[]","[]","2025-03-17 11:19:49","dab0d386-3916-4662-8aa7-a8f92739839f","DROPPED","dab0d386-3916-4662-8aa7-a8f92739839f","2025-03-17 11:19:49","<1742206789764.dab0d386-3916-4662-8aa7-a8f92739839f@smtp.hubapi.com>","","","83b75901-b5fb-3ebc-9ba4-84a5d5c515b5","2025-03-07 08:17:13","PREVIOUSLY_BOUNCED","Recipient has previously bounced.","20185","AbBatch","","","","","","","","","550","550 5.7.1 <contact@jennypaetzolt.de>: Recipient address rejected: Mail appeared to be SPAM or forged. Ask your Mail/DNS-Administrator to correct HELO and DNS MX settings or to get removed from DNSBLs","550 5.7.1 <contact@jennypaetzolt.de>: Recipient address rejected: Mail appeared to be SPAM or forged. Ask your Mail/DNS-Administrator to correct HELO and DNS MX settings or to get removed from DNSBLs","","",""
"arbeitarbeit702@gmail.com","6890244","351930935","","ExpertLetter | Brisante Trustpilot-Enthüllungen + WIX & WordPress kommen!","""ProvenExpert | NEWS"" <news@provenexpert.com>","[news@provenexpert.com]","[]","[]","2025-03-17 11:21:10","ac6ed311-81f9-4f09-b62e-0809f1c92c17","SENT","ac6ed311-81f9-4f09-b62e-0809f1c92c17","2025-03-17 11:21:10","<1742206870156.ac6ed311-81f9-4f09-b62e-0809f1c92c17@smtp.hubapi.com>","","","","","","","20185","AbBatch","","","","","","","","","","","","","",""
"pernthalerfabian@gmail.com","6890244","351930935","","ExpertLetter | Brisante Trustpilot-Enthüllungen + WIX & WordPress kommen!","""ProvenExpert | NEWS"" <news@provenexpert.com>","[news@provenexpert.com]","[]","[]","2025-03-17 11:22:31","e8cf3fa7-d173-46b2-b3d0-a9050e3cf3e9","DELIVERED","dabd8d30-a68c-367c-8185-699136eeeaac","2025-03-17 11:22:32","<1742206951028.e8cf3fa7-d173-46b2-b3d0-a9050e3cf3e9@smtp.hubapi.com>","","","","","","","20185","AbBatch","","","","","","","","","","","","","",""
"pernthalerfabian@gmail.com","6890244","351930935","","ExpertLetter | Brisante Trustpilot-Enthüllungen + WIX & WordPress kommen!","""ProvenExpert | NEWS"" <news@provenexpert.com>","[news@provenexpert.com]","[]","[]","2025-03-17 11:22:31","e8cf3fa7-d173-46b2-b3d0-a9050e3cf3e9","SENT","e8cf3fa7-d173-46b2-b3d0-a9050e3cf3e9","2025-03-17 11:22:31","<1742206951028.e8cf3fa7-d173-46b2-b3d0-a9050e3cf3e9@smtp.hubapi.com>","","","","","","","20185","AbBatch","","","","","","","","","","","","","",""
"info@kristinholm.de","6890244","351930935","","ExpertLetter | Brisante Trustpilot-Enthüllungen + WIX & WordPress kommen!","""ProvenExpert | NEWS"" <news@provenexpert.com>","[news@provenexpert.com]","[]","[]","2025-03-17 11:22:31","2ad0608b-7e9a-43e5-b7a0-5e8144b30adf","SENT","2ad0608b-7e9a-43e5-b7a0-5e8144b30adf","2025-03-17 11:22:31","<1742206951182.2ad0608b-7e9a-43e5-b7a0-5e8144b30adf@smtp.hubapi.com>","","","","","","","20185","AbBatch","","","","","","","","","","","","","",""
"info@kristinholm.de","6890244","351930935","","ExpertLetter | Brisante Trustpilot-Enthüllungen + WIX & WordPress kommen!","""ProvenExpert | NEWS"" <news@provenexpert.com>","[news@provenexpert.com]","[]","[]","2025-03-17 11:22:31","2ad0608b-7e9a-43e5-b7a0-5e8144b30adf","DELIVERED","843d476b-4fc2-33b3-979e-a89efa5658fc","2025-03-17 11:26:25","<1742206951182.2ad0608b-7e9a-43e5-b7a0-5e8144b30adf@smtp.hubapi.com>","","","","","","","20185","AbBatch","","","","","","","","","","","","","",""
"info@kristinholm.de","6890244","351930935","","ExpertLetter | Brisante Trustpilot-Enthüllungen + WIX & WordPress kommen!","""ProvenExpert | NEWS"" <news@provenexpert.com>","[news@provenexpert.com]","[]","[]","2025-03-17 11:22:31","2ad0608b-7e9a-43e5-b7a0-5e8144b30adf","DEFERRED","38602180-63a5-382e-81d6-1d318acb6e0e","2025-03-17 11:22:35","<1742206951182.2ad0608b-7e9a-43e5-b7a0-5e8144b30adf@smtp.hubapi.com>","","","","","","","20185","AbBatch","","","","","","","","","","","","","",""
"info@pulsing-earth.com","6890244","351930936","","ExpertLetter | Bewertungsmanagement-Geheimnisse: von Estimotos Erfolg lernen + Trustpilot-Skandal! ","""ProvenExpert | NEWS"" <news@provenexpert.com>","[news@provenexpert.com]","[]","[]","2025-03-17 11:22:30","f37955da-0d54-487d-9325-246cbc286468","DELIVERED","4fae4d90-0b99-3a9a-9ddb-6f074bcd2770","2025-03-17 11:22:36","<1742206950789.f37955da-0d54-487d-9325-246cbc286468@smtp.hubapi.com>","","","","","","","20185","AbBatch","","","","","","","","","","","","","",""
"info@pulsing-earth.com","6890244","351930936","","ExpertLetter | Bewertungsmanagement-Geheimnisse: von Estimotos Erfolg lernen + Trustpilot-Skandal! ","""ProvenExpert | NEWS"" <news@provenexpert.com>","[news@provenexpert.com]","[]","[]","2025-03-17 11:22:30","f37955da-0d54-487d-9325-246cbc286468","SENT","f37955da-0d54-487d-9325-246cbc286468","2025-03-17 11:22:30","<1742206950789.f37955da-0d54-487d-9325-246cbc286468@smtp.hubapi.com>","","","","","","","20185","AbBatch","","","","","","","","","","","","","",""
"dirk.hoffmann1705@web.de","6890244","351930936","","ExpertLetter | Bewertungsmanagement-Geheimnisse: von Estimotos Erfolg lernen + Trustpilot-Skandal! ","""ProvenExpert | NEWS"" <news@provenexpert.com>","[news@provenexpert.com]","[]","[]","2025-03-17 11:19:49","97facab1-7375-4c9c-ab45-7745528f0123","SENT","97facab1-7375-4c9c-ab45-7745528f0123","2025-03-17 11:19:49","<1742206789747.97facab1-7375-4c9c-ab45-7745528f0123@smtp.hubapi.com>","","","","","","","20185","AbBatch","","","","","","","","","","","","","",""
"dirk.hoffmann1705@web.de","6890244","351930936","","ExpertLetter | Bewertungsmanagement-Geheimnisse: von Estimotos Erfolg lernen + Trustpilot-Skandal! ","""ProvenExpert | NEWS"" <news@provenexpert.com>","[news@provenexpert.com]","[]","[]","2025-03-17 11:19:49","97facab1-7375-4c9c-ab45-7745528f0123","DELIVERED","1d5776f8-01d7-3c21-a03e-e7d974f23d40","2025-03-17 11:19:50","<1742206789747.97facab1-7375-4c9c-ab45-7745528f0123@smtp.hubapi.com>","","","","","","","20185","AbBatch","","","","","","","","","","","","","",""
"abdi@afsah.de","6890244","351930935","","ExpertLetter | Brisante Trustpilot-Enthüllungen + WIX & WordPress kommen!","""ProvenExpert | NEWS"" <news@provenexpert.com>","[news@provenexpert.com]","[]","[]","2025-03-17 11:22:30","88242fab-41ea-4db1-b566-5768f3532ccd","SENT","88242fab-41ea-4db1-b566-5768f3532ccd","2025-03-17 11:22:30","<1742206950569.88242fab-41ea-4db1-b566-5768f3532ccd@smtp.hubapi.com>","","","","","","","20185","AbBatch","","","","","","","","","","","","","",""
"abdi@afsah.de","6890244","351930935","","ExpertLetter | Brisante Trustpilot-Enthüllungen + WIX & WordPress kommen!","""ProvenExpert | NEWS"" <news@provenexpert.com>","[news@provenexpert.com]","[]","[]","2025-03-17 11:22:30","88242fab-41ea-4db1-b566-5768f3532ccd","DELIVERED","5a0ff86e-e971-39fc-9bff-0836287db754","2025-03-17 11:22:33","<1742206950569.88242fab-41ea-4db1-b566-5768f3532ccd@smtp.hubapi.com>","","","","","","","20185","AbBatch","","","","","","","","","","","","","",""
"jerome@schnitzler.one","6890244","351930935","","ExpertLetter | Brisante Trustpilot-Enthüllungen + WIX & WordPress kommen!","""ProvenExpert | NEWS"" <news@provenexpert.com>","[news@provenexpert.com]","[]","[]","2025-03-17 11:22:29","b50efb8e-c098-408d-bc22-2374fc1d74c1","SENT","b50efb8e-c098-408d-bc22-2374fc1d74c1","2025-03-17 11:22:29","<1742206949766.b50efb8e-c098-408d-bc22-2374fc1d74c1@smtp.hubapi.com>","","","","","","","20185","AbBatch","","","","","","","","","","","","","",""
"jerome@schnitzler.one","6890244","351930935","","ExpertLetter | Brisante Trustpilot-Enthüllungen + WIX & WordPress kommen!","""ProvenExpert | NEWS"" <news@provenexpert.com>","[news@provenexpert.com]","[]","[]","2025-03-17 11:22:29","b50efb8e-c098-408d-bc22-2374fc1d74c1","DELIVERED","ad23f188-8305-35fd-adea-48d1ee17c03d","2025-03-17 11:22:35","<1742206949766.b50efb8e-c098-408d-bc22-2374fc1d74c1@smtp.hubapi.com>","","","","","","","20185","AbBatch","","","","","","","","","","","","","",""
"cg@gdvi.de","6890244","351930935","","ExpertLetter | Brisante Trustpilot-Enthüllungen + WIX & WordPress kommen!","""ProvenExpert | NEWS"" <news@provenexpert.com>","[news@provenexpert.com]","[]","[]","2025-03-17 11:22:30","39552c83-fbe5-47c6-ab97-d7f4174f2f5e","SENT","39552c83-fbe5-47c6-ab97-d7f4174f2f5e","2025-03-17 11:22:30","<1742206950635.39552c83-fbe5-47c6-ab97-d7f4174f2f5e@smtp.hubapi.com>","","","","","","","20185","AbBatch","","","","","","","","","","","","","",""
"cg@gdvi.de","6890244","351930935","","ExpertLetter | Brisante Trustpilot-Enthüllungen + WIX & WordPress kommen!","""ProvenExpert | NEWS"" <news@provenexpert.com>","[news@provenexpert.com]","[]","[]","2025-03-17 11:22:30","39552c83-fbe5-47c6-ab97-d7f4174f2f5e","DELIVERED","be191269-0f7f-3d30-ac7d-920a2ea5a32f","2025-03-17 11:22:33","<1742206950635.39552c83-fbe5-47c6-ab97-d7f4174f2f5e@smtp.hubapi.com>","","","","","","","20185","AbBatch","","","","","","","","","","","","","",""
"jana@female-investor.com","6890244","351930936","","ExpertLetter | Bewertungsmanagement-Geheimnisse: von Estimotos Erfolg lernen + Trustpilot-Skandal! ","""ProvenExpert | NEWS"" <news@provenexpert.com>","[news@provenexpert.com]","[]","[]","2025-03-17 11:22:30","b3538781-79ed-4fb3-b822-56c5179ef5c4","SENT","b3538781-79ed-4fb3-b822-56c5179ef5c4","2025-03-17 11:22:30","<1742206950635.b3538781-79ed-4fb3-b822-56c5179ef5c4@smtp.hubapi.com>","","","","","","","20185","AbBatch","","","","","","","","","","","","","",""
"jana@female-investor.com","6890244","351930936","","ExpertLetter | Bewertungsmanagement-Geheimnisse: von Estimotos Erfolg lernen + Trustpilot-Skandal! ","""ProvenExpert | NEWS"" <news@provenexpert.com>","[news@provenexpert.com]","[]","[]","2025-03-17 11:22:30","b3538781-79ed-4fb3-b822-56c5179ef5c4","DELIVERED","c95bee40-db4d-34f8-a863-573322d500e2","2025-03-17 11:22:46","<1742206950635.b3538781-79ed-4fb3-b822-56c5179ef5c4@smtp.hubapi.com>","","","","","","","20185","AbBatch","","","","","","","","","","","","","",""
"info@tradefactory.ae","6890244","351930936","","ExpertLetter | Bewertungsmanagement-Geheimnisse: von Estimotos Erfolg lernen + Trustpilot-Skandal! ","""ProvenExpert | NEWS"" <news@provenexpert.com>","[news@provenexpert.com]","[]","[]","2025-03-17 11:22:30","8d18c9fa-02eb-4dfd-b2cd-db83452b808a","SENT","8d18c9fa-02eb-4dfd-b2cd-db83452b808a","2025-03-17 11:22:30","<1742206950950.8d18c9fa-02eb-4dfd-b2cd-db83452b808a@smtp.hubapi.com>","","","","","","","20185","AbBatch","","","","","","","","","","","","","",""
"info@tradefactory.ae","6890244","351930936","","ExpertLetter | Bewertungsmanagement-Geheimnisse: von Estimotos Erfolg lernen + Trustpilot-Skandal! ","""ProvenExpert | NEWS"" <news@provenexpert.com>","[news@provenexpert.com]","[]","[]","2025-03-17 11:22:30","8d18c9fa-02eb-4dfd-b2cd-db83452b808a","DELIVERED","93187748-2303-3dfe-bbec-433d70fa254d","2025-03-17 11:22:34","<1742206950950.8d18c9fa-02eb-4dfd-b2cd-db83452b808a@smtp.hubapi.com>","","","","","","","20185","AbBatch","","","","","","","","","","","","","",""
"info@authentic-charisma.de","6890244","351930935","","ExpertLetter | Brisante Trustpilot-Enthüllungen + WIX & WordPress kommen!","""ProvenExpert | NEWS"" <news@provenexpert.com>","[news@provenexpert.com]","[]","[]","2025-03-17 11:22:30","6f034507-1c40-4539-8e77-f7dd130795de","OPEN","92a1c44e-fab7-3696-b8cc-97d687b3da0b","2025-03-17 12:35:46","<1742206950246.6f034507-1c40-4539-8e77-f7dd130795de@smtp.hubapi.com>","","","","","","","20185","AbBatch","Mozilla/5.0 (Macintosh; Intel Mac OS X 10_15_7) AppleWebKit/605.1.15 (KHTML, like Gecko)","mersin","mersin","TURKEY","","","","36006","","","","","",""
"info@authentic-charisma.de","6890244","351930935","","ExpertLetter | Brisante Trustpilot-Enthüllungen + WIX & WordPress kommen!","""ProvenExpert | NEWS"" <news@provenexpert.com>","[news@provenexpert.com]","[]","[]","2025-03-17 11:22:30","6f034507-1c40-4539-8e77-f7dd130795de","SENT","6f034507-1c40-4539-8e77-f7dd130795de","2025-03-17 11:22:30","<1742206950246.6f034507-1c40-4539-8e77-f7dd130795de@smtp.hubapi.com>","","","","","","","20185","AbBatch","","","","","","","","","","","","","",""
"info@authentic-charisma.de","6890244","351930935","","ExpertLetter | Brisante Trustpilot-Enthüllungen + WIX & WordPress kommen!","""ProvenExpert | NEWS"" <news@provenexpert.com>","[news@provenexpert.com]","[]","[]","2025-03-17 11:22:30","6f034507-1c40-4539-8e77-f7dd130795de","DELIVERED","842b6890-c38f-3e9a-a3d0-ab484f878b43","2025-03-17 11:22:32","<1742206950246.6f034507-1c40-4539-8e77-f7dd130795de@smtp.hubapi.com>","","","","","","","20185","AbBatch","","","","","","","","","","","","","",""
"info@authentic-charisma.de","6890244","351930935","","ExpertLetter | Brisante Trustpilot-Enthüllungen + WIX & WordPress kommen!","""ProvenExpert | NEWS"" <news@provenexpert.com>","[news@provenexpert.com]","[]","[]","2025-03-17 11:22:30","6f034507-1c40-4539-8e77-f7dd130795de","CLICK","41ddddbc-7c2c-3955-95f7-e23c391a9ffc","2025-03-24 15:28:24","<1742206950246.6f034507-1c40-4539-8e77-f7dd130795de@smtp.hubapi.com>","","","","","","","20185","AbBatch","Mozilla/5.0 (Macintosh; Intel Mac OS X 10.15; rv:136.0) Gecko/20100101 Firefox/136.0","mersin","mersin","TURKEY","","","https://blog.provenexpert.com/de/die-schattenseite-von-trustpilot/?utm_term=3&utm_campaign=NL1225&utm_medium=email&_hsmi=351930935&utm_content=DE_NL-CW12-25_ROW-DE-PAIDvA&utm_source=hubspot","","","","","","",""
"info@authentic-charisma.de","6890244","351930935","","ExpertLetter | Brisante Trustpilot-Enthüllungen + WIX & WordPress kommen!","""ProvenExpert | NEWS"" <news@provenexpert.com>","[news@provenexpert.com]","[]","[]","2025-03-17 11:22:30","6f034507-1c40-4539-8e77-f7dd130795de","CLICK","426627f0-1891-3c52-b25c-d7d5aa8462fd","2025-03-17 12:35:48","<1742206950246.6f034507-1c40-4539-8e77-f7dd130795de@smtp.hubapi.com>","","","","","","","20185","AbBatch","Mozilla/5.0 (Macintosh; Intel Mac OS X 10.15; rv:136.0) Gecko/20100101 Firefox/136.0","mersin","mersin","TURKEY","","","https://blog.provenexpert.com/de/die-schattenseite-von-trustpilot/?utm_term=3&utm_campaign=NL1225&utm_medium=email&_hsmi=351930935&utm_content=DE_NL-CW12-25_ROW-DE-PAIDvA&utm_source=hubspot","","","","","","",""
"info@authentic-charisma.de","6890244","351930935","","ExpertLetter | Brisante Trustpilot-Enthüllungen + WIX & WordPress kommen!","""ProvenExpert | NEWS"" <news@provenexpert.com>","[news@provenexpert.com]","[]","[]","2025-03-17 11:22:30","6f034507-1c40-4539-8e77-f7dd130795de","OPEN","c3710a7c-ef96-3f8a-8dc8-e135ffd39ec1","2025-03-17 11:49:11","<1742206950246.6f034507-1c40-4539-8e77-f7dd130795de@smtp.hubapi.com>","","","","","","","20185","AbBatch","Mozilla/5.0 (Macintosh; Intel Mac OS X 10_15_7) AppleWebKit/605.1.15 (KHTML, like Gecko)","mersin","mersin","TURKEY","","","","11539","","","","","",""
"info@authentic-charisma.de","6890244","351930935","","ExpertLetter | Brisante Trustpilot-Enthüllungen + WIX & WordPress kommen!","""ProvenExpert | NEWS"" <news@provenexpert.com>","[news@provenexpert.com]","[]","[]","2025-03-17 11:22:30","6f034507-1c40-4539-8e77-f7dd130795de","OPEN","9d2231ad-9cfe-39d8-a426-4f39696a1f6c","2025-03-24 15:28:15","<1742206950246.6f034507-1c40-4539-8e77-f7dd130795de@smtp.hubapi.com>","","","","","","","20185","AbBatch","Mozilla/5.0 (Macintosh; Intel Mac OS X 10_15_7) AppleWebKit/605.1.15 (KHTML, like Gecko)","mersin","mersin","TURKEY","","","","35515","","","","","",""
"info@authentic-charisma.de","6890244","351930935","","ExpertLetter | Brisante Trustpilot-Enthüllungen + WIX & WordPress kommen!","""ProvenExpert | NEWS"" <news@provenexpert.com>","[news@provenexpert.com]","[]","[]","2025-03-17 11:22:30","6f034507-1c40-4539-8e77-f7dd130795de","OPEN","d61cc146-3812-372a-a7b7-775b43caa785","2025-03-18 20:19:40","<1742206950246.6f034507-1c40-4539-8e77-f7dd130795de@smtp.hubapi.com>","","","","","","","20185","AbBatch","Mozilla/5.0 (Macintosh; Intel Mac OS X 10_15_7) AppleWebKit/605.1.15 (KHTML, like Gecko)","mersin","mersin","TURKEY","","","","7154","","","","","",""
"marketingd179@gmail.com","6890244","351930936","","ExpertLetter | Bewertungsmanagement-Geheimnisse: von Estimotos Erfolg lernen + Trustpilot-Skandal! ","""ProvenExpert | NEWS"" <news@provenexpert.com>","[news@provenexpert.com]","[]","[]","2025-03-17 11:22:30","c0c1762d-a184-4610-b8ea-83387be4a381","DELIVERED","bcd14b6a-46b8-3469-aede-cb6238c66d2a","2025-03-17 11:22:32","<1742206950967.c0c1762d-a184-4610-b8ea-83387be4a381@smtp.hubapi.com>","","","","","","","20185","AbBatch","","","","","","","","","","","","","",""
"dr.freihoefer@akupunktur-arzt.de","6890244","351930936","","ExpertLetter | Bewertungsmanagement-Geheimnisse: von Estimotos Erfolg lernen + Trustpilot-Skandal! ","""ProvenExpert | NEWS"" <news@provenexpert.com>","[news@provenexpert.com]","[]","[]","2025-03-17 11:22:30","1de4988e-382b-4591-9e54-85b76079a99c","DROPPED","1de4988e-382b-4591-9e54-85b76079a99c","2025-03-17 11:22:30","<1742206950567.1de4988e-382b-4591-9e54-85b76079a99c@smtp.hubapi.com>","","","19187802-607a-3328-806b-b71022f997e6","2024-10-23 10:19:24","PREVIOUSLY_BOUNCED","Recipient has previously bounced.","20185","AbBatch","","","","","","","","","550","smtp;550 5.0.350 Remote server returned an error -> 554 Sorry, no mailbox here by that name.","smtp;550 5.0.350 Remote server returned an error -> 554 Sorry, no mailbox here by that name.","","",""
"hello@business-heroes.com","6890244","351930936","","ExpertLetter | Bewertungsmanagement-Geheimnisse: von Estimotos Erfolg lernen + Trustpilot-Skandal! ","""ProvenExpert | NEWS"" <news@provenexpert.com>","[news@provenexpert.com]","[]","[]","2025-03-17 11:22:30","50fa070c-646a-443e-b6a2-b3a8241b21b5","DROPPED","50fa070c-646a-443e-b6a2-b3a8241b21b5","2025-03-17 11:22:30","<1742206950611.50fa070c-646a-443e-b6a2-b3a8241b21b5@smtp.hubapi.com>","","","94c29890-d0b1-35cb-aeb2-df1cb0aa35f4","2022-12-29 21:41:19","PREVIOUSLY_BOUNCED","Recipient has previously bounced.","20185","AbBatch","","","","","","","","","550","550 5.1.1 <hello@business-heroes.com>: Recipient address rejected: User unknown in virtual mailbox table","550 5.1.1 <hello@business-heroes.com>: Recipient address rejected: User unknown in virtual mailbox table","","",""
"marketingd179@gmail.com","6890244","351930936","","ExpertLetter | Bewertungsmanagement-Geheimnisse: von Estimotos Erfolg lernen + Trustpilot-Skandal! ","""ProvenExpert | NEWS"" <news@provenexpert.com>","[news@provenexpert.com]","[]","[]","2025-03-17 11:22:30","c0c1762d-a184-4610-b8ea-83387be4a381","SENT","c0c1762d-a184-4610-b8ea-83387be4a381","2025-03-17 11:22:30","<1742206950967.c0c1762d-a184-4610-b8ea-83387be4a381@smtp.hubapi.com>","","","","","","","20185","AbBatch","","","","","","","","","","","","","",""
"info@kryptopowerhouse.com","6890244","351930935","","ExpertLetter | Brisante Trustpilot-Enthüllungen + WIX & WordPress kommen!","""ProvenExpert | NEWS"" <news@provenexpert.com>","[news@provenexpert.com]","[]","[]","2025-03-17 11:22:30","ea4f8d50-254b-4e65-86fd-f077b6019fde","SENT","ea4f8d50-254b-4e65-86fd-f077b6019fde","2025-03-17 11:22:30","<1742206950036.ea4f8d50-254b-4e65-86fd-f077b6019fde@smtp.hubapi.com>","","","","","","","20185","AbBatch","","","","","","","","","","","","","",""
"info@kryptopowerhouse.com","6890244","351930935","","ExpertLetter | Brisante Trustpilot-Enthüllungen + WIX & WordPress kommen!","""ProvenExpert | NEWS"" <news@provenexpert.com>","[news@provenexpert.com]","[]","[]","2025-03-17 11:22:30","ea4f8d50-254b-4e65-86fd-f077b6019fde","DELIVERED","eac9af01-801f-3754-98a8-db665e5e483a","2025-03-17 11:22:32","<1742206950036.ea4f8d50-254b-4e65-86fd-f077b6019fde@smtp.hubapi.com>","","","","","","","20185","AbBatch","","","","","","","","","","","","","",""
"campaigntestprofile5@provenexpert.com","6890244","351930936","","ExpertLetter | Bewertungsmanagement-Geheimnisse: von Estimotos Erfolg lernen + Trustpilot-Skandal! ","""ProvenExpert | NEWS"" <news@provenexpert.com>","[news@provenexpert.com]","[]","[]","2025-03-17 11:22:30","747bff63-95f9-4d3a-b91f-b0065b40fe15","SENT","747bff63-95f9-4d3a-b91f-b0065b40fe15","2025-03-17 11:22:30","<1742206950917.747bff63-95f9-4d3a-b91f-b0065b40fe15@smtp.hubapi.com>","","","","","","","20185","AbBatch","","","","","","","","","","","","","",""
"campaigntestprofile5@provenexpert.com","6890244","351930936","","ExpertLetter | Bewertungsmanagement-Geheimnisse: von Estimotos Erfolg lernen + Trustpilot-Skandal! ","""ProvenExpert | NEWS"" <news@provenexpert.com>","[news@provenexpert.com]","[]","[]","2025-03-17 11:22:30","747bff63-95f9-4d3a-b91f-b0065b40fe15","DELIVERED","b45873bb-d3e0-35c2-9444-640705f7bcb6","2025-03-17 11:22:33","<1742206950917.747bff63-95f9-4d3a-b91f-b0065b40fe15@smtp.hubapi.com>","","","","","","","20185","AbBatch","","","","","","","","","","","","","",""
"info@barbarawolf.li","6890244","351930935","","ExpertLetter | Brisante Trustpilot-Enthüllungen + WIX & WordPress kommen!","""ProvenExpert | NEWS"" <news@provenexpert.com>","[news@provenexpert.com]","[]","[]","2025-03-17 11:22:30","2e42a17a-1415-48ca-8676-283e7478d2b4","SENT","2e42a17a-1415-48ca-8676-283e7478d2b4","2025-03-17 11:22:30","<1742206950861.2e42a17a-1415-48ca-8676-283e7478d2b4@smtp.hubapi.com>","","","","","","","20185","AbBatch","","","","","","","","","","","","","",""
"info@barbarawolf.li","6890244","351930935","","ExpertLetter | Brisante Trustpilot-Enthüllungen + WIX & WordPress kommen!","""ProvenExpert | NEWS"" <news@provenexpert.com>","[news@provenexpert.com]","[]","[]","2025-03-17 11:22:30","2e42a17a-1415-48ca-8676-283e7478d2b4","DELIVERED","04667cc3-fa10-39bf-a5d7-19edaa7dcc95","2025-03-17 11:22:33","<1742206950861.2e42a17a-1415-48ca-8676-283e7478d2b4@smtp.hubapi.com>","","","","","","","20185","AbBatch","","","","","","","","","","","","","",""
"matthias.bernhardt@ninjatradingpro.com","6890244","351930935","","ExpertLetter | Brisante Trustpilot-Enthüllungen + WIX & WordPress kommen!","""ProvenExpert | NEWS"" <news@provenexpert.com>","[news@provenexpert.com]","[]","[]","2025-03-17 11:22:30","0022b20d-dfc7-4a22-bf16-dc9dafe46198","SENT","0022b20d-dfc7-4a22-bf16-dc9dafe46198","2025-03-17 11:22:30","<1742206950074.0022b20d-dfc7-4a22-bf16-dc9dafe46198@smtp.hubapi.com>","","","","","","","20185","AbBatch","","","","","","","","","","","","","",""
"matthias.bernhardt@ninjatradingpro.com","6890244","351930935","","ExpertLetter | Brisante Trustpilot-Enthüllungen + WIX & WordPress kommen!","""ProvenExpert | NEWS"" <news@provenexpert.com>","[news@provenexpert.com]","[]","[]","2025-03-17 11:22:30","0022b20d-dfc7-4a22-bf16-dc9dafe46198","DELIVERED","0ecb7bef-f07c-3b4d-a073-5b127fd027b4","2025-03-17 11:22:33","<1742206950074.0022b20d-dfc7-4a22-bf16-dc9dafe46198@smtp.hubapi.com>","","","","","","","20185","AbBatch","","","","","","","","","","","","","",""
"ukuehn+240723@provenexpert.com","6890244","351930936","","ExpertLetter | Bewertungsmanagement-Geheimnisse: von Estimotos Erfolg lernen + Trustpilot-Skandal! ","""ProvenExpert | NEWS"" <news@provenexpert.com>","[news@provenexpert.com]","[]","[]","2025-03-17 11:22:30","1e4624e0-160a-4e9d-a96e-02fb2c30fce3","DELIVERED","f4a25aa1-7759-39ba-93ed-57404b3eb57d","2025-03-17 11:22:32","<1742206950601.1e4624e0-160a-4e9d-a96e-02fb2c30fce3@smtp.hubapi.com>","","","","","","","20185","AbBatch","","","","","","","","","","","","","",""
"ukuehn+240723@provenexpert.com","6890244","351930936","","ExpertLetter | Bewertungsmanagement-Geheimnisse: von Estimotos Erfolg lernen + Trustpilot-Skandal! ","""ProvenExpert | NEWS"" <news@provenexpert.com>","[news@provenexpert.com]","[]","[]","2025-03-17 11:22:30","1e4624e0-160a-4e9d-a96e-02fb2c30fce3","SENT","1e4624e0-160a-4e9d-a96e-02fb2c30fce3","2025-03-17 11:22:30","<1742206950601.1e4624e0-160a-4e9d-a96e-02fb2c30fce3@smtp.hubapi.com>","","","","","","","20185","AbBatch","","","","","","","","","","","","","",""
"info@dr-freihoefer-kitzingen.de","6890244","351930936","","ExpertLetter | Bewertungsmanagement-Geheimnisse: von Estimotos Erfolg lernen + Trustpilot-Skandal! ","""ProvenExpert | NEWS"" <news@provenexpert.com>","[news@provenexpert.com]","[]","[]","2025-03-17 11:22:30","8921cbdf-d7cb-46c2-a064-7cb498fb36dd","SENT","8921cbdf-d7cb-46c2-a064-7cb498fb36dd","2025-03-17 11:22:30","<1742206950013.8921cbdf-d7cb-46c2-a064-7cb498fb36dd@smtp.hubapi.com>","61cb6fdc-4c7a-3d66-93a9-a74335365fca","2025-03-17 11:44:48","","","","","20185","AbBatch","","","","","","","","","","","","","",""
"info@dr-freihoefer-kitzingen.de","6890244","351930936","","ExpertLetter | Bewertungsmanagement-Geheimnisse: von Estimotos Erfolg lernen + Trustpilot-Skandal! ","""ProvenExpert | NEWS"" <news@provenexpert.com>","[news@provenexpert.com]","[]","[]","2025-03-17 11:22:30","8921cbdf-d7cb-46c2-a064-7cb498fb36dd","DEFERRED","7a283639-1b55-329a-8549-f9f358ae420c","2025-03-17 11:24:38","<1742206950013.8921cbdf-d7cb-46c2-a064-7cb498fb36dd@smtp.hubapi.com>","","","","","","","20185","AbBatch","","","","","","","","","","","","","",""
"info@dr-freihoefer-kitzingen.de","6890244","351930936","","ExpertLetter | Bewertungsmanagement-Geheimnisse: von Estimotos Erfolg lernen + Trustpilot-Skandal! ","""ProvenExpert | NEWS"" <news@provenexpert.com>","[news@provenexpert.com]","[]","[]","2025-03-17 11:22:30","8921cbdf-d7cb-46c2-a064-7cb498fb36dd","DEFERRED","85aced54-c3fb-3146-9420-7d9ff8897950","2025-03-17 11:43:30","<1742206950013.8921cbdf-d7cb-46c2-a064-7cb498fb36dd@smtp.hubapi.com>","","","","","","","20185","AbBatch","","","","","","","","","","","","","",""
"info@dr-freihoefer-kitzingen.de","6890244","351930936","","ExpertLetter | Bewertungsmanagement-Geheimnisse: von Estimotos Erfolg lernen + Trustpilot-Skandal! ","""ProvenExpert | NEWS"" <news@provenexpert.com>","[news@provenexpert.com]","[]","[]","2025-03-17 11:22:30","8921cbdf-d7cb-46c2-a064-7cb498fb36dd","DROPPED","61cb6fdc-4c7a-3d66-93a9-a74335365fca","2025-03-17 11:44:48","<1742206950013.8921cbdf-d7cb-46c2-a064-7cb498fb36dd@smtp.hubapi.com>","","","","","MTA_IGNORE","","20185","AbBatch","","","","","","","","","","","","","",""
"info@dr-freihoefer-kitzingen.de","6890244","351930936","","ExpertLetter | Bewertungsmanagement-Geheimnisse: von Estimotos Erfolg lernen + Trustpilot-Skandal! ","""ProvenExpert | NEWS"" <news@provenexpert.com>","[news@provenexpert.com]","[]","[]","2025-03-17 11:22:30","8921cbdf-d7cb-46c2-a064-7cb498fb36dd","DEFERRED","ca0bac1d-b6aa-3668-a05c-fb9b593d3240","2025-03-17 11:22:31","<1742206950013.8921cbdf-d7cb-46c2-a064-7cb498fb36dd@smtp.hubapi.com>","","","","","","","20185","AbBatch","","","","","","","","","","","","","",""
"inbound@kyberna.com","6890244","351930936","","ExpertLetter | Bewertungsmanagement-Geheimnisse: von Estimotos Erfolg lernen + Trustpilot-Skandal! ","""ProvenExpert | NEWS"" <news@provenexpert.com>","[news@provenexpert.com]","[]","[]","2025-03-17 11:22:29","6d41d4bd-aad5-4496-aac6-c586e9001d20","DELIVERED","59399c53-4163-3b9b-a671-4795b6e8aab7","2025-03-17 11:22:33","<1742206949979.6d41d4bd-aad5-4496-aac6-c586e9001d20@smtp.hubapi.com>","","","","","","","20185","AbBatch","","","","","","","","","","","","","",""
"inbound@kyberna.com","6890244","351930936","","ExpertLetter | Bewertungsmanagement-Geheimnisse: von Estimotos Erfolg lernen + Trustpilot-Skandal! ","""ProvenExpert | NEWS"" <news@provenexpert.com>","[news@provenexpert.com]","[]","[]","2025-03-17 11:22:29","6d41d4bd-aad5-4496-aac6-c586e9001d20","SENT","6d41d4bd-aad5-4496-aac6-c586e9001d20","2025-03-17 11:22:29","<1742206949979.6d41d4bd-aad5-4496-aac6-c586e9001d20@smtp.hubapi.com>","","","","","","","20185","AbBatch","","","","","","","","","","","","","",""
"s.dietrich@beldelux.com","6890244","351930935","","ExpertLetter | Brisante Trustpilot-Enthüllungen + WIX & WordPress kommen!","""ProvenExpert | NEWS"" <news@provenexpert.com>","[news@provenexpert.com]","[]","[]","2025-03-17 11:22:30","2738f6eb-0967-4730-b2aa-f70f91b5a47b","DROPPED","2738f6eb-0967-4730-b2aa-f70f91b5a47b","2025-03-17 11:22:30","<1742206950665.2738f6eb-0967-4730-b2aa-f70f91b5a47b@smtp.hubapi.com>","","","e7e4fba0-e7ad-3234-a818-cc284a503e92","2024-12-04 08:16:29","PREVIOUSLY_BOUNCED","Recipient has previously bounced.","20185","AbBatch","","","","","","","","","450","450 4.7.1 <s.dietrich@beldelux.com>: Recipient address rejected: Mail appeared to be SPAM or forged. Ask your Mail/DNS-Administrator to correct HELO and DNS MX settings or to get removed from DNSBLs","450 4.7.1 <s.dietrich@beldelux.com>: Recipient address rejected: Mail appeared to be SPAM or forged. Ask your Mail/DNS-Administrator to correct HELO and DNS MX settings or to get removed from DNSBLs","","",""
"info@be-infinity-legal.de","6890244","351930936","","ExpertLetter | Bewertungsmanagement-Geheimnisse: von Estimotos Erfolg lernen + Trustpilot-Skandal! ","""ProvenExpert | NEWS"" <news@provenexpert.com>","[news@provenexpert.com]","[]","[]","2025-03-17 11:22:30","e01a42bc-531d-4ed8-a9fc-18179e862c22","SENT","e01a42bc-531d-4ed8-a9fc-18179e862c22","2025-03-17 11:22:30","<1742206950403.e01a42bc-531d-4ed8-a9fc-18179e862c22@smtp.hubapi.com>","","","","","","","20185","AbBatch","","","","","","","","","","","","","",""
"info@be-infinity-legal.de","6890244","351930936","","ExpertLetter | Bewertungsmanagement-Geheimnisse: von Estimotos Erfolg lernen + Trustpilot-Skandal! ","""ProvenExpert | NEWS"" <news@provenexpert.com>","[news@provenexpert.com]","[]","[]","2025-03-17 11:22:30","e01a42bc-531d-4ed8-a9fc-18179e862c22","DELIVERED","826bd0f4-9b4b-3581-8d84-b94e835350b1","2025-03-17 11:22:31","<1742206950403.e01a42bc-531d-4ed8-a9fc-18179e862c22@smtp.hubapi.com>","","","","","","","20185","AbBatch","","","","","","","","","","","","","",""
"info@plamecoluxemburg.lu","6890244","351930935","","ExpertLetter | Brisante Trustpilot-Enthüllungen + WIX & WordPress kommen!","""ProvenExpert | NEWS"" <news@provenexpert.com>","[news@provenexpert.com]","[]","[]","2025-03-17 11:22:30","0f3422f8-98c5-4de6-ad26-487aa0e39602","DELIVERED","bf17647e-0e27-3d0e-a773-9584d408c8cd","2025-03-17 11:22:32","<1742206950055.0f3422f8-98c5-4de6-ad26-487aa0e39602@smtp.hubapi.com>","","","","","","","20185","AbBatch","","","","","","","","","","","","","",""
"info@plamecoluxemburg.lu","6890244","351930935","","ExpertLetter | Brisante Trustpilot-Enthüllungen + WIX & WordPress kommen!","""ProvenExpert | NEWS"" <news@provenexpert.com>","[news@provenexpert.com]","[]","[]","2025-03-17 11:22:30","0f3422f8-98c5-4de6-ad26-487aa0e39602","SENT","0f3422f8-98c5-4de6-ad26-487aa0e39602","2025-03-17 11:22:30","<1742206950055.0f3422f8-98c5-4de6-ad26-487aa0e39602@smtp.hubapi.com>","","","","","","","20185","AbBatch","","","","","","","","","","","","","",""
"info@seelenalchemie.com","6890244","351930935","","ExpertLetter | Brisante Trustpilot-Enthüllungen + WIX & WordPress kommen!","""ProvenExpert | NEWS"" <news@provenexpert.com>","[news@provenexpert.com]","[]","[]","2025-03-17 11:22:30","b09c05e7-a329-4c7d-8e91-319360fe75f0","SENT","b09c05e7-a329-4c7d-8e91-319360fe75f0","2025-03-17 11:22:30","<1742206950779.b09c05e7-a329-4c7d-8e91-319360fe75f0@smtp.hubapi.com>","","","","","","","20185","AbBatch","","","","","","","","","","","","","",""
"info@seelenalchemie.com","6890244","351930935","","ExpertLetter | Brisante Trustpilot-Enthüllungen + WIX & WordPress kommen!","""ProvenExpert | NEWS"" <news@provenexpert.com>","[news@provenexpert.com]","[]","[]","2025-03-17 11:22:30","b09c05e7-a329-4c7d-8e91-319360fe75f0","DELIVERED","729e1725-5544-3b6b-82aa-a84b21a63a68","2025-03-17 11:22:36","<1742206950779.b09c05e7-a329-4c7d-8e91-319360fe75f0@smtp.hubapi.com>","","","","","","","20185","AbBatch","","","","","","","","","","","","","",""
"marketing@characters-connection.com","6890244","351930935","","ExpertLetter | Brisante Trustpilot-Enthüllungen + WIX & WordPress kommen!","""ProvenExpert | NEWS"" <news@provenexpert.com>","[news@provenexpert.com]","[]","[]","2025-03-17 11:22:30","efdef544-71ee-4200-ab69-e56413c2e568","DELIVERED","74b85897-e29f-309a-8a10-1aea97dd131e","2025-03-17 11:22:31","<1742206950144.efdef544-71ee-4200-ab69-e56413c2e568@smtp.hubapi.com>","","","","","","","20185","AbBatch","","","","","","","","","","","","","",""
"marketing@characters-connection.com","6890244","351930935","","ExpertLetter | Brisante Trustpilot-Enthüllungen + WIX & WordPress kommen!","""ProvenExpert | NEWS"" <news@provenexpert.com>","[news@provenexpert.com]","[]","[]","2025-03-17 11:22:30","efdef544-71ee-4200-ab69-e56413c2e568","SENT","efdef544-71ee-4200-ab69-e56413c2e568","2025-03-17 11:22:30","<1742206950144.efdef544-71ee-4200-ab69-e56413c2e568@smtp.hubapi.com>","","","","","","","20185","AbBatch","","","","","","","","","","","","","",""
"info@a-realnature.com","6890244","351930935","","ExpertLetter | Brisante Trustpilot-Enthüllungen + WIX & WordPress kommen!","""ProvenExpert | NEWS"" <news@provenexpert.com>","[news@provenexpert.com]","[]","[]","2025-03-17 11:22:29","22ed50ff-fd88-4d76-922a-967f1e6697c2","DELIVERED","32ae608a-74f8-32cc-9d9d-3c52efd200dc","2025-03-17 11:22:31","<1742206949985.22ed50ff-fd88-4d76-922a-967f1e6697c2@smtp.hubapi.com>","","","","","","","20185","AbBatch","","","","","","","","","","","","","",""
"info@a-realnature.com","6890244","351930935","","ExpertLetter | Brisante Trustpilot-Enthüllungen + WIX & WordPress kommen!","""ProvenExpert | NEWS"" <news@provenexpert.com>","[news@provenexpert.com]","[]","[]","2025-03-17 11:22:29","22ed50ff-fd88-4d76-922a-967f1e6697c2","SENT","22ed50ff-fd88-4d76-922a-967f1e6697c2","2025-03-17 11:22:29","<1742206949985.22ed50ff-fd88-4d76-922a-967f1e6697c2@smtp.hubapi.com>","","","","","","","20185","AbBatch","","","","","","","","","","","","","",""
"mail@g-b-strategies.com","6890244","351930935","","ExpertLetter | Brisante Trustpilot-Enthüllungen + WIX & WordPress kommen!","""ProvenExpert | NEWS"" <news@provenexpert.com>","[news@provenexpert.com]","[]","[]","2025-03-17 11:22:30","2a274eb2-6a0c-4ae7-b2f9-4eb7bb66e3c3","SENT","2a274eb2-6a0c-4ae7-b2f9-4eb7bb66e3c3","2025-03-17 11:22:30","<1742206950380.2a274eb2-6a0c-4ae7-b2f9-4eb7bb66e3c3@smtp.hubapi.com>","","","","","","","20185","AbBatch","","","","","","","","","","","","","",""
"mail@g-b-strategies.com","6890244","351930935","","ExpertLetter | Brisante Trustpilot-Enthüllungen + WIX & WordPress kommen!","""ProvenExpert | NEWS"" <news@provenexpert.com>","[news@provenexpert.com]","[]","[]","2025-03-17 11:22:30","2a274eb2-6a0c-4ae7-b2f9-4eb7bb66e3c3","DELIVERED","83492c9c-fd1d-37b9-8e0c-3df85cf25783","2025-03-17 11:22:32","<1742206950380.2a274eb2-6a0c-4ae7-b2f9-4eb7bb66e3c3@smtp.hubapi.com>","","","","","","","20185","AbBatch","","","","","","","","","","","","","",""
"daniel@danielfendt.com","6890244","351930936","","ExpertLetter | Bewertungsmanagement-Geheimnisse: von Estimotos Erfolg lernen + Trustpilot-Skandal! ","""ProvenExpert | NEWS"" <news@provenexpert.com>","[news@provenexpert.com]","[]","[]","2025-03-17 11:22:29","ad411d45-ab90-46f2-9e1e-7da8de58cc87","DELIVERED","d06f4981-4f76-3b55-ba1e-255e40c6a520","2025-03-17 11:22:32","<1742206949855.ad411d45-ab90-46f2-9e1e-7da8de58cc87@smtp.hubapi.com>","","","","","","","20185","AbBatch","","","","","","","","","","","","","",""
"daniel@danielfendt.com","6890244","351930936","","ExpertLetter | Bewertungsmanagement-Geheimnisse: von Estimotos Erfolg lernen + Trustpilot-Skandal! ","""ProvenExpert | NEWS"" <news@provenexpert.com>","[news@provenexpert.com]","[]","[]","2025-03-17 11:22:29","ad411d45-ab90-46f2-9e1e-7da8de58cc87","SENT","ad411d45-ab90-46f2-9e1e-7da8de58cc87","2025-03-17 11:22:29","<1742206949855.ad411d45-ab90-46f2-9e1e-7da8de58cc87@smtp.hubapi.com>","","","","","","","20185","AbBatch","","","","","","","","","","","","","",""
"info@mkcareers.de","6890244","351930935","","ExpertLetter | Brisante Trustpilot-Enthüllungen + WIX & WordPress kommen!","""ProvenExpert | NEWS"" <news@provenexpert.com>","[news@provenexpert.com]","[]","[]","2025-03-17 11:22:30","a41c84bb-346a-4f7c-83fb-e2c51a05fc23","DELIVERED","1c77b43f-a62f-3056-9160-5ad9b6f9f1df","2025-03-17 11:22:34","<1742206950993.a41c84bb-346a-4f7c-83fb-e2c51a05fc23@smtp.hubapi.com>","","","","","","","20185","AbBatch","","","","","","","","","","","","","",""
"info@mkcareers.de","6890244","351930935","","ExpertLetter | Brisante Trustpilot-Enthüllungen + WIX & WordPress kommen!","""ProvenExpert | NEWS"" <news@provenexpert.com>","[news@provenexpert.com]","[]","[]","2025-03-17 11:22:30","a41c84bb-346a-4f7c-83fb-e2c51a05fc23","SENT","a41c84bb-346a-4f7c-83fb-e2c51a05fc23","2025-03-17 11:22:30","<1742206950993.a41c84bb-346a-4f7c-83fb-e2c51a05fc23@smtp.hubapi.com>","","","","","","","20185","AbBatch","","","","","","","","","","","","","",""
"info@rieger-consulting.com","6890244","351930936","","ExpertLetter | Bewertungsmanagement-Geheimnisse: von Estimotos Erfolg lernen + Trustpilot-Skandal! ","""ProvenExpert | NEWS"" <news@provenexpert.com>","[news@provenexpert.com]","[]","[]","2025-03-17 11:19:49","af8e9164-4a59-4c5f-af96-2a2da363576a","SENT","af8e9164-4a59-4c5f-af96-2a2da363576a","2025-03-17 11:19:49","<1742206789906.af8e9164-4a59-4c5f-af96-2a2da363576a@smtp.hubapi.com>","","","","","","","20185","AbBatch","","","","","","","","","","","","","",""
"info@rieger-consulting.com","6890244","351930936","","ExpertLetter | Bewertungsmanagement-Geheimnisse: von Estimotos Erfolg lernen + Trustpilot-Skandal! ","""ProvenExpert | NEWS"" <news@provenexpert.com>","[news@provenexpert.com]","[]","[]","2025-03-17 11:19:49","af8e9164-4a59-4c5f-af96-2a2da363576a","DELIVERED","57264432-2a6c-3480-b5e0-7f4501e9e5a6","2025-03-17 11:19:51","<1742206789906.af8e9164-4a59-4c5f-af96-2a2da363576a@smtp.hubapi.com>","","","","","","","20185","AbBatch","","","","","","","","","","","","","",""
"hello@schreiben-lassen.net","6890244","351930936","","ExpertLetter | Bewertungsmanagement-Geheimnisse: von Estimotos Erfolg lernen + Trustpilot-Skandal! ","""ProvenExpert | NEWS"" <news@provenexpert.com>","[news@provenexpert.com]","[]","[]","2025-03-17 11:22:30","7d8d5446-eb1a-4163-8c7e-fcc52d117773","DELIVERED","b3346a2e-d4f5-30ee-83bf-09147d7367ec","2025-03-17 11:22:33","<1742206950257.7d8d5446-eb1a-4163-8c7e-fcc52d117773@smtp.hubapi.com>","","","","","","","20185","AbBatch","","","","","","","","","","","","","",""
"hello@schreiben-lassen.net","6890244","351930936","","ExpertLetter | Bewertungsmanagement-Geheimnisse: von Estimotos Erfolg lernen + Trustpilot-Skandal! ","""ProvenExpert | NEWS"" <news@provenexpert.com>","[news@provenexpert.com]","[]","[]","2025-03-17 11:22:30","7d8d5446-eb1a-4163-8c7e-fcc52d117773","OPEN","5aed86f8-1aea-3fd4-ae3d-191904e3f2f5","2025-03-17 12:49:25","<1742206950257.7d8d5446-eb1a-4163-8c7e-fcc52d117773@smtp.hubapi.com>","","","5347f93e-5af4-3331-8da0-4b465a2dec38","2025-03-17 12:49:25","","","20185","AbBatch","Mozilla/5.0 (Windows NT 10.0; Win64; x64; rv:136.0) Gecko/20100101 Firefox/136.0","nassau","new providence","BAHAMAS","","","","null","","","","","",""
"hello@schreiben-lassen.net","6890244","351930936","","ExpertLetter | Bewertungsmanagement-Geheimnisse: von Estimotos Erfolg lernen + Trustpilot-Skandal! ","""ProvenExpert | NEWS"" <news@provenexpert.com>","[news@provenexpert.com]","[]","[]","2025-03-17 11:22:30","7d8d5446-eb1a-4163-8c7e-fcc52d117773","CLICK","5347f93e-5af4-3331-8da0-4b465a2dec38","2025-03-17 12:49:25","<1742206950257.7d8d5446-eb1a-4163-8c7e-fcc52d117773@smtp.hubapi.com>","","","","","","","20185","AbBatch","Mozilla/5.0 (Windows NT 10.0; Win64; x64; rv:136.0) Gecko/20100101 Firefox/136.0","nassau","new providence","BAHAMAS","","","https://blog.provenexpert.com/de/die-schattenseite-von-trustpilot/?utm_term=3&utm_campaign=NL1225&utm_medium=email&_hsmi=351930936&utm_content=DE_NL-CW12-25_ROW-DE-PAIDvA&utm_source=hubspot","","","","","","",""
"hello@schreiben-lassen.net","6890244","351930936","","ExpertLetter | Bewertungsmanagement-Geheimnisse: von Estimotos Erfolg lernen + Trustpilot-Skandal! ","""ProvenExpert | NEWS"" <news@provenexpert.com>","[news@provenexpert.com]","[]","[]","2025-03-17 11:22:30","7d8d5446-eb1a-4163-8c7e-fcc52d117773","SENT","7d8d5446-eb1a-4163-8c7e-fcc52d117773","2025-03-17 11:22:30","<1742206950257.7d8d5446-eb1a-4163-8c7e-fcc52d117773@smtp.hubapi.com>","","","","","","","20185","AbBatch","","","","","","","","","","","","","",""
"andrea@reabalance.com","6890244","351930935","","ExpertLetter | Brisante Trustpilot-Enthüllungen + WIX & WordPress kommen!","""ProvenExpert | NEWS"" <news@provenexpert.com>","[news@provenexpert.com]","[]","[]","2025-03-17 11:21:09","90c982a7-a17b-4b7b-b25d-1146d72e9914","SENT","90c982a7-a17b-4b7b-b25d-1146d72e9914","2025-03-17 11:21:09","<1742206869910.90c982a7-a17b-4b7b-b25d-1146d72e9914@smtp.hubapi.com>","","","","","","","20185","AbBatch","","","","","","","","","","","","","",""
"andrea@reabalance.com","6890244","351930935","","ExpertLetter | Brisante Trustpilot-Enthüllungen + WIX & WordPress kommen!","""ProvenExpert | NEWS"" <news@provenexpert.com>","[news@provenexpert.com]","[]","[]","2025-03-17 11:21:09","90c982a7-a17b-4b7b-b25d-1146d72e9914","DELIVERED","4cf11bbb-5f65-3882-9441-4869e89c9922","2025-03-17 11:21:13","<1742206869910.90c982a7-a17b-4b7b-b25d-1146d72e9914@smtp.hubapi.com>","","","","","","","20185","AbBatch","","","","","","","","","","","","","",""
"info@asset-protection.com","6890244","351930936","","ExpertLetter | Bewertungsmanagement-Geheimnisse: von Estimotos Erfolg lernen + Trustpilot-Skandal! ","""ProvenExpert | NEWS"" <news@provenexpert.com>","[news@provenexpert.com]","[]","[]","2025-03-17 11:22:30","d35d850b-6342-4e98-8bbf-3efb3ab2c7fa","SENT","d35d850b-6342-4e98-8bbf-3efb3ab2c7fa","2025-03-17 11:22:30","<1742206950999.d35d850b-6342-4e98-8bbf-3efb3ab2c7fa@smtp.hubapi.com>","","","","","","","20185","AbBatch","","","","","","","","","","","","","",""
"info@asset-protection.com","6890244","351930936","","ExpertLetter | Bewertungsmanagement-Geheimnisse: von Estimotos Erfolg lernen + Trustpilot-Skandal! ","""ProvenExpert | NEWS"" <news@provenexpert.com>","[news@provenexpert.com]","[]","[]","2025-03-17 11:22:30","d35d850b-6342-4e98-8bbf-3efb3ab2c7fa","DELIVERED","510d9b06-1970-3388-887f-5da8cf2d4f30","2025-03-17 11:22:36","<1742206950999.d35d850b-6342-4e98-8bbf-3efb3ab2c7fa@smtp.hubapi.com>","","","","","","","20185","AbBatch","","","","","","","","","","","","","",""
"herathmadavi75@gmail.com","6890244","351930935","","ExpertLetter | Brisante Trustpilot-Enthüllungen + WIX & WordPress kommen!","""ProvenExpert | NEWS"" <news@provenexpert.com>","[news@provenexpert.com]","[]","[]","2025-03-17 11:22:29","8d55caab-f4ba-40f5-9bc2-45cf01542763","OPEN","32d5e401-179c-399e-aced-dd6fe335116c","2025-03-17 13:30:13","<1742206949951.8d55caab-f4ba-40f5-9bc2-45cf01542763@smtp.hubapi.com>","","","","","","","20185","AbBatch","Mozilla/5.0 (Linux; Android 10; CPH1931 Build/QKQ1.200209.002; wv) AppleWebKit/537.36 (KHTML, like Gecko) Version/4.0 Chrome/133.0.6943.138 Mobile Safari/537.36","","","SRI LANKA","","","","45655","","","","","",""
"herathmadavi75@gmail.com","6890244","351930935","","ExpertLetter | Brisante Trustpilot-Enthüllungen + WIX & WordPress kommen!","""ProvenExpert | NEWS"" <news@provenexpert.com>","[news@provenexpert.com]","[]","[]","2025-03-17 11:22:29","8d55caab-f4ba-40f5-9bc2-45cf01542763","SENT","8d55caab-f4ba-40f5-9bc2-45cf01542763","2025-03-17 11:22:29","<1742206949951.8d55caab-f4ba-40f5-9bc2-45cf01542763@smtp.hubapi.com>","","","","","","","20185","AbBatch","","","","","","","","","","","","","",""
"herathmadavi75@gmail.com","6890244","351930935","","ExpertLetter | Brisante Trustpilot-Enthüllungen + WIX & WordPress kommen!","""ProvenExpert | NEWS"" <news@provenexpert.com>","[news@provenexpert.com]","[]","[]","2025-03-17 11:22:29","8d55caab-f4ba-40f5-9bc2-45cf01542763","DELIVERED","0a4be210-4318-3562-a424-9dfa4523b2ab","2025-03-17 11:22:30","<1742206949951.8d55caab-f4ba-40f5-9bc2-45cf01542763@smtp.hubapi.com>","","","","","","","20185","AbBatch","","","","","","","","","","","","","",""
"herathmadavi75@gmail.com","6890244","351930935","","ExpertLetter | Brisante Trustpilot-Enthüllungen + WIX & WordPress kommen!","""ProvenExpert | NEWS"" <news@provenexpert.com>","[news@provenexpert.com]","[]","[]","2025-03-17 11:22:29","8d55caab-f4ba-40f5-9bc2-45cf01542763","CLICK","20802300-b7a6-34df-9062-8247bdcd7c5c","2025-03-17 13:30:29","<1742206949951.8d55caab-f4ba-40f5-9bc2-45cf01542763@smtp.hubapi.com>","","","","","","","20185","AbBatch","Mozilla/5.0 (Linux; Android 10; K) AppleWebKit/537.36 (KHTML, like Gecko) Chrome/134.0.0.0 Mobile Safari/537.36","","","SRI LANKA","","","https://app.provenexpert.com/integrations/?utm_term=2&utm_campaign=NL1225&utm_medium=email&_hsmi=351930935&utm_content=DE_NL-CW12-25_ROW-DE-PAIDvB&utm_source=hubspot","","","","","","",""
"info@missionservice.de","6890244","351930935","","ExpertLetter | Brisante Trustpilot-Enthüllungen + WIX & WordPress kommen!","""ProvenExpert | NEWS"" <news@provenexpert.com>","[news@provenexpert.com]","[]","[]","2025-03-17 11:22:29","35af997a-3759-4998-9b5b-c0b7fd12a4c9","SENT","35af997a-3759-4998-9b5b-c0b7fd12a4c9","2025-03-17 11:22:29","<1742206949969.35af997a-3759-4998-9b5b-c0b7fd12a4c9@smtp.hubapi.com>","","","","","","","20185","AbBatch","","","","","","","","","","","","","",""
"info@missionservice.de","6890244","351930935","","ExpertLetter | Brisante Trustpilot-Enthüllungen + WIX & WordPress kommen!","""ProvenExpert | NEWS"" <news@provenexpert.com>","[news@provenexpert.com]","[]","[]","2025-03-17 11:22:29","35af997a-3759-4998-9b5b-c0b7fd12a4c9","DELIVERED","5f8a3190-6792-3bcd-a44e-43a911befd53","2025-03-17 11:22:31","<1742206949969.35af997a-3759-4998-9b5b-c0b7fd12a4c9@smtp.hubapi.com>","","","","","","","20185","AbBatch","","","","","","","","","","","","","",""
"info@missionservice.de","6890244","351930935","","ExpertLetter | Brisante Trustpilot-Enthüllungen + WIX & WordPress kommen!","""ProvenExpert | NEWS"" <news@provenexpert.com>","[news@provenexpert.com]","[]","[]","2025-03-17 11:22:29","35af997a-3759-4998-9b5b-c0b7fd12a4c9","OPEN","bab2e7ca-f0ba-3afe-8324-88d73e13ed78","2025-03-18 07:27:18","<1742206949969.35af997a-3759-4998-9b5b-c0b7fd12a4c9@smtp.hubapi.com>","","","","","","","20185","AbBatch","Mozilla/5.0 (Macintosh; Intel Mac OS X 10_15_7) AppleWebKit/537.36 (KHTML, like Gecko) Chrome/134.0.0.0 Safari/537.36","phuket","phuket","THAILAND","","","","35864","","","","","",""
"hannes@extent.ae","6890244","351930936","","ExpertLetter | Bewertungsmanagement-Geheimnisse: von Estimotos Erfolg lernen + Trustpilot-Skandal! ","""ProvenExpert | NEWS"" <news@provenexpert.com>","[news@provenexpert.com]","[]","[]","2025-03-17 11:22:30","192aa875-1ff0-4102-8cfd-6f2833cdd8a0","OPEN","ac5e58c8-e02c-34b9-bda1-d3dfad232413","2025-03-17 11:22:38","<1742206950502.192aa875-1ff0-4102-8cfd-6f2833cdd8a0@smtp.hubapi.com>","","","","","","","20185","AbBatch","Mozilla/5.0 (Windows NT 5.1; rv:11.0) Gecko Firefox/11.0 (via ggpht.com GoogleImageProxy)","Unknown","Unknown","Unknown","","","","0","","","","","",""
"hannes@extent.ae","6890244","351930936","","ExpertLetter | Bewertungsmanagement-Geheimnisse: von Estimotos Erfolg lernen + Trustpilot-Skandal! ","""ProvenExpert | NEWS"" <news@provenexpert.com>","[news@provenexpert.com]","[]","[]","2025-03-17 11:22:30","192aa875-1ff0-4102-8cfd-6f2833cdd8a0","OPEN","811e19d5-902d-326e-bff8-ef85484029db","2025-03-17 11:35:43","<1742206950502.192aa875-1ff0-4102-8cfd-6f2833cdd8a0@smtp.hubapi.com>","","","","","","","20185","AbBatch","Mozilla/5.0 (Windows NT 5.1; rv:11.0) Gecko Firefox/11.0 (via ggpht.com GoogleImageProxy)","Unknown","Unknown","Unknown","","","","0","","","","","",""
"hannes@extent.ae","6890244","351930936","","ExpertLetter | Bewertungsmanagement-Geheimnisse: von Estimotos Erfolg lernen + Trustpilot-Skandal! ","""ProvenExpert | NEWS"" <news@provenexpert.com>","[news@provenexpert.com]","[]","[]","2025-03-17 11:22:30","192aa875-1ff0-4102-8cfd-6f2833cdd8a0","SENT","192aa875-1ff0-4102-8cfd-6f2833cdd8a0","2025-03-17 11:22:30","<1742206950502.192aa875-1ff0-4102-8cfd-6f2833cdd8a0@smtp.hubapi.com>","","","","","","","20185","AbBatch","","","","","","","","","","","","","",""
"hannes@extent.ae","6890244","351930936","","ExpertLetter | Bewertungsmanagement-Geheimnisse: von Estimotos Erfolg lernen + Trustpilot-Skandal! ","""ProvenExpert | NEWS"" <news@provenexpert.com>","[news@provenexpert.com]","[]","[]","2025-03-17 11:22:30","192aa875-1ff0-4102-8cfd-6f2833cdd8a0","DELIVERED","aa907c47-df8b-33bb-a9f4-a92d6abebb19","2025-03-17 11:22:32","<1742206950502.192aa875-1ff0-4102-8cfd-6f2833cdd8a0@smtp.hubapi.com>","","","","","","","20185","AbBatch","","","","","","","","","","","","","",""
"welcome@startup-dubai.com","6890244","351930935","","ExpertLetter | Brisante Trustpilot-Enthüllungen + WIX & WordPress kommen!","""ProvenExpert | NEWS"" <news@provenexpert.com>","[news@provenexpert.com]","[]","[]","2025-03-17 11:22:30","0b4c52c1-ee64-4c5e-8998-30ea4c1448f9","SENT","0b4c52c1-ee64-4c5e-8998-30ea4c1448f9","2025-03-17 11:22:30","<1742206950977.0b4c52c1-ee64-4c5e-8998-30ea4c1448f9@smtp.hubapi.com>","","","","","","","20185","AbBatch","","","","","","","","","","","","","",""
"welcome@startup-dubai.com","6890244","351930935","","ExpertLetter | Brisante Trustpilot-Enthüllungen + WIX & WordPress kommen!","""ProvenExpert | NEWS"" <news@provenexpert.com>","[news@provenexpert.com]","[]","[]","2025-03-17 11:22:30","0b4c52c1-ee64-4c5e-8998-30ea4c1448f9","DELIVERED","314ef020-eea0-3949-9ab8-9c6d73999ffb","2025-03-17 11:22:33","<1742206950977.0b4c52c1-ee64-4c5e-8998-30ea4c1448f9@smtp.hubapi.com>","","","","","","","20185","AbBatch","","","","","","","","","","","","","",""
"welcome@startup-dubai.com","6890244","351930935","","ExpertLetter | Brisante Trustpilot-Enthüllungen + WIX & WordPress kommen!","""ProvenExpert | NEWS"" <news@provenexpert.com>","[news@provenexpert.com]","[]","[]","2025-03-17 11:22:30","0b4c52c1-ee64-4c5e-8998-30ea4c1448f9","OPEN","29e327b8-ea13-30a2-abbf-f3b8ea1d793a","2025-03-17 12:02:20","<1742206950977.0b4c52c1-ee64-4c5e-8998-30ea4c1448f9@smtp.hubapi.com>","","","","","","","20185","AbBatch","Mozilla/5.0 (Windows NT 5.1; rv:11.0) Gecko Firefox/11.0 (via ggpht.com GoogleImageProxy)","Unknown","Unknown","Unknown","","","","0","","","","","",""
"ukuehn+0910@provenexpert.com","6890244","351930935","","ExpertLetter | Brisante Trustpilot-Enthüllungen + WIX & WordPress kommen!","""ProvenExpert | NEWS"" <news@provenexpert.com>","[news@provenexpert.com]","[]","[]","2025-03-17 11:22:30","7a2ffc66-693a-4e50-a1cb-5147697dc894","SENT","7a2ffc66-693a-4e50-a1cb-5147697dc894","2025-03-17 11:22:30","<1742206950346.7a2ffc66-693a-4e50-a1cb-5147697dc894@smtp.hubapi.com>","","","","","","","20185","AbBatch","","","","","","","","","","","","","",""
"ukuehn+0910@provenexpert.com","6890244","351930935","","ExpertLetter | Brisante Trustpilot-Enthüllungen + WIX & WordPress kommen!","""ProvenExpert | NEWS"" <news@provenexpert.com>","[news@provenexpert.com]","[]","[]","2025-03-17 11:22:30","7a2ffc66-693a-4e50-a1cb-5147697dc894","DELIVERED","abfae4ff-2cfa-3972-9317-02c438311afa","2025-03-17 11:22:33","<1742206950346.7a2ffc66-693a-4e50-a1cb-5147697dc894@smtp.hubapi.com>","","","","","","","20185","AbBatch","","","","","","","","","","","","","",""
"info@turnkey-sourcing.com","6890244","351930936","","ExpertLetter | Bewertungsmanagement-Geheimnisse: von Estimotos Erfolg lernen + Trustpilot-Skandal! ","""ProvenExpert | NEWS"" <news@provenexpert.com>","[news@provenexpert.com]","[]","[]","2025-03-17 11:22:31","c5b6f459-d9b8-4010-b763-219de88f37c9","SENT","c5b6f459-d9b8-4010-b763-219de88f37c9","2025-03-17 11:22:31","<1742206951125.c5b6f459-d9b8-4010-b763-219de88f37c9@smtp.hubapi.com>","","","","","","","20185","AbBatch","","","","","","","","","","","","","",""
"info@turnkey-sourcing.com","6890244","351930936","","ExpertLetter | Bewertungsmanagement-Geheimnisse: von Estimotos Erfolg lernen + Trustpilot-Skandal! ","""ProvenExpert | NEWS"" <news@provenexpert.com>","[news@provenexpert.com]","[]","[]","2025-03-17 11:22:31","c5b6f459-d9b8-4010-b763-219de88f37c9","DELIVERED","d19b47ee-a73d-3b0f-b25f-4c8387fdcabb","2025-03-17 11:22:33","<1742206951125.c5b6f459-d9b8-4010-b763-219de88f37c9@smtp.hubapi.com>","","","","","","","20185","AbBatch","","","","","","","","","","","","","",""
"info@wollenwirwetten.com","6890244","351930936","","ExpertLetter | Bewertungsmanagement-Geheimnisse: von Estimotos Erfolg lernen + Trustpilot-Skandal! ","""ProvenExpert | NEWS"" <news@provenexpert.com>","[news@provenexpert.com]","[]","[]","2025-03-17 11:22:30","74b926f7-1a6e-4ead-bf77-8ddbedda6950","DELIVERED","23e61ed3-d831-387e-95e8-22c5d06e2aeb","2025-03-17 11:22:41","<1742206950533.74b926f7-1a6e-4ead-bf77-8ddbedda6950@smtp.hubapi.com>","","","","","","","20185","AbBatch","","","","","","","","","","","","","",""
"info@wollenwirwetten.com","6890244","351930936","","ExpertLetter | Bewertungsmanagement-Geheimnisse: von Estimotos Erfolg lernen + Trustpilot-Skandal! ","""ProvenExpert | NEWS"" <news@provenexpert.com>","[news@provenexpert.com]","[]","[]","2025-03-17 11:22:30","74b926f7-1a6e-4ead-bf77-8ddbedda6950","SENT","74b926f7-1a6e-4ead-bf77-8ddbedda6950","2025-03-17 11:22:30","<1742206950533.74b926f7-1a6e-4ead-bf77-8ddbedda6950@smtp.hubapi.com>","","","","","","","20185","AbBatch","","","","","","","","","","","","","",""
"Contact hidden","6890244","351930936","","ExpertLetter | Bewertungsmanagement-Geheimnisse: von Estimotos Erfolg lernen + Trustpilot-Skandal! ","""ProvenExpert | NEWS"" <news@provenexpert.com>","[news@provenexpert.com]","[]","[]","2025-03-17 11:22:30","2c51b4f0-da94-47a4-8cf5-87b3d8e98dc5","DEFERRED","3897e1cb-6182-3220-aa82-a66c5eaea18a","2025-03-17 11:43:07","<1742206950759.2c51b4f0-da94-47a4-8cf5-87b3d8e98dc5@smtp.hubapi.com>","","","","","","","20185","AbBatch","","","","","","","","","","","","","",""
"Contact hidden","6890244","351930936","","ExpertLetter | Bewertungsmanagement-Geheimnisse: von Estimotos Erfolg lernen + Trustpilot-Skandal! ","""ProvenExpert | NEWS"" <news@provenexpert.com>","[news@provenexpert.com]","[]","[]","2025-03-17 11:22:30","2c51b4f0-da94-47a4-8cf5-87b3d8e98dc5","DEFERRED","2fccacf0-d254-3dd8-9dc4-04221757bf61","2025-03-17 11:22:39","<1742206950759.2c51b4f0-da94-47a4-8cf5-87b3d8e98dc5@smtp.hubapi.com>","","","","","","","20185","AbBatch","","","","","","","","","","","","","",""
"Contact hidden","6890244","351930936","","ExpertLetter | Bewertungsmanagement-Geheimnisse: von Estimotos Erfolg lernen + Trustpilot-Skandal! ","""ProvenExpert | NEWS"" <news@provenexpert.com>","[news@provenexpert.com]","[]","[]","2025-03-17 11:22:30","2c51b4f0-da94-47a4-8cf5-87b3d8e98dc5","SENT","2c51b4f0-da94-47a4-8cf5-87b3d8e98dc5","2025-03-17 11:22:30","<1742206950759.2c51b4f0-da94-47a4-8cf5-87b3d8e98dc5@smtp.hubapi.com>","6a530bb0-8197-3697-b6e2-895d58345e65","2025-03-17 18:08:06","","","","","20185","AbBatch","","","","","","","","","","","","","",""
"christopher@humanessence.de","6890244","351930936","","ExpertLetter | Bewertungsmanagement-Geheimnisse: von Estimotos Erfolg lernen + Trustpilot-Skandal! ","""ProvenExpert | NEWS"" <news@provenexpert.com>","[news@provenexpert.com]","[]","[]","2025-03-17 11:22:30","cf23950e-eba2-40b8-9b41-ba53599d55f8","DROPPED","cf23950e-eba2-40b8-9b41-ba53599d55f8","2025-03-17 11:22:30","<1742206950493.cf23950e-eba2-40b8-9b41-ba53599d55f8@smtp.hubapi.com>","","","4d840a60-4a54-3815-b88e-cb81b9a62af9","2025-01-27 20:09:03","PREVIOUSLY_BOUNCED","Recipient has previously bounced.","20185","AbBatch","","","","","","","","","550","550 5.1.1 <christopher@humanessence.de>: Recipient address rejected: User unknown in virtual alias table","550 5.1.1 <christopher@humanessence.de>: Recipient address rejected: User unknown in virtual alias table","","",""
"alex@backwork-services.com","6890244","351930936","","ExpertLetter | Bewertungsmanagement-Geheimnisse: von Estimotos Erfolg lernen + Trustpilot-Skandal! ","""ProvenExpert | NEWS"" <news@provenexpert.com>","[news@provenexpert.com]","[]","[]","2025-03-17 11:19:49","7d9f8a90-f935-40f6-9673-19ad107c0590","DROPPED","7d9f8a90-f935-40f6-9673-19ad107c0590","2025-03-17 11:19:49","<1742206789716.7d9f8a90-f935-40f6-9673-19ad107c0590@smtp.hubapi.com>","","","652b7279-d224-39b1-99a1-08b38253f4ff","2025-03-07 08:15:10","PREVIOUSLY_BOUNCED","Recipient has previously bounced.","20185","AbBatch","","","","","","","","","550","550 5.7.1 <alex@backwork-services.com>: Recipient address rejected: Mail appeared to be SPAM or forged. Ask your Mail/DNS-Administrator to correct HELO and DNS MX settings or to get removed from DNSBLs","550 5.7.1 <alex@backwork-services.com>: Recipient address rejected: Mail appeared to be SPAM or forged. Ask your Mail/DNS-Administrator to correct HELO and DNS MX settings or to get removed from DNSBLs","","",""
"Contact hidden","6890244","351930936","","ExpertLetter | Bewertungsmanagement-Geheimnisse: von Estimotos Erfolg lernen + Trustpilot-Skandal! ","""ProvenExpert | NEWS"" <news@provenexpert.com>","[news@provenexpert.com]","[]","[]","2025-03-17 11:22:30","2c51b4f0-da94-47a4-8cf5-87b3d8e98dc5","DEFERRED","2dd0fec4-ff2a-368d-9a72-245217095458","2025-03-17 11:42:36","<1742206950759.2c51b4f0-da94-47a4-8cf5-87b3d8e98dc5@smtp.hubapi.com>","","","","","","","20185","AbBatch","","","","","","","","","","","","","",""
"Contact hidden","6890244","351930936","","ExpertLetter | Bewertungsmanagement-Geheimnisse: von Estimotos Erfolg lernen + Trustpilot-Skandal! ","""ProvenExpert | NEWS"" <news@provenexpert.com>","[news@provenexpert.com]","[]","[]","2025-03-17 11:22:30","2c51b4f0-da94-47a4-8cf5-87b3d8e98dc5","DEFERRED","e340fcbe-8c39-3c02-9f1a-b04aef7d21d3","2025-03-17 18:06:39","<1742206950759.2c51b4f0-da94-47a4-8cf5-87b3d8e98dc5@smtp.hubapi.com>","","","","","","","20185","AbBatch","","","","","","","","","","","","","",""
"Contact hidden","6890244","351930936","","ExpertLetter | Bewertungsmanagement-Geheimnisse: von Estimotos Erfolg lernen + Trustpilot-Skandal! ","""ProvenExpert | NEWS"" <news@provenexpert.com>","[news@provenexpert.com]","[]","[]","2025-03-17 11:22:30","2c51b4f0-da94-47a4-8cf5-87b3d8e98dc5","DROPPED","6a530bb0-8197-3697-b6e2-895d58345e65","2025-03-17 18:08:06","<1742206950759.2c51b4f0-da94-47a4-8cf5-87b3d8e98dc5@smtp.hubapi.com>","","","","","MTA_IGNORE","Invalid MX record found for 8figuredreamacademy.eu. Invalid reason: NO_RECORD_FOUND","20185","AbBatch","","","","","","","","","","","","","",""
"Contact hidden","6890244","351930936","","ExpertLetter | Bewertungsmanagement-Geheimnisse: von Estimotos Erfolg lernen + Trustpilot-Skandal! ","""ProvenExpert | NEWS"" <news@provenexpert.com>","[news@provenexpert.com]","[]","[]","2025-03-17 11:22:30","2c51b4f0-da94-47a4-8cf5-87b3d8e98dc5","DEFERRED","ffc3ee3b-4a8b-3f10-907d-3dc0727400c8","2025-03-17 11:24:02","<1742206950759.2c51b4f0-da94-47a4-8cf5-87b3d8e98dc5@smtp.hubapi.com>","","","","","","","20185","AbBatch","","","","","","","","","","","","","",""
"ingatraining@outlook.com","6890244","351930936","","ExpertLetter | Bewertungsmanagement-Geheimnisse: von Estimotos Erfolg lernen + Trustpilot-Skandal! ","""ProvenExpert | NEWS"" <news@provenexpert.com>","[news@provenexpert.com]","[]","[]","2025-03-17 11:22:30","01dbfbdf-1f42-43fc-ac8a-f6bc62cb0c82","SENT","01dbfbdf-1f42-43fc-ac8a-f6bc62cb0c82","2025-03-17 11:22:30","<1742206950083.01dbfbdf-1f42-43fc-ac8a-f6bc62cb0c82@smtp.hubapi.com>","","","","","","","20185","AbBatch","","","","","","","","","","","","","",""
"ingatraining@outlook.com","6890244","351930936","","ExpertLetter | Bewertungsmanagement-Geheimnisse: von Estimotos Erfolg lernen + Trustpilot-Skandal! ","""ProvenExpert | NEWS"" <news@provenexpert.com>","[news@provenexpert.com]","[]","[]","2025-03-17 11:22:30","01dbfbdf-1f42-43fc-ac8a-f6bc62cb0c82","DELIVERED","2f26c560-81f6-3105-ab01-5d3e2cc26b2e","2025-03-17 11:22:31","<1742206950083.01dbfbdf-1f42-43fc-ac8a-f6bc62cb0c82@smtp.hubapi.com>","","","","","","","20185","AbBatch","","","","","","","","","","","","","",""
"iris.beck@mortimer-english.li","6890244","351930936","","ExpertLetter | Bewertungsmanagement-Geheimnisse: von Estimotos Erfolg lernen + Trustpilot-Skandal! ","""ProvenExpert | NEWS"" <news@provenexpert.com>","[news@provenexpert.com]","[]","[]","2025-03-17 11:19:49","65a56a81-87bc-412a-9030-9d4f2835f1f1","DELIVERED","c9f615d5-ff9e-3386-bbc9-cf53786f5ea3","2025-03-17 11:19:51","<1742206789870.65a56a81-87bc-412a-9030-9d4f2835f1f1@smtp.hubapi.com>","","","","","","","20185","AbBatch","","","","","","","","","","","","","",""
"iris.beck@mortimer-english.li","6890244","351930936","","ExpertLetter | Bewertungsmanagement-Geheimnisse: von Estimotos Erfolg lernen + Trustpilot-Skandal! ","""ProvenExpert | NEWS"" <news@provenexpert.com>","[news@provenexpert.com]","[]","[]","2025-03-17 11:19:49","65a56a81-87bc-412a-9030-9d4f2835f1f1","SENT","65a56a81-87bc-412a-9030-9d4f2835f1f1","2025-03-17 11:19:49","<1742206789870.65a56a81-87bc-412a-9030-9d4f2835f1f1@smtp.hubapi.com>","","","","","","","20185","AbBatch","","","","","","","","","","","","","",""
"Contact hidden","6890244","351930936","","ExpertLetter | Bewertungsmanagement-Geheimnisse: von Estimotos Erfolg lernen + Trustpilot-Skandal! ","""ProvenExpert | NEWS"" <news@provenexpert.com>","[news@provenexpert.com]","[]","[]","2025-03-17 11:22:30","62b31f4b-e54a-49cb-a75c-3334d868b679","DROPPED","62b31f4b-e54a-49cb-a75c-3334d868b679","2025-03-17 11:22:30","<1742206950180.62b31f4b-e54a-49cb-a75c-3334d868b679@smtp.hubapi.com>","","","c5303623-36a4-3f0e-840e-7ff93b0a8f7c","2023-06-14 10:36:16","PREVIOUSLY_BOUNCED","Recipient has previously bounced.","20185","AbBatch","","","","","","","","","550","smtp;550 5.4.310 DNS domain conquercoaching.de does not exist [Message=InfoDomainNonexistent] [LastAttemptedServerName=conquercoaching.de] [DB8EUR05FT033.eop-eur05.prod.protection.outlook.com 2023-06-14T08:36:13.486Z 08DB6C95B7DC8821]
X-Display-Name: Ben Lingk Lingk","smtp;550 5.4.310 DNS domain conquercoaching.de does not exist [Message=InfoDomainNonexistent] [LastAttemptedServerName=conquercoaching.de] [DB8EUR05FT033.eop-eur05.prod.protection.outlook.com 2023-06-14T08:36:13.486Z 08DB6C95B7DC8821]
X-Display-Name: Ben Lingk Lingk","","",""
"performance@pammer-ppc.com","6890244","351930935","","ExpertLetter | Brisante Trustpilot-Enthüllungen + WIX & WordPress kommen!","""ProvenExpert | NEWS"" <news@provenexpert.com>","[news@provenexpert.com]","[]","[]","2025-03-17 11:21:10","cc6d63f0-70ac-4bff-bdb0-a5b25b1e547b","SENT","cc6d63f0-70ac-4bff-bdb0-a5b25b1e547b","2025-03-17 11:21:10","<1742206870050.cc6d63f0-70ac-4bff-bdb0-a5b25b1e547b@smtp.hubapi.com>","","","","","","","20185","AbBatch","","","","","","","","","","","","","",""
"performance@pammer-ppc.com","6890244","351930935","","ExpertLetter | Brisante Trustpilot-Enthüllungen + WIX & WordPress kommen!","""ProvenExpert | NEWS"" <news@provenexpert.com>","[news@provenexpert.com]","[]","[]","2025-03-17 11:21:10","cc6d63f0-70ac-4bff-bdb0-a5b25b1e547b","DELIVERED","72085538-c250-31d0-b36d-5474227dcac7","2025-03-17 11:21:12","<1742206870050.cc6d63f0-70ac-4bff-bdb0-a5b25b1e547b@smtp.hubapi.com>","","","","","","","20185","AbBatch","","","","","","","","","","","","","",""
"info@schottland-fuer-alle.com","6890244","351930936","","ExpertLetter | Bewertungsmanagement-Geheimnisse: von Estimotos Erfolg lernen + Trustpilot-Skandal! ","""ProvenExpert | NEWS"" <news@provenexpert.com>","[news@provenexpert.com]","[]","[]","2025-03-17 11:22:29","44b6a848-1c3b-46c4-861d-0a7dfd112639","DELIVERED","f8d0a09b-2da6-3fcc-9507-031e465348b6","2025-03-17 11:22:31","<1742206949891.44b6a848-1c3b-46c4-861d-0a7dfd112639@smtp.hubapi.com>","","","","","","","20185","AbBatch","","","","","","","","","","","","","",""
"info@schottland-fuer-alle.com","6890244","351930936","","ExpertLetter | Bewertungsmanagement-Geheimnisse: von Estimotos Erfolg lernen + Trustpilot-Skandal! ","""ProvenExpert | NEWS"" <news@provenexpert.com>","[news@provenexpert.com]","[]","[]","2025-03-17 11:22:29","44b6a848-1c3b-46c4-861d-0a7dfd112639","SENT","44b6a848-1c3b-46c4-861d-0a7dfd112639","2025-03-17 11:22:29","<1742206949891.44b6a848-1c3b-46c4-861d-0a7dfd112639@smtp.hubapi.com>","","","","","","","20185","AbBatch","","","","","","","","","","","","","",""
"management@quadmed.li","6890244","351930935","","ExpertLetter | Brisante Trustpilot-Enthüllungen + WIX & WordPress kommen!","""ProvenExpert | NEWS"" <news@provenexpert.com>","[news@provenexpert.com]","[]","[]","2025-03-17 11:22:30","741670b7-7348-4dfa-b8f9-7c9ab95a88f6","DELIVERED","ec12bf99-7424-396e-aa70-166bae378846","2025-03-17 11:22:32","<1742206950126.741670b7-7348-4dfa-b8f9-7c9ab95a88f6@smtp.hubapi.com>","","","","","","","20185","AbBatch","","","","","","","","","","","","","",""
"management@quadmed.li","6890244","351930935","","ExpertLetter | Brisante Trustpilot-Enthüllungen + WIX & WordPress kommen!","""ProvenExpert | NEWS"" <news@provenexpert.com>","[news@provenexpert.com]","[]","[]","2025-03-17 11:22:30","741670b7-7348-4dfa-b8f9-7c9ab95a88f6","SENT","741670b7-7348-4dfa-b8f9-7c9ab95a88f6","2025-03-17 11:22:30","<1742206950126.741670b7-7348-4dfa-b8f9-7c9ab95a88f6@smtp.hubapi.com>","","","","","","","20185","AbBatch","","","","","","","","","","","","","",""
"copywriting.by.vb@gmail.com","6890244","351930935","","ExpertLetter | Brisante Trustpilot-Enthüllungen + WIX & WordPress kommen!","""ProvenExpert | NEWS"" <news@provenexpert.com>","[news@provenexpert.com]","[]","[]","2025-03-17 11:22:30","54c9dd85-b13d-4319-b93a-187bfbd1240c","DELIVERED","811c2713-b6f3-3f6a-874a-ba5fb11bb1be","2025-03-17 11:22:31","<1742206950503.54c9dd85-b13d-4319-b93a-187bfbd1240c@smtp.hubapi.com>","","","","","","","20185","AbBatch","","","","","","","","","","","","","",""
"copywriting.by.vb@gmail.com","6890244","351930935","","ExpertLetter | Brisante Trustpilot-Enthüllungen + WIX & WordPress kommen!","""ProvenExpert | NEWS"" <news@provenexpert.com>","[news@provenexpert.com]","[]","[]","2025-03-17 11:22:30","54c9dd85-b13d-4319-b93a-187bfbd1240c","SENT","54c9dd85-b13d-4319-b93a-187bfbd1240c","2025-03-17 11:22:30","<1742206950503.54c9dd85-b13d-4319-b93a-187bfbd1240c@smtp.hubapi.com>","","","","","","","20185","AbBatch","","","","","","","","","","","","","",""
"sarah.hilger@ost.lu","6890244","351930935","","ExpertLetter | Brisante Trustpilot-Enthüllungen + WIX & WordPress kommen!","""ProvenExpert | NEWS"" <news@provenexpert.com>","[news@provenexpert.com]","[]","[]","2025-03-17 11:22:30","45f9d2c2-61c8-4e2a-963a-b6e78f6a0263","DELIVERED","39e689f9-c23d-3f1b-b764-1f651880cdeb","2025-03-17 11:22:37","<1742206950210.45f9d2c2-61c8-4e2a-963a-b6e78f6a0263@smtp.hubapi.com>","","","","","","","20185","AbBatch","","","","","","","","","","","","","",""
"info@psbtrading.com","6890244","351930935","","ExpertLetter | Brisante Trustpilot-Enthüllungen + WIX & WordPress kommen!","""ProvenExpert | NEWS"" <news@provenexpert.com>","[news@provenexpert.com]","[]","[]","2025-03-17 11:22:29","355576f6-43f8-4457-acf1-46c1cf2e7006","DROPPED","355576f6-43f8-4457-acf1-46c1cf2e7006","2025-03-17 11:22:29","<1742206949987.355576f6-43f8-4457-acf1-46c1cf2e7006@smtp.hubapi.com>","","","2a6b13fc-88e2-3861-8d7e-44427b0a88a0","2021-11-08 09:07:56","PREVIOUSLY_BOUNCED","Recipient has previously bounced.","20185","AbBatch","","","","","","","","","552","smtp; 552-Requested mail action aborted: exceeded storage allocation","smtp; 552-Requested mail action aborted: exceeded storage allocation","","",""
"robintemmer@closerfastlane.de","6890244","351930935","","ExpertLetter | Brisante Trustpilot-Enthüllungen + WIX & WordPress kommen!","""ProvenExpert | NEWS"" <news@provenexpert.com>","[news@provenexpert.com]","[]","[]","2025-03-17 11:21:10","7bc8c8fe-afc6-4aff-bb2d-fe7da536b6ae","DROPPED","7bc8c8fe-afc6-4aff-bb2d-fe7da536b6ae","2025-03-17 11:21:10","<1742206870002.7bc8c8fe-afc6-4aff-bb2d-fe7da536b6ae@smtp.hubapi.com>","","","454996da-30f8-3c26-b62c-4dce4e0b962f","2024-12-02 10:04:35","PREVIOUSLY_BOUNCED","Recipient has previously bounced.","20185","AbBatch","","","","","","","","","450","450 4.7.1 <robintemmer@closerfastlane.de>: Recipient address rejected: Mail appeared to be SPAM or forged. Ask your Mail/DNS-Administrator to correct HELO and DNS MX settings or to get removed from DNSBLs","450 4.7.1 <robintemmer@closerfastlane.de>: Recipient address rejected: Mail appeared to be SPAM or forged. Ask your Mail/DNS-Administrator to correct HELO and DNS MX settings or to get removed from DNSBLs","","",""
"sarah.hilger@ost.lu","6890244","351930935","","ExpertLetter | Brisante Trustpilot-Enthüllungen + WIX & WordPress kommen!","""ProvenExpert | NEWS"" <news@provenexpert.com>","[news@provenexpert.com]","[]","[]","2025-03-17 11:22:30","45f9d2c2-61c8-4e2a-963a-b6e78f6a0263","SENT","45f9d2c2-61c8-4e2a-963a-b6e78f6a0263","2025-03-17 11:22:30","<1742206950210.45f9d2c2-61c8-4e2a-963a-b6e78f6a0263@smtp.hubapi.com>","","","","","","","20185","AbBatch","","","","","","","","","","","","","",""
"support@curyu.com","6890244","351930936","","ExpertLetter | Bewertungsmanagement-Geheimnisse: von Estimotos Erfolg lernen + Trustpilot-Skandal! ","""ProvenExpert | NEWS"" <news@provenexpert.com>","[news@provenexpert.com]","[]","[]","2025-03-17 11:19:49","36769ce1-82b1-46ec-a39c-8bc0345e52f7","SENT","36769ce1-82b1-46ec-a39c-8bc0345e52f7","2025-03-17 11:19:49","<1742206789554.36769ce1-82b1-46ec-a39c-8bc0345e52f7@smtp.hubapi.com>","","","","","","","20185","AbBatch","","","","","","","","","","","","","",""
"support@curyu.com","6890244","351930936","","ExpertLetter | Bewertungsmanagement-Geheimnisse: von Estimotos Erfolg lernen + Trustpilot-Skandal! ","""ProvenExpert | NEWS"" <news@provenexpert.com>","[news@provenexpert.com]","[]","[]","2025-03-17 11:19:49","36769ce1-82b1-46ec-a39c-8bc0345e52f7","DELIVERED","54bcde47-febe-327e-bc31-ccb2ad258ebc","2025-03-17 11:20:08","<1742206789554.36769ce1-82b1-46ec-a39c-8bc0345e52f7@smtp.hubapi.com>","","","","","","","20185","AbBatch","","","","","","","","","","","","","",""
"info@samu-consulting.com","6890244","351930935","","ExpertLetter | Brisante Trustpilot-Enthüllungen + WIX & WordPress kommen!","""ProvenExpert | NEWS"" <news@provenexpert.com>","[news@provenexpert.com]","[]","[]","2025-03-17 11:21:10","e0e4724d-30f5-4038-8a15-a313a71d95b1","OPEN","7d8f59b5-faeb-38d9-a566-3d4f0bd3feb3","2025-03-17 11:29:51","<1742206870085.e0e4724d-30f5-4038-8a15-a313a71d95b1@smtp.hubapi.com>","","","","","","","20185","AbBatch","Mozilla/5.0 (Macintosh; Intel Mac OS X 10_15_7) AppleWebKit/605.1.15 (KHTML, like Gecko) Version/17.6 Safari/605.1.15","lisbon","lisboa","PORTUGAL","","","","32335","","","","","",""
"info@samu-consulting.com","6890244","351930935","","ExpertLetter | Brisante Trustpilot-Enthüllungen + WIX & WordPress kommen!","""ProvenExpert | NEWS"" <news@provenexpert.com>","[news@provenexpert.com]","[]","[]","2025-03-17 11:21:10","e0e4724d-30f5-4038-8a15-a313a71d95b1","SENT","e0e4724d-30f5-4038-8a15-a313a71d95b1","2025-03-17 11:21:10","<1742206870085.e0e4724d-30f5-4038-8a15-a313a71d95b1@smtp.hubapi.com>","","","","","","","20185","AbBatch","","","","","","","","","","","","","",""
"info@samu-consulting.com","6890244","351930935","","ExpertLetter | Brisante Trustpilot-Enthüllungen + WIX & WordPress kommen!","""ProvenExpert | NEWS"" <news@provenexpert.com>","[news@provenexpert.com]","[]","[]","2025-03-17 11:21:10","e0e4724d-30f5-4038-8a15-a313a71d95b1","DELIVERED","d11108e9-b9b7-3e94-b376-a6ce03071373","2025-03-17 11:21:12","<1742206870085.e0e4724d-30f5-4038-8a15-a313a71d95b1@smtp.hubapi.com>","","","","","","","20185","AbBatch","","","","","","","","","","","","","",""
"fabian-siegler@gmx.de","6890244","351930936","","ExpertLetter | Bewertungsmanagement-Geheimnisse: von Estimotos Erfolg lernen + Trustpilot-Skandal! ","""ProvenExpert | NEWS"" <news@provenexpert.com>","[news@provenexpert.com]","[]","[]","2025-03-17 11:19:49","4c090351-d9b2-41e3-b6fa-c1e4b8563845","SENT","4c090351-d9b2-41e3-b6fa-c1e4b8563845","2025-03-17 11:19:49","<1742206789941.4c090351-d9b2-41e3-b6fa-c1e4b8563845@smtp.hubapi.com>","","","","","","","20185","AbBatch","","","","","","","","","","","","","",""
"fabian-siegler@gmx.de","6890244","351930936","","ExpertLetter | Bewertungsmanagement-Geheimnisse: von Estimotos Erfolg lernen + Trustpilot-Skandal! ","""ProvenExpert | NEWS"" <news@provenexpert.com>","[news@provenexpert.com]","[]","[]","2025-03-17 11:19:49","4c090351-d9b2-41e3-b6fa-c1e4b8563845","DELIVERED","25a9419e-c870-3480-b0a2-e618c4d4e827","2025-03-17 11:19:51","<1742206789941.4c090351-d9b2-41e3-b6fa-c1e4b8563845@smtp.hubapi.com>","","","","","","","20185","AbBatch","","","","","","","","","","","","","",""
"love@nadjapolzin.com","6890244","351930936","","ExpertLetter | Bewertungsmanagement-Geheimnisse: von Estimotos Erfolg lernen + Trustpilot-Skandal! ","""ProvenExpert | NEWS"" <news@provenexpert.com>","[news@provenexpert.com]","[]","[]","2025-03-17 11:22:30","9fd5afd9-7bbb-4446-a388-3d4f22cc9f6d","DROPPED","9fd5afd9-7bbb-4446-a388-3d4f22cc9f6d","2025-03-17 11:22:30","<1742206950755.9fd5afd9-7bbb-4446-a388-3d4f22cc9f6d@smtp.hubapi.com>","","","61e9be4a-727f-3ab5-b49b-02527861c169","2024-10-20 18:16:47","PREVIOUSLY_BOUNCED","Recipient has previously bounced.","20185","AbBatch","","","","","","","","","499","X-Postfix; User unknown in virtual alias table","X-Postfix; User unknown in virtual alias table","","",""
"chrispetersonfindus+cynthia@gmail.com","6890244","351930935","","ExpertLetter | Brisante Trustpilot-Enthüllungen + WIX & WordPress kommen!","""ProvenExpert | NEWS"" <news@provenexpert.com>","[news@provenexpert.com]","[]","[]","2025-03-17 11:22:30","6f166077-5732-4930-aa8d-0b17027f5bc4","DELIVERED","e90f92c8-dc63-3ac1-9e4c-b1d9f69e7519","2025-03-17 11:22:32","<1742206950828.6f166077-5732-4930-aa8d-0b17027f5bc4@smtp.hubapi.com>","","","","","","","20185","AbBatch","","","","","","","","","","","","","",""
"chrispetersonfindus+cynthia@gmail.com","6890244","351930935","","ExpertLetter | Brisante Trustpilot-Enthüllungen + WIX & WordPress kommen!","""ProvenExpert | NEWS"" <news@provenexpert.com>","[news@provenexpert.com]","[]","[]","2025-03-17 11:22:30","6f166077-5732-4930-aa8d-0b17027f5bc4","SENT","6f166077-5732-4930-aa8d-0b17027f5bc4","2025-03-17 11:22:30","<1742206950828.6f166077-5732-4930-aa8d-0b17027f5bc4@smtp.hubapi.com>","","","","","","","20185","AbBatch","","","","","","","","","","","","","",""
"marco@japan-fahren.de","6890244","351930936","","ExpertLetter | Bewertungsmanagement-Geheimnisse: von Estimotos Erfolg lernen + Trustpilot-Skandal! ","""ProvenExpert | NEWS"" <news@provenexpert.com>","[news@provenexpert.com]","[]","[]","2025-03-17 11:22:31","dcaf1ad8-83a4-4708-92c5-0aec2fad0c64","OPEN","2452ecab-941d-328a-9800-a001a6404e13","2025-03-18 03:28:28","<1742206951190.dcaf1ad8-83a4-4708-92c5-0aec2fad0c64@smtp.hubapi.com>","","","","","","","20185","AbBatch","Mozilla/5.0 (Windows NT 5.1; rv:11.0) Gecko Firefox/11.0 (via ggpht.com GoogleImageProxy)","Unknown","Unknown","Unknown","","","","0","","","","","",""
"marco@japan-fahren.de","6890244","351930936","","ExpertLetter | Bewertungsmanagement-Geheimnisse: von Estimotos Erfolg lernen + Trustpilot-Skandal! ","""ProvenExpert | NEWS"" <news@provenexpert.com>","[news@provenexpert.com]","[]","[]","2025-03-17 11:22:31","dcaf1ad8-83a4-4708-92c5-0aec2fad0c64","SENT","dcaf1ad8-83a4-4708-92c5-0aec2fad0c64","2025-03-17 11:22:31","<1742206951190.dcaf1ad8-83a4-4708-92c5-0aec2fad0c64@smtp.hubapi.com>","","","","","","","20185","AbBatch","","","","","","","","","","","","","",""
"marco@japan-fahren.de","6890244","351930936","","ExpertLetter | Bewertungsmanagement-Geheimnisse: von Estimotos Erfolg lernen + Trustpilot-Skandal! ","""ProvenExpert | NEWS"" <news@provenexpert.com>","[news@provenexpert.com]","[]","[]","2025-03-17 11:22:31","dcaf1ad8-83a4-4708-92c5-0aec2fad0c64","OPEN","73698a87-02a9-36c6-9dc5-c639d67423c0","2025-03-17 11:22:46","<1742206951190.dcaf1ad8-83a4-4708-92c5-0aec2fad0c64@smtp.hubapi.com>","","","","","","","20185","AbBatch","Mozilla/5.0 (Windows NT 5.1; rv:11.0) Gecko Firefox/11.0 (via ggpht.com GoogleImageProxy)","Unknown","Unknown","Unknown","","","","0","","","","","",""
"marco@japan-fahren.de","6890244","351930936","","ExpertLetter | Bewertungsmanagement-Geheimnisse: von Estimotos Erfolg lernen + Trustpilot-Skandal! ","""ProvenExpert | NEWS"" <news@provenexpert.com>","[news@provenexpert.com]","[]","[]","2025-03-17 11:22:31","dcaf1ad8-83a4-4708-92c5-0aec2fad0c64","OPEN","3950c2a3-b36f-30d7-91d6-be5e524b2602","2025-03-17 11:23:15","<1742206951190.dcaf1ad8-83a4-4708-92c5-0aec2fad0c64@smtp.hubapi.com>","","","","","","","20185","AbBatch","Mozilla/5.0 (Windows NT 5.1; rv:11.0) Gecko Firefox/11.0 (via ggpht.com GoogleImageProxy)","Unknown","Unknown","Unknown","","","","0","","","","","",""
"marco@japan-fahren.de","6890244","351930936","","ExpertLetter | Bewertungsmanagement-Geheimnisse: von Estimotos Erfolg lernen + Trustpilot-Skandal! ","""ProvenExpert | NEWS"" <news@provenexpert.com>","[news@provenexpert.com]","[]","[]","2025-03-17 11:22:31","dcaf1ad8-83a4-4708-92c5-0aec2fad0c64","DELIVERED","2af112ba-782d-31dd-9f21-c79e19ac523f","2025-03-17 11:22:33","<1742206951190.dcaf1ad8-83a4-4708-92c5-0aec2fad0c64@smtp.hubapi.com>","","","","","","","20185","AbBatch","","","","","","","","","","","","","",""
"ag.soulsurfing@gmail.com","6890244","351930935","","ExpertLetter | Brisante Trustpilot-Enthüllungen + WIX & WordPress kommen!","""ProvenExpert | NEWS"" <news@provenexpert.com>","[news@provenexpert.com]","[]","[]","2025-03-17 11:21:09","cc87542d-1414-42d0-8852-924e0fe674b1","DELIVERED","e3d7d93e-d7c1-3f78-9c0e-6edfc9bdb949","2025-03-17 11:21:10","<1742206869865.cc87542d-1414-42d0-8852-924e0fe674b1@smtp.hubapi.com>","","","","","","","20185","AbBatch","","","","","","","","","","","","","",""
"ag.soulsurfing@gmail.com","6890244","351930935","","ExpertLetter | Brisante Trustpilot-Enthüllungen + WIX & WordPress kommen!","""ProvenExpert | NEWS"" <news@provenexpert.com>","[news@provenexpert.com]","[]","[]","2025-03-17 11:21:09","cc87542d-1414-42d0-8852-924e0fe674b1","SENT","cc87542d-1414-42d0-8852-924e0fe674b1","2025-03-17 11:21:09","<1742206869865.cc87542d-1414-42d0-8852-924e0fe674b1@smtp.hubapi.com>","","","","","","","20185","AbBatch","","","","","","","","","","","","","",""
"info@cabinet-krausch.lu","6890244","351930936","","ExpertLetter | Bewertungsmanagement-Geheimnisse: von Estimotos Erfolg lernen + Trustpilot-Skandal! ","""ProvenExpert | NEWS"" <news@provenexpert.com>","[news@provenexpert.com]","[]","[]","2025-03-17 11:22:29","1f46515c-e7f2-4c30-a0b7-fce8b01d4b20","OPEN","e1b1fdbd-515f-3345-b3e8-d2d9455e0a95","2025-03-17 11:24:32","<1742206949944.1f46515c-e7f2-4c30-a0b7-fce8b01d4b20@smtp.hubapi.com>","","","","","","","20185","AbBatch","Mozilla/5.0 (Linux; Android 14; SM-A528B Build/UP1A.231005.007; wv) AppleWebKit/537.36 (KHTML, like Gecko) Version/4.0 Chrome/134.0.6998.39 Mobile Safari/537.36","","","LUXEMBOURG","","","","17213","","","","","",""
"info@cabinet-krausch.lu","6890244","351930936","","ExpertLetter | Bewertungsmanagement-Geheimnisse: von Estimotos Erfolg lernen + Trustpilot-Skandal! ","""ProvenExpert | NEWS"" <news@provenexpert.com>","[news@provenexpert.com]","[]","[]","2025-03-17 11:22:29","1f46515c-e7f2-4c30-a0b7-fce8b01d4b20","SENT","1f46515c-e7f2-4c30-a0b7-fce8b01d4b20","2025-03-17 11:22:29","<1742206949944.1f46515c-e7f2-4c30-a0b7-fce8b01d4b20@smtp.hubapi.com>","","","","","","","20185","AbBatch","","","","","","","","","","","","","",""
"info@cabinet-krausch.lu","6890244","351930936","","ExpertLetter | Bewertungsmanagement-Geheimnisse: von Estimotos Erfolg lernen + Trustpilot-Skandal! ","""ProvenExpert | NEWS"" <news@provenexpert.com>","[news@provenexpert.com]","[]","[]","2025-03-17 11:22:29","1f46515c-e7f2-4c30-a0b7-fce8b01d4b20","DELIVERED","a08d7b7c-596a-3fea-af6d-552111c6abb4","2025-03-17 11:22:31","<1742206949944.1f46515c-e7f2-4c30-a0b7-fce8b01d4b20@smtp.hubapi.com>","","","","","","","20185","AbBatch","","","","","","","","","","","","","",""
"hola@dropmatix.com","6890244","351930935","","ExpertLetter | Brisante Trustpilot-Enthüllungen + WIX & WordPress kommen!","""ProvenExpert | NEWS"" <news@provenexpert.com>","[news@provenexpert.com]","[]","[]","2025-03-17 11:22:30","600082b3-a7d1-4075-9315-6c99dade6db6","SENT","600082b3-a7d1-4075-9315-6c99dade6db6","2025-03-17 11:22:30","<1742206950487.600082b3-a7d1-4075-9315-6c99dade6db6@smtp.hubapi.com>","","","","","","","20185","AbBatch","","","","","","","","","","","","","",""
"hola@dropmatix.com","6890244","351930935","","ExpertLetter | Brisante Trustpilot-Enthüllungen + WIX & WordPress kommen!","""ProvenExpert | NEWS"" <news@provenexpert.com>","[news@provenexpert.com]","[]","[]","2025-03-17 11:22:30","600082b3-a7d1-4075-9315-6c99dade6db6","DELIVERED","025a2b05-5197-3f18-8e38-910022fea832","2025-03-17 11:22:33","<1742206950487.600082b3-a7d1-4075-9315-6c99dade6db6@smtp.hubapi.com>","","","","","","","20185","AbBatch","","","","","","","","","","","","","",""
"businessmail.lm0@gmail.com","6890244","351930936","","ExpertLetter | Bewertungsmanagement-Geheimnisse: von Estimotos Erfolg lernen + Trustpilot-Skandal! ","""ProvenExpert | NEWS"" <news@provenexpert.com>","[news@provenexpert.com]","[]","[]","2025-03-17 11:22:30","0a7498c9-6290-4fc6-9e85-5a708d5273dd","OPEN","8d45726b-cac4-35d3-a104-f5e3461432dd","2025-03-20 02:41:55","<1742206950187.0a7498c9-6290-4fc6-9e85-5a708d5273dd@smtp.hubapi.com>","","","","","","","20185","AbBatch","Mozilla/5.0 (Windows NT 5.1; rv:11.0) Gecko Firefox/11.0 (via ggpht.com GoogleImageProxy)","Unknown","Unknown","Unknown","","","","0","","","","","",""
"businessmail.lm0@gmail.com","6890244","351930936","","ExpertLetter | Bewertungsmanagement-Geheimnisse: von Estimotos Erfolg lernen + Trustpilot-Skandal! ","""ProvenExpert | NEWS"" <news@provenexpert.com>","[news@provenexpert.com]","[]","[]","2025-03-17 11:22:30","0a7498c9-6290-4fc6-9e85-5a708d5273dd","DELIVERED","459f6fd0-0550-3c1e-870c-8f9f01d56afd","2025-03-17 11:22:31","<1742206950187.0a7498c9-6290-4fc6-9e85-5a708d5273dd@smtp.hubapi.com>","","","","","","","20185","AbBatch","","","","","","","","","","","","","",""
"businessmail.lm0@gmail.com","6890244","351930936","","ExpertLetter | Bewertungsmanagement-Geheimnisse: von Estimotos Erfolg lernen + Trustpilot-Skandal! ","""ProvenExpert | NEWS"" <news@provenexpert.com>","[news@provenexpert.com]","[]","[]","2025-03-17 11:22:30","0a7498c9-6290-4fc6-9e85-5a708d5273dd","SENT","0a7498c9-6290-4fc6-9e85-5a708d5273dd","2025-03-17 11:22:30","<1742206950187.0a7498c9-6290-4fc6-9e85-5a708d5273dd@smtp.hubapi.com>","","","","","","","20185","AbBatch","","","","","","","","","","","","","",""
"businessmail.lm0@gmail.com","6890244","351930936","","ExpertLetter | Bewertungsmanagement-Geheimnisse: von Estimotos Erfolg lernen + Trustpilot-Skandal! ","""ProvenExpert | NEWS"" <news@provenexpert.com>","[news@provenexpert.com]","[]","[]","2025-03-17 11:22:30","0a7498c9-6290-4fc6-9e85-5a708d5273dd","OPEN","45980219-ce38-36d4-99f1-47dfcc3a4461","2025-03-17 11:23:01","<1742206950187.0a7498c9-6290-4fc6-9e85-5a708d5273dd@smtp.hubapi.com>","","","","","","","20185","AbBatch","Mozilla/5.0 (Windows NT 5.1; rv:11.0) Gecko Firefox/11.0 (via ggpht.com GoogleImageProxy)","Unknown","Unknown","Unknown","","","","0","","","","","",""
"mail@christinbernhardt.de","6890244","351930935","","ExpertLetter | Brisante Trustpilot-Enthüllungen + WIX & WordPress kommen!","""ProvenExpert | NEWS"" <news@provenexpert.com>","[news@provenexpert.com]","[]","[]","2025-03-17 11:22:30","ae6901eb-8f61-46e0-b2b1-6ae999b3b596","SENT","ae6901eb-8f61-46e0-b2b1-6ae999b3b596","2025-03-17 11:22:30","<1742206950520.ae6901eb-8f61-46e0-b2b1-6ae999b3b596@smtp.hubapi.com>","","","","","","","20185","AbBatch","","","","","","","","","","","","","",""
"mail@christinbernhardt.de","6890244","351930935","","ExpertLetter | Brisante Trustpilot-Enthüllungen + WIX & WordPress kommen!","""ProvenExpert | NEWS"" <news@provenexpert.com>","[news@provenexpert.com]","[]","[]","2025-03-17 11:22:30","ae6901eb-8f61-46e0-b2b1-6ae999b3b596","DELIVERED","2a9e7779-42aa-3959-b79f-8a5391b4bc60","2025-03-17 11:22:34","<1742206950520.ae6901eb-8f61-46e0-b2b1-6ae999b3b596@smtp.hubapi.com>","","","","","","","20185","AbBatch","","","","","","","","","","","","","",""
"info@us-tax-services.com","6890244","351930935","","ExpertLetter | Brisante Trustpilot-Enthüllungen + WIX & WordPress kommen!","""ProvenExpert | NEWS"" <news@provenexpert.com>","[news@provenexpert.com]","[]","[]","2025-03-17 11:22:31","fddaa4ca-c745-4e2f-b137-404fdf0d06fc","BOUNCE","53c4c3a8-a2bc-3503-9221-08a661a0f0e3","2025-03-17 11:27:19","<1742206951097.fddaa4ca-c745-4e2f-b137-404fdf0d06fc@smtp.hubapi.com>","","","","","","","20185","AbBatch","","","","","","","","","550","550 relay not permitted","550 relay not permitted","","",""
"info@us-tax-services.com","6890244","351930935","","ExpertLetter | Brisante Trustpilot-Enthüllungen + WIX & WordPress kommen!","""ProvenExpert | NEWS"" <news@provenexpert.com>","[news@provenexpert.com]","[]","[]","2025-03-17 11:22:31","fddaa4ca-c745-4e2f-b137-404fdf0d06fc","SENT","fddaa4ca-c745-4e2f-b137-404fdf0d06fc","2025-03-17 11:22:31","<1742206951097.fddaa4ca-c745-4e2f-b137-404fdf0d06fc@smtp.hubapi.com>","","","","","","","20185","AbBatch","","","","","","","","","","","","","",""
"info@us-tax-services.com","6890244","351930935","","ExpertLetter | Brisante Trustpilot-Enthüllungen + WIX & WordPress kommen!","""ProvenExpert | NEWS"" <news@provenexpert.com>","[news@provenexpert.com]","[]","[]","2025-03-17 11:22:31","fddaa4ca-c745-4e2f-b137-404fdf0d06fc","DEFERRED","09cb1b2a-6ae0-34d9-903c-9286b0a89e86","2025-03-17 11:22:33","<1742206951097.fddaa4ca-c745-4e2f-b137-404fdf0d06fc@smtp.hubapi.com>","","","","","","","20185","AbBatch","","","","","","","","","","","","","",""
"kontakt@wandelfaktur.de","6890244","351930935","","ExpertLetter | Brisante Trustpilot-Enthüllungen + WIX & WordPress kommen!","""ProvenExpert | NEWS"" <news@provenexpert.com>","[news@provenexpert.com]","[]","[]","2025-03-17 11:22:30","885acb24-3028-4017-b9cc-3bf6e09efc93","DELIVERED","28d62b5a-f830-38d7-b449-002f2204710f","2025-03-17 11:22:31","<1742206950395.885acb24-3028-4017-b9cc-3bf6e09efc93@smtp.hubapi.com>","","","","","","","20185","AbBatch","","","","","","","","","","","","","",""
"kontakt@wandelfaktur.de","6890244","351930935","","ExpertLetter | Brisante Trustpilot-Enthüllungen + WIX & WordPress kommen!","""ProvenExpert | NEWS"" <news@provenexpert.com>","[news@provenexpert.com]","[]","[]","2025-03-17 11:22:30","885acb24-3028-4017-b9cc-3bf6e09efc93","SENT","885acb24-3028-4017-b9cc-3bf6e09efc93","2025-03-17 11:22:30","<1742206950395.885acb24-3028-4017-b9cc-3bf6e09efc93@smtp.hubapi.com>","","","","","","","20185","AbBatch","","","","","","","","","","","","","",""
"stella_falkenberg@yahoo.de","6890244","351930936","","ExpertLetter | Bewertungsmanagement-Geheimnisse: von Estimotos Erfolg lernen + Trustpilot-Skandal! ","""ProvenExpert | NEWS"" <news@provenexpert.com>","[news@provenexpert.com]","[]","[]","2025-03-17 11:22:31","3b56c72d-54e6-4a97-947c-0453fcb71b08","OPEN","ca362966-82ec-3726-b8c3-b33058877bcb","2025-03-17 17:48:20","<1742206951031.3b56c72d-54e6-4a97-947c-0453fcb71b08@smtp.hubapi.com>","","","","","","","20185","AbBatch","YahooMailProxy; https://help.yahoo.com/kb/yahoo-mail-proxy-SLN28749.html","amsterdam","noord-holland","NETHERLANDS","","","","10713","","","","","",""
"stella_falkenberg@yahoo.de","6890244","351930936","","ExpertLetter | Bewertungsmanagement-Geheimnisse: von Estimotos Erfolg lernen + Trustpilot-Skandal! ","""ProvenExpert | NEWS"" <news@provenexpert.com>","[news@provenexpert.com]","[]","[]","2025-03-17 11:22:31","3b56c72d-54e6-4a97-947c-0453fcb71b08","SENT","3b56c72d-54e6-4a97-947c-0453fcb71b08","2025-03-17 11:22:31","<1742206951031.3b56c72d-54e6-4a97-947c-0453fcb71b08@smtp.hubapi.com>","","","","","","","20185","AbBatch","","","","","","","","","","","","","",""
"stella_falkenberg@yahoo.de","6890244","351930936","","ExpertLetter | Bewertungsmanagement-Geheimnisse: von Estimotos Erfolg lernen + Trustpilot-Skandal! ","""ProvenExpert | NEWS"" <news@provenexpert.com>","[news@provenexpert.com]","[]","[]","2025-03-17 11:22:31","3b56c72d-54e6-4a97-947c-0453fcb71b08","DELIVERED","1e690766-e483-3ff4-baae-8718f74319cb","2025-03-17 11:22:33","<1742206951031.3b56c72d-54e6-4a97-947c-0453fcb71b08@smtp.hubapi.com>","","","","","","","20185","AbBatch","","","","","","","","","","","","","",""
"info@marcel-markwirth.com","6890244","351930936","","ExpertLetter | Bewertungsmanagement-Geheimnisse: von Estimotos Erfolg lernen + Trustpilot-Skandal! ","""ProvenExpert | NEWS"" <news@provenexpert.com>","[news@provenexpert.com]","[]","[]","2025-03-17 11:22:30","bc1b3534-bb9e-499e-bf39-37ba55820a74","DELIVERED","db1e415c-5e9f-3153-8c93-6d39eec6e5eb","2025-03-17 11:22:33","<1742206950487.bc1b3534-bb9e-499e-bf39-37ba55820a74@smtp.hubapi.com>","","","","","","","20185","AbBatch","","","","","","","","","","","","","",""
"info@marcel-markwirth.com","6890244","351930936","","ExpertLetter | Bewertungsmanagement-Geheimnisse: von Estimotos Erfolg lernen + Trustpilot-Skandal! ","""ProvenExpert | NEWS"" <news@provenexpert.com>","[news@provenexpert.com]","[]","[]","2025-03-17 11:22:30","bc1b3534-bb9e-499e-bf39-37ba55820a74","SENT","bc1b3534-bb9e-499e-bf39-37ba55820a74","2025-03-17 11:22:30","<1742206950487.bc1b3534-bb9e-499e-bf39-37ba55820a74@smtp.hubapi.com>","","","","","","","20185","AbBatch","","","","","","","","","","","","","",""
"florian@florian-schartner.com","6890244","351930936","","ExpertLetter | Bewertungsmanagement-Geheimnisse: von Estimotos Erfolg lernen + Trustpilot-Skandal! ","""ProvenExpert | NEWS"" <news@provenexpert.com>","[news@provenexpert.com]","[]","[]","2025-03-17 11:22:30","f52110b7-2732-4a77-b49b-e1845c6f1023","DELIVERED","512813cd-8cd6-3646-8a86-45cb67b665f6","2025-03-17 11:22:32","<1742206950618.f52110b7-2732-4a77-b49b-e1845c6f1023@smtp.hubapi.com>","","","","","","","20185","AbBatch","","","","","","","","","","","","","",""
"florian@florian-schartner.com","6890244","351930936","","ExpertLetter | Bewertungsmanagement-Geheimnisse: von Estimotos Erfolg lernen + Trustpilot-Skandal! ","""ProvenExpert | NEWS"" <news@provenexpert.com>","[news@provenexpert.com]","[]","[]","2025-03-17 11:22:30","f52110b7-2732-4a77-b49b-e1845c6f1023","SENT","f52110b7-2732-4a77-b49b-e1845c6f1023","2025-03-17 11:22:30","<1742206950618.f52110b7-2732-4a77-b49b-e1845c6f1023@smtp.hubapi.com>","","","","","","","20185","AbBatch","","","","","","","","","","","","","",""
"info@deinassistent24.de","6890244","351930935","","ExpertLetter | Brisante Trustpilot-Enthüllungen + WIX & WordPress kommen!","""ProvenExpert | NEWS"" <news@provenexpert.com>","[news@provenexpert.com]","[]","[]","2025-03-17 11:22:30","dc4eee08-f692-4000-b689-8dcb423b2263","DELIVERED","0e1dd056-0dfe-3ad0-8db2-f3db68d73f38","2025-03-17 11:22:33","<1742206950019.dc4eee08-f692-4000-b689-8dcb423b2263@smtp.hubapi.com>","","","","","","","20185","AbBatch","","","","","","","","","","","","","",""
"info@deinassistent24.de","6890244","351930935","","ExpertLetter | Brisante Trustpilot-Enthüllungen + WIX & WordPress kommen!","""ProvenExpert | NEWS"" <news@provenexpert.com>","[news@provenexpert.com]","[]","[]","2025-03-17 11:22:30","dc4eee08-f692-4000-b689-8dcb423b2263","SENT","dc4eee08-f692-4000-b689-8dcb423b2263","2025-03-17 11:22:30","<1742206950019.dc4eee08-f692-4000-b689-8dcb423b2263@smtp.hubapi.com>","","","","","","","20185","AbBatch","","","","","","","","","","","","","",""
"philipp.stegemann@mail.de","6890244","351930936","","ExpertLetter | Bewertungsmanagement-Geheimnisse: von Estimotos Erfolg lernen + Trustpilot-Skandal! ","""ProvenExpert | NEWS"" <news@provenexpert.com>","[news@provenexpert.com]","[]","[]","2025-03-17 11:22:30","08a2516c-0825-420c-a3f5-f2d554109388","DELIVERED","f4543081-47bb-3bf4-927f-e2118732e205","2025-03-17 11:22:32","<1742206950153.08a2516c-0825-420c-a3f5-f2d554109388@smtp.hubapi.com>","","","","","","","20185","AbBatch","","","","","","","","","","","","","",""
"philipp.stegemann@mail.de","6890244","351930936","","ExpertLetter | Bewertungsmanagement-Geheimnisse: von Estimotos Erfolg lernen + Trustpilot-Skandal! ","""ProvenExpert | NEWS"" <news@provenexpert.com>","[news@provenexpert.com]","[]","[]","2025-03-17 11:22:30","08a2516c-0825-420c-a3f5-f2d554109388","SENT","08a2516c-0825-420c-a3f5-f2d554109388","2025-03-17 11:22:30","<1742206950153.08a2516c-0825-420c-a3f5-f2d554109388@smtp.hubapi.com>","","","","","","","20185","AbBatch","","","","","","","","","","","","","",""
"max@anwaltmunk.com","6890244","351930936","","ExpertLetter | Bewertungsmanagement-Geheimnisse: von Estimotos Erfolg lernen + Trustpilot-Skandal! ","""ProvenExpert | NEWS"" <news@provenexpert.com>","[news@provenexpert.com]","[]","[]","2025-03-17 11:22:30","16da3ca3-1a80-4ce8-84c5-2899060889ae","SENT","16da3ca3-1a80-4ce8-84c5-2899060889ae","2025-03-17 11:22:30","<1742206950276.16da3ca3-1a80-4ce8-84c5-2899060889ae@smtp.hubapi.com>","","","","","","","20185","AbBatch","","","","","","","","","","","","","",""
"max@anwaltmunk.com","6890244","351930936","","ExpertLetter | Bewertungsmanagement-Geheimnisse: von Estimotos Erfolg lernen + Trustpilot-Skandal! ","""ProvenExpert | NEWS"" <news@provenexpert.com>","[news@provenexpert.com]","[]","[]","2025-03-17 11:22:30","16da3ca3-1a80-4ce8-84c5-2899060889ae","OPEN","b68f0646-8e27-3b95-bc22-ae1a9009deb9","2025-03-17 12:11:40","<1742206950276.16da3ca3-1a80-4ce8-84c5-2899060889ae@smtp.hubapi.com>","","","","","","","20185","AbBatch","Mozilla/4.0 (compatible; ms-office; MSOffice 16)","","","SPAIN","","","","4990","","","","","",""
"max@anwaltmunk.com","6890244","351930936","","ExpertLetter | Bewertungsmanagement-Geheimnisse: von Estimotos Erfolg lernen + Trustpilot-Skandal! ","""ProvenExpert | NEWS"" <news@provenexpert.com>","[news@provenexpert.com]","[]","[]","2025-03-17 11:22:30","16da3ca3-1a80-4ce8-84c5-2899060889ae","DELIVERED","e42fef34-214c-3c0b-9045-e4f151ae518c","2025-03-17 11:22:32","<1742206950276.16da3ca3-1a80-4ce8-84c5-2899060889ae@smtp.hubapi.com>","","","","","","","20185","AbBatch","","","","","","","","","","","","","",""
"info@cannabuben.de","6890244","351930936","","ExpertLetter | Bewertungsmanagement-Geheimnisse: von Estimotos Erfolg lernen + Trustpilot-Skandal! ","""ProvenExpert | NEWS"" <news@provenexpert.com>","[news@provenexpert.com]","[]","[]","2025-03-17 11:22:30","08e9a332-7c85-431b-a6ce-10ef59f3b20b","DROPPED","08e9a332-7c85-431b-a6ce-10ef59f3b20b","2025-03-17 11:22:30","<1742206950505.08e9a332-7c85-431b-a6ce-10ef59f3b20b@smtp.hubapi.com>","","","5193a2e4-5bbc-31c3-8598-7863b336a553","2025-02-25 20:04:07","PREVIOUSLY_BOUNCED","Recipient has previously bounced.","20185","AbBatch","","","","","","","","","452","452 4.2.2 Mailbox full","452 4.2.2 Mailbox full","","",""
"info@christinawaist.de","6890244","351930935","","ExpertLetter | Brisante Trustpilot-Enthüllungen + WIX & WordPress kommen!","""ProvenExpert | NEWS"" <news@provenexpert.com>","[news@provenexpert.com]","[]","[]","2025-03-17 11:22:30","6d6d0e75-0690-4339-9742-b58ea8887a3c","DROPPED","6d6d0e75-0690-4339-9742-b58ea8887a3c","2025-03-17 11:22:30","<1742206950493.6d6d0e75-0690-4339-9742-b58ea8887a3c@smtp.hubapi.com>","","","02cb9c87-e7bf-3e73-a8cc-5c484128f122","2025-03-07 08:15:13","PREVIOUSLY_BOUNCED","Recipient has previously bounced.","20185","AbBatch","","","","","","","","","550","550 5.7.1 <info@christinawaist.de>: Recipient address rejected: Mail appeared to be SPAM or forged. Ask your Mail/DNS-Administrator to correct HELO and DNS MX settings or to get removed from DNSBLs","550 5.7.1 <info@christinawaist.de>: Recipient address rejected: Mail appeared to be SPAM or forged. Ask your Mail/DNS-Administrator to correct HELO and DNS MX settings or to get removed from DNSBLs","","",""
"info@hoerentfernung.lu","6890244","351930936","","ExpertLetter | Bewertungsmanagement-Geheimnisse: von Estimotos Erfolg lernen + Trustpilot-Skandal! ","""ProvenExpert | NEWS"" <news@provenexpert.com>","[news@provenexpert.com]","[]","[]","2025-03-17 11:19:49","7f387f36-132a-4a39-8967-27feaf31c514","DELIVERED","03bc0b8b-b5b3-34d7-94cc-a01d183a5109","2025-03-17 11:19:53","<1742206789851.7f387f36-132a-4a39-8967-27feaf31c514@smtp.hubapi.com>","","","","","","","20185","AbBatch","","","","","","","","","","","","","",""
"info@hoerentfernung.lu","6890244","351930936","","ExpertLetter | Bewertungsmanagement-Geheimnisse: von Estimotos Erfolg lernen + Trustpilot-Skandal! ","""ProvenExpert | NEWS"" <news@provenexpert.com>","[news@provenexpert.com]","[]","[]","2025-03-17 11:19:49","7f387f36-132a-4a39-8967-27feaf31c514","SENT","7f387f36-132a-4a39-8967-27feaf31c514","2025-03-17 11:19:49","<1742206789851.7f387f36-132a-4a39-8967-27feaf31c514@smtp.hubapi.com>","","","","","","","20185","AbBatch","","","","","","","","","","","","","",""
"rw@c1broker.pt","6890244","351930936","","ExpertLetter | Bewertungsmanagement-Geheimnisse: von Estimotos Erfolg lernen + Trustpilot-Skandal! ","""ProvenExpert | NEWS"" <news@provenexpert.com>","[news@provenexpert.com]","[]","[]","2025-03-17 11:22:31","8cb72aea-1a39-4949-b652-496fb9a290c5","SENT","8cb72aea-1a39-4949-b652-496fb9a290c5","2025-03-17 11:22:31","<1742206951174.8cb72aea-1a39-4949-b652-496fb9a290c5@smtp.hubapi.com>","","","","","","","20185","AbBatch","","","","","","","","","","","","","",""
"rw@c1broker.pt","6890244","351930936","","ExpertLetter | Bewertungsmanagement-Geheimnisse: von Estimotos Erfolg lernen + Trustpilot-Skandal! ","""ProvenExpert | NEWS"" <news@provenexpert.com>","[news@provenexpert.com]","[]","[]","2025-03-17 11:22:31","8cb72aea-1a39-4949-b652-496fb9a290c5","DELIVERED","acd17d97-d1ca-3337-886b-1ea251c43648","2025-03-17 11:22:34","<1742206951174.8cb72aea-1a39-4949-b652-496fb9a290c5@smtp.hubapi.com>","","","","","","","20185","AbBatch","","","","","","","","","","","","","",""
"info@iberiaversicherungsmakler.com","6890244","351930936","","ExpertLetter | Bewertungsmanagement-Geheimnisse: von Estimotos Erfolg lernen + Trustpilot-Skandal! ","""ProvenExpert | NEWS"" <news@provenexpert.com>","[news@provenexpert.com]","[]","[]","2025-03-17 11:22:31","7d7236c2-0b0d-427e-a364-bc75ee1f85c0","SENT","7d7236c2-0b0d-427e-a364-bc75ee1f85c0","2025-03-17 11:22:31","<1742206951015.7d7236c2-0b0d-427e-a364-bc75ee1f85c0@smtp.hubapi.com>","","","","","","","20185","AbBatch","","","","","","","","","","","","","",""
"info@iberiaversicherungsmakler.com","6890244","351930936","","ExpertLetter | Bewertungsmanagement-Geheimnisse: von Estimotos Erfolg lernen + Trustpilot-Skandal! ","""ProvenExpert | NEWS"" <news@provenexpert.com>","[news@provenexpert.com]","[]","[]","2025-03-17 11:22:31","7d7236c2-0b0d-427e-a364-bc75ee1f85c0","DELIVERED","3339ba02-dc5b-3aa3-a942-1c3adc28fcb5","2025-03-17 11:22:33","<1742206951015.7d7236c2-0b0d-427e-a364-bc75ee1f85c0@smtp.hubapi.com>","","","","","","","20185","AbBatch","","","","","","","","","","","","","",""
"dragica.schadegg@gmail.com","6890244","351930935","","ExpertLetter | Brisante Trustpilot-Enthüllungen + WIX & WordPress kommen!","""ProvenExpert | NEWS"" <news@provenexpert.com>","[news@provenexpert.com]","[]","[]","2025-03-17 11:22:31","45ec6f5b-f896-4e97-b677-a6e031a3cae2","SENT","45ec6f5b-f896-4e97-b677-a6e031a3cae2","2025-03-17 11:22:31","<1742206951166.45ec6f5b-f896-4e97-b677-a6e031a3cae2@smtp.hubapi.com>","","","","","","","20185","AbBatch","","","","","","","","","","","","","",""
"dragica.schadegg@gmail.com","6890244","351930935","","ExpertLetter | Brisante Trustpilot-Enthüllungen + WIX & WordPress kommen!","""ProvenExpert | NEWS"" <news@provenexpert.com>","[news@provenexpert.com]","[]","[]","2025-03-17 11:22:31","45ec6f5b-f896-4e97-b677-a6e031a3cae2","DELIVERED","faf0fb32-2486-3bdb-824f-2d3a6c0f91b7","2025-03-17 11:22:32","<1742206951166.45ec6f5b-f896-4e97-b677-a6e031a3cae2@smtp.hubapi.com>","","","","","","","20185","AbBatch","","","","","","","","","","","","","",""
"info@gribougramme.com","6890244","351930935","","ExpertLetter | Brisante Trustpilot-Enthüllungen + WIX & WordPress kommen!","""ProvenExpert | NEWS"" <news@provenexpert.com>","[news@provenexpert.com]","[]","[]","2025-03-17 11:22:30","7055e172-dccf-411f-81cb-6abde0e63efd","DELIVERED","e1fc767a-482a-3837-a626-68216a8e9684","2025-03-17 11:22:34","<1742206950109.7055e172-dccf-411f-81cb-6abde0e63efd@smtp.hubapi.com>","","","","","","","20185","AbBatch","","","","","","","","","","","","","",""
"info@gribougramme.com","6890244","351930935","","ExpertLetter | Brisante Trustpilot-Enthüllungen + WIX & WordPress kommen!","""ProvenExpert | NEWS"" <news@provenexpert.com>","[news@provenexpert.com]","[]","[]","2025-03-17 11:22:30","7055e172-dccf-411f-81cb-6abde0e63efd","SENT","7055e172-dccf-411f-81cb-6abde0e63efd","2025-03-17 11:22:30","<1742206950109.7055e172-dccf-411f-81cb-6abde0e63efd@smtp.hubapi.com>","","","","","","","20185","AbBatch","","","","","","","","","","","","","",""
"admin@lovelifepassport.com","6890244","351930936","","ExpertLetter | Bewertungsmanagement-Geheimnisse: von Estimotos Erfolg lernen + Trustpilot-Skandal! ","""ProvenExpert | NEWS"" <news@provenexpert.com>","[news@provenexpert.com]","[]","[]","2025-03-17 11:22:30","09038356-499f-4c77-8661-7b2ff7d8b36a","OPEN","441a08bf-213f-30e3-b721-1d39bdb94a0e","2025-03-18 04:41:05","<1742206950651.09038356-499f-4c77-8661-7b2ff7d8b36a@smtp.hubapi.com>","","","","","","","20185","AbBatch","Mozilla/5.0 (Windows NT 5.1; rv:11.0) Gecko Firefox/11.0 (via ggpht.com GoogleImageProxy)","Unknown","Unknown","Unknown","","","","0","","","","","",""
"admin@lovelifepassport.com","6890244","351930936","","ExpertLetter | Bewertungsmanagement-Geheimnisse: von Estimotos Erfolg lernen + Trustpilot-Skandal! ","""ProvenExpert | NEWS"" <news@provenexpert.com>","[news@provenexpert.com]","[]","[]","2025-03-17 11:22:30","09038356-499f-4c77-8661-7b2ff7d8b36a","OPEN","cfdb8e79-bb12-37d0-b189-89225f3d7646","2025-03-18 04:42:35","<1742206950651.09038356-499f-4c77-8661-7b2ff7d8b36a@smtp.hubapi.com>","","","","","","","20185","AbBatch","Mozilla/5.0 (Windows NT 5.1; rv:11.0) Gecko Firefox/11.0 (via ggpht.com GoogleImageProxy)","Unknown","Unknown","Unknown","","","","0","","","","","",""
"admin@lovelifepassport.com","6890244","351930936","","ExpertLetter | Bewertungsmanagement-Geheimnisse: von Estimotos Erfolg lernen + Trustpilot-Skandal! ","""ProvenExpert | NEWS"" <news@provenexpert.com>","[news@provenexpert.com]","[]","[]","2025-03-17 11:22:30","09038356-499f-4c77-8661-7b2ff7d8b36a","DELIVERED","2cea6020-5ee4-3f78-986c-ce01a11d4f28","2025-03-17 11:22:31","<1742206950651.09038356-499f-4c77-8661-7b2ff7d8b36a@smtp.hubapi.com>","","","","","","","20185","AbBatch","","","","","","","","","","","","","",""
"admin@lovelifepassport.com","6890244","351930936","","ExpertLetter | Bewertungsmanagement-Geheimnisse: von Estimotos Erfolg lernen + Trustpilot-Skandal! ","""ProvenExpert | NEWS"" <news@provenexpert.com>","[news@provenexpert.com]","[]","[]","2025-03-17 11:22:30","09038356-499f-4c77-8661-7b2ff7d8b36a","OPEN","68fc57cb-a639-33bb-bc24-0876cb0eeeed","2025-03-20 14:11:59","<1742206950651.09038356-499f-4c77-8661-7b2ff7d8b36a@smtp.hubapi.com>","","","","","","","20185","AbBatch","Mozilla/5.0 (Windows NT 5.1; rv:11.0) Gecko Firefox/11.0 (via ggpht.com GoogleImageProxy)","Unknown","Unknown","Unknown","","","","0","","","","","",""
"admin@lovelifepassport.com","6890244","351930936","","ExpertLetter | Bewertungsmanagement-Geheimnisse: von Estimotos Erfolg lernen + Trustpilot-Skandal! ","""ProvenExpert | NEWS"" <news@provenexpert.com>","[news@provenexpert.com]","[]","[]","2025-03-17 11:22:30","09038356-499f-4c77-8661-7b2ff7d8b36a","OPEN","82819bd1-3f36-30e3-87a5-cd767c8a9dc3","2025-03-18 04:40:35","<1742206950651.09038356-499f-4c77-8661-7b2ff7d8b36a@smtp.hubapi.com>","","","","","","","20185","AbBatch","Mozilla/5.0 (Windows NT 5.1; rv:11.0) Gecko Firefox/11.0 (via ggpht.com GoogleImageProxy)","Unknown","Unknown","Unknown","","","","0","","","","","",""
"admin@lovelifepassport.com","6890244","351930936","","ExpertLetter | Bewertungsmanagement-Geheimnisse: von Estimotos Erfolg lernen + Trustpilot-Skandal! ","""ProvenExpert | NEWS"" <news@provenexpert.com>","[news@provenexpert.com]","[]","[]","2025-03-17 11:22:30","09038356-499f-4c77-8661-7b2ff7d8b36a","SENT","09038356-499f-4c77-8661-7b2ff7d8b36a","2025-03-17 11:22:30","<1742206950651.09038356-499f-4c77-8661-7b2ff7d8b36a@smtp.hubapi.com>","","","","","","","20185","AbBatch","","","","","","","","","","","","","",""
"office@bs-holding.limited","6890244","351930935","","ExpertLetter | Brisante Trustpilot-Enthüllungen + WIX & WordPress kommen!","""ProvenExpert | NEWS"" <news@provenexpert.com>","[news@provenexpert.com]","[]","[]","2025-03-17 11:21:10","6d09c376-2702-40c5-a038-23a3d223d14c","SENT","6d09c376-2702-40c5-a038-23a3d223d14c","2025-03-17 11:21:10","<1742206870172.6d09c376-2702-40c5-a038-23a3d223d14c@smtp.hubapi.com>","","","","","","","20185","AbBatch","","","","","","","","","","","","","",""
"office@bs-holding.limited","6890244","351930935","","ExpertLetter | Brisante Trustpilot-Enthüllungen + WIX & WordPress kommen!","""ProvenExpert | NEWS"" <news@provenexpert.com>","[news@provenexpert.com]","[]","[]","2025-03-17 11:21:10","6d09c376-2702-40c5-a038-23a3d223d14c","DELIVERED","1aafc2a2-559e-3b39-8d9a-9581f89bd741","2025-03-17 11:21:12","<1742206870172.6d09c376-2702-40c5-a038-23a3d223d14c@smtp.hubapi.com>","","","","","","","20185","AbBatch","","","","","","","","","","","","","",""
"rene.kuhl@characters-connection.com","6890244","351930935","","ExpertLetter | Brisante Trustpilot-Enthüllungen + WIX & WordPress kommen!","""ProvenExpert | NEWS"" <news@provenexpert.com>","[news@provenexpert.com]","[]","[]","2025-03-17 11:22:30","1593c52b-6911-4960-b4cc-d4fccf6cbe27","DELIVERED","8fa8ab56-46b0-34b7-92b2-af0862f6cd75","2025-03-17 11:22:32","<1742206950552.1593c52b-6911-4960-b4cc-d4fccf6cbe27@smtp.hubapi.com>","","","","","","","20185","AbBatch","","","","","","","","","","","","","",""
"rene.kuhl@characters-connection.com","6890244","351930935","","ExpertLetter | Brisante Trustpilot-Enthüllungen + WIX & WordPress kommen!","""ProvenExpert | NEWS"" <news@provenexpert.com>","[news@provenexpert.com]","[]","[]","2025-03-17 11:22:30","1593c52b-6911-4960-b4cc-d4fccf6cbe27","SENT","1593c52b-6911-4960-b4cc-d4fccf6cbe27","2025-03-17 11:22:30","<1742206950552.1593c52b-6911-4960-b4cc-d4fccf6cbe27@smtp.hubapi.com>","","","","","","","20185","AbBatch","","","","","","","","","","","","","",""
"ralf.becker@scharpf.es","6890244","351930935","","ExpertLetter | Brisante Trustpilot-Enthüllungen + WIX & WordPress kommen!","""ProvenExpert | NEWS"" <news@provenexpert.com>","[news@provenexpert.com]","[]","[]","2025-03-17 11:22:30","4e713d1d-db0d-40e4-9f5d-45c82ab327b9","DELIVERED","16be824c-9676-3b25-82c6-fc193f3e3208","2025-03-17 11:22:32","<1742206950092.4e713d1d-db0d-40e4-9f5d-45c82ab327b9@smtp.hubapi.com>","","","","","","","20185","AbBatch","","","","","","","","","","","","","",""
"ralf.becker@scharpf.es","6890244","351930935","","ExpertLetter | Brisante Trustpilot-Enthüllungen + WIX & WordPress kommen!","""ProvenExpert | NEWS"" <news@provenexpert.com>","[news@provenexpert.com]","[]","[]","2025-03-17 11:22:30","4e713d1d-db0d-40e4-9f5d-45c82ab327b9","SENT","4e713d1d-db0d-40e4-9f5d-45c82ab327b9","2025-03-17 11:22:30","<1742206950092.4e713d1d-db0d-40e4-9f5d-45c82ab327b9@smtp.hubapi.com>","","","","","","","20185","AbBatch","","","","","","","","","","","","","",""
"kontakt@house-of-coaching.ch","6890244","351930935","","ExpertLetter | Brisante Trustpilot-Enthüllungen + WIX & WordPress kommen!","""ProvenExpert | NEWS"" <news@provenexpert.com>","[news@provenexpert.com]","[]","[]","2025-03-17 11:21:10","b47e62c4-7a4a-4441-b51c-6b5564d3d80e","DELIVERED","1ba7c061-4e45-34d9-b4c2-444f0671af0c","2025-03-17 11:21:13","<1742206870102.b47e62c4-7a4a-4441-b51c-6b5564d3d80e@smtp.hubapi.com>","","","","","","","20185","AbBatch","","","","","","","","","","","","","",""
"kontakt@house-of-coaching.ch","6890244","351930935","","ExpertLetter | Brisante Trustpilot-Enthüllungen + WIX & WordPress kommen!","""ProvenExpert | NEWS"" <news@provenexpert.com>","[news@provenexpert.com]","[]","[]","2025-03-17 11:21:10","b47e62c4-7a4a-4441-b51c-6b5564d3d80e","SENT","b47e62c4-7a4a-4441-b51c-6b5564d3d80e","2025-03-17 11:21:10","<1742206870102.b47e62c4-7a4a-4441-b51c-6b5564d3d80e@smtp.hubapi.com>","","","","","","","20185","AbBatch","","","","","","","","","","","","","",""
"lukesky283@gmail.com","6890244","351930935","","ExpertLetter | Brisante Trustpilot-Enthüllungen + WIX & WordPress kommen!","""ProvenExpert | NEWS"" <news@provenexpert.com>","[news@provenexpert.com]","[]","[]","2025-03-17 11:22:30","3504877c-1214-4b09-8848-b7a05ec5a29f","DELIVERED","f61c72d3-269e-34d9-b5ee-7c4ecb87fa59","2025-03-17 11:22:31","<1742206950586.3504877c-1214-4b09-8848-b7a05ec5a29f@smtp.hubapi.com>","","","","","","","20185","AbBatch","","","","","","","","","","","","","",""
"lukesky283@gmail.com","6890244","351930935","","ExpertLetter | Brisante Trustpilot-Enthüllungen + WIX & WordPress kommen!","""ProvenExpert | NEWS"" <news@provenexpert.com>","[news@provenexpert.com]","[]","[]","2025-03-17 11:22:30","3504877c-1214-4b09-8848-b7a05ec5a29f","SENT","3504877c-1214-4b09-8848-b7a05ec5a29f","2025-03-17 11:22:30","<1742206950586.3504877c-1214-4b09-8848-b7a05ec5a29f@smtp.hubapi.com>","","","","","","","20185","AbBatch","","","","","","","","","","","","","",""
"lukesky283@gmail.com","6890244","351930935","","ExpertLetter | Brisante Trustpilot-Enthüllungen + WIX & WordPress kommen!","""ProvenExpert | NEWS"" <news@provenexpert.com>","[news@provenexpert.com]","[]","[]","2025-03-17 11:22:30","3504877c-1214-4b09-8848-b7a05ec5a29f","OPEN","6a81f5b0-4939-39f4-a2b4-8d6d4a0fe3d6","2025-03-18 17:38:01","<1742206950586.3504877c-1214-4b09-8848-b7a05ec5a29f@smtp.hubapi.com>","","","","","","","20185","AbBatch","Mozilla/5.0 (Windows NT 5.1; rv:11.0) Gecko Firefox/11.0 (via ggpht.com GoogleImageProxy)","Unknown","Unknown","Unknown","","","","0","","","","","",""
"admin@generationalwealth-consulting.com","6890244","351930935","","ExpertLetter | Brisante Trustpilot-Enthüllungen + WIX & WordPress kommen!","""ProvenExpert | NEWS"" <news@provenexpert.com>","[news@provenexpert.com]","[]","[]","2025-03-17 11:22:30","c6473c8c-6041-462d-9180-2563fb2af631","SENT","c6473c8c-6041-462d-9180-2563fb2af631","2025-03-17 11:22:30","<1742206950683.c6473c8c-6041-462d-9180-2563fb2af631@smtp.hubapi.com>","","","","","","","20185","AbBatch","","","","","","","","","","","","","",""
"admin@generationalwealth-consulting.com","6890244","351930935","","ExpertLetter | Brisante Trustpilot-Enthüllungen + WIX & WordPress kommen!","""ProvenExpert | NEWS"" <news@provenexpert.com>","[news@provenexpert.com]","[]","[]","2025-03-17 11:22:30","c6473c8c-6041-462d-9180-2563fb2af631","DELIVERED","903b7d1e-698c-37ba-ab48-79bc22c0399a","2025-03-17 11:22:33","<1742206950683.c6473c8c-6041-462d-9180-2563fb2af631@smtp.hubapi.com>","","","","","","","20185","AbBatch","","","","","","","","","","","","","",""
"post@mallorca-gutachter.info","6890244","351930935","","ExpertLetter | Brisante Trustpilot-Enthüllungen + WIX & WordPress kommen!","""ProvenExpert | NEWS"" <news@provenexpert.com>","[news@provenexpert.com]","[]","[]","2025-03-17 11:22:30","8cd5d6cf-ccc6-4936-ae62-561f55dfbd87","OPEN","dc4c68e3-3f9d-3650-899c-22f9801cff3a","2025-03-17 15:14:32","<1742206950536.8cd5d6cf-ccc6-4936-ae62-561f55dfbd87@smtp.hubapi.com>","","","","","","","20185","AbBatch","Mozilla/5.0 (Windows NT 10.0; Win64; x64) AppleWebKit/537.36 (KHTML, like Gecko) Chrome/134.0.0.0 Safari/537.36","pollenca","islas baleares","SPAIN","","","","21233","","","","","",""
"post@mallorca-gutachter.info","6890244","351930935","","ExpertLetter | Brisante Trustpilot-Enthüllungen + WIX & WordPress kommen!","""ProvenExpert | NEWS"" <news@provenexpert.com>","[news@provenexpert.com]","[]","[]","2025-03-17 11:22:30","8cd5d6cf-ccc6-4936-ae62-561f55dfbd87","SENT","8cd5d6cf-ccc6-4936-ae62-561f55dfbd87","2025-03-17 11:22:30","<1742206950536.8cd5d6cf-ccc6-4936-ae62-561f55dfbd87@smtp.hubapi.com>","","","","","","","20185","AbBatch","","","","","","","","","","","","","",""
"post@mallorca-gutachter.info","6890244","351930935","","ExpertLetter | Brisante Trustpilot-Enthüllungen + WIX & WordPress kommen!","""ProvenExpert | NEWS"" <news@provenexpert.com>","[news@provenexpert.com]","[]","[]","2025-03-17 11:22:30","8cd5d6cf-ccc6-4936-ae62-561f55dfbd87","DELIVERED","5dd5853b-bb91-3765-9de7-c02eb23d7dc8","2025-03-17 11:22:35","<1742206950536.8cd5d6cf-ccc6-4936-ae62-561f55dfbd87@smtp.hubapi.com>","","","","","","","20185","AbBatch","","","","","","","","","","","","","",""
"info@tegasfx.com","6890244","351930936","","ExpertLetter | Bewertungsmanagement-Geheimnisse: von Estimotos Erfolg lernen + Trustpilot-Skandal! ","""ProvenExpert | NEWS"" <news@provenexpert.com>","[news@provenexpert.com]","[]","[]","2025-03-17 11:22:30","b7faea35-fba9-4c9e-94af-7a994ceabbc2","DELIVERED","4dec4f1e-920c-3786-a8ef-e308b217fd2b","2025-03-17 11:23:14","<1742206950067.b7faea35-fba9-4c9e-94af-7a994ceabbc2@smtp.hubapi.com>","","","","","","","20185","AbBatch","","","","","","","","","","","","","",""
"info@tegasfx.com","6890244","351930936","","ExpertLetter | Bewertungsmanagement-Geheimnisse: von Estimotos Erfolg lernen + Trustpilot-Skandal! ","""ProvenExpert | NEWS"" <news@provenexpert.com>","[news@provenexpert.com]","[]","[]","2025-03-17 11:22:30","b7faea35-fba9-4c9e-94af-7a994ceabbc2","SENT","b7faea35-fba9-4c9e-94af-7a994ceabbc2","2025-03-17 11:22:30","<1742206950067.b7faea35-fba9-4c9e-94af-7a994ceabbc2@smtp.hubapi.com>","","","","","","","20185","AbBatch","","","","","","","","","","","","","",""
"csd@isdd.de","6890244","351930935","","ExpertLetter | Brisante Trustpilot-Enthüllungen + WIX & WordPress kommen!","""ProvenExpert | NEWS"" <news@provenexpert.com>","[news@provenexpert.com]","[]","[]","2025-03-17 11:22:30","d1055fa1-be29-433d-bad8-d5f6afd303ac","SENT","d1055fa1-be29-433d-bad8-d5f6afd303ac","2025-03-17 11:22:30","<1742206950160.d1055fa1-be29-433d-bad8-d5f6afd303ac@smtp.hubapi.com>","","","","","","","20185","AbBatch","","","","","","","","","","","","","",""
"csd@isdd.de","6890244","351930935","","ExpertLetter | Brisante Trustpilot-Enthüllungen + WIX & WordPress kommen!","""ProvenExpert | NEWS"" <news@provenexpert.com>","[news@provenexpert.com]","[]","[]","2025-03-17 11:22:30","d1055fa1-be29-433d-bad8-d5f6afd303ac","DELIVERED","7965372f-e1f3-32e0-8337-4f288f38d781","2025-03-17 11:22:31","<1742206950160.d1055fa1-be29-433d-bad8-d5f6afd303ac@smtp.hubapi.com>","","","","","","","20185","AbBatch","","","","","","","","","","","","","",""
"office@florian-wilk.com","6890244","351930936","","ExpertLetter | Bewertungsmanagement-Geheimnisse: von Estimotos Erfolg lernen + Trustpilot-Skandal! ","""ProvenExpert | NEWS"" <news@provenexpert.com>","[news@provenexpert.com]","[]","[]","2025-03-17 11:19:49","79b0670f-9845-4279-a135-4551a5a061b1","SENT","79b0670f-9845-4279-a135-4551a5a061b1","2025-03-17 11:19:49","<1742206789764.79b0670f-9845-4279-a135-4551a5a061b1@smtp.hubapi.com>","","","","","","","20185","AbBatch","","","","","","","","","","","","","",""
"office@florian-wilk.com","6890244","351930936","","ExpertLetter | Bewertungsmanagement-Geheimnisse: von Estimotos Erfolg lernen + Trustpilot-Skandal! ","""ProvenExpert | NEWS"" <news@provenexpert.com>","[news@provenexpert.com]","[]","[]","2025-03-17 11:19:49","79b0670f-9845-4279-a135-4551a5a061b1","DELIVERED","51c35e7b-d8b8-3c0f-a9f5-bb45f4b168bb","2025-03-17 11:19:51","<1742206789764.79b0670f-9845-4279-a135-4551a5a061b1@smtp.hubapi.com>","","","","","","","20185","AbBatch","","","","","","","","","","","","","",""
"account@stefancmueller.de","6890244","351930935","","ExpertLetter | Brisante Trustpilot-Enthüllungen + WIX & WordPress kommen!","""ProvenExpert | NEWS"" <news@provenexpert.com>","[news@provenexpert.com]","[]","[]","2025-03-17 11:22:30","af9516f9-107e-47b8-8193-425b59697538","DROPPED","af9516f9-107e-47b8-8193-425b59697538","2025-03-17 11:22:30","<1742206950790.af9516f9-107e-47b8-8193-425b59697538@smtp.hubapi.com>","","","8fcbe763-e1da-3737-94ba-1f8fe3ebc755","2024-12-01 09:00:18","PREVIOUSLY_BOUNCED","Recipient has previously bounced.","20185","AbBatch","","","","","","","","","450","450 4.7.1 <account@stefancmueller.de>: Recipient address rejected: Mail appeared to be SPAM or forged. Ask your Mail/DNS-Administrator to correct HELO and DNS MX settings or to get removed from DNSBLs","450 4.7.1 <account@stefancmueller.de>: Recipient address rejected: Mail appeared to be SPAM or forged. Ask your Mail/DNS-Administrator to correct HELO and DNS MX settings or to get removed from DNSBLs","","",""
"uli.bock@doobloo.com","6890244","351930936","","ExpertLetter | Bewertungsmanagement-Geheimnisse: von Estimotos Erfolg lernen + Trustpilot-Skandal! ","""ProvenExpert | NEWS"" <news@provenexpert.com>","[news@provenexpert.com]","[]","[]","2025-03-17 11:22:30","ba71c5a1-73c7-4ef0-a22c-85a6da3ef61d","SENT","ba71c5a1-73c7-4ef0-a22c-85a6da3ef61d","2025-03-17 11:22:30","<1742206950853.ba71c5a1-73c7-4ef0-a22c-85a6da3ef61d@smtp.hubapi.com>","","","","","","","20185","AbBatch","","","","","","","","","","","","","",""
"uli.bock@doobloo.com","6890244","351930936","","ExpertLetter | Bewertungsmanagement-Geheimnisse: von Estimotos Erfolg lernen + Trustpilot-Skandal! ","""ProvenExpert | NEWS"" <news@provenexpert.com>","[news@provenexpert.com]","[]","[]","2025-03-17 11:22:30","ba71c5a1-73c7-4ef0-a22c-85a6da3ef61d","DELIVERED","10ed08e8-ca7a-3275-b6d9-ea13e20a6867","2025-03-17 11:22:33","<1742206950853.ba71c5a1-73c7-4ef0-a22c-85a6da3ef61d@smtp.hubapi.com>","","","","","","","20185","AbBatch","","","","","","","","","","","","","",""
"melissabreitkreuz@onlinereich.org","6890244","351930936","","ExpertLetter | Bewertungsmanagement-Geheimnisse: von Estimotos Erfolg lernen + Trustpilot-Skandal! ","""ProvenExpert | NEWS"" <news@provenexpert.com>","[news@provenexpert.com]","[]","[]","2025-03-17 11:22:30","8844fb46-fd89-4524-ba62-b0165ca0fbb3","SENT","8844fb46-fd89-4524-ba62-b0165ca0fbb3","2025-03-17 11:22:30","<1742206950030.8844fb46-fd89-4524-ba62-b0165ca0fbb3@smtp.hubapi.com>","","","","","","","20185","AbBatch","","","","","","","","","","","","","",""
"melissabreitkreuz@onlinereich.org","6890244","351930936","","ExpertLetter | Bewertungsmanagement-Geheimnisse: von Estimotos Erfolg lernen + Trustpilot-Skandal! ","""ProvenExpert | NEWS"" <news@provenexpert.com>","[news@provenexpert.com]","[]","[]","2025-03-17 11:22:30","8844fb46-fd89-4524-ba62-b0165ca0fbb3","OPEN","a6eacd6d-368d-3b78-8f4e-5b25dea99a60","2025-03-17 11:30:27","<1742206950030.8844fb46-fd89-4524-ba62-b0165ca0fbb3@smtp.hubapi.com>","","","","","","","20185","AbBatch","Mozilla/5.0 (Windows NT 5.1; rv:11.0) Gecko Firefox/11.0 (via ggpht.com GoogleImageProxy)","Unknown","Unknown","Unknown","","","","0","","","","","",""
"melissabreitkreuz@onlinereich.org","6890244","351930936","","ExpertLetter | Bewertungsmanagement-Geheimnisse: von Estimotos Erfolg lernen + Trustpilot-Skandal! ","""ProvenExpert | NEWS"" <news@provenexpert.com>","[news@provenexpert.com]","[]","[]","2025-03-17 11:22:30","8844fb46-fd89-4524-ba62-b0165ca0fbb3","OPEN","f34e4538-26e6-337c-8dc0-315463a9eeba","2025-03-17 11:28:47","<1742206950030.8844fb46-fd89-4524-ba62-b0165ca0fbb3@smtp.hubapi.com>","","","","","","","20185","AbBatch","Mozilla/5.0 (Windows NT 5.1; rv:11.0) Gecko Firefox/11.0 (via ggpht.com GoogleImageProxy)","Unknown","Unknown","Unknown","","","","0","","","","","",""
"melissabreitkreuz@onlinereich.org","6890244","351930936","","ExpertLetter | Bewertungsmanagement-Geheimnisse: von Estimotos Erfolg lernen + Trustpilot-Skandal! ","""ProvenExpert | NEWS"" <news@provenexpert.com>","[news@provenexpert.com]","[]","[]","2025-03-17 11:22:30","8844fb46-fd89-4524-ba62-b0165ca0fbb3","OPEN","5a261eca-33d8-3469-bcc5-ff927f5fca25","2025-03-17 11:27:13","<1742206950030.8844fb46-fd89-4524-ba62-b0165ca0fbb3@smtp.hubapi.com>","","","","","","","20185","AbBatch","Mozilla/5.0 (Windows NT 5.1; rv:11.0) Gecko Firefox/11.0 (via ggpht.com GoogleImageProxy)","Unknown","Unknown","Unknown","","","","0","","","","","",""
"melissabreitkreuz@onlinereich.org","6890244","351930936","","ExpertLetter | Bewertungsmanagement-Geheimnisse: von Estimotos Erfolg lernen + Trustpilot-Skandal! ","""ProvenExpert | NEWS"" <news@provenexpert.com>","[news@provenexpert.com]","[]","[]","2025-03-17 11:22:30","8844fb46-fd89-4524-ba62-b0165ca0fbb3","DELIVERED","af2c1912-ff6e-3ae1-8f45-d7df452aae47","2025-03-17 11:22:31","<1742206950030.8844fb46-fd89-4524-ba62-b0165ca0fbb3@smtp.hubapi.com>","","","","","","","20185","AbBatch","","","","","","","","","","","","","",""
"oliver@9010.com","6890244","351930935","","ExpertLetter | Brisante Trustpilot-Enthüllungen + WIX & WordPress kommen!","""ProvenExpert | NEWS"" <news@provenexpert.com>","[news@provenexpert.com]","[]","[]","2025-03-17 11:21:09","fecd2a63-89ef-4196-935d-677f4153b111","DELIVERED","027f4c1e-30b3-3fa9-a99e-9c8b4e4d3e30","2025-03-17 11:21:10","<1742206869759.fecd2a63-89ef-4196-935d-677f4153b111@smtp.hubapi.com>","","","","","","","20185","AbBatch","","","","","","","","","","","","","",""
"oliver@9010.com","6890244","351930935","","ExpertLetter | Brisante Trustpilot-Enthüllungen + WIX & WordPress kommen!","""ProvenExpert | NEWS"" <news@provenexpert.com>","[news@provenexpert.com]","[]","[]","2025-03-17 11:21:09","fecd2a63-89ef-4196-935d-677f4153b111","SENT","fecd2a63-89ef-4196-935d-677f4153b111","2025-03-17 11:21:09","<1742206869759.fecd2a63-89ef-4196-935d-677f4153b111@smtp.hubapi.com>","","","","","","","20185","AbBatch","","","","","","","","","","","","","",""
"oliver@9010.com","6890244","351930935","","ExpertLetter | Brisante Trustpilot-Enthüllungen + WIX & WordPress kommen!","""ProvenExpert | NEWS"" <news@provenexpert.com>","[news@provenexpert.com]","[]","[]","2025-03-17 11:21:09","fecd2a63-89ef-4196-935d-677f4153b111","OPEN","caf1fb88-67a8-374e-a5b3-fa23a015cc10","2025-03-17 15:14:53","<1742206869759.fecd2a63-89ef-4196-935d-677f4153b111@smtp.hubapi.com>","","","","","","","20185","AbBatch","Mozilla/5.0 (Windows NT 5.1; rv:11.0) Gecko Firefox/11.0 (via ggpht.com GoogleImageProxy)","Unknown","Unknown","Unknown","","","","0","","","","","",""
"oliver@9010.com","6890244","351930935","","ExpertLetter | Brisante Trustpilot-Enthüllungen + WIX & WordPress kommen!","""ProvenExpert | NEWS"" <news@provenexpert.com>","[news@provenexpert.com]","[]","[]","2025-03-17 11:21:09","fecd2a63-89ef-4196-935d-677f4153b111","OPEN","2de1dd1c-0acc-3194-a175-50241a04e049","2025-03-17 15:14:54","<1742206869759.fecd2a63-89ef-4196-935d-677f4153b111@smtp.hubapi.com>","","","","","","","20185","AbBatch","Mozilla/5.0 (Windows NT 5.1; rv:11.0) Gecko Firefox/11.0 (via ggpht.com GoogleImageProxy)","Unknown","Unknown","Unknown","","","","0","","","","","",""
"dbr-germany@provenexpert.com","6890244","351930936","","ExpertLetter | Bewertungsmanagement-Geheimnisse: von Estimotos Erfolg lernen + Trustpilot-Skandal! ","""ProvenExpert | NEWS"" <news@provenexpert.com>","[news@provenexpert.com]","[]","[]","2025-03-17 11:22:30","dcd3e108-2f43-463d-a860-06c130f6a90f","DELIVERED","ec20456c-ee49-312d-af10-1d17e751c78d","2025-03-17 11:22:33","<1742206950585.dcd3e108-2f43-463d-a860-06c130f6a90f@smtp.hubapi.com>","","","","","","","20185","AbBatch","","","","","","","","","","","","","",""
"dbr-germany@provenexpert.com","6890244","351930936","","ExpertLetter | Bewertungsmanagement-Geheimnisse: von Estimotos Erfolg lernen + Trustpilot-Skandal! ","""ProvenExpert | NEWS"" <news@provenexpert.com>","[news@provenexpert.com]","[]","[]","2025-03-17 11:22:30","dcd3e108-2f43-463d-a860-06c130f6a90f","SENT","dcd3e108-2f43-463d-a860-06c130f6a90f","2025-03-17 11:22:30","<1742206950585.dcd3e108-2f43-463d-a860-06c130f6a90f@smtp.hubapi.com>","","","","","","","20185","AbBatch","","","","","","","","","","","","","",""
"info@chifinity.com","6890244","351930936","","ExpertLetter | Bewertungsmanagement-Geheimnisse: von Estimotos Erfolg lernen + Trustpilot-Skandal! ","""ProvenExpert | NEWS"" <news@provenexpert.com>","[news@provenexpert.com]","[]","[]","2025-03-17 11:19:49","1aac4076-a05f-4f46-9837-f6f9b332c5a4","DELIVERED","d23871f5-17bd-3a89-9506-dd5b68f094c3","2025-03-17 11:19:56","<1742206789800.1aac4076-a05f-4f46-9837-f6f9b332c5a4@smtp.hubapi.com>","","","","","","","20185","AbBatch","","","","","","","","","","","","","",""
"info@chifinity.com","6890244","351930936","","ExpertLetter | Bewertungsmanagement-Geheimnisse: von Estimotos Erfolg lernen + Trustpilot-Skandal! ","""ProvenExpert | NEWS"" <news@provenexpert.com>","[news@provenexpert.com]","[]","[]","2025-03-17 11:19:49","1aac4076-a05f-4f46-9837-f6f9b332c5a4","SENT","1aac4076-a05f-4f46-9837-f6f9b332c5a4","2025-03-17 11:19:49","<1742206789800.1aac4076-a05f-4f46-9837-f6f9b332c5a4@smtp.hubapi.com>","","","","","","","20185","AbBatch","","","","","","","","","","","","","",""
"info@weg-adresse.com","6890244","351930935","","ExpertLetter | Brisante Trustpilot-Enthüllungen + WIX & WordPress kommen!","""ProvenExpert | NEWS"" <news@provenexpert.com>","[news@provenexpert.com]","[]","[]","2025-03-17 11:22:30","640eeaac-3814-4877-b088-5aa61d178483","DELIVERED","cf818889-90f7-3e7b-a01f-707bc7f25ed7","2025-03-17 11:22:33","<1742206950926.640eeaac-3814-4877-b088-5aa61d178483@smtp.hubapi.com>","","","","","","","20185","AbBatch","","","","","","","","","","","","","",""
"info@weg-adresse.com","6890244","351930935","","ExpertLetter | Brisante Trustpilot-Enthüllungen + WIX & WordPress kommen!","""ProvenExpert | NEWS"" <news@provenexpert.com>","[news@provenexpert.com]","[]","[]","2025-03-17 11:22:30","640eeaac-3814-4877-b088-5aa61d178483","SENT","640eeaac-3814-4877-b088-5aa61d178483","2025-03-17 11:22:30","<1742206950926.640eeaac-3814-4877-b088-5aa61d178483@smtp.hubapi.com>","","","","","","","20185","AbBatch","","","","","","","","","","","","","",""
"hola@droptienda.com","6890244","351930936","","ExpertLetter | Bewertungsmanagement-Geheimnisse: von Estimotos Erfolg lernen + Trustpilot-Skandal! ","""ProvenExpert | NEWS"" <news@provenexpert.com>","[news@provenexpert.com]","[]","[]","2025-03-17 11:22:30","e27af280-ec62-4231-98c0-cd1f1adf86eb","SENT","e27af280-ec62-4231-98c0-cd1f1adf86eb","2025-03-17 11:22:30","<1742206950292.e27af280-ec62-4231-98c0-cd1f1adf86eb@smtp.hubapi.com>","","","","","","","20185","AbBatch","","","","","","","","","","","","","",""
"hola@droptienda.com","6890244","351930936","","ExpertLetter | Bewertungsmanagement-Geheimnisse: von Estimotos Erfolg lernen + Trustpilot-Skandal! ","""ProvenExpert | NEWS"" <news@provenexpert.com>","[news@provenexpert.com]","[]","[]","2025-03-17 11:22:30","e27af280-ec62-4231-98c0-cd1f1adf86eb","DELIVERED","8fe65489-8536-3a26-8142-403dca976df2","2025-03-17 11:22:32","<1742206950292.e27af280-ec62-4231-98c0-cd1f1adf86eb@smtp.hubapi.com>","","","","","","","20185","AbBatch","","","","","","","","","","","","","",""
"ja-ich-will@diegutemappe.de","6890244","351930935","","ExpertLetter | Brisante Trustpilot-Enthüllungen + WIX & WordPress kommen!","""ProvenExpert | NEWS"" <news@provenexpert.com>","[news@provenexpert.com]","[]","[]","2025-03-17 11:22:31","7fb8f53b-a7ec-4e89-893e-e7834834d195","DROPPED","7fb8f53b-a7ec-4e89-893e-e7834834d195","2025-03-17 11:22:31","<1742206951001.7fb8f53b-a7ec-4e89-893e-e7834834d195@smtp.hubapi.com>","","","f1b39781-b201-3558-b520-9fd2bc5bd8c1","2025-03-07 08:14:23","PREVIOUSLY_BOUNCED","Recipient has previously bounced.","20185","AbBatch","","","","","","","","","550","550 5.7.1 <ja-ich-will@diegutemappe.de>: Recipient address rejected: Mail appeared to be SPAM or forged. Ask your Mail/DNS-Administrator to correct HELO and DNS MX settings or to get removed from DNSBLs","550 5.7.1 <ja-ich-will@diegutemappe.de>: Recipient address rejected: Mail appeared to be SPAM or forged. Ask your Mail/DNS-Administrator to correct HELO and DNS MX settings or to get removed from DNSBLs","","",""
"perushop24@web.de","6890244","351930935","","ExpertLetter | Brisante Trustpilot-Enthüllungen + WIX & WordPress kommen!","""ProvenExpert | NEWS"" <news@provenexpert.com>","[news@provenexpert.com]","[]","[]","2025-03-17 11:22:29","e3518d56-a416-4012-bb73-ec9d8aeb7c42","DELIVERED","e736dd7f-20fa-369c-83e5-0b20a8e6d774","2025-03-17 11:22:31","<1742206949849.e3518d56-a416-4012-bb73-ec9d8aeb7c42@smtp.hubapi.com>","","","","","","","20185","AbBatch","","","","","","","","","","","","","",""
"perushop24@web.de","6890244","351930935","","ExpertLetter | Brisante Trustpilot-Enthüllungen + WIX & WordPress kommen!","""ProvenExpert | NEWS"" <news@provenexpert.com>","[news@provenexpert.com]","[]","[]","2025-03-17 11:22:29","e3518d56-a416-4012-bb73-ec9d8aeb7c42","OPEN","4c0c04c0-6f61-3116-b751-4288bd87bb51","2025-03-17 15:03:12","<1742206949849.e3518d56-a416-4012-bb73-ec9d8aeb7c42@smtp.hubapi.com>","","","","","","","20185","AbBatch","Mozilla/4.0 (compatible; MSIE 7.0; Windows NT 6.2; WOW64; Trident/7.0; .NET4.0C; .NET4.0E; .NET CLR 2.0.50727; .NET CLR 3.0.30729; .NET CLR 3.5.30729; InfoPath.2; InfoPath.3; Creative AutoUpdate v1.41.07; MALNJS; MSOffice 12)","","nordrhein-westfalen","GERMANY","","","","7413","","","","","",""
"perushop24@web.de","6890244","351930935","","ExpertLetter | Brisante Trustpilot-Enthüllungen + WIX & WordPress kommen!","""ProvenExpert | NEWS"" <news@provenexpert.com>","[news@provenexpert.com]","[]","[]","2025-03-17 11:22:29","e3518d56-a416-4012-bb73-ec9d8aeb7c42","SENT","e3518d56-a416-4012-bb73-ec9d8aeb7c42","2025-03-17 11:22:29","<1742206949849.e3518d56-a416-4012-bb73-ec9d8aeb7c42@smtp.hubapi.com>","","","","","","","20185","AbBatch","","","","","","","","","","","","","",""
"perushop24@web.de","6890244","351930935","","ExpertLetter | Brisante Trustpilot-Enthüllungen + WIX & WordPress kommen!","""ProvenExpert | NEWS"" <news@provenexpert.com>","[news@provenexpert.com]","[]","[]","2025-03-17 11:22:29","e3518d56-a416-4012-bb73-ec9d8aeb7c42","OPEN","5e13725b-59a0-3057-94e5-3dc35cedc8a3","2025-03-17 15:03:12","<1742206949849.e3518d56-a416-4012-bb73-ec9d8aeb7c42@smtp.hubapi.com>","","","","","","","20185","AbBatch","Mozilla/4.0 (compatible; MSIE 7.0; Windows NT 6.2; WOW64; Trident/7.0; .NET4.0C; .NET4.0E; .NET CLR 2.0.50727; .NET CLR 3.0.30729; .NET CLR 3.5.30729; InfoPath.2; InfoPath.3; Creative AutoUpdate v1.41.07; MALNJS; MSOffice 12)","","nordrhein-westfalen","GERMANY","","","","7688","","","","","",""
"kontakt@traum-urlaub-florida.de","6890244","351930936","","ExpertLetter | Bewertungsmanagement-Geheimnisse: von Estimotos Erfolg lernen + Trustpilot-Skandal! ","""ProvenExpert | NEWS"" <news@provenexpert.com>","[news@provenexpert.com]","[]","[]","2025-03-17 11:19:49","d931ed3f-9f4d-4417-9489-6f3de98e86ae","DELIVERED","6e07c0ce-06cd-3a54-a79a-03a1c8bab744","2025-03-17 11:19:52","<1742206789834.d931ed3f-9f4d-4417-9489-6f3de98e86ae@smtp.hubapi.com>","","","","","","","20185","AbBatch","","","","","","","","","","","","","",""
"kontakt@traum-urlaub-florida.de","6890244","351930936","","ExpertLetter | Bewertungsmanagement-Geheimnisse: von Estimotos Erfolg lernen + Trustpilot-Skandal! ","""ProvenExpert | NEWS"" <news@provenexpert.com>","[news@provenexpert.com]","[]","[]","2025-03-17 11:19:49","d931ed3f-9f4d-4417-9489-6f3de98e86ae","SENT","d931ed3f-9f4d-4417-9489-6f3de98e86ae","2025-03-17 11:19:49","<1742206789834.d931ed3f-9f4d-4417-9489-6f3de98e86ae@smtp.hubapi.com>","","","","","","","20185","AbBatch","","","","","","","","","","","","","",""
"info@spionage-kamera.com","6890244","351930936","","ExpertLetter | Bewertungsmanagement-Geheimnisse: von Estimotos Erfolg lernen + Trustpilot-Skandal! ","""ProvenExpert | NEWS"" <news@provenexpert.com>","[news@provenexpert.com]","[]","[]","2025-03-17 11:22:30","60eff3fa-79ce-4abe-ba45-16df6aae7388","DELIVERED","d8ad53a0-ef4a-3d9f-bb0b-a80aaa44a6ab","2025-03-17 11:22:31","<1742206950136.60eff3fa-79ce-4abe-ba45-16df6aae7388@smtp.hubapi.com>","","","","","","","20185","AbBatch","","","","","","","","","","","","","",""
"info@spionage-kamera.com","6890244","351930936","","ExpertLetter | Bewertungsmanagement-Geheimnisse: von Estimotos Erfolg lernen + Trustpilot-Skandal! ","""ProvenExpert | NEWS"" <news@provenexpert.com>","[news@provenexpert.com]","[]","[]","2025-03-17 11:22:30","60eff3fa-79ce-4abe-ba45-16df6aae7388","SENT","60eff3fa-79ce-4abe-ba45-16df6aae7388","2025-03-17 11:22:30","<1742206950136.60eff3fa-79ce-4abe-ba45-16df6aae7388@smtp.hubapi.com>","","","","","","","20185","AbBatch","","","","","","","","","","","","","",""
"info@fxsttrading.com","6890244","351930935","","ExpertLetter | Brisante Trustpilot-Enthüllungen + WIX & WordPress kommen!","""ProvenExpert | NEWS"" <news@provenexpert.com>","[news@provenexpert.com]","[]","[]","2025-03-17 11:21:09","2b816d74-9e54-417e-8d03-2d99608ba98a","SENT","2b816d74-9e54-417e-8d03-2d99608ba98a","2025-03-17 11:21:09","<1742206869813.2b816d74-9e54-417e-8d03-2d99608ba98a@smtp.hubapi.com>","","","","","","","20185","AbBatch","","","","","","","","","","","","","",""
"info@fxsttrading.com","6890244","351930935","","ExpertLetter | Brisante Trustpilot-Enthüllungen + WIX & WordPress kommen!","""ProvenExpert | NEWS"" <news@provenexpert.com>","[news@provenexpert.com]","[]","[]","2025-03-17 11:21:09","2b816d74-9e54-417e-8d03-2d99608ba98a","DELIVERED","2c3393cc-4832-3f8c-a4c4-bd9be33b13a7","2025-03-17 11:21:53","<1742206869813.2b816d74-9e54-417e-8d03-2d99608ba98a@smtp.hubapi.com>","","","","","","","20185","AbBatch","","","","","","","","","","","","","",""
"muftester+stageregtest3@googlemail.com","6890244","351930936","","ExpertLetter | Bewertungsmanagement-Geheimnisse: von Estimotos Erfolg lernen + Trustpilot-Skandal! ","""ProvenExpert | NEWS"" <news@provenexpert.com>","[news@provenexpert.com]","[]","[]","2025-03-17 11:19:49","31922498-0bea-4ce3-ba81-e9a6b549ccea","DELIVERED","03ef665a-e85e-31b7-825e-9c025d20f911","2025-03-17 11:19:50","<1742206789886.31922498-0bea-4ce3-ba81-e9a6b549ccea@smtp.hubapi.com>","","","","","","","20185","AbBatch","","","","","","","","","","","","","",""
"muftester+stageregtest3@googlemail.com","6890244","351930936","","ExpertLetter | Bewertungsmanagement-Geheimnisse: von Estimotos Erfolg lernen + Trustpilot-Skandal! ","""ProvenExpert | NEWS"" <news@provenexpert.com>","[news@provenexpert.com]","[]","[]","2025-03-17 11:19:49","31922498-0bea-4ce3-ba81-e9a6b549ccea","SENT","31922498-0bea-4ce3-ba81-e9a6b549ccea","2025-03-17 11:19:49","<1742206789886.31922498-0bea-4ce3-ba81-e9a6b549ccea@smtp.hubapi.com>","","","","","","","20185","AbBatch","","","","","","","","","","","","","",""
"support@usecabe.com","6890244","351930935","","ExpertLetter | Brisante Trustpilot-Enthüllungen + WIX & WordPress kommen!","""ProvenExpert | NEWS"" <news@provenexpert.com>","[news@provenexpert.com]","[]","[]","2025-03-17 11:22:29","ce6e6f1b-69a6-4bbd-a838-bc7c1ecae4d2","SENT","ce6e6f1b-69a6-4bbd-a838-bc7c1ecae4d2","2025-03-17 11:22:29","<1742206949868.ce6e6f1b-69a6-4bbd-a838-bc7c1ecae4d2@smtp.hubapi.com>","","","","","","","20185","AbBatch","","","","","","","","","","","","","",""
"support@usecabe.com","6890244","351930935","","ExpertLetter | Brisante Trustpilot-Enthüllungen + WIX & WordPress kommen!","""ProvenExpert | NEWS"" <news@provenexpert.com>","[news@provenexpert.com]","[]","[]","2025-03-17 11:22:29","ce6e6f1b-69a6-4bbd-a838-bc7c1ecae4d2","OPEN","aacfb937-ecea-3e4a-9260-4177a5cd64ed","2025-03-17 15:41:17","<1742206949868.ce6e6f1b-69a6-4bbd-a838-bc7c1ecae4d2@smtp.hubapi.com>","","","","","","","20185","AbBatch","Mozilla/5.0 (Windows NT 5.1; rv:11.0) Gecko Firefox/11.0 (via ggpht.com GoogleImageProxy)","Unknown","Unknown","Unknown","","","","0","","","","","",""
"support@usecabe.com","6890244","351930935","","ExpertLetter | Brisante Trustpilot-Enthüllungen + WIX & WordPress kommen!","""ProvenExpert | NEWS"" <news@provenexpert.com>","[news@provenexpert.com]","[]","[]","2025-03-17 11:22:29","ce6e6f1b-69a6-4bbd-a838-bc7c1ecae4d2","DELIVERED","34e4a29f-4ffa-3415-9077-a13a43174579","2025-03-17 11:22:30","<1742206949868.ce6e6f1b-69a6-4bbd-a838-bc7c1ecae4d2@smtp.hubapi.com>","","","","","","","20185","AbBatch","","","","","","","","","","","","","",""
"kontakt@juliatrost.de","6890244","351930935","","ExpertLetter | Brisante Trustpilot-Enthüllungen + WIX & WordPress kommen!","""ProvenExpert | NEWS"" <news@provenexpert.com>","[news@provenexpert.com]","[]","[]","2025-03-17 11:22:31","6f68a189-aefa-4502-964c-8c30edf2ca0c","SENT","6f68a189-aefa-4502-964c-8c30edf2ca0c","2025-03-17 11:22:31","<1742206951114.6f68a189-aefa-4502-964c-8c30edf2ca0c@smtp.hubapi.com>","","","","","","","20185","AbBatch","","","","","","","","","","","","","",""
"kontakt@juliatrost.de","6890244","351930935","","ExpertLetter | Brisante Trustpilot-Enthüllungen + WIX & WordPress kommen!","""ProvenExpert | NEWS"" <news@provenexpert.com>","[news@provenexpert.com]","[]","[]","2025-03-17 11:22:31","6f68a189-aefa-4502-964c-8c30edf2ca0c","DELIVERED","ca3016bc-1919-38ca-95d9-a6f96513e6ae","2025-03-17 11:22:33","<1742206951114.6f68a189-aefa-4502-964c-8c30edf2ca0c@smtp.hubapi.com>","","","","","","","20185","AbBatch","","","","","","","","","","","","","",""
"felixrippl@gmail.com","6890244","351930936","","ExpertLetter | Bewertungsmanagement-Geheimnisse: von Estimotos Erfolg lernen + Trustpilot-Skandal! ","""ProvenExpert | NEWS"" <news@provenexpert.com>","[news@provenexpert.com]","[]","[]","2025-03-17 11:22:30","111744a3-d981-4da7-8e62-70561eda7723","DELIVERED","0937c839-2487-34c6-b6f9-78e742bbba41","2025-03-17 11:22:32","<1742206950729.111744a3-d981-4da7-8e62-70561eda7723@smtp.hubapi.com>","","","","","","","20185","AbBatch","","","","","","","","","","","","","",""
"felixrippl@gmail.com","6890244","351930936","","ExpertLetter | Bewertungsmanagement-Geheimnisse: von Estimotos Erfolg lernen + Trustpilot-Skandal! ","""ProvenExpert | NEWS"" <news@provenexpert.com>","[news@provenexpert.com]","[]","[]","2025-03-17 11:22:30","111744a3-d981-4da7-8e62-70561eda7723","SENT","111744a3-d981-4da7-8e62-70561eda7723","2025-03-17 11:22:30","<1742206950729.111744a3-d981-4da7-8e62-70561eda7723@smtp.hubapi.com>","","","","","","","20185","AbBatch","","","","","","","","","","","","","",""
"mair@naturns.it","6890244","351930936","","ExpertLetter | Bewertungsmanagement-Geheimnisse: von Estimotos Erfolg lernen + Trustpilot-Skandal! ","""ProvenExpert | NEWS"" <news@provenexpert.com>","[news@provenexpert.com]","[]","[]","2025-03-17 11:19:49","af6b43a8-3777-4d06-951c-41f66d2ef214","DROPPED","af6b43a8-3777-4d06-951c-41f66d2ef214","2025-03-17 11:19:49","<1742206789715.af6b43a8-3777-4d06-951c-41f66d2ef214@smtp.hubapi.com>","","","195c8006-9c27-3757-b3b5-c090a178aaa7","2024-10-01 09:00:45","PREVIOUSLY_BOUNCED","Recipient has previously bounced.","20185","AbBatch","","","","","","","","","550","smtp;550 5.1.10 RESOLVER.ADR.RecipientNotFound; Recipient not found by SMTP address lookup","smtp;550 5.1.10 RESOLVER.ADR.RecipientNotFound; Recipient not found by SMTP address lookup","","",""
"marketing@cosmedica.com","6890244","351930936","","ExpertLetter | Bewertungsmanagement-Geheimnisse: von Estimotos Erfolg lernen + Trustpilot-Skandal! ","""ProvenExpert | NEWS"" <news@provenexpert.com>","[news@provenexpert.com]","[]","[]","2025-03-17 11:22:30","5e0366fd-cd3e-4373-81f6-b31481c74b77","SENT","5e0366fd-cd3e-4373-81f6-b31481c74b77","2025-03-17 11:22:30","<1742206950049.5e0366fd-cd3e-4373-81f6-b31481c74b77@smtp.hubapi.com>","","","","","","","20185","AbBatch","","","","","","","","","","","","","",""
"marketing@cosmedica.com","6890244","351930936","","ExpertLetter | Bewertungsmanagement-Geheimnisse: von Estimotos Erfolg lernen + Trustpilot-Skandal! ","""ProvenExpert | NEWS"" <news@provenexpert.com>","[news@provenexpert.com]","[]","[]","2025-03-17 11:22:30","5e0366fd-cd3e-4373-81f6-b31481c74b77","DELIVERED","1089327f-dd8a-32c2-a7dc-97b3adde9d3a","2025-03-17 11:22:31","<1742206950049.5e0366fd-cd3e-4373-81f6-b31481c74b77@smtp.hubapi.com>","","","","","","","20185","AbBatch","","","","","","","","","","","","","",""
"leoniemanthey@gmail.com","6890244","351930935","","ExpertLetter | Brisante Trustpilot-Enthüllungen + WIX & WordPress kommen!","""ProvenExpert | NEWS"" <news@provenexpert.com>","[news@provenexpert.com]","[]","[]","2025-03-17 11:22:30","1a939ad5-178a-44ea-8dfb-6e5660db42b5","SENT","1a939ad5-178a-44ea-8dfb-6e5660db42b5","2025-03-17 11:22:30","<1742206950942.1a939ad5-178a-44ea-8dfb-6e5660db42b5@smtp.hubapi.com>","","","","","","","20185","AbBatch","","","","","","","","","","","","","",""
"leoniemanthey@gmail.com","6890244","351930935","","ExpertLetter | Brisante Trustpilot-Enthüllungen + WIX & WordPress kommen!","""ProvenExpert | NEWS"" <news@provenexpert.com>","[news@provenexpert.com]","[]","[]","2025-03-17 11:22:30","1a939ad5-178a-44ea-8dfb-6e5660db42b5","DELIVERED","4aced395-556c-36c1-bf8f-fd5295ab5723","2025-03-17 11:22:33","<1742206950942.1a939ad5-178a-44ea-8dfb-6e5660db42b5@smtp.hubapi.com>","","","","","","","20185","AbBatch","","","","","","","","","","","","","",""
"kczyz@provenexpert.com","6890244","351930935","","ExpertLetter | Brisante Trustpilot-Enthüllungen + WIX & WordPress kommen!","""ProvenExpert | NEWS"" <news@provenexpert.com>","[news@provenexpert.com]","[]","[]","2025-03-17 11:22:31","40ea6c9c-f722-4d88-a853-3fe3b8273994","DELIVERED","22eaaefe-010f-37fb-be47-49dca69069bf","2025-03-17 11:22:33","<1742206951136.40ea6c9c-f722-4d88-a853-3fe3b8273994@smtp.hubapi.com>","","","","","","","20185","AbBatch","","","","","","","","","","","","","",""
"kczyz@provenexpert.com","6890244","351930935","","ExpertLetter | Brisante Trustpilot-Enthüllungen + WIX & WordPress kommen!","""ProvenExpert | NEWS"" <news@provenexpert.com>","[news@provenexpert.com]","[]","[]","2025-03-17 11:22:31","40ea6c9c-f722-4d88-a853-3fe3b8273994","SENT","40ea6c9c-f722-4d88-a853-3fe3b8273994","2025-03-17 11:22:31","<1742206951136.40ea6c9c-f722-4d88-a853-3fe3b8273994@smtp.hubapi.com>","","","","","","","20185","AbBatch","","","","","","","","","","","","","",""
"Contact hidden","6890244","351930936","","ExpertLetter | Bewertungsmanagement-Geheimnisse: von Estimotos Erfolg lernen + Trustpilot-Skandal! ","""ProvenExpert | NEWS"" <news@provenexpert.com>","[news@provenexpert.com]","[]","[]","2025-03-17 11:22:29","0fec3715-3f82-4dc7-b379-99fc20994e74","SENT","0fec3715-3f82-4dc7-b379-99fc20994e74","2025-03-17 11:22:29","<1742206949924.0fec3715-3f82-4dc7-b379-99fc20994e74@smtp.hubapi.com>","","","","","","","20185","AbBatch","","","","","","","","","","","","","",""
"Contact hidden","6890244","351930936","","ExpertLetter | Bewertungsmanagement-Geheimnisse: von Estimotos Erfolg lernen + Trustpilot-Skandal! ","""ProvenExpert | NEWS"" <news@provenexpert.com>","[news@provenexpert.com]","[]","[]","2025-03-17 11:22:29","0fec3715-3f82-4dc7-b379-99fc20994e74","DELIVERED","67663eb2-0890-30e2-b363-f82f9a0d6c8e","2025-03-17 11:22:30","<1742206949924.0fec3715-3f82-4dc7-b379-99fc20994e74@smtp.hubapi.com>","","","","","","","20185","AbBatch","","","","","","","","","","","","","",""
"butrus@gmail.com","6890244","351930936","","ExpertLetter | Bewertungsmanagement-Geheimnisse: von Estimotos Erfolg lernen + Trustpilot-Skandal! ","""ProvenExpert | NEWS"" <news@provenexpert.com>","[news@provenexpert.com]","[]","[]","2025-03-17 11:22:30","18f1c24b-5f4c-4ac7-a913-cb09cc936f25","SENT","18f1c24b-5f4c-4ac7-a913-cb09cc936f25","2025-03-17 11:22:30","<1742206950870.18f1c24b-5f4c-4ac7-a913-cb09cc936f25@smtp.hubapi.com>","","","","","","","20185","AbBatch","","","","","","","","","","","","","",""
"butrus@gmail.com","6890244","351930936","","ExpertLetter | Bewertungsmanagement-Geheimnisse: von Estimotos Erfolg lernen + Trustpilot-Skandal! ","""ProvenExpert | NEWS"" <news@provenexpert.com>","[news@provenexpert.com]","[]","[]","2025-03-17 11:22:30","18f1c24b-5f4c-4ac7-a913-cb09cc936f25","OPEN","1e5249eb-5826-3877-b4d6-5ced4b95bf73","2025-03-18 08:47:42","<1742206950870.18f1c24b-5f4c-4ac7-a913-cb09cc936f25@smtp.hubapi.com>","","","","","","","20185","AbBatch","Mozilla/5.0 (Windows NT 5.1; rv:11.0) Gecko Firefox/11.0 (via ggpht.com GoogleImageProxy)","Unknown","Unknown","Unknown","","","","0","","","","","",""
"butrus@gmail.com","6890244","351930936","","ExpertLetter | Bewertungsmanagement-Geheimnisse: von Estimotos Erfolg lernen + Trustpilot-Skandal! ","""ProvenExpert | NEWS"" <news@provenexpert.com>","[news@provenexpert.com]","[]","[]","2025-03-17 11:22:30","18f1c24b-5f4c-4ac7-a913-cb09cc936f25","OPEN","03928b80-8b43-36be-b27b-fd2cdcf9d00f","2025-03-18 08:47:43","<1742206950870.18f1c24b-5f4c-4ac7-a913-cb09cc936f25@smtp.hubapi.com>","","","","","","","20185","AbBatch","Mozilla/5.0 (Windows NT 5.1; rv:11.0) Gecko Firefox/11.0 (via ggpht.com GoogleImageProxy)","Unknown","Unknown","Unknown","","","","0","","","","","",""
"butrus@gmail.com","6890244","351930936","","ExpertLetter | Bewertungsmanagement-Geheimnisse: von Estimotos Erfolg lernen + Trustpilot-Skandal! ","""ProvenExpert | NEWS"" <news@provenexpert.com>","[news@provenexpert.com]","[]","[]","2025-03-17 11:22:30","18f1c24b-5f4c-4ac7-a913-cb09cc936f25","DELIVERED","fc6cbd31-cc9f-3b58-8981-9a80770ec43a","2025-03-17 11:22:32","<1742206950870.18f1c24b-5f4c-4ac7-a913-cb09cc936f25@smtp.hubapi.com>","","","","","","","20185","AbBatch","","","","","","","","","","","","","",""
"info@awl-zentrum.de","6890244","351930936","","ExpertLetter | Bewertungsmanagement-Geheimnisse: von Estimotos Erfolg lernen + Trustpilot-Skandal! ","""ProvenExpert | NEWS"" <news@provenexpert.com>","[news@provenexpert.com]","[]","[]","2025-03-17 11:22:31","9b47047d-853b-42c1-964e-62af93c37fca","SENT","9b47047d-853b-42c1-964e-62af93c37fca","2025-03-17 11:22:31","<1742206951141.9b47047d-853b-42c1-964e-62af93c37fca@smtp.hubapi.com>","","","","","","","20185","AbBatch","","","","","","","","","","","","","",""
"info@awl-zentrum.de","6890244","351930936","","ExpertLetter | Bewertungsmanagement-Geheimnisse: von Estimotos Erfolg lernen + Trustpilot-Skandal! ","""ProvenExpert | NEWS"" <news@provenexpert.com>","[news@provenexpert.com]","[]","[]","2025-03-17 11:22:31","9b47047d-853b-42c1-964e-62af93c37fca","OPEN","5dbd9a1e-f6cc-3709-8f8c-69f584465290","2025-03-17 11:33:35","<1742206951141.9b47047d-853b-42c1-964e-62af93c37fca@smtp.hubapi.com>","","","","","","","20185","AbBatch","Mozilla/5.0 (Macintosh; Intel Mac OS X 10_15_7) AppleWebKit/537.36 (KHTML, like Gecko) Chrome/134.0.0.0 Safari/537.36","madrid","madrid","SPAIN","","","","0","","","","","",""
"info@awl-zentrum.de","6890244","351930936","","ExpertLetter | Bewertungsmanagement-Geheimnisse: von Estimotos Erfolg lernen + Trustpilot-Skandal! ","""ProvenExpert | NEWS"" <news@provenexpert.com>","[news@provenexpert.com]","[]","[]","2025-03-17 11:22:31","9b47047d-853b-42c1-964e-62af93c37fca","OPEN","42b80602-caba-30a8-953d-758e94c39358","2025-03-17 11:28:52","<1742206951141.9b47047d-853b-42c1-964e-62af93c37fca@smtp.hubapi.com>","","","","","","","20185","AbBatch","Mozilla/5.0 (Macintosh; Intel Mac OS X 10_15_7) AppleWebKit/537.36 (KHTML, like Gecko) Chrome/134.0.0.0 Safari/537.36","madrid","madrid","SPAIN","","","","16794","","","","","",""
"info@awl-zentrum.de","6890244","351930936","","ExpertLetter | Bewertungsmanagement-Geheimnisse: von Estimotos Erfolg lernen + Trustpilot-Skandal! ","""ProvenExpert | NEWS"" <news@provenexpert.com>","[news@provenexpert.com]","[]","[]","2025-03-17 11:22:31","9b47047d-853b-42c1-964e-62af93c37fca","DELIVERED","e498598d-e441-3ede-b111-52cef9695e95","2025-03-17 11:22:35","<1742206951141.9b47047d-853b-42c1-964e-62af93c37fca@smtp.hubapi.com>","","","","","","","20185","AbBatch","","","","","","","","","","","","","",""
"info@awl-zentrum.de","6890244","351930936","","ExpertLetter | Bewertungsmanagement-Geheimnisse: von Estimotos Erfolg lernen + Trustpilot-Skandal! ","""ProvenExpert | NEWS"" <news@provenexpert.com>","[news@provenexpert.com]","[]","[]","2025-03-17 11:22:31","9b47047d-853b-42c1-964e-62af93c37fca","OPEN","d300f4fc-99e1-34cf-a1d0-692a063d3bef","2025-06-11 22:43:26","<1742206951141.9b47047d-853b-42c1-964e-62af93c37fca@smtp.hubapi.com>","","","","","","","20185","AbBatch","Mozilla/5.0 (Macintosh; Intel Mac OS X 10_15_7) AppleWebKit/537.36 (KHTML, like Gecko) Chrome/137.0.0.0 Safari/537.36","estepona","malaga","SPAIN","","","","2577","","","","","",""
"info@awl-zentrum.de","6890244","351930936","","ExpertLetter | Bewertungsmanagement-Geheimnisse: von Estimotos Erfolg lernen + Trustpilot-Skandal! ","""ProvenExpert | NEWS"" <news@provenexpert.com>","[news@provenexpert.com]","[]","[]","2025-03-17 11:22:31","9b47047d-853b-42c1-964e-62af93c37fca","OPEN","ba9a00c7-09db-3674-864a-901e460d1fdc","2025-06-11 22:43:26","<1742206951141.9b47047d-853b-42c1-964e-62af93c37fca@smtp.hubapi.com>","","","","","","","20185","AbBatch","Mozilla/5.0 (Macintosh; Intel Mac OS X 10_15_7) AppleWebKit/537.36 (KHTML, like Gecko) Chrome/137.0.0.0 Safari/537.36","estepona","malaga","SPAIN","","","","1249","","","","","",""
"katrin.moser@karriereweg.com","6890244","351930935","","ExpertLetter | Brisante Trustpilot-Enthüllungen + WIX & WordPress kommen!","""ProvenExpert | NEWS"" <news@provenexpert.com>","[news@provenexpert.com]","[]","[]","2025-03-17 11:22:30","019796d8-b2c5-4a9b-b92c-7d812717ef15","SENT","019796d8-b2c5-4a9b-b92c-7d812717ef15","2025-03-17 11:22:30","<1742206950297.019796d8-b2c5-4a9b-b92c-7d812717ef15@smtp.hubapi.com>","","","","","","","20185","AbBatch","","","","","","","","","","","","","",""
"katrin.moser@karriereweg.com","6890244","351930935","","ExpertLetter | Brisante Trustpilot-Enthüllungen + WIX & WordPress kommen!","""ProvenExpert | NEWS"" <news@provenexpert.com>","[news@provenexpert.com]","[]","[]","2025-03-17 11:22:30","019796d8-b2c5-4a9b-b92c-7d812717ef15","DELIVERED","cccdf7a5-ff03-3062-81d4-7eefb6a8fe5b","2025-03-17 11:22:31","<1742206950297.019796d8-b2c5-4a9b-b92c-7d812717ef15@smtp.hubapi.com>","","","","","","","20185","AbBatch","","","","","","","","","","","","","",""
"nicole.lange@gesundheitsbox.net","6890244","351930935","","ExpertLetter | Brisante Trustpilot-Enthüllungen + WIX & WordPress kommen!","""ProvenExpert | NEWS"" <news@provenexpert.com>","[news@provenexpert.com]","[]","[]","2025-03-17 11:22:30","2d4212a8-12fb-4a19-a28b-b53164a82e60","OPEN","e0c6734d-2731-3382-8c51-b9da826c91b0","2025-03-17 21:38:09","<1742206950280.2d4212a8-12fb-4a19-a28b-b53164a82e60@smtp.hubapi.com>","","","","","","","20185","AbBatch","Mozilla/5.0 (Windows NT 5.1; rv:11.0) Gecko Firefox/11.0 (via ggpht.com GoogleImageProxy)","Unknown","Unknown","Unknown","","","","0","","","","","",""
"nicole.lange@gesundheitsbox.net","6890244","351930935","","ExpertLetter | Brisante Trustpilot-Enthüllungen + WIX & WordPress kommen!","""ProvenExpert | NEWS"" <news@provenexpert.com>","[news@provenexpert.com]","[]","[]","2025-03-17 11:22:30","2d4212a8-12fb-4a19-a28b-b53164a82e60","OPEN","ac65ac13-6e6f-399e-9b47-bdca25376f9d","2025-03-17 21:39:39","<1742206950280.2d4212a8-12fb-4a19-a28b-b53164a82e60@smtp.hubapi.com>","","","","","","","20185","AbBatch","Mozilla/5.0 (Windows NT 5.1; rv:11.0) Gecko Firefox/11.0 (via ggpht.com GoogleImageProxy)","Unknown","Unknown","Unknown","","","","0","","","","","",""
"nicole.lange@gesundheitsbox.net","6890244","351930935","","ExpertLetter | Brisante Trustpilot-Enthüllungen + WIX & WordPress kommen!","""ProvenExpert | NEWS"" <news@provenexpert.com>","[news@provenexpert.com]","[]","[]","2025-03-17 11:22:30","2d4212a8-12fb-4a19-a28b-b53164a82e60","SENT","2d4212a8-12fb-4a19-a28b-b53164a82e60","2025-03-17 11:22:30","<1742206950280.2d4212a8-12fb-4a19-a28b-b53164a82e60@smtp.hubapi.com>","","","","","","","20185","AbBatch","","","","","","","","","","","","","",""
"nicole.lange@gesundheitsbox.net","6890244","351930935","","ExpertLetter | Brisante Trustpilot-Enthüllungen + WIX & WordPress kommen!","""ProvenExpert | NEWS"" <news@provenexpert.com>","[news@provenexpert.com]","[]","[]","2025-03-17 11:22:30","2d4212a8-12fb-4a19-a28b-b53164a82e60","CLICK","caa98163-7bb8-3659-9254-58193f1c47b5","2025-03-17 21:38:06","<1742206950280.2d4212a8-12fb-4a19-a28b-b53164a82e60@smtp.hubapi.com>","","","","","","","20185","AbBatch","Mozilla/5.0 (Windows NT 10.0; Win64; x64) AppleWebKit/537.36 (KHTML, like Gecko) Chrome/133.0.0.0 Safari/537.36","lagos","faro","PORTUGAL","","","https://blog.provenexpert.com/de/die-schattenseite-von-trustpilot/?utm_term=3&utm_campaign=NL1225&utm_medium=email&_hsmi=351930935&utm_content=DE_NL-CW12-25_ROW-DE-PAIDvA&utm_source=hubspot","","","","","","",""
"nicole.lange@gesundheitsbox.net","6890244","351930935","","ExpertLetter | Brisante Trustpilot-Enthüllungen + WIX & WordPress kommen!","""ProvenExpert | NEWS"" <news@provenexpert.com>","[news@provenexpert.com]","[]","[]","2025-03-17 11:22:30","2d4212a8-12fb-4a19-a28b-b53164a82e60","DELIVERED","6c7d8bda-17eb-3131-8b7c-418aef5f891e","2025-03-17 11:22:31","<1742206950280.2d4212a8-12fb-4a19-a28b-b53164a82e60@smtp.hubapi.com>","","","","","","","20185","AbBatch","","","","","","","","","","","","","",""
"nicole.lange@gesundheitsbox.net","6890244","351930935","","ExpertLetter | Brisante Trustpilot-Enthüllungen + WIX & WordPress kommen!","""ProvenExpert | NEWS"" <news@provenexpert.com>","[news@provenexpert.com]","[]","[]","2025-03-17 11:22:30","2d4212a8-12fb-4a19-a28b-b53164a82e60","OPEN","d51c1fa6-6d7a-30a3-8e5c-a0b65940c3a6","2025-03-17 21:38:06","<1742206950280.2d4212a8-12fb-4a19-a28b-b53164a82e60@smtp.hubapi.com>","","","","","","","20185","AbBatch","Mozilla/5.0 (Windows NT 5.1; rv:11.0) Gecko Firefox/11.0 (via ggpht.com GoogleImageProxy)","Unknown","Unknown","Unknown","","","","0","","","","","",""
"nicole.lange@gesundheitsbox.net","6890244","351930935","","ExpertLetter | Brisante Trustpilot-Enthüllungen + WIX & WordPress kommen!","""ProvenExpert | NEWS"" <news@provenexpert.com>","[news@provenexpert.com]","[]","[]","2025-03-17 11:22:30","2d4212a8-12fb-4a19-a28b-b53164a82e60","OPEN","bbe4d6fd-b319-3127-9827-1d09488a57bc","2025-03-17 21:37:39","<1742206950280.2d4212a8-12fb-4a19-a28b-b53164a82e60@smtp.hubapi.com>","","","","","","","20185","AbBatch","Mozilla/5.0 (Windows NT 5.1; rv:11.0) Gecko Firefox/11.0 (via ggpht.com GoogleImageProxy)","Unknown","Unknown","Unknown","","","","0","","","","","",""
"wolfofsportwettenllc@gmail.com","6890244","351930935","","ExpertLetter | Brisante Trustpilot-Enthüllungen + WIX & WordPress kommen!","""ProvenExpert | NEWS"" <news@provenexpert.com>","[news@provenexpert.com]","[]","[]","2025-03-17 11:22:29","52d4f4ec-4e58-4817-b139-227301c1e5c2","DELIVERED","a710e0aa-a5a0-3e0a-91cf-9cd7eb735385","2025-03-17 11:22:30","<1742206949918.52d4f4ec-4e58-4817-b139-227301c1e5c2@smtp.hubapi.com>","","","","","","","20185","AbBatch","","","","","","","","","","","","","",""
"wolfofsportwettenllc@gmail.com","6890244","351930935","","ExpertLetter | Brisante Trustpilot-Enthüllungen + WIX & WordPress kommen!","""ProvenExpert | NEWS"" <news@provenexpert.com>","[news@provenexpert.com]","[]","[]","2025-03-17 11:22:29","52d4f4ec-4e58-4817-b139-227301c1e5c2","SENT","52d4f4ec-4e58-4817-b139-227301c1e5c2","2025-03-17 11:22:29","<1742206949918.52d4f4ec-4e58-4817-b139-227301c1e5c2@smtp.hubapi.com>","","","","","","","20185","AbBatch","","","","","","","","","","","","","",""
"info@rechnungsprofi.de","6890244","351930936","","ExpertLetter | Bewertungsmanagement-Geheimnisse: von Estimotos Erfolg lernen + Trustpilot-Skandal! ","""ProvenExpert | NEWS"" <news@provenexpert.com>","[news@provenexpert.com]","[]","[]","2025-03-17 11:22:30","8cae4467-667a-4a2c-9743-e90b94e755fb","DROPPED","8cae4467-667a-4a2c-9743-e90b94e755fb","2025-03-17 11:22:30","<1742206950781.8cae4467-667a-4a2c-9743-e90b94e755fb@smtp.hubapi.com>","","","49e95d6e-6917-3357-a3a3-7c04b381d17d","2021-06-09 16:19:13","PREVIOUSLY_BOUNCED","Recipient has previously bounced.","20185","AbBatch","","","","","","","","","550","550-Requested action not taken: mailbox unavailable 550 invalid DNS MX or A/AAAA resource record","550-Requested action not taken: mailbox unavailable 550 invalid DNS MX or A/AAAA resource record","","",""
"mail@prolon-fasten.com","6890244","351930935","","ExpertLetter | Brisante Trustpilot-Enthüllungen + WIX & WordPress kommen!","""ProvenExpert | NEWS"" <news@provenexpert.com>","[news@provenexpert.com]","[]","[]","2025-03-17 11:22:31","b07492bd-08e7-4046-87c6-3dd7bd320f23","SENT","b07492bd-08e7-4046-87c6-3dd7bd320f23","2025-03-17 11:22:31","<1742206951009.b07492bd-08e7-4046-87c6-3dd7bd320f23@smtp.hubapi.com>","","","","","","","20185","AbBatch","","","","","","","","","","","","","",""
"mail@prolon-fasten.com","6890244","351930935","","ExpertLetter | Brisante Trustpilot-Enthüllungen + WIX & WordPress kommen!","""ProvenExpert | NEWS"" <news@provenexpert.com>","[news@provenexpert.com]","[]","[]","2025-03-17 11:22:31","b07492bd-08e7-4046-87c6-3dd7bd320f23","OPEN","5dd60ab1-e734-3c3b-9948-3c9b9e2a937b","2025-03-17 19:01:55","<1742206951009.b07492bd-08e7-4046-87c6-3dd7bd320f23@smtp.hubapi.com>","","","34525331-d508-37d4-969c-ac6b56501fe5","2025-03-17 19:01:55","","","20185","AbBatch","Mozilla/5.0 (Macintosh; Intel Mac OS X 10.15; rv:136.0) Gecko/20100101 Firefox/136.0","","nordrhein-westfalen","GERMANY","","","","null","","","","","",""
"mail@prolon-fasten.com","6890244","351930935","","ExpertLetter | Brisante Trustpilot-Enthüllungen + WIX & WordPress kommen!","""ProvenExpert | NEWS"" <news@provenexpert.com>","[news@provenexpert.com]","[]","[]","2025-03-17 11:22:31","b07492bd-08e7-4046-87c6-3dd7bd320f23","CLICK","34525331-d508-37d4-969c-ac6b56501fe5","2025-03-17 19:01:55","<1742206951009.b07492bd-08e7-4046-87c6-3dd7bd320f23@smtp.hubapi.com>","","","","","","","20185","AbBatch","Mozilla/5.0 (Macintosh; Intel Mac OS X 10.15; rv:136.0) Gecko/20100101 Firefox/136.0","","nordrhein-westfalen","GERMANY","","","https://blog.provenexpert.com/de/die-schattenseite-von-trustpilot/?utm_term=3&utm_campaign=NL1225&utm_medium=email&_hsmi=351930935&utm_content=DE_NL-CW12-25_ROW-DE-PAIDvA&utm_source=hubspot","","","","","","",""
"mail@prolon-fasten.com","6890244","351930935","","ExpertLetter | Brisante Trustpilot-Enthüllungen + WIX & WordPress kommen!","""ProvenExpert | NEWS"" <news@provenexpert.com>","[news@provenexpert.com]","[]","[]","2025-03-17 11:22:31","b07492bd-08e7-4046-87c6-3dd7bd320f23","DELIVERED","a8ddb3b1-b9ce-3524-9b34-5eb35433bbfe","2025-03-17 11:22:36","<1742206951009.b07492bd-08e7-4046-87c6-3dd7bd320f23@smtp.hubapi.com>","","","","","","","20185","AbBatch","","","","","","","","","","","","","",""
"info@dropinportugal.com","6890244","351930935","","ExpertLetter | Brisante Trustpilot-Enthüllungen + WIX & WordPress kommen!","""ProvenExpert | NEWS"" <news@provenexpert.com>","[news@provenexpert.com]","[]","[]","2025-03-17 11:22:30","58bca5b9-ad70-4e83-bef3-619a3e071068","OPEN","a4e0c60d-833c-369d-ad45-56497c4d150e","2025-03-17 13:30:59","<1742206950910.58bca5b9-ad70-4e83-bef3-619a3e071068@smtp.hubapi.com>","","","","","","","20185","AbBatch","Mozilla/5.0 (Macintosh; Intel Mac OS X 10_14_6) AppleWebKit/605.1.15 (KHTML, like Gecko)","caldas da rainha","leiria","PORTUGAL","","","","4912","","","","","",""
"info@dropinportugal.com","6890244","351930935","","ExpertLetter | Brisante Trustpilot-Enthüllungen + WIX & WordPress kommen!","""ProvenExpert | NEWS"" <news@provenexpert.com>","[news@provenexpert.com]","[]","[]","2025-03-17 11:22:30","58bca5b9-ad70-4e83-bef3-619a3e071068","OPEN","1a336a06-f3bb-3f3a-bd3b-b856e7dfe139","2025-03-17 13:30:41","<1742206950910.58bca5b9-ad70-4e83-bef3-619a3e071068@smtp.hubapi.com>","","","","","","","20185","AbBatch","Mozilla/5.0 (Macintosh; Intel Mac OS X 10_14_6) AppleWebKit/605.1.15 (KHTML, like Gecko)","caldas da rainha","leiria","PORTUGAL","","","","15969","","","","","",""
"info@dropinportugal.com","6890244","351930935","","ExpertLetter | Brisante Trustpilot-Enthüllungen + WIX & WordPress kommen!","""ProvenExpert | NEWS"" <news@provenexpert.com>","[news@provenexpert.com]","[]","[]","2025-03-17 11:22:30","58bca5b9-ad70-4e83-bef3-619a3e071068","SENT","58bca5b9-ad70-4e83-bef3-619a3e071068","2025-03-17 11:22:30","<1742206950910.58bca5b9-ad70-4e83-bef3-619a3e071068@smtp.hubapi.com>","","","","","","","20185","AbBatch","","","","","","","","","","","","","",""
"info@dropinportugal.com","6890244","351930935","","ExpertLetter | Brisante Trustpilot-Enthüllungen + WIX & WordPress kommen!","""ProvenExpert | NEWS"" <news@provenexpert.com>","[news@provenexpert.com]","[]","[]","2025-03-17 11:22:30","58bca5b9-ad70-4e83-bef3-619a3e071068","DELIVERED","f69993bf-bd8e-31b8-8c09-60b0f70965f7","2025-03-17 11:22:33","<1742206950910.58bca5b9-ad70-4e83-bef3-619a3e071068@smtp.hubapi.com>","","","","","","","20185","AbBatch","","","","","","","","","","","","","",""
"kontakt@jennifer-borris.de","6890244","351930935","","ExpertLetter | Brisante Trustpilot-Enthüllungen + WIX & WordPress kommen!","""ProvenExpert | NEWS"" <news@provenexpert.com>","[news@provenexpert.com]","[]","[]","2025-03-17 11:22:30","1a80aa9d-6df1-4704-a2a0-a3d5861116aa","OPEN","8ddd5b26-0065-319f-8b53-bc86ca726204","2025-03-17 16:06:07","<1742206950312.1a80aa9d-6df1-4704-a2a0-a3d5861116aa@smtp.hubapi.com>","","","","","","","20185","AbBatch","Mozilla/5.0 (Macintosh; Intel Mac OS X 10_15_7) AppleWebKit/605.1.15 (KHTML, like Gecko)","frankfurt am main","hessen","GERMANY","","","","5319","","","","","",""
"info@dilaraveh.de","6890244","351930936","","ExpertLetter | Bewertungsmanagement-Geheimnisse: von Estimotos Erfolg lernen + Trustpilot-Skandal! ","""ProvenExpert | NEWS"" <news@provenexpert.com>","[news@provenexpert.com]","[]","[]","2025-03-17 11:22:30","7b7139bf-ab0d-42d4-94f8-183e5536455d","DROPPED","7b7139bf-ab0d-42d4-94f8-183e5536455d","2025-03-17 11:22:30","<1742206950420.7b7139bf-ab0d-42d4-94f8-183e5536455d@smtp.hubapi.com>","","","eff4e727-44bc-349b-b7f1-6c200d309eab","2024-10-16 08:58:21","PREVIOUSLY_BOUNCED","Recipient has previously bounced.","20185","AbBatch","","","","","","","","","499","x-unix; /bin/sh: /usr/local/bin/clamfilter.pl: No such file or
    directory procmail: Error while writing to ""/usr/local/bin/clamfilter.pl""
    procmail: Rescue of unfiltered data succeeded lda(web230p2): Error:
    net_connect_unix(/run/dovecot/stats-writer) failed: Permission denied Not
    enough disk quota procmail: Program failure (77) of
    ""/usr/lib/dovecot/deliver"" procmail: Quota exceeded while writing
    ""/home/web230p2/Maildir/tmp/1729061900.3277322_0.s175.goserver.host""
    procmail: Quota exceeded while writing ""/var/mail/web230p2""","x-unix; /bin/sh: /usr/local/bin/clamfilter.pl: No such file or
    directory procmail: Error while writing to ""/usr/local/bin/clamfilter.pl""
    procmail: Rescue of unfiltered data succeeded lda(web230p2): Error:
    net_connect_unix(/run/dovecot/stats-writer) failed: Permission denied Not
    enough disk quota procmail: Program failure (77) of
    ""/usr/lib/dovecot/deliver"" procmail: Quota exceeded while writing
    ""/home/web230p2/Maildir/tmp/1729061900.3277322_0.s175.goserver.host""
    procmail: Quota exceeded while writing ""/var/mail/web230p2""","","",""
"kontakt@jennifer-borris.de","6890244","351930935","","ExpertLetter | Brisante Trustpilot-Enthüllungen + WIX & WordPress kommen!","""ProvenExpert | NEWS"" <news@provenexpert.com>","[news@provenexpert.com]","[]","[]","2025-03-17 11:22:30","1a80aa9d-6df1-4704-a2a0-a3d5861116aa","OPEN","1a890cb1-b9d0-35fa-a9b4-bb6721a975d8","2025-03-17 16:57:53","<1742206950312.1a80aa9d-6df1-4704-a2a0-a3d5861116aa@smtp.hubapi.com>","","","","","","","20185","AbBatch","Mozilla/5.0 (Macintosh; Intel Mac OS X 10_15_7) AppleWebKit/605.1.15 (KHTML, like Gecko)","frankfurt am main","hessen","GERMANY","","","","33787","","","","","",""
"kontakt@jennifer-borris.de","6890244","351930935","","ExpertLetter | Brisante Trustpilot-Enthüllungen + WIX & WordPress kommen!","""ProvenExpert | NEWS"" <news@provenexpert.com>","[news@provenexpert.com]","[]","[]","2025-03-17 11:22:30","1a80aa9d-6df1-4704-a2a0-a3d5861116aa","OPEN","ca18734d-8934-37a0-af03-dbec6f3f1508","2025-03-18 07:16:30","<1742206950312.1a80aa9d-6df1-4704-a2a0-a3d5861116aa@smtp.hubapi.com>","","","","","","","20185","AbBatch","Mozilla/5.0 (Macintosh; Intel Mac OS X 10_15_7) AppleWebKit/605.1.15 (KHTML, like Gecko)","frankfurt am main","hessen","GERMANY","","","","0","","","","","",""
"kontakt@jennifer-borris.de","6890244","351930935","","ExpertLetter | Brisante Trustpilot-Enthüllungen + WIX & WordPress kommen!","""ProvenExpert | NEWS"" <news@provenexpert.com>","[news@provenexpert.com]","[]","[]","2025-03-17 11:22:30","1a80aa9d-6df1-4704-a2a0-a3d5861116aa","DELIVERED","6414d968-18dd-3ef3-81c8-2923adc32489","2025-03-17 11:22:31","<1742206950312.1a80aa9d-6df1-4704-a2a0-a3d5861116aa@smtp.hubapi.com>","","","","","","","20185","AbBatch","","","","","","","","","","","","","",""
"kontakt@jennifer-borris.de","6890244","351930935","","ExpertLetter | Brisante Trustpilot-Enthüllungen + WIX & WordPress kommen!","""ProvenExpert | NEWS"" <news@provenexpert.com>","[news@provenexpert.com]","[]","[]","2025-03-17 11:22:30","1a80aa9d-6df1-4704-a2a0-a3d5861116aa","SENT","1a80aa9d-6df1-4704-a2a0-a3d5861116aa","2025-03-17 11:22:30","<1742206950312.1a80aa9d-6df1-4704-a2a0-a3d5861116aa@smtp.hubapi.com>","","","","","","","20185","AbBatch","","","","","","","","","","","","","",""
"info@goring-online.com","6890244","351930936","","ExpertLetter | Bewertungsmanagement-Geheimnisse: von Estimotos Erfolg lernen + Trustpilot-Skandal! ","""ProvenExpert | NEWS"" <news@provenexpert.com>","[news@provenexpert.com]","[]","[]","2025-03-17 11:19:49","92b94f6e-30a0-49a9-afea-2e43520d7880","OPEN","4a431799-5d2b-3721-aa2d-87ac5d343a17","2025-03-17 11:33:53","<1742206789924.92b94f6e-30a0-49a9-afea-2e43520d7880@smtp.hubapi.com>","","","","","","","20185","AbBatch","Mozilla/4.0 (compatible; ms-office; MSOffice 16)","","alicante","SPAIN","","","","0","","","","","",""
"info@goring-online.com","6890244","351930936","","ExpertLetter | Bewertungsmanagement-Geheimnisse: von Estimotos Erfolg lernen + Trustpilot-Skandal! ","""ProvenExpert | NEWS"" <news@provenexpert.com>","[news@provenexpert.com]","[]","[]","2025-03-17 11:19:49","92b94f6e-30a0-49a9-afea-2e43520d7880","SENT","92b94f6e-30a0-49a9-afea-2e43520d7880","2025-03-17 11:19:49","<1742206789924.92b94f6e-30a0-49a9-afea-2e43520d7880@smtp.hubapi.com>","","","","","","","20185","AbBatch","","","","","","","","","","","","","",""
"info@goring-online.com","6890244","351930936","","ExpertLetter | Bewertungsmanagement-Geheimnisse: von Estimotos Erfolg lernen + Trustpilot-Skandal! ","""ProvenExpert | NEWS"" <news@provenexpert.com>","[news@provenexpert.com]","[]","[]","2025-03-17 11:19:49","92b94f6e-30a0-49a9-afea-2e43520d7880","DELIVERED","3d60e0da-19dc-3592-afc4-f7fee167a009","2025-03-17 11:19:55","<1742206789924.92b94f6e-30a0-49a9-afea-2e43520d7880@smtp.hubapi.com>","","","","","","","20185","AbBatch","","","","","","","","","","","","","",""
"katrin@tradavo.eu","6890244","351930935","","ExpertLetter | Brisante Trustpilot-Enthüllungen + WIX & WordPress kommen!","""ProvenExpert | NEWS"" <news@provenexpert.com>","[news@provenexpert.com]","[]","[]","2025-03-17 11:22:30","53bc177f-5fde-44c1-9971-ee88537fb765","SENT","53bc177f-5fde-44c1-9971-ee88537fb765","2025-03-17 11:22:30","<1742206950844.53bc177f-5fde-44c1-9971-ee88537fb765@smtp.hubapi.com>","","","","","","","20185","AbBatch","","","","","","","","","","","","","",""
"katrin@tradavo.eu","6890244","351930935","","ExpertLetter | Brisante Trustpilot-Enthüllungen + WIX & WordPress kommen!","""ProvenExpert | NEWS"" <news@provenexpert.com>","[news@provenexpert.com]","[]","[]","2025-03-17 11:22:30","53bc177f-5fde-44c1-9971-ee88537fb765","DELIVERED","7e2a31d4-b7a9-33b3-af0e-e3de15b41029","2025-03-17 11:22:33","<1742206950844.53bc177f-5fde-44c1-9971-ee88537fb765@smtp.hubapi.com>","","","","","","","20185","AbBatch","","","","","","","","","","","","","",""
"community@soulfood-programm.de","6890244","351930935","","ExpertLetter | Brisante Trustpilot-Enthüllungen + WIX & WordPress kommen!","""ProvenExpert | NEWS"" <news@provenexpert.com>","[news@provenexpert.com]","[]","[]","2025-03-17 11:21:09","e1a74fd8-98fa-4934-bb00-4fe8bcfb911d","SENT","e1a74fd8-98fa-4934-bb00-4fe8bcfb911d","2025-03-17 11:21:09","<1742206869884.e1a74fd8-98fa-4934-bb00-4fe8bcfb911d@smtp.hubapi.com>","","","","","","","20185","AbBatch","","","","","","","","","","","","","",""
"community@soulfood-programm.de","6890244","351930935","","ExpertLetter | Brisante Trustpilot-Enthüllungen + WIX & WordPress kommen!","""ProvenExpert | NEWS"" <news@provenexpert.com>","[news@provenexpert.com]","[]","[]","2025-03-17 11:21:09","e1a74fd8-98fa-4934-bb00-4fe8bcfb911d","DELIVERED","72992872-aa2f-35f5-963f-f1a2a65ac1e3","2025-03-17 11:21:12","<1742206869884.e1a74fd8-98fa-4934-bb00-4fe8bcfb911d@smtp.hubapi.com>","","","","","","","20185","AbBatch","","","","","","","","","","","","","",""
"rating@uaeandmore.com","6890244","351930935","","ExpertLetter | Brisante Trustpilot-Enthüllungen + WIX & WordPress kommen!","""ProvenExpert | NEWS"" <news@provenexpert.com>","[news@provenexpert.com]","[]","[]","2025-03-17 11:21:09","77f1d2a1-9c38-4b6f-8735-b32c2e3c74ab","SENT","77f1d2a1-9c38-4b6f-8735-b32c2e3c74ab","2025-03-17 11:21:09","<1742206869795.77f1d2a1-9c38-4b6f-8735-b32c2e3c74ab@smtp.hubapi.com>","","","","","","","20185","AbBatch","","","","","","","","","","","","","",""
"rating@uaeandmore.com","6890244","351930935","","ExpertLetter | Brisante Trustpilot-Enthüllungen + WIX & WordPress kommen!","""ProvenExpert | NEWS"" <news@provenexpert.com>","[news@provenexpert.com]","[]","[]","2025-03-17 11:21:09","77f1d2a1-9c38-4b6f-8735-b32c2e3c74ab","OPEN","670fab62-c4ca-3cdb-8378-b2895d18ffe7","2025-03-22 11:30:58","<1742206869795.77f1d2a1-9c38-4b6f-8735-b32c2e3c74ab@smtp.hubapi.com>","","","","","","","20185","AbBatch","Mozilla/5.0 (Windows NT 5.1; rv:11.0) Gecko Firefox/11.0 (via ggpht.com GoogleImageProxy)","Unknown","Unknown","Unknown","","","","0","","","","","",""
"rating@uaeandmore.com","6890244","351930935","","ExpertLetter | Brisante Trustpilot-Enthüllungen + WIX & WordPress kommen!","""ProvenExpert | NEWS"" <news@provenexpert.com>","[news@provenexpert.com]","[]","[]","2025-03-17 11:21:09","77f1d2a1-9c38-4b6f-8735-b32c2e3c74ab","CLICK","aa90ce95-ed87-3be4-ac16-887266f45513","2025-03-22 11:30:59","<1742206869795.77f1d2a1-9c38-4b6f-8735-b32c2e3c74ab@smtp.hubapi.com>","","","","","","","20185","AbBatch","Mozilla/5.0 (Macintosh; Intel Mac OS X 10_15_7) AppleWebKit/537.36 (KHTML, like Gecko) Chrome/134.0.0.0 Safari/537.36","","","CYPRUS","","","https://blog.provenexpert.com/de/die-schattenseite-von-trustpilot/?utm_term=3&utm_campaign=NL1225&utm_medium=email&_hsmi=351930935&utm_content=DE_NL-CW12-25_ROW-DE-PAIDvA&utm_source=hubspot","","","","","","",""
"rating@uaeandmore.com","6890244","351930935","","ExpertLetter | Brisante Trustpilot-Enthüllungen + WIX & WordPress kommen!","""ProvenExpert | NEWS"" <news@provenexpert.com>","[news@provenexpert.com]","[]","[]","2025-03-17 11:21:09","77f1d2a1-9c38-4b6f-8735-b32c2e3c74ab","OPEN","3eeed14f-b23f-3804-9c2c-ac6aa3095fb7","2025-03-22 11:30:49","<1742206869795.77f1d2a1-9c38-4b6f-8735-b32c2e3c74ab@smtp.hubapi.com>","","","","","","","20185","AbBatch","Mozilla/5.0 (Windows NT 5.1; rv:11.0) Gecko Firefox/11.0 (via ggpht.com GoogleImageProxy)","Unknown","Unknown","Unknown","","","","0","","","","","",""
"rating@uaeandmore.com","6890244","351930935","","ExpertLetter | Brisante Trustpilot-Enthüllungen + WIX & WordPress kommen!","""ProvenExpert | NEWS"" <news@provenexpert.com>","[news@provenexpert.com]","[]","[]","2025-03-17 11:21:09","77f1d2a1-9c38-4b6f-8735-b32c2e3c74ab","OPEN","0fa1b9a1-8b21-31ac-b79e-38f0b42fb45d","2025-03-22 11:31:19","<1742206869795.77f1d2a1-9c38-4b6f-8735-b32c2e3c74ab@smtp.hubapi.com>","","","","","","","20185","AbBatch","Mozilla/5.0 (Windows NT 5.1; rv:11.0) Gecko Firefox/11.0 (via ggpht.com GoogleImageProxy)","Unknown","Unknown","Unknown","","","","0","","","","","",""
"rating@uaeandmore.com","6890244","351930935","","ExpertLetter | Brisante Trustpilot-Enthüllungen + WIX & WordPress kommen!","""ProvenExpert | NEWS"" <news@provenexpert.com>","[news@provenexpert.com]","[]","[]","2025-03-17 11:21:09","77f1d2a1-9c38-4b6f-8735-b32c2e3c74ab","OPEN","136989d1-1333-359a-92aa-3039fa9fe2ec","2025-03-22 11:32:49","<1742206869795.77f1d2a1-9c38-4b6f-8735-b32c2e3c74ab@smtp.hubapi.com>","","","","","","","20185","AbBatch","Mozilla/5.0 (Windows NT 5.1; rv:11.0) Gecko Firefox/11.0 (via ggpht.com GoogleImageProxy)","Unknown","Unknown","Unknown","","","","0","","","","","",""
"rating@uaeandmore.com","6890244","351930935","","ExpertLetter | Brisante Trustpilot-Enthüllungen + WIX & WordPress kommen!","""ProvenExpert | NEWS"" <news@provenexpert.com>","[news@provenexpert.com]","[]","[]","2025-03-17 11:21:09","77f1d2a1-9c38-4b6f-8735-b32c2e3c74ab","DELIVERED","ea52ebe7-b2b9-34e9-a007-0cf720fca9c3","2025-03-17 11:21:14","<1742206869795.77f1d2a1-9c38-4b6f-8735-b32c2e3c74ab@smtp.hubapi.com>","","","","","","","20185","AbBatch","","","","","","","","","","","","","",""
"info@wachstumsakademie-maximus.de","6890244","351930935","","ExpertLetter | Brisante Trustpilot-Enthüllungen + WIX & WordPress kommen!","""ProvenExpert | NEWS"" <news@provenexpert.com>","[news@provenexpert.com]","[]","[]","2025-03-17 11:21:09","93bc25d6-f86b-4fb6-9128-aea88e4216e8","DELIVERED","2e47b8d4-4b54-3b76-83bf-f654f254c8c0","2025-03-17 11:21:13","<1742206869777.93bc25d6-f86b-4fb6-9128-aea88e4216e8@smtp.hubapi.com>","","","","","","","20185","AbBatch","","","","","","","","","","","","","",""
"info@wachstumsakademie-maximus.de","6890244","351930935","","ExpertLetter | Brisante Trustpilot-Enthüllungen + WIX & WordPress kommen!","""ProvenExpert | NEWS"" <news@provenexpert.com>","[news@provenexpert.com]","[]","[]","2025-03-17 11:21:09","93bc25d6-f86b-4fb6-9128-aea88e4216e8","SENT","93bc25d6-f86b-4fb6-9128-aea88e4216e8","2025-03-17 11:21:09","<1742206869777.93bc25d6-f86b-4fb6-9128-aea88e4216e8@smtp.hubapi.com>","","","","","","","20185","AbBatch","","","","","","","","","","","","","",""
"fhenrichs@supplementa.com","6890244","351930936","","ExpertLetter | Bewertungsmanagement-Geheimnisse: von Estimotos Erfolg lernen + Trustpilot-Skandal! ","""ProvenExpert | NEWS"" <news@provenexpert.com>","[news@provenexpert.com]","[]","[]","2025-03-17 11:22:30","0a3e48bb-a429-4177-8ac8-5197d989565b","SENT","0a3e48bb-a429-4177-8ac8-5197d989565b","2025-03-17 11:22:30","<1742206950569.0a3e48bb-a429-4177-8ac8-5197d989565b@smtp.hubapi.com>","","","","","","","20185","AbBatch","","","","","","","","","","","","","",""
"fhenrichs@supplementa.com","6890244","351930936","","ExpertLetter | Bewertungsmanagement-Geheimnisse: von Estimotos Erfolg lernen + Trustpilot-Skandal! ","""ProvenExpert | NEWS"" <news@provenexpert.com>","[news@provenexpert.com]","[]","[]","2025-03-17 11:22:30","0a3e48bb-a429-4177-8ac8-5197d989565b","DELIVERED","cb1ecc38-02c4-34af-957d-65ecb0daa6e5","2025-03-17 11:22:34","<1742206950569.0a3e48bb-a429-4177-8ac8-5197d989565b@smtp.hubapi.com>","","","","","","","20185","AbBatch","","","","","","","","","","","","","",""
