campaign_id,campaign_name,source_campaign_id,variant,phase,recipient_id,recipient_linkable,internal_domain_candidate,message_id,event_id,event_type,sent_at_local,event_at_local,subject_template,event_superseded,superseded_by_event_id,caused_by_event_id,link_id,not_sent_reason,bot_filtering_reported
C04,DE_NL-CW12-25_ROW-DE-PAIDvA,351930935,A,test,person_b8b06295387d1336ea169a95,1,0,message_9db30977db4989a4bd0a105a,event_5188da5794a4c4246ad07268,SENT,2025-03-17 11:22:30,2025-03-17 11:22:30,ExpertLetter | Brisante Trustpilot-Enthüllungen + WIX & WordPress kommen!,0,,,,,on
C04,DE_NL-CW12-25_ROW-DE-PAIDvA,351930935,A,test,person_b8b06295387d1336ea169a95,1,0,message_9db30977db4989a4bd0a105a,event_611780ce464bb20ce6199e5f,DELIVERED,2025-03-17 11:22:30,2025-03-17 11:23:04,ExpertLetter | Brisante Trustpilot-Enthüllungen + WIX & WordPress kommen!,0,,,,,on
C04,DE_NL-CW12-25_ROW-DE-PAIDvA,351930936,B,test,person_2cc3fd23cbdc245c1600eb8d,1,0,message_1fa3d4064ab572363845636a,event_a0b21bc487beacda15d4749c,SENT,2025-03-17 11:19:49,2025-03-17 11:19:49,ExpertLetter | Bewertungsmanagement-Geheimnisse: von Estimotos Erfolg lernen + Trustpilot-Skandal!,0,,,,,on
C04,DE_NL-CW12-25_ROW-DE-PAIDvA,351930936,B,test,person_2cc3fd23cbdc245c1600eb8d,1,0,message_1fa3d4064ab572363845636a,event_a915eda5c542839c26bef3da,DELIVERED,2025-03-17 11:19:49,2025-03-17 11:19:52,ExpertLetter | Bewertungsmanagement-Geheimnisse: von Estimotos Erfolg lernen + Trustpilot-Skandal!,0,,,,,on
C04,DE_NL-CW12-25_ROW-DE-PAIDvA,351930936,B,test,person_c85f4ad099e6af902dd99153,1,0,message_8cf6d9377d31fae5d86f07b9,event_82c5fa36a4c0154787bb872c,SENT,2025-03-17 11:22:30,2025-03-17 11:22:30,ExpertLetter | Bewertungsmanagement-Geheimnisse: von Estimotos Erfolg lernen + Trustpilot-Skandal!,0,,,,,on
C04,DE_NL-CW12-25_ROW-DE-PAIDvA,351930936,B,test,person_c85f4ad099e6af902dd99153,1,0,message_8cf6d9377d31fae5d86f07b9,event_ed840c03aef6a5ad2fda8b2c,DELIVERED,2025-03-17 11:22:30,2025-03-17 11:22:32,ExpertLetter | Bewertungsmanagement-Geheimnisse: von Estimotos Erfolg lernen + Trustpilot-Skandal!,0,,,,,on
C04,DE_NL-CW12-25_ROW-DE-PAIDvA,351930935,A,test,person_a25a34a465d4ef792fd1e27c,1,0,message_7e67df199c61cefc4b730765,event_db8d30d4fe0747252e70db11,DELIVERED,2025-03-17 11:21:09,2025-03-17 11:21:15,ExpertLetter | Brisante Trustpilot-Enthüllungen + WIX & WordPress kommen!,0,,,,,on
C04,DE_NL-CW12-25_ROW-DE-PAIDvA,351930935,A,test,person_a25a34a465d4ef792fd1e27c,1,0,message_7e67df199c61cefc4b730765,event_d4dda2048d6b97998978e891,SENT,2025-03-17 11:21:09,2025-03-17 11:21:09,ExpertLetter | Brisante Trustpilot-Enthüllungen + WIX & WordPress kommen!,0,,,,,on
C04,DE_NL-CW12-25_ROW-DE-PAIDvA,351930936,B,test,person_39c2ab0cf677ccb6689a7aa4,1,0,message_a6db9952353598c66800159e,event_a50848f7284a2b4f7ba922a1,SENT,2025-03-17 11:22:29,2025-03-17 11:22:29,ExpertLetter | Bewertungsmanagement-Geheimnisse: von Estimotos Erfolg lernen + Trustpilot-Skandal!,0,,,,,on
C04,DE_NL-CW12-25_ROW-DE-PAIDvA,351930936,B,test,person_39c2ab0cf677ccb6689a7aa4,1,0,message_a6db9952353598c66800159e,event_884f7316d0de385abda32acf,OPEN,2025-03-17 11:22:29,2025-03-17 11:47:16,ExpertLetter | Bewertungsmanagement-Geheimnisse: von Estimotos Erfolg lernen + Trustpilot-Skandal!,0,,,,,on
C04,DE_NL-CW12-25_ROW-DE-PAIDvA,351930936,B,test,person_9ce685f6bad9bf9823704189,1,0,message_7f4de74406fc270119194409,event_6e3902ec238f0b0afc8e6062,DROPPED,2025-03-17 11:22:30,2025-03-17 11:22:30,ExpertLetter | Bewertungsmanagement-Geheimnisse: von Estimotos Erfolg lernen + Trustpilot-Skandal!,0,,event_8fdcf0a960f6f816137285af,,PREVIOUSLY_BOUNCED,on
C04,DE_NL-CW12-25_ROW-DE-PAIDvA,351930936,B,test,person_51160627e27652ccc3e74b6c,1,0,message_3498a2043b3b875455fd44d1,event_bdcb4d6a94e17fc29ad6b54b,DROPPED,2025-03-17 11:22:30,2025-03-17 11:22:30,ExpertLetter | Bewertungsmanagement-Geheimnisse: von Estimotos Erfolg lernen + Trustpilot-Skandal!,0,,event_a549cef7a2dc8a0a738fd98f,,PREVIOUSLY_BOUNCED,on
C04,DE_NL-CW12-25_ROW-DE-PAIDvA,351930936,B,test,person_39c2ab0cf677ccb6689a7aa4,1,0,message_a6db9952353598c66800159e,event_0be6c5219931a1a2b9fab93b,DELIVERED,2025-03-17 11:22:29,2025-03-17 11:22:32,ExpertLetter | Bewertungsmanagement-Geheimnisse: von Estimotos Erfolg lernen + Trustpilot-Skandal!,0,,,,,on
C04,DE_NL-CW12-25_ROW-DE-PAIDvA,351930936,B,test,person_39c2ab0cf677ccb6689a7aa4,1,0,message_a6db9952353598c66800159e,event_6f23a63b3847d6aee18e60b6,OPEN,2025-03-17 11:22:29,2025-03-17 17:24:57,ExpertLetter | Bewertungsmanagement-Geheimnisse: von Estimotos Erfolg lernen + Trustpilot-Skandal!,0,,,,,on
C04,DE_NL-CW12-25_ROW-DE-PAIDvA,351930936,B,test,person_7350aa4123e5a03ba671c2b3,1,0,message_9209c72d1a02b6c3849fccf0,event_64e0b53b3244649f6cbd20e9,OPEN,2025-03-17 11:22:30,2025-03-17 12:04:01,ExpertLetter | Bewertungsmanagement-Geheimnisse: von Estimotos Erfolg lernen + Trustpilot-Skandal!,0,,,,,on
C04,DE_NL-CW12-25_ROW-DE-PAIDvA,351930936,B,test,person_7350aa4123e5a03ba671c2b3,1,0,message_9209c72d1a02b6c3849fccf0,event_56b3ab1e5158a1e5a928d584,OPEN,2025-03-17 11:22:30,2025-03-17 12:30:31,ExpertLetter | Bewertungsmanagement-Geheimnisse: von Estimotos Erfolg lernen + Trustpilot-Skandal!,0,,,,,on
C04,DE_NL-CW12-25_ROW-DE-PAIDvA,351930936,B,test,person_7350aa4123e5a03ba671c2b3,1,0,message_9209c72d1a02b6c3849fccf0,event_c2e1a45e51c8ed0d57bd9eca,OPEN,2025-03-17 11:22:30,2025-03-17 12:30:41,ExpertLetter | Bewertungsmanagement-Geheimnisse: von Estimotos Erfolg lernen + Trustpilot-Skandal!,0,,,,,on
C04,DE_NL-CW12-25_ROW-DE-PAIDvA,351930936,B,test,person_7350aa4123e5a03ba671c2b3,1,0,message_9209c72d1a02b6c3849fccf0,event_1f6fbd3d8ffaebead3f4ca10,SENT,2025-03-17 11:22:30,2025-03-17 11:22:30,ExpertLetter | Bewertungsmanagement-Geheimnisse: von Estimotos Erfolg lernen + Trustpilot-Skandal!,0,,,,,on
C04,DE_NL-CW12-25_ROW-DE-PAIDvA,351930936,B,test,person_7350aa4123e5a03ba671c2b3,1,0,message_9209c72d1a02b6c3849fccf0,event_483f2fc54e35f5106612baaa,DELIVERED,2025-03-17 11:22:30,2025-03-17 11:22:31,ExpertLetter | Bewertungsmanagement-Geheimnisse: von Estimotos Erfolg lernen + Trustpilot-Skandal!,0,,,,,on
C04,DE_NL-CW12-25_ROW-DE-PAIDvA,351930935,A,test,person_0eb302e84fb5b713254c55c3,1,0,message_011a1a56ec7178921153f6c4,event_d0b23df0ac1329f8031b6250,DEFERRED,2025-03-17 11:22:30,2025-03-17 11:27:16,ExpertLetter | Brisante Trustpilot-Enthüllungen + WIX & WordPress kommen!,0,,,,,on
C04,DE_NL-CW12-25_ROW-DE-PAIDvA,351930935,A,test,person_0eb302e84fb5b713254c55c3,1,0,message_011a1a56ec7178921153f6c4,event_8d382dd77d1939575f76118e,DROPPED,2025-03-17 11:22:30,2025-03-17 11:48:44,ExpertLetter | Brisante Trustpilot-Enthüllungen + WIX & WordPress kommen!,0,,,,MTA_IGNORE,on
C04,DE_NL-CW12-25_ROW-DE-PAIDvA,351930935,A,test,person_0eb302e84fb5b713254c55c3,1,0,message_011a1a56ec7178921153f6c4,event_b98d3e47edb3f6ec5e116321,DEFERRED,2025-03-17 11:22:30,2025-03-17 11:46:38,ExpertLetter | Brisante Trustpilot-Enthüllungen + WIX & WordPress kommen!,0,,,,,on
C04,DE_NL-CW12-25_ROW-DE-PAIDvA,351930935,A,test,person_0eb302e84fb5b713254c55c3,1,0,message_011a1a56ec7178921153f6c4,event_4af2a651020ac214a5b8c651,DEFERRED,2025-03-17 11:22:30,2025-03-17 11:23:16,ExpertLetter | Brisante Trustpilot-Enthüllungen + WIX & WordPress kommen!,0,,,,,on
C04,DE_NL-CW12-25_ROW-DE-PAIDvA,351930935,A,test,person_0eb302e84fb5b713254c55c3,1,0,message_011a1a56ec7178921153f6c4,event_d9a290d0cd0de2375deed7e0,SENT,2025-03-17 11:22:30,2025-03-17 11:22:30,ExpertLetter | Brisante Trustpilot-Enthüllungen + WIX & WordPress kommen!,1,event_8d382dd77d1939575f76118e,,,,on
C04,DE_NL-CW12-25_ROW-DE-PAIDvA,351930935,A,test,person_7d2c0bd4fa17653912544a32,1,0,message_a31ca4830839f5dba04dec45,event_44be4ffbfe35bfa6e92c30ea,DELIVERED,2025-03-17 11:22:30,2025-03-17 11:22:32,ExpertLetter | Brisante Trustpilot-Enthüllungen + WIX & WordPress kommen!,0,,,,,on
C04,DE_NL-CW12-25_ROW-DE-PAIDvA,351930935,A,test,person_7d2c0bd4fa17653912544a32,1,0,message_a31ca4830839f5dba04dec45,event_9beefdf85476afe1de47a9c7,SENT,2025-03-17 11:22:30,2025-03-17 11:22:30,ExpertLetter | Brisante Trustpilot-Enthüllungen + WIX & WordPress kommen!,0,,,,,on
C04,DE_NL-CW12-25_ROW-DE-PAIDvA,351930935,A,test,person_33886ea5c2d1fa296f1efc8c,1,0,message_f27ae6590a995615860a9f8d,event_5cc2506631cc9cf8142ad7e9,SENT,2025-03-17 11:21:10,2025-03-17 11:21:10,ExpertLetter | Brisante Trustpilot-Enthüllungen + WIX & WordPress kommen!,0,,,,,on
C04,DE_NL-CW12-25_ROW-DE-PAIDvA,351930935,A,test,person_33886ea5c2d1fa296f1efc8c,1,0,message_f27ae6590a995615860a9f8d,event_c2f3c40e4791162575a313f3,DELIVERED,2025-03-17 11:21:10,2025-03-17 11:21:11,ExpertLetter | Brisante Trustpilot-Enthüllungen + WIX & WordPress kommen!,0,,,,,on
C04,DE_NL-CW12-25_ROW-DE-PAIDvA,351930936,B,test,person_6e165fb9552d6a3861aac0ad,1,0,message_cb385efc37f97e72085d3daa,event_cfd062efb4121b1760558dea,DELIVERED,2025-03-17 11:19:49,2025-03-17 11:19:50,ExpertLetter | Bewertungsmanagement-Geheimnisse: von Estimotos Erfolg lernen + Trustpilot-Skandal!,0,,,,,on
C04,DE_NL-CW12-25_ROW-DE-PAIDvA,351930936,B,test,person_6e165fb9552d6a3861aac0ad,1,0,message_cb385efc37f97e72085d3daa,event_bbbace29363fe5e9c5b83f64,SENT,2025-03-17 11:19:49,2025-03-17 11:19:49,ExpertLetter | Bewertungsmanagement-Geheimnisse: von Estimotos Erfolg lernen + Trustpilot-Skandal!,0,,,,,on
C04,DE_NL-CW12-25_ROW-DE-PAIDvA,351930935,A,test,person_64ffe430e528f4899414feca,1,0,message_3ad4076ad8affb5d9927647b,event_b4088cbab2f7cfa4f26b7821,SENT,2025-03-17 11:21:09,2025-03-17 11:21:09,ExpertLetter | Brisante Trustpilot-Enthüllungen + WIX & WordPress kommen!,0,,,,,on
C04,DE_NL-CW12-25_ROW-DE-PAIDvA,351930935,A,test,person_64ffe430e528f4899414feca,1,0,message_3ad4076ad8affb5d9927647b,event_55eefef450d884a2f15af75a,DELIVERED,2025-03-17 11:21:09,2025-03-17 11:21:10,ExpertLetter | Brisante Trustpilot-Enthüllungen + WIX & WordPress kommen!,0,,,,,on
C04,DE_NL-CW12-25_ROW-DE-PAIDvA,351930936,B,test,person_98ca94d27616b394e57eae3c,1,0,message_2fe7a3e90eb838793fee49fa,event_938ed8c2e6430e8c9648465a,SENT,2025-03-17 11:22:30,2025-03-17 11:22:30,ExpertLetter | Bewertungsmanagement-Geheimnisse: von Estimotos Erfolg lernen + Trustpilot-Skandal!,0,,,,,on
C04,DE_NL-CW12-25_ROW-DE-PAIDvA,351930936,B,test,person_98ca94d27616b394e57eae3c,1,0,message_2fe7a3e90eb838793fee49fa,event_5638c4a334cbe186ccee1ac5,DELIVERED,2025-03-17 11:22:30,2025-03-17 11:22:32,ExpertLetter | Bewertungsmanagement-Geheimnisse: von Estimotos Erfolg lernen + Trustpilot-Skandal!,0,,,,,on
C04,DE_NL-CW12-25_ROW-DE-PAIDvA,351930936,B,test,person_98ca94d27616b394e57eae3c,1,0,message_2fe7a3e90eb838793fee49fa,event_0dde07437c246f29cae94161,OPEN,2025-03-17 11:22:30,2025-03-26 12:59:14,ExpertLetter | Bewertungsmanagement-Geheimnisse: von Estimotos Erfolg lernen + Trustpilot-Skandal!,0,,,,,on
C04,DE_NL-CW12-25_ROW-DE-PAIDvA,351930936,B,test,person_98ca94d27616b394e57eae3c,1,0,message_2fe7a3e90eb838793fee49fa,event_0445d50f0238e940867b8345,OPEN,2025-03-17 11:22:30,2025-03-18 14:20:32,ExpertLetter | Bewertungsmanagement-Geheimnisse: von Estimotos Erfolg lernen + Trustpilot-Skandal!,0,,,,,on
C04,DE_NL-CW12-25_ROW-DE-PAIDvA,351930936,B,test,person_98ca94d27616b394e57eae3c,1,0,message_2fe7a3e90eb838793fee49fa,event_4aabf6ce80c628dc0ef565ca,OPEN,2025-03-17 11:22:30,2025-03-22 15:42:06,ExpertLetter | Bewertungsmanagement-Geheimnisse: von Estimotos Erfolg lernen + Trustpilot-Skandal!,0,,,,,on
C04,DE_NL-CW12-25_ROW-DE-PAIDvA,351930935,A,test,person_cddac0ee771f7769a1331a2c,1,0,message_6372e0b3ba951d60f29d9205,event_a96dab4c98d3917b179151f3,SENT,2025-03-17 11:21:10,2025-03-17 11:21:10,ExpertLetter | Brisante Trustpilot-Enthüllungen + WIX & WordPress kommen!,0,,,,,on
C04,DE_NL-CW12-25_ROW-DE-PAIDvA,351930935,A,test,person_cddac0ee771f7769a1331a2c,1,0,message_6372e0b3ba951d60f29d9205,event_872363b47934c78616346b8b,OPEN,2025-03-17 11:21:10,2025-03-17 11:21:15,ExpertLetter | Brisante Trustpilot-Enthüllungen + WIX & WordPress kommen!,0,,,,,on
C04,DE_NL-CW12-25_ROW-DE-PAIDvA,351930935,A,test,person_cddac0ee771f7769a1331a2c,1,0,message_6372e0b3ba951d60f29d9205,event_4cab40c0e504ef19ba3809c6,OPEN,2025-03-17 11:21:10,2025-03-17 15:07:00,ExpertLetter | Brisante Trustpilot-Enthüllungen + WIX & WordPress kommen!,0,,,,,on
C04,DE_NL-CW12-25_ROW-DE-PAIDvA,351930936,B,test,person_89570665cb7fd0383ace11f5,1,0,message_16a32b06343f9b6332179eb2,event_ff4a181e334fad46e38bc57b,DROPPED,2025-03-17 11:22:30,2025-03-17 11:22:30,ExpertLetter | Bewertungsmanagement-Geheimnisse: von Estimotos Erfolg lernen + Trustpilot-Skandal!,0,,event_7e3f941d74fca3bfa7190e55,,PREVIOUSLY_BOUNCED,on
C04,DE_NL-CW12-25_ROW-DE-PAIDvA,351930935,A,test,person_cddac0ee771f7769a1331a2c,1,0,message_6372e0b3ba951d60f29d9205,event_7996bad6c2ccc2cf3e132b2c,OPEN,2025-03-17 11:21:10,2025-03-17 11:21:16,ExpertLetter | Brisante Trustpilot-Enthüllungen + WIX & WordPress kommen!,0,,,,,on
C04,DE_NL-CW12-25_ROW-DE-PAIDvA,351930935,A,test,person_cddac0ee771f7769a1331a2c,1,0,message_6372e0b3ba951d60f29d9205,event_152052cdffefac42770e72ac,OPEN,2025-03-17 11:21:10,2025-03-17 11:23:21,ExpertLetter | Brisante Trustpilot-Enthüllungen + WIX & WordPress kommen!,0,,,,,on
C04,DE_NL-CW12-25_ROW-DE-PAIDvA,351930935,A,test,person_cddac0ee771f7769a1331a2c,1,0,message_6372e0b3ba951d60f29d9205,event_17f8fa3848e34d45c881b11c,OPEN,2025-03-17 11:21:10,2025-03-19 09:01:09,ExpertLetter | Brisante Trustpilot-Enthüllungen + WIX & WordPress kommen!,0,,,,,on
C04,DE_NL-CW12-25_ROW-DE-PAIDvA,351930935,A,test,person_cddac0ee771f7769a1331a2c,1,0,message_6372e0b3ba951d60f29d9205,event_45d228b05e480a21ae5ed50b,DELIVERED,2025-03-17 11:21:10,2025-03-17 11:21:11,ExpertLetter | Brisante Trustpilot-Enthüllungen + WIX & WordPress kommen!,0,,,,,on
C04,DE_NL-CW12-25_ROW-DE-PAIDvA,351930936,B,test,person_d500620f54eb03139dc89100,1,0,message_01b19712f5034099ffdfb57a,event_3d3d7dc67e183ad1028e1640,SENT,2025-03-17 11:22:29,2025-03-17 11:22:29,ExpertLetter | Bewertungsmanagement-Geheimnisse: von Estimotos Erfolg lernen + Trustpilot-Skandal!,0,,,,,on
C04,DE_NL-CW12-25_ROW-DE-PAIDvA,351930936,B,test,person_d500620f54eb03139dc89100,1,0,message_01b19712f5034099ffdfb57a,event_997dd5115c69f7f57329a9bf,DELIVERED,2025-03-17 11:22:29,2025-03-17 11:22:31,ExpertLetter | Bewertungsmanagement-Geheimnisse: von Estimotos Erfolg lernen + Trustpilot-Skandal!,0,,,,,on
C04,DE_NL-CW12-25_ROW-DE-PAIDvA,351930936,B,test,person_2b9d2e4e37cbf5ad670a2738,1,0,message_a97e1ec0f3e53af2d5e2eaae,event_9ab5e64ee2edf13eeb77db44,DEFERRED,2025-03-17 11:22:30,2025-03-17 11:26:44,ExpertLetter | Bewertungsmanagement-Geheimnisse: von Estimotos Erfolg lernen + Trustpilot-Skandal!,0,,,,,on
C04,DE_NL-CW12-25_ROW-DE-PAIDvA,351930936,B,test,person_2b9d2e4e37cbf5ad670a2738,1,0,message_a97e1ec0f3e53af2d5e2eaae,event_0a4375a25cc053e785de9b60,DEFERRED,2025-03-17 11:22:30,2025-03-17 11:23:17,ExpertLetter | Bewertungsmanagement-Geheimnisse: von Estimotos Erfolg lernen + Trustpilot-Skandal!,0,,,,,on
C04,DE_NL-CW12-25_ROW-DE-PAIDvA,351930936,B,test,person_2b9d2e4e37cbf5ad670a2738,1,0,message_a97e1ec0f3e53af2d5e2eaae,event_9c0c1f549df0ee774cfb6916,SENT,2025-03-17 11:22:30,2025-03-17 11:22:30,ExpertLetter | Bewertungsmanagement-Geheimnisse: von Estimotos Erfolg lernen + Trustpilot-Skandal!,1,event_a6715e26873da79d7aa30fcc,,,,on
C04,DE_NL-CW12-25_ROW-DE-PAIDvA,351930935,A,test,person_e5341e502a173c6f38568b91,1,0,message_fd17e2cb28b66abab99576c6,event_1f94c1fe566f9fcb22b433e8,DROPPED,2025-03-17 11:22:30,2025-03-17 11:22:30,ExpertLetter | Brisante Trustpilot-Enthüllungen + WIX & WordPress kommen!,0,,event_b4e2bd26539cb6d8f4dec2bd,,PREVIOUSLY_BOUNCED,on
C04,DE_NL-CW12-25_ROW-DE-PAIDvA,351930936,B,test,person_2b9d2e4e37cbf5ad670a2738,1,0,message_a97e1ec0f3e53af2d5e2eaae,event_b56c24385620e9395c60f455,DEFERRED,2025-03-17 11:22:30,2025-03-17 11:45:53,ExpertLetter | Bewertungsmanagement-Geheimnisse: von Estimotos Erfolg lernen + Trustpilot-Skandal!,0,,,,,on
C04,DE_NL-CW12-25_ROW-DE-PAIDvA,351930936,B,test,person_2b9d2e4e37cbf5ad670a2738,1,0,message_a97e1ec0f3e53af2d5e2eaae,event_a6715e26873da79d7aa30fcc,DROPPED,2025-03-17 11:22:30,2025-03-17 11:47:22,ExpertLetter | Bewertungsmanagement-Geheimnisse: von Estimotos Erfolg lernen + Trustpilot-Skandal!,0,,,,MTA_IGNORE,on
C04,DE_NL-CW12-25_ROW-DE-PAIDvA,351930935,A,test,person_971ed51f092dcc6d41d2b8a4,1,0,message_d25fbe09845c0a0b2e3129ae,event_e129e1f15af93660ca68e344,SENT,2025-03-17 11:22:30,2025-03-17 11:22:30,ExpertLetter | Brisante Trustpilot-Enthüllungen + WIX & WordPress kommen!,0,,,,,on
C04,DE_NL-CW12-25_ROW-DE-PAIDvA,351930935,A,test,person_971ed51f092dcc6d41d2b8a4,1,0,message_d25fbe09845c0a0b2e3129ae,event_52708a284fc4ea611428fa21,DELIVERED,2025-03-17 11:22:30,2025-03-17 11:22:31,ExpertLetter | Brisante Trustpilot-Enthüllungen + WIX & WordPress kommen!,0,,,,,on
C04,DE_NL-CW12-25_ROW-DE-PAIDvA,351930935,A,test,person_6139f5735e7506e35a8f8780,1,0,message_376a0fdc90a95498cc384e67,event_e186e7e25b929de0ad53bfaf,DELIVERED,2025-03-17 11:21:09,2025-03-17 11:21:10,ExpertLetter | Brisante Trustpilot-Enthüllungen + WIX & WordPress kommen!,0,,,,,on
C04,DE_NL-CW12-25_ROW-DE-PAIDvA,351930935,A,test,person_6139f5735e7506e35a8f8780,1,0,message_376a0fdc90a95498cc384e67,event_c7d6f4acf55943dca9264ef3,SENT,2025-03-17 11:21:09,2025-03-17 11:21:09,ExpertLetter | Brisante Trustpilot-Enthüllungen + WIX & WordPress kommen!,0,,,,,on
C04,DE_NL-CW12-25_ROW-DE-PAIDvA,351930936,B,test,person_a3629d6530ddcea5e0c2685a,1,0,message_df5ccfd18653086e7d36490b,event_d440d79d79eb422b593469d8,SENT,2025-03-17 11:22:30,2025-03-17 11:22:30,ExpertLetter | Bewertungsmanagement-Geheimnisse: von Estimotos Erfolg lernen + Trustpilot-Skandal!,0,,,,,on
C04,DE_NL-CW12-25_ROW-DE-PAIDvA,351930936,B,test,person_a3629d6530ddcea5e0c2685a,1,0,message_df5ccfd18653086e7d36490b,event_beac8d9fcb0fd802ef7c8a40,DELIVERED,2025-03-17 11:22:30,2025-03-17 11:22:35,ExpertLetter | Bewertungsmanagement-Geheimnisse: von Estimotos Erfolg lernen + Trustpilot-Skandal!,0,,,,,on
C04,DE_NL-CW12-25_ROW-DE-PAIDvA,351930935,A,test,person_71677cade05667955a3c39b9,1,0,message_dd9d2e20cdf16f58bdc897f4,event_693b55ac9b1e0e1e8504bc03,DELIVERED,2025-03-17 11:22:30,2025-03-17 11:22:32,ExpertLetter | Brisante Trustpilot-Enthüllungen + WIX & WordPress kommen!,0,,,,,on
C04,DE_NL-CW12-25_ROW-DE-PAIDvA,351930935,A,test,person_71677cade05667955a3c39b9,1,0,message_dd9d2e20cdf16f58bdc897f4,event_4b7bbe98ed695de84cbbec21,SENT,2025-03-17 11:22:30,2025-03-17 11:22:30,ExpertLetter | Brisante Trustpilot-Enthüllungen + WIX & WordPress kommen!,0,,,,,on
C04,DE_NL-CW12-25_ROW-DE-PAIDvA,351930936,B,test,person_83860a29c89f0674aa4ac9b2,1,0,message_a0f70159305e94c55773c617,event_3bed9b131ad6555e15bd44c8,SENT,2025-03-17 11:22:30,2025-03-17 11:22:30,ExpertLetter | Bewertungsmanagement-Geheimnisse: von Estimotos Erfolg lernen + Trustpilot-Skandal!,0,,,,,on
C04,DE_NL-CW12-25_ROW-DE-PAIDvA,351930936,B,test,person_83860a29c89f0674aa4ac9b2,1,0,message_a0f70159305e94c55773c617,event_49ac385890d11f0dcf7ad6c1,DELIVERED,2025-03-17 11:22:30,2025-03-17 11:22:40,ExpertLetter | Bewertungsmanagement-Geheimnisse: von Estimotos Erfolg lernen + Trustpilot-Skandal!,0,,,,,on
C04,DE_NL-CW12-25_ROW-DE-PAIDvA,351930936,B,test,person_51626cb8b3ef75000587ae58,1,0,message_474926b183b22a78605f9289,event_bb1c4b22d29ff7258a744bdf,STATUSCHANGE,2025-03-17 11:22:31,2026-02-03 02:16:51,ExpertLetter | Bewertungsmanagement-Geheimnisse: von Estimotos Erfolg lernen + Trustpilot-Skandal!,0,,,,,on
C04,DE_NL-CW12-25_ROW-DE-PAIDvA,351930936,B,test,person_51626cb8b3ef75000587ae58,1,0,message_474926b183b22a78605f9289,event_7139640edb534117dec140f9,OPEN,2025-03-17 11:22:31,2025-03-17 11:44:30,ExpertLetter | Bewertungsmanagement-Geheimnisse: von Estimotos Erfolg lernen + Trustpilot-Skandal!,0,,,,,on
C04,DE_NL-CW12-25_ROW-DE-PAIDvA,351930936,B,test,person_51626cb8b3ef75000587ae58,1,0,message_474926b183b22a78605f9289,event_338d78e70e16d55699bd6a59,DELIVERED,2025-03-17 11:22:31,2025-03-17 11:22:34,ExpertLetter | Bewertungsmanagement-Geheimnisse: von Estimotos Erfolg lernen + Trustpilot-Skandal!,0,,,,,on
C04,DE_NL-CW12-25_ROW-DE-PAIDvA,351930936,B,test,person_51626cb8b3ef75000587ae58,1,0,message_474926b183b22a78605f9289,event_5d5eab93f6f2090dffca8f8f,STATUSCHANGE,2025-03-17 11:22:31,2026-02-03 02:16:51,ExpertLetter | Bewertungsmanagement-Geheimnisse: von Estimotos Erfolg lernen + Trustpilot-Skandal!,0,,,,,on
C04,DE_NL-CW12-25_ROW-DE-PAIDvA,351930936,B,test,person_51626cb8b3ef75000587ae58,1,0,message_474926b183b22a78605f9289,event_efcc6afefb5a873121234058,SENT,2025-03-17 11:22:31,2025-03-17 11:22:31,ExpertLetter | Bewertungsmanagement-Geheimnisse: von Estimotos Erfolg lernen + Trustpilot-Skandal!,0,,,,,on
C04,DE_NL-CW12-25_ROW-DE-PAIDvA,351930936,B,test,person_51626cb8b3ef75000587ae58,1,0,message_474926b183b22a78605f9289,event_8f4214feaf0a81ffddb5271e,STATUSCHANGE,2025-03-17 11:22:31,2026-02-03 02:16:51,ExpertLetter | Bewertungsmanagement-Geheimnisse: von Estimotos Erfolg lernen + Trustpilot-Skandal!,0,,,,,on
C04,DE_NL-CW12-25_ROW-DE-PAIDvA,351930936,B,test,person_51626cb8b3ef75000587ae58,1,0,message_474926b183b22a78605f9289,event_70f49c63540349f22e78e599,OPEN,2025-03-17 11:22:31,2025-03-17 11:37:53,ExpertLetter | Bewertungsmanagement-Geheimnisse: von Estimotos Erfolg lernen + Trustpilot-Skandal!,0,,,,,on
C04,DE_NL-CW12-25_ROW-DE-PAIDvA,351930936,B,test,person_51626cb8b3ef75000587ae58,1,0,message_474926b183b22a78605f9289,event_c962082c596e367bfe2afc7f,STATUSCHANGE,2025-03-17 11:22:31,2026-02-03 02:16:51,ExpertLetter | Bewertungsmanagement-Geheimnisse: von Estimotos Erfolg lernen + Trustpilot-Skandal!,0,,,,,on
C04,DE_NL-CW12-25_ROW-DE-PAIDvA,351930936,B,test,person_51626cb8b3ef75000587ae58,1,0,message_474926b183b22a78605f9289,event_0288e266ed1bc0d0a0ca6f19,OPEN,2025-03-17 11:22:31,2025-03-17 11:44:43,ExpertLetter | Bewertungsmanagement-Geheimnisse: von Estimotos Erfolg lernen + Trustpilot-Skandal!,0,,,,,on
C04,DE_NL-CW12-25_ROW-DE-PAIDvA,351930936,B,test,person_51626cb8b3ef75000587ae58,1,0,message_474926b183b22a78605f9289,event_6090752129aab5fef14e457b,STATUSCHANGE,2025-03-17 11:22:31,2026-02-03 02:16:51,ExpertLetter | Bewertungsmanagement-Geheimnisse: von Estimotos Erfolg lernen + Trustpilot-Skandal!,0,,,,,on
C04,DE_NL-CW12-25_ROW-DE-PAIDvA,351930936,B,test,person_51626cb8b3ef75000587ae58,1,0,message_474926b183b22a78605f9289,event_c2d9a291768fa4d3c8ebe7d3,STATUSCHANGE,2025-03-17 11:22:31,2026-02-03 02:16:51,ExpertLetter | Bewertungsmanagement-Geheimnisse: von Estimotos Erfolg lernen + Trustpilot-Skandal!,0,,,,,on
C04,DE_NL-CW12-25_ROW-DE-PAIDvA,351930936,B,test,person_51626cb8b3ef75000587ae58,1,0,message_474926b183b22a78605f9289,event_8367626b540cae87a3ada792,OPEN,2025-03-17 11:22:31,2026-02-03 02:16:07,ExpertLetter | Bewertungsmanagement-Geheimnisse: von Estimotos Erfolg lernen + Trustpilot-Skandal!,0,,,,,on
C04,DE_NL-CW12-25_ROW-DE-PAIDvA,351930936,B,test,person_51626cb8b3ef75000587ae58,1,0,message_474926b183b22a78605f9289,event_282f9eb6ae22228df272f7f4,STATUSCHANGE,2025-03-17 11:22:31,2026-02-03 02:16:51,ExpertLetter | Bewertungsmanagement-Geheimnisse: von Estimotos Erfolg lernen + Trustpilot-Skandal!,0,,,,,on
C04,DE_NL-CW12-25_ROW-DE-PAIDvA,351930936,B,test,person_3a1835029df1f479c8b14419,1,0,message_434f82946ba47d12c92fab4f,event_eb6197faf7afb8f00a7527f7,SENT,2025-03-17 11:19:49,2025-03-17 11:19:49,ExpertLetter | Bewertungsmanagement-Geheimnisse: von Estimotos Erfolg lernen + Trustpilot-Skandal!,0,,,,,on
C04,DE_NL-CW12-25_ROW-DE-PAIDvA,351930936,B,test,person_3a1835029df1f479c8b14419,1,0,message_434f82946ba47d12c92fab4f,event_d82f97ef7751c1d10714e2ec,DELIVERED,2025-03-17 11:19:49,2025-03-17 11:20:31,ExpertLetter | Bewertungsmanagement-Geheimnisse: von Estimotos Erfolg lernen + Trustpilot-Skandal!,0,,,,,on
C04,DE_NL-CW12-25_ROW-DE-PAIDvA,351930935,A,test,person_07cc321301d39d76a689cc01,1,0,message_1ee0adf903274c06981f1214,event_fdd5b1c33137de49142dc554,OPEN,2025-03-17 11:22:30,2025-03-22 11:08:51,ExpertLetter | Brisante Trustpilot-Enthüllungen + WIX & WordPress kommen!,0,,,,,on
C04,DE_NL-CW12-25_ROW-DE-PAIDvA,351930935,A,test,person_07cc321301d39d76a689cc01,1,0,message_1ee0adf903274c06981f1214,event_6b62cce2c5c9925f8b54ee27,DELIVERED,2025-03-17 11:22:30,2025-03-17 11:22:33,ExpertLetter | Brisante Trustpilot-Enthüllungen + WIX & WordPress kommen!,0,,,,,on
C04,DE_NL-CW12-25_ROW-DE-PAIDvA,351930936,B,test,person_36ff63e464dc0d53e1f232e9,1,0,message_08b14e14fec76faefc87da7c,event_73643a697ba566a3ef1a7c21,DROPPED,2025-03-17 11:19:49,2025-03-17 11:19:49,ExpertLetter | Bewertungsmanagement-Geheimnisse: von Estimotos Erfolg lernen + Trustpilot-Skandal!,0,,event_f73e9d97d109f0cc1cdf4421,,PREVIOUSLY_BOUNCED,on
C04,DE_NL-CW12-25_ROW-DE-PAIDvA,351930935,A,test,person_07cc321301d39d76a689cc01,1,0,message_1ee0adf903274c06981f1214,event_4e037d5012c6804642cf3d54,SENT,2025-03-17 11:22:30,2025-03-17 11:22:30,ExpertLetter | Brisante Trustpilot-Enthüllungen + WIX & WordPress kommen!,0,,,,,on
C04,DE_NL-CW12-25_ROW-DE-PAIDvA,351930936,B,test,person_421408a37fedf7841f570267,1,0,message_671fe45ef468b44266899c48,event_41e2e40d71218fd423b47cd7,DELIVERED,2025-03-17 11:22:30,2025-03-17 11:22:35,ExpertLetter | Bewertungsmanagement-Geheimnisse: von Estimotos Erfolg lernen + Trustpilot-Skandal!,0,,,,,on
C04,DE_NL-CW12-25_ROW-DE-PAIDvA,351930936,B,test,person_421408a37fedf7841f570267,1,0,message_671fe45ef468b44266899c48,event_3a2e178a7e11dd0f7b866536,SENT,2025-03-17 11:22:30,2025-03-17 11:22:30,ExpertLetter | Bewertungsmanagement-Geheimnisse: von Estimotos Erfolg lernen + Trustpilot-Skandal!,0,,,,,on
C04,DE_NL-CW12-25_ROW-DE-PAIDvA,351930936,B,test,person_356c55fb2013d3bde5209c1d,1,0,message_bed2686f567ffd1547df0197,event_428f2b86da95786d930e6e8f,DELIVERED,2025-03-17 11:22:30,2025-03-17 11:22:32,ExpertLetter | Bewertungsmanagement-Geheimnisse: von Estimotos Erfolg lernen + Trustpilot-Skandal!,0,,,,,on
C04,DE_NL-CW12-25_ROW-DE-PAIDvA,351930936,B,test,person_356c55fb2013d3bde5209c1d,1,0,message_bed2686f567ffd1547df0197,event_6af275042b775e227dbd820b,SENT,2025-03-17 11:22:30,2025-03-17 11:22:30,ExpertLetter | Bewertungsmanagement-Geheimnisse: von Estimotos Erfolg lernen + Trustpilot-Skandal!,0,,,,,on
C04,DE_NL-CW12-25_ROW-DE-PAIDvA,351930935,A,test,person_1395cee08c269319776ea9d1,1,0,message_06ef7d19367222cb9b6caee4,event_05194f2d9b240b6d0a00b2ca,OPEN,2025-03-17 11:21:10,2025-03-17 11:31:11,ExpertLetter | Brisante Trustpilot-Enthüllungen + WIX & WordPress kommen!,0,,,,,on
C04,DE_NL-CW12-25_ROW-DE-PAIDvA,351930935,A,test,person_1395cee08c269319776ea9d1,1,0,message_06ef7d19367222cb9b6caee4,event_2dbac6516aeb25eb95e0a8c7,SENT,2025-03-17 11:21:10,2025-03-17 11:21:10,ExpertLetter | Brisante Trustpilot-Enthüllungen + WIX & WordPress kommen!,0,,,,,on
C04,DE_NL-CW12-25_ROW-DE-PAIDvA,351930935,A,test,person_1395cee08c269319776ea9d1,1,0,message_06ef7d19367222cb9b6caee4,event_29a2af3ef3f790be6cb56d5a,DELIVERED,2025-03-17 11:21:10,2025-03-17 11:21:11,ExpertLetter | Brisante Trustpilot-Enthüllungen + WIX & WordPress kommen!,0,,,,,on
C04,DE_NL-CW12-25_ROW-DE-PAIDvA,351930936,B,test,person_0ad7ad0c33ef37891023b8b1,1,0,message_6e6a002ac26cbd938e690d7f,event_bb555242788b21d29f47431a,DELIVERED,2025-03-17 11:19:50,2025-03-17 11:19:51,ExpertLetter | Bewertungsmanagement-Geheimnisse: von Estimotos Erfolg lernen + Trustpilot-Skandal!,0,,,,,on
C04,DE_NL-CW12-25_ROW-DE-PAIDvA,351930936,B,test,person_0ad7ad0c33ef37891023b8b1,1,0,message_6e6a002ac26cbd938e690d7f,event_e307059e24c155478a9aea44,SENT,2025-03-17 11:19:50,2025-03-17 11:19:50,ExpertLetter | Bewertungsmanagement-Geheimnisse: von Estimotos Erfolg lernen + Trustpilot-Skandal!,0,,,,,on
C04,DE_NL-CW12-25_ROW-DE-PAIDvA,351930935,A,test,person_3b49ed7f4af311859a5b2999,1,0,message_71599053dbc219ff862f40ff,event_a57a2cd87115f866b8e8711e,DELIVERED,2025-03-17 11:22:29,2025-03-17 11:22:31,ExpertLetter | Brisante Trustpilot-Enthüllungen + WIX & WordPress kommen!,0,,,,,on
C04,DE_NL-CW12-25_ROW-DE-PAIDvA,351930935,A,test,person_3b49ed7f4af311859a5b2999,1,0,message_71599053dbc219ff862f40ff,event_7fa4848758b3ffb835f71a51,SENT,2025-03-17 11:22:29,2025-03-17 11:22:29,ExpertLetter | Brisante Trustpilot-Enthüllungen + WIX & WordPress kommen!,0,,,,,on
C04,DE_NL-CW12-25_ROW-DE-PAIDvA,351930936,B,test,person_00cd4347d8822b87caec9b5a,1,0,message_fee00a90cd9a4ddb20638119,event_00b260e8fa4e24f3068440e1,OPEN,2025-03-17 11:22:29,2025-03-17 11:56:46,ExpertLetter | Bewertungsmanagement-Geheimnisse: von Estimotos Erfolg lernen + Trustpilot-Skandal!,0,,,,,on
C04,DE_NL-CW12-25_ROW-DE-PAIDvA,351930936,B,test,person_00cd4347d8822b87caec9b5a,1,0,message_fee00a90cd9a4ddb20638119,event_e0976373b4e5223e1d00bc5d,OPEN,2025-03-17 11:22:29,2025-03-17 11:56:39,ExpertLetter | Bewertungsmanagement-Geheimnisse: von Estimotos Erfolg lernen + Trustpilot-Skandal!,0,,,,,on
C04,DE_NL-CW12-25_ROW-DE-PAIDvA,351930936,B,test,person_00cd4347d8822b87caec9b5a,1,0,message_fee00a90cd9a4ddb20638119,event_7968e4a9356e8b837944a175,DELIVERED,2025-03-17 11:22:29,2025-03-17 11:22:32,ExpertLetter | Bewertungsmanagement-Geheimnisse: von Estimotos Erfolg lernen + Trustpilot-Skandal!,0,,,,,on
C04,DE_NL-CW12-25_ROW-DE-PAIDvA,351930936,B,test,person_00cd4347d8822b87caec9b5a,1,0,message_fee00a90cd9a4ddb20638119,event_d2f1f2706b27e3e2f2363c5e,SENT,2025-03-17 11:22:29,2025-03-17 11:22:29,ExpertLetter | Bewertungsmanagement-Geheimnisse: von Estimotos Erfolg lernen + Trustpilot-Skandal!,0,,,,,on
C04,DE_NL-CW12-25_ROW-DE-PAIDvA,351930935,A,test,person_9847f9c5d8571eb1bc9f2786,1,0,message_b30fc261f162e04d0b1416c4,event_49acaf02e8fcdf0dec69eda1,DELIVERED,2025-03-17 11:22:30,2025-03-17 11:22:41,ExpertLetter | Brisante Trustpilot-Enthüllungen + WIX & WordPress kommen!,0,,,,,on
C04,DE_NL-CW12-25_ROW-DE-PAIDvA,351930935,A,test,person_9847f9c5d8571eb1bc9f2786,1,0,message_b30fc261f162e04d0b1416c4,event_e7a26bc04912ef583ec4e149,SENT,2025-03-17 11:22:30,2025-03-17 11:22:30,ExpertLetter | Brisante Trustpilot-Enthüllungen + WIX & WordPress kommen!,0,,,,,on
C04,DE_NL-CW12-25_ROW-DE-PAIDvA,351930935,A,test,person_c9a50d97ddfc8b870f701fe9,1,0,message_11af756d4f322a814cacc9f7,event_68c9b3f087ae470a2f8467f3,SENT,2025-03-17 11:22:30,2025-03-17 11:22:30,ExpertLetter | Brisante Trustpilot-Enthüllungen + WIX & WordPress kommen!,0,,,,,on
C04,DE_NL-CW12-25_ROW-DE-PAIDvA,351930935,A,test,person_c9a50d97ddfc8b870f701fe9,1,0,message_11af756d4f322a814cacc9f7,event_a7eeda1c0c441a555bd8e6ab,DELIVERED,2025-03-17 11:22:30,2025-03-17 11:22:32,ExpertLetter | Brisante Trustpilot-Enthüllungen + WIX & WordPress kommen!,0,,,,,on
C04,DE_NL-CW12-25_ROW-DE-PAIDvA,351930936,B,test,person_1de4b04eaa249c52f5f9414b,1,0,message_484f110cc9e73a81eb1ee1ec,event_082f328a49aed6805120d1fb,DELIVERED,2025-03-17 11:22:31,2025-03-17 11:22:33,ExpertLetter | Bewertungsmanagement-Geheimnisse: von Estimotos Erfolg lernen + Trustpilot-Skandal!,0,,,,,on
C04,DE_NL-CW12-25_ROW-DE-PAIDvA,351930936,B,test,person_1de4b04eaa249c52f5f9414b,1,0,message_484f110cc9e73a81eb1ee1ec,event_592c31f3ba930e3290d2b35e,OPEN,2025-03-17 11:22:31,2025-03-17 16:12:29,ExpertLetter | Bewertungsmanagement-Geheimnisse: von Estimotos Erfolg lernen + Trustpilot-Skandal!,0,,,,,on
C04,DE_NL-CW12-25_ROW-DE-PAIDvA,351930936,B,test,person_1de4b04eaa249c52f5f9414b,1,0,message_484f110cc9e73a81eb1ee1ec,event_51b99bd98dba30c7417e3442,SENT,2025-03-17 11:22:31,2025-03-17 11:22:31,ExpertLetter | Bewertungsmanagement-Geheimnisse: von Estimotos Erfolg lernen + Trustpilot-Skandal!,0,,,,,on
C04,DE_NL-CW12-25_ROW-DE-PAIDvA,351930935,A,test,person_ff9a1f7aae8382c51549ee15,1,0,message_7080fed502f86e28c36c3342,event_237021a8466c795a63be8aeb,SENT,2025-03-17 11:22:30,2025-03-17 11:22:30,ExpertLetter | Brisante Trustpilot-Enthüllungen + WIX & WordPress kommen!,0,,,,,on
C04,DE_NL-CW12-25_ROW-DE-PAIDvA,351930935,A,test,person_ff9a1f7aae8382c51549ee15,1,0,message_7080fed502f86e28c36c3342,event_34f7f04d1ef3915cdff83e9a,DELIVERED,2025-03-17 11:22:30,2025-03-17 11:22:33,ExpertLetter | Brisante Trustpilot-Enthüllungen + WIX & WordPress kommen!,0,,,,,on
C04,DE_NL-CW12-25_ROW-DE-PAIDvA,351930936,B,test,person_60e868bdf4423719e7f776ef,1,0,message_b6a927a6aa6796cae529c38f,event_fa0f68d52b9882e58752531a,OPEN,2025-03-17 11:22:30,2025-03-18 18:42:08,ExpertLetter | Bewertungsmanagement-Geheimnisse: von Estimotos Erfolg lernen + Trustpilot-Skandal!,0,,,,,on
C04,DE_NL-CW12-25_ROW-DE-PAIDvA,351930936,B,test,person_60e868bdf4423719e7f776ef,1,0,message_b6a927a6aa6796cae529c38f,event_18e21a0f696ea6830b0f5089,DELIVERED,2025-03-17 11:22:30,2025-03-17 11:22:40,ExpertLetter | Bewertungsmanagement-Geheimnisse: von Estimotos Erfolg lernen + Trustpilot-Skandal!,0,,,,,on
C04,DE_NL-CW12-25_ROW-DE-PAIDvA,351930936,B,test,person_60e868bdf4423719e7f776ef,1,0,message_b6a927a6aa6796cae529c38f,event_b303f4fbd77e668ac8f1f87d,OPEN,2025-03-17 11:22:30,2025-04-05 08:03:06,ExpertLetter | Bewertungsmanagement-Geheimnisse: von Estimotos Erfolg lernen + Trustpilot-Skandal!,0,,,,,on
C04,DE_NL-CW12-25_ROW-DE-PAIDvA,351930936,B,test,person_60e868bdf4423719e7f776ef,1,0,message_b6a927a6aa6796cae529c38f,event_0f438781c81ac62bf792fb0b,OPEN,2025-03-17 11:22:30,2025-03-17 12:06:49,ExpertLetter | Bewertungsmanagement-Geheimnisse: von Estimotos Erfolg lernen + Trustpilot-Skandal!,0,,,,,on
C04,DE_NL-CW12-25_ROW-DE-PAIDvA,351930936,B,test,person_60e868bdf4423719e7f776ef,1,0,message_b6a927a6aa6796cae529c38f,event_dcf7cfd77e3870017c6a5c67,SENT,2025-03-17 11:22:30,2025-03-17 11:22:30,ExpertLetter | Bewertungsmanagement-Geheimnisse: von Estimotos Erfolg lernen + Trustpilot-Skandal!,0,,,,,on
C04,DE_NL-CW12-25_ROW-DE-PAIDvA,351930936,B,test,person_60e868bdf4423719e7f776ef,1,0,message_b6a927a6aa6796cae529c38f,event_1afe306f299e448cc3e06d6b,OPEN,2025-03-17 11:22:30,2025-03-27 13:23:31,ExpertLetter | Bewertungsmanagement-Geheimnisse: von Estimotos Erfolg lernen + Trustpilot-Skandal!,0,,,,,on
C04,DE_NL-CW12-25_ROW-DE-PAIDvA,351930936,B,test,person_60e868bdf4423719e7f776ef,1,0,message_b6a927a6aa6796cae529c38f,event_f45fa435034529c918f8341f,OPEN,2025-03-17 11:22:30,2025-03-27 13:26:49,ExpertLetter | Bewertungsmanagement-Geheimnisse: von Estimotos Erfolg lernen + Trustpilot-Skandal!,0,,,,,on
C04,DE_NL-CW12-25_ROW-DE-PAIDvA,351930936,B,test,person_60e868bdf4423719e7f776ef,1,0,message_b6a927a6aa6796cae529c38f,event_aaf49872e6a6142410d42af9,OPEN,2025-03-17 11:22:30,2025-04-05 07:06:45,ExpertLetter | Bewertungsmanagement-Geheimnisse: von Estimotos Erfolg lernen + Trustpilot-Skandal!,0,,,,,on
C04,DE_NL-CW12-25_ROW-DE-PAIDvA,351930936,B,test,person_60e868bdf4423719e7f776ef,1,0,message_b6a927a6aa6796cae529c38f,event_38f54d4862a19a2fd6d3d01a,OPEN,2025-03-17 11:22:30,2025-03-19 10:01:18,ExpertLetter | Bewertungsmanagement-Geheimnisse: von Estimotos Erfolg lernen + Trustpilot-Skandal!,0,,,,,on
C04,DE_NL-CW12-25_ROW-DE-PAIDvA,351930936,B,test,person_60e868bdf4423719e7f776ef,1,0,message_b6a927a6aa6796cae529c38f,event_75a4fd78d476d27bcd87e143,OPEN,2025-03-17 11:22:30,2025-03-31 17:28:30,ExpertLetter | Bewertungsmanagement-Geheimnisse: von Estimotos Erfolg lernen + Trustpilot-Skandal!,0,,,,,on
C04,DE_NL-CW12-25_ROW-DE-PAIDvA,351930936,B,test,person_60e868bdf4423719e7f776ef,1,0,message_b6a927a6aa6796cae529c38f,event_8a18dbb275debdc9bb0a4e9c,OPEN,2025-03-17 11:22:30,2025-04-22 11:48:45,ExpertLetter | Bewertungsmanagement-Geheimnisse: von Estimotos Erfolg lernen + Trustpilot-Skandal!,0,,,,,on
C04,DE_NL-CW12-25_ROW-DE-PAIDvA,351930936,B,test,person_60e868bdf4423719e7f776ef,1,0,message_b6a927a6aa6796cae529c38f,event_4a5bb6abd960f96b3f21b95d,OPEN,2025-03-17 11:22:30,2025-03-18 13:04:18,ExpertLetter | Bewertungsmanagement-Geheimnisse: von Estimotos Erfolg lernen + Trustpilot-Skandal!,0,,,,,on
C04,DE_NL-CW12-25_ROW-DE-PAIDvA,351930936,B,test,person_60e868bdf4423719e7f776ef,1,0,message_b6a927a6aa6796cae529c38f,event_127cfd50d87fd8bd69930b26,OPEN,2025-03-17 11:22:30,2025-03-25 10:09:13,ExpertLetter | Bewertungsmanagement-Geheimnisse: von Estimotos Erfolg lernen + Trustpilot-Skandal!,0,,,,,on
C04,DE_NL-CW12-25_ROW-DE-PAIDvA,351930936,B,test,person_60e868bdf4423719e7f776ef,1,0,message_b6a927a6aa6796cae529c38f,event_0efc7c558fa148920c061a1c,OPEN,2025-03-17 11:22:30,2025-03-17 11:42:09,ExpertLetter | Bewertungsmanagement-Geheimnisse: von Estimotos Erfolg lernen + Trustpilot-Skandal!,0,,,,,on
C04,DE_NL-CW12-25_ROW-DE-PAIDvA,351930935,A,test,person_1bfc232d70975fed7740ba20,1,0,message_0a66f88e1dca8b71cb324c1e,event_7e1422d7ccfcd6eec63d4cfb,DROPPED,2025-03-17 11:21:10,2025-03-17 11:21:10,ExpertLetter | Brisante Trustpilot-Enthüllungen + WIX & WordPress kommen!,0,,event_ecb90cd3e3ffe14c7d3e113e,,PREVIOUSLY_BOUNCED,on
C04,DE_NL-CW12-25_ROW-DE-PAIDvA,351930936,B,test,person_ce472eb5469d5e6a2833036d,1,0,message_e5af58219f6fc2c0b690d28a,event_632cb276faac20301f7f1435,DROPPED,2025-03-17 11:22:30,2025-03-17 11:22:30,ExpertLetter | Bewertungsmanagement-Geheimnisse: von Estimotos Erfolg lernen + Trustpilot-Skandal!,0,,event_e853645bebe8dc7f7f66c060,,PREVIOUSLY_BOUNCED,on
C04,DE_NL-CW12-25_ROW-DE-PAIDvA,351930936,B,test,person_60e868bdf4423719e7f776ef,1,0,message_b6a927a6aa6796cae529c38f,event_27c92421bec1f47b3d917773,OPEN,2025-03-17 11:22:30,2025-04-03 11:07:54,ExpertLetter | Bewertungsmanagement-Geheimnisse: von Estimotos Erfolg lernen + Trustpilot-Skandal!,0,,,,,on
C04,DE_NL-CW12-25_ROW-DE-PAIDvA,351930935,A,test,person_c8241303dbd2aed71f25f3ae,1,0,message_1e2efdbe27147536d50da005,event_525895cb719e8ceafd7d95c6,DELIVERED,2025-03-17 11:22:30,2025-03-17 11:22:34,ExpertLetter | Brisante Trustpilot-Enthüllungen + WIX & WordPress kommen!,0,,,,,on
C04,DE_NL-CW12-25_ROW-DE-PAIDvA,351930935,A,test,person_c8241303dbd2aed71f25f3ae,1,0,message_1e2efdbe27147536d50da005,event_d25a1c73251ff847031f37af,OPEN,2025-03-17 11:22:30,2025-03-17 11:41:32,ExpertLetter | Brisante Trustpilot-Enthüllungen + WIX & WordPress kommen!,0,,,,,on
C04,DE_NL-CW12-25_ROW-DE-PAIDvA,351930935,A,test,person_c8241303dbd2aed71f25f3ae,1,0,message_1e2efdbe27147536d50da005,event_8d562564d1105f7ee60f1125,SENT,2025-03-17 11:22:30,2025-03-17 11:22:30,ExpertLetter | Brisante Trustpilot-Enthüllungen + WIX & WordPress kommen!,0,,,,,on
C04,DE_NL-CW12-25_ROW-DE-PAIDvA,351930936,B,test,person_4ddbcb47392c245ccc3c3e9e,1,0,message_2eba2c0ba7d7842b024bcae7,event_df9cb3a8a4c48e1a290c074d,DELIVERED,2025-03-17 11:22:30,2025-03-17 11:22:33,ExpertLetter | Bewertungsmanagement-Geheimnisse: von Estimotos Erfolg lernen + Trustpilot-Skandal!,0,,,,,on
C04,DE_NL-CW12-25_ROW-DE-PAIDvA,351930936,B,test,person_4ddbcb47392c245ccc3c3e9e,1,0,message_2eba2c0ba7d7842b024bcae7,event_edfc1ba2f2187837403a7526,SENT,2025-03-17 11:22:30,2025-03-17 11:22:30,ExpertLetter | Bewertungsmanagement-Geheimnisse: von Estimotos Erfolg lernen + Trustpilot-Skandal!,0,,,,,on
C04,DE_NL-CW12-25_ROW-DE-PAIDvA,351930935,A,test,person_eb64ead63ccfbb9495791aa2,1,0,message_003749e37ce8aabbcd96616b,event_d58ae419d0ab33d53ea3eaad,SENT,2025-03-17 11:21:09,2025-03-17 11:21:09,ExpertLetter | Brisante Trustpilot-Enthüllungen + WIX & WordPress kommen!,0,,,,,on
C04,DE_NL-CW12-25_ROW-DE-PAIDvA,351930935,A,test,person_eb64ead63ccfbb9495791aa2,1,0,message_003749e37ce8aabbcd96616b,event_e66eab979fc67af5ba83e69a,DELIVERED,2025-03-17 11:21:09,2025-03-17 11:21:11,ExpertLetter | Brisante Trustpilot-Enthüllungen + WIX & WordPress kommen!,0,,,,,on
C04,DE_NL-CW12-25_ROW-DE-PAIDvA,351930936,B,test,person_670f51bf94feaf42aa2056f7,1,0,message_7d8feb53dc8462bf8bcc621b,event_b1cb2ad636ee5271089ee92d,DELIVERED,2025-03-17 11:22:30,2025-03-17 11:22:35,ExpertLetter | Bewertungsmanagement-Geheimnisse: von Estimotos Erfolg lernen + Trustpilot-Skandal!,0,,,,,on
C04,DE_NL-CW12-25_ROW-DE-PAIDvA,351930936,B,test,person_670f51bf94feaf42aa2056f7,1,0,message_7d8feb53dc8462bf8bcc621b,event_5937b1c533877a75d8554315,SENT,2025-03-17 11:22:30,2025-03-17 11:22:30,ExpertLetter | Bewertungsmanagement-Geheimnisse: von Estimotos Erfolg lernen + Trustpilot-Skandal!,0,,,,,on
C04,DE_NL-CW12-25_ROW-DE-PAIDvA,351930936,B,test,person_a82457f1fd37ef2baa32c560,1,0,message_f7785c050f452ef7ed868b8b,event_8c52f8323286386369f13b43,DELIVERED,2025-03-17 11:19:49,2025-03-17 11:19:52,ExpertLetter | Bewertungsmanagement-Geheimnisse: von Estimotos Erfolg lernen + Trustpilot-Skandal!,0,,,,,on
C04,DE_NL-CW12-25_ROW-DE-PAIDvA,351930936,B,test,person_a82457f1fd37ef2baa32c560,1,0,message_f7785c050f452ef7ed868b8b,event_dcd3d78aa8c4f0ecd33b7427,SENT,2025-03-17 11:19:49,2025-03-17 11:19:49,ExpertLetter | Bewertungsmanagement-Geheimnisse: von Estimotos Erfolg lernen + Trustpilot-Skandal!,0,,,,,on
C04,DE_NL-CW12-25_ROW-DE-PAIDvA,351930936,B,test,person_a4269c1fcc24531a69901236,1,0,message_363dc85b9e3ad71f9e6f116e,event_109f206e961fbd4606c4f954,SENT,2025-03-17 11:22:29,2025-03-17 11:22:29,ExpertLetter | Bewertungsmanagement-Geheimnisse: von Estimotos Erfolg lernen + Trustpilot-Skandal!,0,,,,,on
C04,DE_NL-CW12-25_ROW-DE-PAIDvA,351930936,B,test,person_a4269c1fcc24531a69901236,1,0,message_363dc85b9e3ad71f9e6f116e,event_a60cddfc8a49a99eb73fd35c,DELIVERED,2025-03-17 11:22:29,2025-03-17 11:22:31,ExpertLetter | Bewertungsmanagement-Geheimnisse: von Estimotos Erfolg lernen + Trustpilot-Skandal!,0,,,,,on
C04,DE_NL-CW12-25_ROW-DE-PAIDvA,351930936,B,test,person_a4269c1fcc24531a69901236,1,0,message_363dc85b9e3ad71f9e6f116e,event_682e579ba63389c5337079e5,OPEN,2025-03-17 11:22:29,2025-03-17 11:42:21,ExpertLetter | Bewertungsmanagement-Geheimnisse: von Estimotos Erfolg lernen + Trustpilot-Skandal!,0,,,,,on
C04,DE_NL-CW12-25_ROW-DE-PAIDvA,351930935,A,test,person_6718e19b806cf9252cf2df21,1,0,message_3942bfba8859d83a86a16d44,event_7927ca3a70f8ee23c0d06277,DELIVERED,2025-03-17 11:22:30,2025-03-17 11:22:32,ExpertLetter | Brisante Trustpilot-Enthüllungen + WIX & WordPress kommen!,0,,,,,on
C04,DE_NL-CW12-25_ROW-DE-PAIDvA,351930935,A,test,person_6718e19b806cf9252cf2df21,1,0,message_3942bfba8859d83a86a16d44,event_1be6edd8047afaa79835e204,SENT,2025-03-17 11:22:30,2025-03-17 11:22:30,ExpertLetter | Brisante Trustpilot-Enthüllungen + WIX & WordPress kommen!,0,,,,,on
C04,DE_NL-CW12-25_ROW-DE-PAIDvA,351930935,A,test,person_93adfe0f222194b26af39339,1,0,message_dc196ce25efb33f7e82e612e,event_12bebae92fa316c40e52be9f,SENT,2025-03-17 11:22:30,2025-03-17 11:22:30,ExpertLetter | Brisante Trustpilot-Enthüllungen + WIX & WordPress kommen!,0,,,,,on
C04,DE_NL-CW12-25_ROW-DE-PAIDvA,351930935,A,test,person_93adfe0f222194b26af39339,1,0,message_dc196ce25efb33f7e82e612e,event_7ede03ca6ba7b7dc9da3f2dc,DELIVERED,2025-03-17 11:22:30,2025-03-17 11:22:36,ExpertLetter | Brisante Trustpilot-Enthüllungen + WIX & WordPress kommen!,0,,,,,on
C04,DE_NL-CW12-25_ROW-DE-PAIDvA,351930935,A,test,person_d57fa8225afe8491ef74e5a9,1,0,message_37714f26fa31d3aad5701546,event_6c5b2178576ae4e9118375ea,DELIVERED,2025-03-17 11:22:30,2025-03-17 11:22:33,ExpertLetter | Brisante Trustpilot-Enthüllungen + WIX & WordPress kommen!,0,,,,,on
C04,DE_NL-CW12-25_ROW-DE-PAIDvA,351930935,A,test,person_d57fa8225afe8491ef74e5a9,1,0,message_37714f26fa31d3aad5701546,event_0a7d8ae814636a2afe8a771e,SENT,2025-03-17 11:22:30,2025-03-17 11:22:30,ExpertLetter | Brisante Trustpilot-Enthüllungen + WIX & WordPress kommen!,0,,,,,on
C04,DE_NL-CW12-25_ROW-DE-PAIDvA,351930935,A,test,person_100c81968579a7551a916341,1,0,message_44aa16b25cfc9c196e0777fe,event_5f69ba87f8e2b3d7f8b61e62,SENT,2025-03-17 11:21:09,2025-03-17 11:21:09,ExpertLetter | Brisante Trustpilot-Enthüllungen + WIX & WordPress kommen!,0,,,,,on
C04,DE_NL-CW12-25_ROW-DE-PAIDvA,351930935,A,test,person_100c81968579a7551a916341,1,0,message_44aa16b25cfc9c196e0777fe,event_889a3aad1f0dbd6a91f225e4,DELIVERED,2025-03-17 11:21:09,2025-03-17 11:21:12,ExpertLetter | Brisante Trustpilot-Enthüllungen + WIX & WordPress kommen!,0,,,,,on
C04,DE_NL-CW12-25_ROW-DE-PAIDvA,351930936,B,test,person_c7b1296ef45dff6257c83ad5,1,0,message_64a83f5db18e8cb8f30f4923,event_b4cc4bd26b5b56b3066c8597,SENT,2025-03-17 11:22:30,2025-03-17 11:22:30,ExpertLetter | Bewertungsmanagement-Geheimnisse: von Estimotos Erfolg lernen + Trustpilot-Skandal!,0,,,,,on
C04,DE_NL-CW12-25_ROW-DE-PAIDvA,351930936,B,test,person_c7b1296ef45dff6257c83ad5,1,0,message_64a83f5db18e8cb8f30f4923,event_58386964bad9803927516513,DELIVERED,2025-03-17 11:22:30,2025-03-17 11:22:31,ExpertLetter | Bewertungsmanagement-Geheimnisse: von Estimotos Erfolg lernen + Trustpilot-Skandal!,0,,,,,on
C04,DE_NL-CW12-25_ROW-DE-PAIDvA,351930935,A,test,person_3605a5f2d57a9dea787a7c1a,1,0,message_7586f559af5435459329edc3,event_4376716da37beb5889412387,SENT,2025-03-17 11:22:30,2025-03-17 11:22:30,ExpertLetter | Brisante Trustpilot-Enthüllungen + WIX & WordPress kommen!,0,,,,,on
C04,DE_NL-CW12-25_ROW-DE-PAIDvA,351930935,A,test,person_3605a5f2d57a9dea787a7c1a,1,0,message_7586f559af5435459329edc3,event_d6992817c0a5446b84c62ca0,DELIVERED,2025-03-17 11:22:30,2025-03-17 11:22:32,ExpertLetter | Brisante Trustpilot-Enthüllungen + WIX & WordPress kommen!,0,,,,,on
C04,DE_NL-CW12-25_ROW-DE-PAIDvA,351930935,A,test,person_3605a5f2d57a9dea787a7c1a,1,0,message_7586f559af5435459329edc3,event_82aa8d4f5d0379e1ea5d4bcb,OPEN,2025-03-17 11:22:30,2025-03-17 17:01:02,ExpertLetter | Brisante Trustpilot-Enthüllungen + WIX & WordPress kommen!,0,,,,,on
C04,DE_NL-CW12-25_ROW-DE-PAIDvA,351930935,A,test,person_e86442adc748cb2ba119532b,1,0,message_c304a09030f43504fb48f511,event_a8f5f2d170fcadda0c499cf9,SENT,2025-03-17 11:22:31,2025-03-17 11:22:31,ExpertLetter | Brisante Trustpilot-Enthüllungen + WIX & WordPress kommen!,0,,,,,on
C04,DE_NL-CW12-25_ROW-DE-PAIDvA,351930935,A,test,person_e86442adc748cb2ba119532b,1,0,message_c304a09030f43504fb48f511,event_daf203cd61c6285e26661156,DEFERRED,2025-03-17 11:22:31,2025-03-17 12:12:25,ExpertLetter | Brisante Trustpilot-Enthüllungen + WIX & WordPress kommen!,0,,,,,on
C04,DE_NL-CW12-25_ROW-DE-PAIDvA,351930935,A,test,person_e86442adc748cb2ba119532b,1,0,message_c304a09030f43504fb48f511,event_12389b58cbfdcff663047d4d,BOUNCE,2025-03-17 11:22:31,2025-03-17 12:31:19,ExpertLetter | Brisante Trustpilot-Enthüllungen + WIX & WordPress kommen!,0,,,,,on
C04,DE_NL-CW12-25_ROW-DE-PAIDvA,351930935,A,test,person_e86442adc748cb2ba119532b,1,0,message_c304a09030f43504fb48f511,event_f7b7cde65848a8979846dc4d,DEFERRED,2025-03-17 11:22:31,2025-03-17 11:32:54,ExpertLetter | Brisante Trustpilot-Enthüllungen + WIX & WordPress kommen!,0,,,,,on
C04,DE_NL-CW12-25_ROW-DE-PAIDvA,351930935,A,test,person_e86442adc748cb2ba119532b,1,0,message_c304a09030f43504fb48f511,event_ee39eff021c76e944d9abfd6,DEFERRED,2025-03-17 11:22:31,2025-03-17 11:22:35,ExpertLetter | Brisante Trustpilot-Enthüllungen + WIX & WordPress kommen!,0,,,,,on
C04,DE_NL-CW12-25_ROW-DE-PAIDvA,351930935,A,test,person_e86442adc748cb2ba119532b,1,0,message_c304a09030f43504fb48f511,event_f2820567c9934051b2de8bb5,DEFERRED,2025-03-17 11:22:31,2025-03-17 11:52:51,ExpertLetter | Brisante Trustpilot-Enthüllungen + WIX & WordPress kommen!,0,,,,,on
C04,DE_NL-CW12-25_ROW-DE-PAIDvA,351930936,B,test,person_c7281529c6a16e7e641bd96a,1,0,message_9ceeb46f34d8275be75d5ca9,event_363e63df35607feea5d4b1b3,DELIVERED,2025-03-17 11:22:30,2025-03-17 11:22:34,ExpertLetter | Bewertungsmanagement-Geheimnisse: von Estimotos Erfolg lernen + Trustpilot-Skandal!,0,,,,,on
C04,DE_NL-CW12-25_ROW-DE-PAIDvA,351930936,B,test,person_c7281529c6a16e7e641bd96a,1,0,message_9ceeb46f34d8275be75d5ca9,event_c11c79e9d15d4d2fd18aaa6e,SENT,2025-03-17 11:22:30,2025-03-17 11:22:30,ExpertLetter | Bewertungsmanagement-Geheimnisse: von Estimotos Erfolg lernen + Trustpilot-Skandal!,0,,,,,on
C04,DE_NL-CW12-25_ROW-DE-PAIDvA,351930935,A,test,person_64d2694549fc560a6d0515e3,1,0,message_3696f662e25dcd974f6413ec,event_27120cbd9bd33d16c9632797,SENT,2025-03-17 11:22:31,2025-03-17 11:22:31,ExpertLetter | Brisante Trustpilot-Enthüllungen + WIX & WordPress kommen!,0,,,,,on
C04,DE_NL-CW12-25_ROW-DE-PAIDvA,351930935,A,test,person_64d2694549fc560a6d0515e3,1,0,message_3696f662e25dcd974f6413ec,event_f2c8b22dfec6251be469e15c,OPEN,2025-03-17 11:22:31,2025-03-17 11:22:35,ExpertLetter | Brisante Trustpilot-Enthüllungen + WIX & WordPress kommen!,0,,,,,on
C04,DE_NL-CW12-25_ROW-DE-PAIDvA,351930935,A,test,person_1bec8a84a2a5063f04015c8e,1,0,message_2e4283ebd70ead81e50431cb,event_24b6470f349ba3ee34450b02,DROPPED,2025-03-17 11:22:30,2025-03-17 11:22:30,ExpertLetter | Brisante Trustpilot-Enthüllungen + WIX & WordPress kommen!,0,,event_6e596b3fe291eb6044da1fd0,,PREVIOUSLY_BOUNCED,on
C04,DE_NL-CW12-25_ROW-DE-PAIDvA,351930935,A,test,person_64d2694549fc560a6d0515e3,1,0,message_3696f662e25dcd974f6413ec,event_508fef8589b00b5863f52d67,DELIVERED,2025-03-17 11:22:31,2025-03-17 11:22:33,ExpertLetter | Brisante Trustpilot-Enthüllungen + WIX & WordPress kommen!,0,,,,,on
C04,DE_NL-CW12-25_ROW-DE-PAIDvA,351930936,B,test,person_e8c25d25ff77a4715334271e,1,0,message_99eaac4ab8776576facff99b,event_e6bac5c009bb6243e29a3c7e,DELIVERED,2025-03-17 11:22:30,2025-03-17 11:22:32,ExpertLetter | Bewertungsmanagement-Geheimnisse: von Estimotos Erfolg lernen + Trustpilot-Skandal!,0,,,,,on
C04,DE_NL-CW12-25_ROW-DE-PAIDvA,351930936,B,test,person_e8c25d25ff77a4715334271e,1,0,message_99eaac4ab8776576facff99b,event_3227bccf65f7ae1076357a51,OPEN,2025-03-17 11:22:30,2025-03-17 16:54:39,ExpertLetter | Bewertungsmanagement-Geheimnisse: von Estimotos Erfolg lernen + Trustpilot-Skandal!,0,,,,,on
C04,DE_NL-CW12-25_ROW-DE-PAIDvA,351930936,B,test,person_e8c25d25ff77a4715334271e,1,0,message_99eaac4ab8776576facff99b,event_6a7302d92620cad05788c969,SENT,2025-03-17 11:22:30,2025-03-17 11:22:30,ExpertLetter | Bewertungsmanagement-Geheimnisse: von Estimotos Erfolg lernen + Trustpilot-Skandal!,0,,,,,on
C04,DE_NL-CW12-25_ROW-DE-PAIDvA,351930936,B,test,person_e8c25d25ff77a4715334271e,1,0,message_99eaac4ab8776576facff99b,event_d9cc8e1a4594cbcc15d93012,OPEN,2025-03-17 11:22:30,2025-03-17 11:22:37,ExpertLetter | Bewertungsmanagement-Geheimnisse: von Estimotos Erfolg lernen + Trustpilot-Skandal!,0,,,,,on
C04,DE_NL-CW12-25_ROW-DE-PAIDvA,351930936,B,test,person_e8c25d25ff77a4715334271e,1,0,message_99eaac4ab8776576facff99b,event_506d9c29241e008d473ea4a6,OPEN,2025-03-17 11:22:30,2025-03-17 20:36:04,ExpertLetter | Bewertungsmanagement-Geheimnisse: von Estimotos Erfolg lernen + Trustpilot-Skandal!,0,,,,,on
C04,DE_NL-CW12-25_ROW-DE-PAIDvA,351930935,A,test,person_00bad45ad5bcf2887d972ad3,1,0,message_27ba1f1b5a4c837d2512c970,event_f1a8e2f95240ddb470055690,SENT,2025-03-17 11:21:10,2025-03-17 11:21:10,ExpertLetter | Brisante Trustpilot-Enthüllungen + WIX & WordPress kommen!,0,,,,,on
C04,DE_NL-CW12-25_ROW-DE-PAIDvA,351930935,A,test,person_00bad45ad5bcf2887d972ad3,1,0,message_27ba1f1b5a4c837d2512c970,event_c23d61b1915ac045305a7ff4,DELIVERED,2025-03-17 11:21:10,2025-03-17 11:21:12,ExpertLetter | Brisante Trustpilot-Enthüllungen + WIX & WordPress kommen!,0,,,,,on
C04,DE_NL-CW12-25_ROW-DE-PAIDvA,351930936,B,test,person_8fd6413caac5281684a014b1,1,0,message_92abbbc4ed660134d0f86ab7,event_840488d0440b2f7a5f1119a7,SENT,2025-03-17 11:22:29,2025-03-17 11:22:29,ExpertLetter | Bewertungsmanagement-Geheimnisse: von Estimotos Erfolg lernen + Trustpilot-Skandal!,0,,,,,on
C04,DE_NL-CW12-25_ROW-DE-PAIDvA,351930936,B,test,person_8fd6413caac5281684a014b1,1,0,message_92abbbc4ed660134d0f86ab7,event_6a2ac319f05de26b84d7772a,DELIVERED,2025-03-17 11:22:29,2025-03-17 11:22:32,ExpertLetter | Bewertungsmanagement-Geheimnisse: von Estimotos Erfolg lernen + Trustpilot-Skandal!,0,,,,,on
C04,DE_NL-CW12-25_ROW-DE-PAIDvA,351930935,A,test,person_deddcc86ba251eacc33e4860,1,0,message_66e7e14d1c868db57798647c,event_caeb39d99469e9f43ba7cf38,DELIVERED,2025-03-17 11:22:29,2025-03-17 11:22:46,ExpertLetter | Brisante Trustpilot-Enthüllungen + WIX & WordPress kommen!,0,,,,,on
C04,DE_NL-CW12-25_ROW-DE-PAIDvA,351930935,A,test,person_deddcc86ba251eacc33e4860,1,0,message_66e7e14d1c868db57798647c,event_6e732fe7c197f324570e88b1,OPEN,2025-03-17 11:22:29,2025-03-25 08:36:57,ExpertLetter | Brisante Trustpilot-Enthüllungen + WIX & WordPress kommen!,0,,,,,on
C04,DE_NL-CW12-25_ROW-DE-PAIDvA,351930935,A,test,person_deddcc86ba251eacc33e4860,1,0,message_66e7e14d1c868db57798647c,event_284fb6a47d10ea5cb6fccf6b,SENT,2025-03-17 11:22:29,2025-03-17 11:22:29,ExpertLetter | Brisante Trustpilot-Enthüllungen + WIX & WordPress kommen!,0,,,,,on
C04,DE_NL-CW12-25_ROW-DE-PAIDvA,351930935,A,test,person_666f630e98b14192187c492b,1,0,message_3c66db766a5632dcc5532f67,event_9b93e769bf4c9aea8a5d4aee,DELIVERED,2025-03-17 11:22:30,2025-03-17 11:22:31,ExpertLetter | Brisante Trustpilot-Enthüllungen + WIX & WordPress kommen!,0,,,,,on
C04,DE_NL-CW12-25_ROW-DE-PAIDvA,351930935,A,test,person_666f630e98b14192187c492b,1,0,message_3c66db766a5632dcc5532f67,event_315218aacb1c715df735af42,SENT,2025-03-17 11:22:30,2025-03-17 11:22:30,ExpertLetter | Brisante Trustpilot-Enthüllungen + WIX & WordPress kommen!,0,,,,,on
C04,DE_NL-CW12-25_ROW-DE-PAIDvA,351930936,B,test,person_0ed010c5934224c38ef32d39,1,0,message_2a059c3240f6507013ee310f,event_af489ad95b248edf93d20178,SENT,2025-03-17 11:22:30,2025-03-17 11:22:30,ExpertLetter | Bewertungsmanagement-Geheimnisse: von Estimotos Erfolg lernen + Trustpilot-Skandal!,0,,,,,on
C04,DE_NL-CW12-25_ROW-DE-PAIDvA,351930936,B,test,person_0ed010c5934224c38ef32d39,1,0,message_2a059c3240f6507013ee310f,event_113097d784893f3f8e0b68d3,DELIVERED,2025-03-17 11:22:30,2025-03-17 11:22:33,ExpertLetter | Bewertungsmanagement-Geheimnisse: von Estimotos Erfolg lernen + Trustpilot-Skandal!,0,,,,,on
C04,DE_NL-CW12-25_ROW-DE-PAIDvA,351930935,A,test,person_c1a84431f126aec9703753f9,1,0,message_7eaac8f04728790bbd536af4,event_d66943f67abf8618b4c2f529,DELIVERED,2025-03-17 11:22:31,2025-03-17 11:23:28,ExpertLetter | Brisante Trustpilot-Enthüllungen + WIX & WordPress kommen!,0,,,,,on
C04,DE_NL-CW12-25_ROW-DE-PAIDvA,351930935,A,test,person_c1a84431f126aec9703753f9,1,0,message_7eaac8f04728790bbd536af4,event_b63ff3ae085ec9d5684f6d1a,SENT,2025-03-17 11:22:31,2025-03-17 11:22:31,ExpertLetter | Brisante Trustpilot-Enthüllungen + WIX & WordPress kommen!,0,,,,,on
C04,DE_NL-CW12-25_ROW-DE-PAIDvA,351930936,B,test,person_f49492a16fbda344a83f79d5,1,0,message_fb287aab6eb43654649f6d22,event_be63b443fe161d95536cbd5f,SENT,2025-03-17 11:22:31,2025-03-17 11:22:31,ExpertLetter | Bewertungsmanagement-Geheimnisse: von Estimotos Erfolg lernen + Trustpilot-Skandal!,0,,,,,on
C04,DE_NL-CW12-25_ROW-DE-PAIDvA,351930936,B,test,person_f49492a16fbda344a83f79d5,1,0,message_fb287aab6eb43654649f6d22,event_1be84763bb87b086399c3b55,DELIVERED,2025-03-17 11:22:31,2025-03-17 11:22:34,ExpertLetter | Bewertungsmanagement-Geheimnisse: von Estimotos Erfolg lernen + Trustpilot-Skandal!,0,,,,,on
C04,DE_NL-CW12-25_ROW-DE-PAIDvA,351930935,A,test,person_48738143267c381cc01c26e5,1,0,message_f65ca14140d864378964554f,event_6f4673b54fc1c38483e1a71d,SENT,2025-03-17 11:21:09,2025-03-17 11:21:09,ExpertLetter | Brisante Trustpilot-Enthüllungen + WIX & WordPress kommen!,0,,,,,on
C04,DE_NL-CW12-25_ROW-DE-PAIDvA,351930935,A,test,person_48738143267c381cc01c26e5,1,0,message_f65ca14140d864378964554f,event_19a10a3fc6ecf31e369e54a3,DELIVERED,2025-03-17 11:21:09,2025-03-17 11:21:11,ExpertLetter | Brisante Trustpilot-Enthüllungen + WIX & WordPress kommen!,0,,,,,on
C04,DE_NL-CW12-25_ROW-DE-PAIDvA,351930935,A,test,person_48738143267c381cc01c26e5,1,0,message_f65ca14140d864378964554f,event_44cb33c6bcccc2424cd4c615,OPEN,2025-03-17 11:21:09,2025-03-17 12:53:58,ExpertLetter | Brisante Trustpilot-Enthüllungen + WIX & WordPress kommen!,0,,,,,on
C04,DE_NL-CW12-25_ROW-DE-PAIDvA,351930935,A,test,person_e1b37f771217fc1c11db16d8,1,0,message_05078bcb39790546c20a99e8,event_3f2b5ba80d2b47148a0628c0,SENT,2025-03-17 11:21:09,2025-03-17 11:21:09,ExpertLetter | Brisante Trustpilot-Enthüllungen + WIX & WordPress kommen!,0,,,,,on
C04,DE_NL-CW12-25_ROW-DE-PAIDvA,351930935,A,test,person_e1b37f771217fc1c11db16d8,1,0,message_05078bcb39790546c20a99e8,event_e29d082c3a5c8a55b022dd68,DELIVERED,2025-03-17 11:21:09,2025-03-17 11:21:10,ExpertLetter | Brisante Trustpilot-Enthüllungen + WIX & WordPress kommen!,0,,,,,on
C04,DE_NL-CW12-25_ROW-DE-PAIDvA,351930935,A,test,person_e1b37f771217fc1c11db16d8,1,0,message_05078bcb39790546c20a99e8,event_933110a2fb23926d9eff9d8d,OPEN,2025-03-17 11:21:09,2025-03-17 12:17:21,ExpertLetter | Brisante Trustpilot-Enthüllungen + WIX & WordPress kommen!,0,,,,,on
C04,DE_NL-CW12-25_ROW-DE-PAIDvA,351930936,B,test,person_1faa5eb0b3ac31189d57f784,1,0,message_4875ea824a6d159c3e552e50,event_f10d84a4520955f5b86bf0f2,SENT,2025-03-17 11:19:50,2025-03-17 11:19:50,ExpertLetter | Bewertungsmanagement-Geheimnisse: von Estimotos Erfolg lernen + Trustpilot-Skandal!,0,,,,,on
C04,DE_NL-CW12-25_ROW-DE-PAIDvA,351930936,B,test,person_1faa5eb0b3ac31189d57f784,1,0,message_4875ea824a6d159c3e552e50,event_65c89b4731bb86aa740bed69,DELIVERED,2025-03-17 11:19:50,2025-03-17 11:19:55,ExpertLetter | Bewertungsmanagement-Geheimnisse: von Estimotos Erfolg lernen + Trustpilot-Skandal!,0,,,,,on
C04,DE_NL-CW12-25_ROW-DE-PAIDvA,351930935,A,test,person_4a40830afbbcf73279c63345,1,1,message_61f2f49c066ea7d8e3de1717,event_0b4afbbabb45ffdcacc84818,DELIVERED,2025-03-17 11:21:10,2025-03-17 11:21:12,ExpertLetter | Brisante Trustpilot-Enthüllungen + WIX & WordPress kommen!,0,,,,,on
C04,DE_NL-CW12-25_ROW-DE-PAIDvA,351930935,A,test,person_4a40830afbbcf73279c63345,1,1,message_61f2f49c066ea7d8e3de1717,event_6fdd5230ba6ba38fc571a8ce,SENT,2025-03-17 11:21:10,2025-03-17 11:21:10,ExpertLetter | Brisante Trustpilot-Enthüllungen + WIX & WordPress kommen!,0,,,,,on
C04,DE_NL-CW12-25_ROW-DE-PAIDvA,351930935,A,test,person_dddbce44bc4f6d30263b5fb5,1,0,message_99300e5b5e07bf314333353a,event_0078e7e2b4560355f737bd2c,SENT,2025-03-17 11:21:09,2025-03-17 11:21:09,ExpertLetter | Brisante Trustpilot-Enthüllungen + WIX & WordPress kommen!,0,,,,,on
C04,DE_NL-CW12-25_ROW-DE-PAIDvA,351930935,A,test,person_dddbce44bc4f6d30263b5fb5,1,0,message_99300e5b5e07bf314333353a,event_9cb860dd6fc3399f6a75c48d,DELIVERED,2025-03-17 11:21:09,2025-03-17 11:21:11,ExpertLetter | Brisante Trustpilot-Enthüllungen + WIX & WordPress kommen!,0,,,,,on
C04,DE_NL-CW12-25_ROW-DE-PAIDvA,351930936,B,test,person_90abcb939db27d82f996b1eb,1,0,message_27fca7fa7021fb37c3aee367,event_982bd7abf92cca539f119a68,DELIVERED,2025-03-17 11:22:30,2025-03-17 11:22:33,ExpertLetter | Bewertungsmanagement-Geheimnisse: von Estimotos Erfolg lernen + Trustpilot-Skandal!,0,,,,,on
C04,DE_NL-CW12-25_ROW-DE-PAIDvA,351930936,B,test,person_90abcb939db27d82f996b1eb,1,0,message_27fca7fa7021fb37c3aee367,event_2fb53ed446370211815b65d4,SENT,2025-03-17 11:22:30,2025-03-17 11:22:30,ExpertLetter | Bewertungsmanagement-Geheimnisse: von Estimotos Erfolg lernen + Trustpilot-Skandal!,0,,,,,on
C04,DE_NL-CW12-25_ROW-DE-PAIDvA,351930935,A,test,person_7140352bf440ff9ffa15a9c8,1,0,message_bc0e5854a26e9a157ae7e08d,event_39e6d58a7c85342cd50a40a2,OPEN,2025-03-17 11:22:30,2025-03-18 08:37:21,ExpertLetter | Brisante Trustpilot-Enthüllungen + WIX & WordPress kommen!,0,,event_cba1c5d8f1323ecebbde18bc,,,on
C04,DE_NL-CW12-25_ROW-DE-PAIDvA,351930935,A,test,person_7140352bf440ff9ffa15a9c8,1,0,message_bc0e5854a26e9a157ae7e08d,event_cba1c5d8f1323ecebbde18bc,CLICK,2025-03-17 11:22:30,2025-03-18 08:37:21,ExpertLetter | Brisante Trustpilot-Enthüllungen + WIX & WordPress kommen!,0,,,link_ca170b388513131e970fd93c,,on
C04,DE_NL-CW12-25_ROW-DE-PAIDvA,351930935,A,test,person_7140352bf440ff9ffa15a9c8,1,0,message_bc0e5854a26e9a157ae7e08d,event_9f74ee2f0e3c1a4dcd7c6f9f,DELIVERED,2025-03-17 11:22:30,2025-03-17 11:22:32,ExpertLetter | Brisante Trustpilot-Enthüllungen + WIX & WordPress kommen!,0,,,,,on
C04,DE_NL-CW12-25_ROW-DE-PAIDvA,351930935,A,test,person_7140352bf440ff9ffa15a9c8,1,0,message_bc0e5854a26e9a157ae7e08d,event_5e7ae11869578e258ed7e287,SENT,2025-03-17 11:22:30,2025-03-17 11:22:30,ExpertLetter | Brisante Trustpilot-Enthüllungen + WIX & WordPress kommen!,0,,,,,on
C04,DE_NL-CW12-25_ROW-DE-PAIDvA,351930936,B,test,person_23329cbca60af9be6940fb58,1,0,message_b4fb3d97097e0e4c15a78dfd,event_53c073cf0a3ff8dae988a54b,DROPPED,2025-03-17 11:22:31,2025-03-17 11:22:31,ExpertLetter | Bewertungsmanagement-Geheimnisse: von Estimotos Erfolg lernen + Trustpilot-Skandal!,0,,event_bd7f92221b37d60417360c30,,PREVIOUSLY_BOUNCED,on
C04,DE_NL-CW12-25_ROW-DE-PAIDvA,351930936,B,test,person_5970168793471ced9367c8fa,1,0,message_68e0aa18fe21f8df7518837c,event_bf3f4f56277e52ac4abfd545,SENT,2025-03-17 11:22:30,2025-03-17 11:22:30,ExpertLetter | Bewertungsmanagement-Geheimnisse: von Estimotos Erfolg lernen + Trustpilot-Skandal!,0,,,,,on
C04,DE_NL-CW12-25_ROW-DE-PAIDvA,351930936,B,test,person_5970168793471ced9367c8fa,1,0,message_68e0aa18fe21f8df7518837c,event_302837791b324bc29e95a754,DELIVERED,2025-03-17 11:22:30,2025-03-17 11:22:32,ExpertLetter | Bewertungsmanagement-Geheimnisse: von Estimotos Erfolg lernen + Trustpilot-Skandal!,0,,,,,on
C04,DE_NL-CW12-25_ROW-DE-PAIDvA,351930936,B,test,person_1e853e4d04972105d9aa9ec3,1,0,message_f1ba133eb4c8206da62b3bcf,event_2ee5481eb48541ec17c07f1e,SENT,2025-03-17 11:19:49,2025-03-17 11:19:49,ExpertLetter | Bewertungsmanagement-Geheimnisse: von Estimotos Erfolg lernen + Trustpilot-Skandal!,0,,,,,on
C04,DE_NL-CW12-25_ROW-DE-PAIDvA,351930936,B,test,person_1e853e4d04972105d9aa9ec3,1,0,message_f1ba133eb4c8206da62b3bcf,event_a4448bf335195ec5bae39c1b,DELIVERED,2025-03-17 11:19:49,2025-03-17 11:20:00,ExpertLetter | Bewertungsmanagement-Geheimnisse: von Estimotos Erfolg lernen + Trustpilot-Skandal!,0,,,,,on
C04,DE_NL-CW12-25_ROW-DE-PAIDvA,351930935,A,test,person_66ad2133a3b432a1f2afb420,1,0,message_c937f4845ad033f1012e1dcb,event_3ee68a3f085e3628ccc1b0c6,SENT,2025-03-17 11:22:30,2025-03-17 11:22:30,ExpertLetter | Brisante Trustpilot-Enthüllungen + WIX & WordPress kommen!,0,,,,,on
C04,DE_NL-CW12-25_ROW-DE-PAIDvA,351930935,A,test,person_66ad2133a3b432a1f2afb420,1,0,message_c937f4845ad033f1012e1dcb,event_fdf53f3a7bb366d2b1dfc185,DELIVERED,2025-03-17 11:22:30,2025-03-17 11:22:42,ExpertLetter | Brisante Trustpilot-Enthüllungen + WIX & WordPress kommen!,0,,,,,on
C04,DE_NL-CW12-25_ROW-DE-PAIDvA,351930935,A,test,person_f4c7f64dbfccedce6a933488,1,0,message_ef7e0a9c92c15d1a954c9d3b,event_d9a8060c55bbd4529711ab20,DELIVERED,2025-03-17 11:22:30,2025-03-17 11:22:32,ExpertLetter | Brisante Trustpilot-Enthüllungen + WIX & WordPress kommen!,0,,,,,on
C04,DE_NL-CW12-25_ROW-DE-PAIDvA,351930935,A,test,person_f4c7f64dbfccedce6a933488,1,0,message_ef7e0a9c92c15d1a954c9d3b,event_975acd966265f28e0e7defae,SENT,2025-03-17 11:22:30,2025-03-17 11:22:30,ExpertLetter | Brisante Trustpilot-Enthüllungen + WIX & WordPress kommen!,0,,,,,on
C04,DE_NL-CW12-25_ROW-DE-PAIDvA,351930935,A,test,person_f4c7f64dbfccedce6a933488,1,0,message_ef7e0a9c92c15d1a954c9d3b,event_41d7553d70a7c902688d23c4,OPEN,2025-03-17 11:22:30,2025-03-17 12:09:12,ExpertLetter | Brisante Trustpilot-Enthüllungen + WIX & WordPress kommen!,0,,,,,on
C04,DE_NL-CW12-25_ROW-DE-PAIDvA,351930936,B,test,person_4330497d447c9d139d8ab84d,1,0,message_a4d62826afe581ae26e5c04e,event_c17f9efc5ebb2f7f6e68006b,SENT,2025-03-17 11:19:49,2025-03-17 11:19:49,ExpertLetter | Bewertungsmanagement-Geheimnisse: von Estimotos Erfolg lernen + Trustpilot-Skandal!,0,,,,,on
C04,DE_NL-CW12-25_ROW-DE-PAIDvA,351930936,B,test,person_4330497d447c9d139d8ab84d,1,0,message_a4d62826afe581ae26e5c04e,event_c95b5c28abb76724eced25d1,DELIVERED,2025-03-17 11:19:49,2025-03-17 11:19:52,ExpertLetter | Bewertungsmanagement-Geheimnisse: von Estimotos Erfolg lernen + Trustpilot-Skandal!,0,,,,,on
C04,DE_NL-CW12-25_ROW-DE-PAIDvA,351930936,B,test,person_0af10c248c91e57c963d9ae5,1,0,message_3ec28b00ddd2cfd161431f79,event_48e78899143712bee5ce1b13,DELIVERED,2025-03-17 11:22:29,2025-03-17 11:22:32,ExpertLetter | Bewertungsmanagement-Geheimnisse: von Estimotos Erfolg lernen + Trustpilot-Skandal!,0,,,,,on
C04,DE_NL-CW12-25_ROW-DE-PAIDvA,351930936,B,test,person_0af10c248c91e57c963d9ae5,1,0,message_3ec28b00ddd2cfd161431f79,event_e1a71afee5253d4faa3bfe3b,SENT,2025-03-17 11:22:29,2025-03-17 11:22:29,ExpertLetter | Bewertungsmanagement-Geheimnisse: von Estimotos Erfolg lernen + Trustpilot-Skandal!,0,,,,,on
C04,DE_NL-CW12-25_ROW-DE-PAIDvA,351930936,B,test,person_ca356736db64ebc73dcde0de,1,0,message_aa084f7440cf6b71076b7164,event_84749e90309ebc4da403f873,DELIVERED,2025-03-17 11:22:30,2025-03-17 11:22:37,ExpertLetter | Bewertungsmanagement-Geheimnisse: von Estimotos Erfolg lernen + Trustpilot-Skandal!,0,,,,,on
C04,DE_NL-CW12-25_ROW-DE-PAIDvA,351930936,B,test,person_ca356736db64ebc73dcde0de,1,0,message_aa084f7440cf6b71076b7164,event_552a12009002433490e0d4a8,SENT,2025-03-17 11:22:30,2025-03-17 11:22:30,ExpertLetter | Bewertungsmanagement-Geheimnisse: von Estimotos Erfolg lernen + Trustpilot-Skandal!,0,,,,,on
C04,DE_NL-CW12-25_ROW-DE-PAIDvA,351930935,A,test,person_3e9deda5fdebe0438c7a5ea2,1,0,message_edb9e7024aa19c26b950cacc,event_068234421519d93d9a1a2b94,DELIVERED,2025-03-17 11:22:30,2025-03-17 11:22:35,ExpertLetter | Brisante Trustpilot-Enthüllungen + WIX & WordPress kommen!,0,,,,,on
C04,DE_NL-CW12-25_ROW-DE-PAIDvA,351930935,A,test,person_3e9deda5fdebe0438c7a5ea2,1,0,message_edb9e7024aa19c26b950cacc,event_b4f0d304a47e399ae1c5c5f3,SENT,2025-03-17 11:22:30,2025-03-17 11:22:30,ExpertLetter | Brisante Trustpilot-Enthüllungen + WIX & WordPress kommen!,0,,,,,on
C04,DE_NL-CW12-25_ROW-DE-PAIDvA,351930936,B,test,person_59259fd339825f8c02054314,1,0,message_76cec378f83f7a9e65103ac7,event_0a887a0f5c1606b5ec13d02f,DELIVERED,2025-03-17 11:22:31,2025-03-17 11:22:33,ExpertLetter | Bewertungsmanagement-Geheimnisse: von Estimotos Erfolg lernen + Trustpilot-Skandal!,0,,,,,on
C04,DE_NL-CW12-25_ROW-DE-PAIDvA,351930936,B,test,person_59259fd339825f8c02054314,1,0,message_76cec378f83f7a9e65103ac7,event_78101d8a58e1d7d3a0a8d366,SENT,2025-03-17 11:22:31,2025-03-17 11:22:31,ExpertLetter | Bewertungsmanagement-Geheimnisse: von Estimotos Erfolg lernen + Trustpilot-Skandal!,0,,,,,on
C04,DE_NL-CW12-25_ROW-DE-PAIDvA,351930936,B,test,person_59259fd339825f8c02054314,1,0,message_76cec378f83f7a9e65103ac7,event_109355e20b220320d8f3b86b,OPEN,2025-03-17 11:22:31,2025-03-17 12:01:37,ExpertLetter | Bewertungsmanagement-Geheimnisse: von Estimotos Erfolg lernen + Trustpilot-Skandal!,0,,,,,on
C04,DE_NL-CW12-25_ROW-DE-PAIDvA,351930935,A,test,person_a6c70dfcc21a695d8f236f8c,1,0,message_00a89b159208549d48e3dfc1,event_bd57474d691f2faea27b80c2,SENT,2025-03-17 11:22:31,2025-03-17 11:22:31,ExpertLetter | Brisante Trustpilot-Enthüllungen + WIX & WordPress kommen!,0,,,,,on
C04,DE_NL-CW12-25_ROW-DE-PAIDvA,351930935,A,test,person_a6c70dfcc21a695d8f236f8c,1,0,message_00a89b159208549d48e3dfc1,event_05db2d3b8fba0303fcb3c969,DELIVERED,2025-03-17 11:22:31,2025-03-17 11:22:35,ExpertLetter | Brisante Trustpilot-Enthüllungen + WIX & WordPress kommen!,0,,,,,on
C04,DE_NL-CW12-25_ROW-DE-PAIDvA,351930936,B,test,person_92f576c7e0a1bda87301881c,1,0,message_63e4d990483ac57ac06d699b,event_abf9e672431e933650140cf6,DELIVERED,2025-03-17 11:22:30,2025-03-17 11:22:31,ExpertLetter | Bewertungsmanagement-Geheimnisse: von Estimotos Erfolg lernen + Trustpilot-Skandal!,0,,,,,on
C04,DE_NL-CW12-25_ROW-DE-PAIDvA,351930936,B,test,person_92f576c7e0a1bda87301881c,1,0,message_63e4d990483ac57ac06d699b,event_51418ec300a5df56812a30b1,SENT,2025-03-17 11:22:30,2025-03-17 11:22:30,ExpertLetter | Bewertungsmanagement-Geheimnisse: von Estimotos Erfolg lernen + Trustpilot-Skandal!,0,,,,,on
C04,DE_NL-CW12-25_ROW-DE-PAIDvA,351930936,B,test,person_92f576c7e0a1bda87301881c,1,0,message_63e4d990483ac57ac06d699b,event_a8f3ca71025580de8c37de90,OPEN,2025-03-17 11:22:30,2025-03-17 18:31:04,ExpertLetter | Bewertungsmanagement-Geheimnisse: von Estimotos Erfolg lernen + Trustpilot-Skandal!,0,,,,,on
C04,DE_NL-CW12-25_ROW-DE-PAIDvA,351930936,B,test,person_ddd23f3a97f2e837169566d3,1,0,message_47e63c3db16ae82eab9dda09,event_13bbd7efa4ccc50af0586e57,SENT,2025-03-17 11:22:31,2025-03-17 11:22:31,ExpertLetter | Bewertungsmanagement-Geheimnisse: von Estimotos Erfolg lernen + Trustpilot-Skandal!,0,,,,,on
C04,DE_NL-CW12-25_ROW-DE-PAIDvA,351930936,B,test,person_ddd23f3a97f2e837169566d3,1,0,message_47e63c3db16ae82eab9dda09,event_eea584a14be28255fffcb232,DELIVERED,2025-03-17 11:22:31,2025-03-17 11:22:32,ExpertLetter | Bewertungsmanagement-Geheimnisse: von Estimotos Erfolg lernen + Trustpilot-Skandal!,0,,,,,on
C04,DE_NL-CW12-25_ROW-DE-PAIDvA,351930936,B,test,person_ddd23f3a97f2e837169566d3,1,0,message_47e63c3db16ae82eab9dda09,event_91b94ecaeda1d26d0663193f,OPEN,2025-03-17 11:22:31,2025-03-18 11:33:36,ExpertLetter | Bewertungsmanagement-Geheimnisse: von Estimotos Erfolg lernen + Trustpilot-Skandal!,0,,,,,on
C04,DE_NL-CW12-25_ROW-DE-PAIDvA,351930935,A,test,person_adbd50699d6223a93eb39840,1,0,message_cedc50b07674ad02552f4f1d,event_861e9e4e8d7964ef5101c091,DELIVERED,2025-03-17 11:21:10,2025-03-17 11:21:11,ExpertLetter | Brisante Trustpilot-Enthüllungen + WIX & WordPress kommen!,0,,,,,on
C04,DE_NL-CW12-25_ROW-DE-PAIDvA,351930936,B,test,person_0b309e3cd12bfdc9cabeaffc,1,0,message_744df2f108686d4f25652c00,event_e5051d18511052912da2a890,DROPPED,2025-03-17 11:19:49,2025-03-17 11:19:49,ExpertLetter | Bewertungsmanagement-Geheimnisse: von Estimotos Erfolg lernen + Trustpilot-Skandal!,0,,event_d2097a0a71e43576374f7e12,,PREVIOUSLY_BOUNCED,on
C04,DE_NL-CW12-25_ROW-DE-PAIDvA,351930935,A,test,person_adbd50699d6223a93eb39840,1,0,message_cedc50b07674ad02552f4f1d,event_00051b4156cb047c9b293c8d,SENT,2025-03-17 11:21:10,2025-03-17 11:21:10,ExpertLetter | Brisante Trustpilot-Enthüllungen + WIX & WordPress kommen!,0,,,,,on
C04,DE_NL-CW12-25_ROW-DE-PAIDvA,351930935,A,test,person_ea7ba8f27624edb4834db91b,1,0,message_2435032aec20bacd8696eaaf,event_32800f92f1c7a8bbdd4dfd3c,DELIVERED,2025-03-17 11:22:31,2025-03-17 11:22:32,ExpertLetter | Brisante Trustpilot-Enthüllungen + WIX & WordPress kommen!,0,,,,,on
C04,DE_NL-CW12-25_ROW-DE-PAIDvA,351930935,A,test,person_ea7ba8f27624edb4834db91b,1,0,message_2435032aec20bacd8696eaaf,event_70048dd25c21bae68778e249,SENT,2025-03-17 11:22:31,2025-03-17 11:22:31,ExpertLetter | Brisante Trustpilot-Enthüllungen + WIX & WordPress kommen!,0,,,,,on
C04,DE_NL-CW12-25_ROW-DE-PAIDvA,351930935,A,test,person_c0e2418ecc1b4215da1ac944,1,0,message_9b7328f1d4190f845f19a982,event_f8f928361a0ddb515691f414,SENT,2025-03-17 11:22:31,2025-03-17 11:22:31,ExpertLetter | Brisante Trustpilot-Enthüllungen + WIX & WordPress kommen!,0,,,,,on
C04,DE_NL-CW12-25_ROW-DE-PAIDvA,351930935,A,test,person_c0e2418ecc1b4215da1ac944,1,0,message_9b7328f1d4190f845f19a982,event_3559b371ccaa4a917bfaa6f5,DELIVERED,2025-03-17 11:22:31,2025-03-17 11:26:25,ExpertLetter | Brisante Trustpilot-Enthüllungen + WIX & WordPress kommen!,0,,,,,on
C04,DE_NL-CW12-25_ROW-DE-PAIDvA,351930935,A,test,person_c0e2418ecc1b4215da1ac944,1,0,message_9b7328f1d4190f845f19a982,event_0b15cbaed907281d4d6f7f40,DEFERRED,2025-03-17 11:22:31,2025-03-17 11:22:35,ExpertLetter | Brisante Trustpilot-Enthüllungen + WIX & WordPress kommen!,0,,,,,on
C04,DE_NL-CW12-25_ROW-DE-PAIDvA,351930936,B,test,person_d482e627f1f19e1257b42883,1,0,message_63955d684bb39317eb63ed40,event_3faf15b73ec82ef7edd0de03,DELIVERED,2025-03-17 11:22:30,2025-03-17 11:22:36,ExpertLetter | Bewertungsmanagement-Geheimnisse: von Estimotos Erfolg lernen + Trustpilot-Skandal!,0,,,,,on
C04,DE_NL-CW12-25_ROW-DE-PAIDvA,351930936,B,test,person_d482e627f1f19e1257b42883,1,0,message_63955d684bb39317eb63ed40,event_59dd371d3463b2f63649dc8b,SENT,2025-03-17 11:22:30,2025-03-17 11:22:30,ExpertLetter | Bewertungsmanagement-Geheimnisse: von Estimotos Erfolg lernen + Trustpilot-Skandal!,0,,,,,on
C04,DE_NL-CW12-25_ROW-DE-PAIDvA,351930936,B,test,person_9a2b947fe040a8989703be3c,1,0,message_496be3c664c7b2a71237d222,event_80dadfde7927177b7e2be161,SENT,2025-03-17 11:19:49,2025-03-17 11:19:49,ExpertLetter | Bewertungsmanagement-Geheimnisse: von Estimotos Erfolg lernen + Trustpilot-Skandal!,0,,,,,on
C04,DE_NL-CW12-25_ROW-DE-PAIDvA,351930936,B,test,person_9a2b947fe040a8989703be3c,1,0,message_496be3c664c7b2a71237d222,event_23bce7ddabe6b519e16a31e3,DELIVERED,2025-03-17 11:19:49,2025-03-17 11:19:50,ExpertLetter | Bewertungsmanagement-Geheimnisse: von Estimotos Erfolg lernen + Trustpilot-Skandal!,0,,,,,on
C04,DE_NL-CW12-25_ROW-DE-PAIDvA,351930935,A,test,person_8e57247c592e858cb93824ee,1,0,message_b1da2b2ee2ce93f130449219,event_75710236d54ac1f23c48d345,SENT,2025-03-17 11:22:30,2025-03-17 11:22:30,ExpertLetter | Brisante Trustpilot-Enthüllungen + WIX & WordPress kommen!,0,,,,,on
C04,DE_NL-CW12-25_ROW-DE-PAIDvA,351930935,A,test,person_8e57247c592e858cb93824ee,1,0,message_b1da2b2ee2ce93f130449219,event_a79744d4a1a26f9ca9207eca,DELIVERED,2025-03-17 11:22:30,2025-03-17 11:22:33,ExpertLetter | Brisante Trustpilot-Enthüllungen + WIX & WordPress kommen!,0,,,,,on
C04,DE_NL-CW12-25_ROW-DE-PAIDvA,351930935,A,test,person_4fb6ab152108fa0b9e0cf078,1,0,message_365a7590179e5b465584e43e,event_12e765308c02c91fa1f53ec8,SENT,2025-03-17 11:22:29,2025-03-17 11:22:29,ExpertLetter | Brisante Trustpilot-Enthüllungen + WIX & WordPress kommen!,0,,,,,on
C04,DE_NL-CW12-25_ROW-DE-PAIDvA,351930935,A,test,person_4fb6ab152108fa0b9e0cf078,1,0,message_365a7590179e5b465584e43e,event_a0a1ff582ab239f5ff6bafad,DELIVERED,2025-03-17 11:22:29,2025-03-17 11:22:35,ExpertLetter | Brisante Trustpilot-Enthüllungen + WIX & WordPress kommen!,0,,,,,on
C04,DE_NL-CW12-25_ROW-DE-PAIDvA,351930935,A,test,person_a837b80349958b76bb1f0ab4,1,0,message_d4046b60fcf538f3e92a291d,event_a0b19becd009b9a903149e8a,SENT,2025-03-17 11:22:30,2025-03-17 11:22:30,ExpertLetter | Brisante Trustpilot-Enthüllungen + WIX & WordPress kommen!,0,,,,,on
C04,DE_NL-CW12-25_ROW-DE-PAIDvA,351930935,A,test,person_a837b80349958b76bb1f0ab4,1,0,message_d4046b60fcf538f3e92a291d,event_6b630020d7c409e7acca179b,DELIVERED,2025-03-17 11:22:30,2025-03-17 11:22:33,ExpertLetter | Brisante Trustpilot-Enthüllungen + WIX & WordPress kommen!,0,,,,,on
C04,DE_NL-CW12-25_ROW-DE-PAIDvA,351930936,B,test,person_5766cf9d5f841203a768c193,1,0,message_64ba9678ad894c2492a4ee3d,event_542a2afea837eb2c2d070669,SENT,2025-03-17 11:22:30,2025-03-17 11:22:30,ExpertLetter | Bewertungsmanagement-Geheimnisse: von Estimotos Erfolg lernen + Trustpilot-Skandal!,0,,,,,on
C04,DE_NL-CW12-25_ROW-DE-PAIDvA,351930936,B,test,person_5766cf9d5f841203a768c193,1,0,message_64ba9678ad894c2492a4ee3d,event_52c456afdd0fc29e0fc615c3,DELIVERED,2025-03-17 11:22:30,2025-03-17 11:22:46,ExpertLetter | Bewertungsmanagement-Geheimnisse: von Estimotos Erfolg lernen + Trustpilot-Skandal!,0,,,,,on
C04,DE_NL-CW12-25_ROW-DE-PAIDvA,351930936,B,test,person_775caf836fd329c9cddb94f7,1,0,message_d9a5628e86b6919257a72ab4,event_575afb7178129c561be815f9,SENT,2025-03-17 11:22:30,2025-03-17 11:22:30,ExpertLetter | Bewertungsmanagement-Geheimnisse: von Estimotos Erfolg lernen + Trustpilot-Skandal!,0,,,,,on
C04,DE_NL-CW12-25_ROW-DE-PAIDvA,351930936,B,test,person_775caf836fd329c9cddb94f7,1,0,message_d9a5628e86b6919257a72ab4,event_eeab5b3df76593d61102e365,DELIVERED,2025-03-17 11:22:30,2025-03-17 11:22:34,ExpertLetter | Bewertungsmanagement-Geheimnisse: von Estimotos Erfolg lernen + Trustpilot-Skandal!,0,,,,,on
C04,DE_NL-CW12-25_ROW-DE-PAIDvA,351930935,A,test,person_d8faaf02e23282ddc80aef09,1,0,message_da59c4d617bbc4ce7bb9ae3a,event_935d49e32616710ceab5fb2c,OPEN,2025-03-17 11:22:30,2025-03-17 12:35:46,ExpertLetter | Brisante Trustpilot-Enthüllungen + WIX & WordPress kommen!,0,,,,,on
C04,DE_NL-CW12-25_ROW-DE-PAIDvA,351930935,A,test,person_d8faaf02e23282ddc80aef09,1,0,message_da59c4d617bbc4ce7bb9ae3a,event_dab1e53a175ab00743693c8a,SENT,2025-03-17 11:22:30,2025-03-17 11:22:30,ExpertLetter | Brisante Trustpilot-Enthüllungen + WIX & WordPress kommen!,0,,,,,on
C04,DE_NL-CW12-25_ROW-DE-PAIDvA,351930935,A,test,person_d8faaf02e23282ddc80aef09,1,0,message_da59c4d617bbc4ce7bb9ae3a,event_3ac4654c4b741ed6b8e12da5,DELIVERED,2025-03-17 11:22:30,2025-03-17 11:22:32,ExpertLetter | Brisante Trustpilot-Enthüllungen + WIX & WordPress kommen!,0,,,,,on
C04,DE_NL-CW12-25_ROW-DE-PAIDvA,351930935,A,test,person_d8faaf02e23282ddc80aef09,1,0,message_da59c4d617bbc4ce7bb9ae3a,event_a027da0d3376839c0caf6d9d,CLICK,2025-03-17 11:22:30,2025-03-24 15:28:24,ExpertLetter | Brisante Trustpilot-Enthüllungen + WIX & WordPress kommen!,0,,,link_1e23340da487dde5de00f042,,on
C04,DE_NL-CW12-25_ROW-DE-PAIDvA,351930935,A,test,person_d8faaf02e23282ddc80aef09,1,0,message_da59c4d617bbc4ce7bb9ae3a,event_14f0d41169667e8cb4872631,CLICK,2025-03-17 11:22:30,2025-03-17 12:35:48,ExpertLetter | Brisante Trustpilot-Enthüllungen + WIX & WordPress kommen!,0,,,link_1e23340da487dde5de00f042,,on
C04,DE_NL-CW12-25_ROW-DE-PAIDvA,351930935,A,test,person_d8faaf02e23282ddc80aef09,1,0,message_da59c4d617bbc4ce7bb9ae3a,event_9f88df824a2396df54530c1d,OPEN,2025-03-17 11:22:30,2025-03-17 11:49:11,ExpertLetter | Brisante Trustpilot-Enthüllungen + WIX & WordPress kommen!,0,,,,,on
C04,DE_NL-CW12-25_ROW-DE-PAIDvA,351930935,A,test,person_d8faaf02e23282ddc80aef09,1,0,message_da59c4d617bbc4ce7bb9ae3a,event_400e10639a7cc1fe7e0e9889,OPEN,2025-03-17 11:22:30,2025-03-24 15:28:15,ExpertLetter | Brisante Trustpilot-Enthüllungen + WIX & WordPress kommen!,0,,,,,on
C04,DE_NL-CW12-25_ROW-DE-PAIDvA,351930935,A,test,person_d8faaf02e23282ddc80aef09,1,0,message_da59c4d617bbc4ce7bb9ae3a,event_742d5f5fae988117938fdef5,OPEN,2025-03-17 11:22:30,2025-03-18 20:19:40,ExpertLetter | Brisante Trustpilot-Enthüllungen + WIX & WordPress kommen!,0,,,,,on
C04,DE_NL-CW12-25_ROW-DE-PAIDvA,351930936,B,test,person_2f48328ac7fb34f2a83605e2,1,0,message_a870528868162996fc76c970,event_849400c6eac6a069b84cb5da,DELIVERED,2025-03-17 11:22:30,2025-03-17 11:22:32,ExpertLetter | Bewertungsmanagement-Geheimnisse: von Estimotos Erfolg lernen + Trustpilot-Skandal!,0,,,,,on
C04,DE_NL-CW12-25_ROW-DE-PAIDvA,351930936,B,test,person_6b16c2f410e75ce5becb52dc,1,0,message_bf9d55ee0eb5e7393214a5dc,event_318d0eed2ab1ac709026b5c6,DROPPED,2025-03-17 11:22:30,2025-03-17 11:22:30,ExpertLetter | Bewertungsmanagement-Geheimnisse: von Estimotos Erfolg lernen + Trustpilot-Skandal!,0,,event_6164e82b1bc74f6cc214efc6,,PREVIOUSLY_BOUNCED,on
C04,DE_NL-CW12-25_ROW-DE-PAIDvA,351930936,B,test,person_d1580d0766e973f382cf4ffb,1,0,message_f4e07b2a3acf161a85806de0,event_bcb1990e53e96192b37be429,DROPPED,2025-03-17 11:22:30,2025-03-17 11:22:30,ExpertLetter | Bewertungsmanagement-Geheimnisse: von Estimotos Erfolg lernen + Trustpilot-Skandal!,0,,event_90f36749fd68e01a4347499c,,PREVIOUSLY_BOUNCED,on
C04,DE_NL-CW12-25_ROW-DE-PAIDvA,351930936,B,test,person_2f48328ac7fb34f2a83605e2,1,0,message_a870528868162996fc76c970,event_4e96b87b3f4f05792df06ac3,SENT,2025-03-17 11:22:30,2025-03-17 11:22:30,ExpertLetter | Bewertungsmanagement-Geheimnisse: von Estimotos Erfolg lernen + Trustpilot-Skandal!,0,,,,,on
C04,DE_NL-CW12-25_ROW-DE-PAIDvA,351930935,A,test,person_7c0642b23ffea0829cb8779a,1,0,message_695c43395c19fbb7642faa4a,event_44451ca5ede8a56e1c72a373,SENT,2025-03-17 11:22:30,2025-03-17 11:22:30,ExpertLetter | Brisante Trustpilot-Enthüllungen + WIX & WordPress kommen!,0,,,,,on
C04,DE_NL-CW12-25_ROW-DE-PAIDvA,351930935,A,test,person_7c0642b23ffea0829cb8779a,1,0,message_695c43395c19fbb7642faa4a,event_26704bd5b567e6b647df0e1d,DELIVERED,2025-03-17 11:22:30,2025-03-17 11:22:32,ExpertLetter | Brisante Trustpilot-Enthüllungen + WIX & WordPress kommen!,0,,,,,on
C04,DE_NL-CW12-25_ROW-DE-PAIDvA,351930936,B,test,person_a7094c50eba18722cf267bda,1,1,message_87632ac2bb5a401307ac77ee,event_538f620c1a55247c188c42f7,SENT,2025-03-17 11:22:30,2025-03-17 11:22:30,ExpertLetter | Bewertungsmanagement-Geheimnisse: von Estimotos Erfolg lernen + Trustpilot-Skandal!,0,,,,,on
C04,DE_NL-CW12-25_ROW-DE-PAIDvA,351930936,B,test,person_a7094c50eba18722cf267bda,1,1,message_87632ac2bb5a401307ac77ee,event_94d16b98ab88518f7a282528,DELIVERED,2025-03-17 11:22:30,2025-03-17 11:22:33,ExpertLetter | Bewertungsmanagement-Geheimnisse: von Estimotos Erfolg lernen + Trustpilot-Skandal!,0,,,,,on
C04,DE_NL-CW12-25_ROW-DE-PAIDvA,351930935,A,test,person_97dd796c490b3542e27e8a5a,1,0,message_5b84d7c75b07af586b9037cc,event_a7a43ea9806e9bd774ae4f74,SENT,2025-03-17 11:22:30,2025-03-17 11:22:30,ExpertLetter | Brisante Trustpilot-Enthüllungen + WIX & WordPress kommen!,0,,,,,on
C04,DE_NL-CW12-25_ROW-DE-PAIDvA,351930935,A,test,person_97dd796c490b3542e27e8a5a,1,0,message_5b84d7c75b07af586b9037cc,event_abd4dd0941fc2a12474f6ab6,DELIVERED,2025-03-17 11:22:30,2025-03-17 11:22:33,ExpertLetter | Brisante Trustpilot-Enthüllungen + WIX & WordPress kommen!,0,,,,,on
C04,DE_NL-CW12-25_ROW-DE-PAIDvA,351930935,A,test,person_1d976bc13d6d8ed5f869f4fc,1,0,message_a2e263276d3973aec48364d5,event_1bb493e7b2366a36e4143002,SENT,2025-03-17 11:22:30,2025-03-17 11:22:30,ExpertLetter | Brisante Trustpilot-Enthüllungen + WIX & WordPress kommen!,0,,,,,on
C04,DE_NL-CW12-25_ROW-DE-PAIDvA,351930935,A,test,person_1d976bc13d6d8ed5f869f4fc,1,0,message_a2e263276d3973aec48364d5,event_2019739e256ff31e78ecadba,DELIVERED,2025-03-17 11:22:30,2025-03-17 11:22:33,ExpertLetter | Brisante Trustpilot-Enthüllungen + WIX & WordPress kommen!,0,,,,,on
C04,DE_NL-CW12-25_ROW-DE-PAIDvA,351930936,B,test,person_65b5abc1e31e0712682436bc,1,1,message_2101b3be08be0a586c723333,event_7d7e3068ba549d315dc611ba,DELIVERED,2025-03-17 11:22:30,2025-03-17 11:22:32,ExpertLetter | Bewertungsmanagement-Geheimnisse: von Estimotos Erfolg lernen + Trustpilot-Skandal!,0,,,,,on
C04,DE_NL-CW12-25_ROW-DE-PAIDvA,351930936,B,test,person_65b5abc1e31e0712682436bc,1,1,message_2101b3be08be0a586c723333,event_b44c743be1fb249685b6a0e8,SENT,2025-03-17 11:22:30,2025-03-17 11:22:30,ExpertLetter | Bewertungsmanagement-Geheimnisse: von Estimotos Erfolg lernen + Trustpilot-Skandal!,0,,,,,on
C04,DE_NL-CW12-25_ROW-DE-PAIDvA,351930936,B,test,person_223a111dbd0cfcae9768d2cd,1,0,message_b1d62fcfd71001a05c773b9e,event_b45877d5f28cf754b20727c0,SENT,2025-03-17 11:22:30,2025-03-17 11:22:30,ExpertLetter | Bewertungsmanagement-Geheimnisse: von Estimotos Erfolg lernen + Trustpilot-Skandal!,1,event_b25037d0b88d8aeb8a97b78c,,,,on
C04,DE_NL-CW12-25_ROW-DE-PAIDvA,351930936,B,test,person_223a111dbd0cfcae9768d2cd,1,0,message_b1d62fcfd71001a05c773b9e,event_b0b38058ec41aa03cb63d752,DEFERRED,2025-03-17 11:22:30,2025-03-17 11:24:38,ExpertLetter | Bewertungsmanagement-Geheimnisse: von Estimotos Erfolg lernen + Trustpilot-Skandal!,0,,,,,on
C04,DE_NL-CW12-25_ROW-DE-PAIDvA,351930936,B,test,person_223a111dbd0cfcae9768d2cd,1,0,message_b1d62fcfd71001a05c773b9e,event_ae7573388e2d479ca245aaca,DEFERRED,2025-03-17 11:22:30,2025-03-17 11:43:30,ExpertLetter | Bewertungsmanagement-Geheimnisse: von Estimotos Erfolg lernen + Trustpilot-Skandal!,0,,,,,on
C04,DE_NL-CW12-25_ROW-DE-PAIDvA,351930936,B,test,person_223a111dbd0cfcae9768d2cd,1,0,message_b1d62fcfd71001a05c773b9e,event_b25037d0b88d8aeb8a97b78c,DROPPED,2025-03-17 11:22:30,2025-03-17 11:44:48,ExpertLetter | Bewertungsmanagement-Geheimnisse: von Estimotos Erfolg lernen + Trustpilot-Skandal!,0,,,,MTA_IGNORE,on
C04,DE_NL-CW12-25_ROW-DE-PAIDvA,351930936,B,test,person_223a111dbd0cfcae9768d2cd,1,0,message_b1d62fcfd71001a05c773b9e,event_1e285329225c8dc99ff166f8,DEFERRED,2025-03-17 11:22:30,2025-03-17 11:22:31,ExpertLetter | Bewertungsmanagement-Geheimnisse: von Estimotos Erfolg lernen + Trustpilot-Skandal!,0,,,,,on
C04,DE_NL-CW12-25_ROW-DE-PAIDvA,351930936,B,test,person_ec9aa6fe870d7d4f96ba0d07,1,0,message_4c64fd96d7aed9404b778468,event_5f2e162e810f56f8644aac93,DELIVERED,2025-03-17 11:22:29,2025-03-17 11:22:33,ExpertLetter | Bewertungsmanagement-Geheimnisse: von Estimotos Erfolg lernen + Trustpilot-Skandal!,0,,,,,on
C04,DE_NL-CW12-25_ROW-DE-PAIDvA,351930936,B,test,person_ec9aa6fe870d7d4f96ba0d07,1,0,message_4c64fd96d7aed9404b778468,event_bb60adf945f4ef46a4328e01,SENT,2025-03-17 11:22:29,2025-03-17 11:22:29,ExpertLetter | Bewertungsmanagement-Geheimnisse: von Estimotos Erfolg lernen + Trustpilot-Skandal!,0,,,,,on
C04,DE_NL-CW12-25_ROW-DE-PAIDvA,351930935,A,test,person_5dc2fccae9aff2d81ce83350,1,0,message_093b2f5ccc3a51848c9206da,event_ae16597e839f373caa16a1ba,DROPPED,2025-03-17 11:22:30,2025-03-17 11:22:30,ExpertLetter | Brisante Trustpilot-Enthüllungen + WIX & WordPress kommen!,0,,event_f021a12ec34b1db30ebdb9fe,,PREVIOUSLY_BOUNCED,on
C04,DE_NL-CW12-25_ROW-DE-PAIDvA,351930936,B,test,person_0fd5d200091ee2c38e003c90,1,0,message_b600371893f5b5774498f29d,event_efafec51eab2cb5def996c2f,SENT,2025-03-17 11:22:30,2025-03-17 11:22:30,ExpertLetter | Bewertungsmanagement-Geheimnisse: von Estimotos Erfolg lernen + Trustpilot-Skandal!,0,,,,,on
C04,DE_NL-CW12-25_ROW-DE-PAIDvA,351930936,B,test,person_0fd5d200091ee2c38e003c90,1,0,message_b600371893f5b5774498f29d,event_52829e673cd2a35ddf451bcb,DELIVERED,2025-03-17 11:22:30,2025-03-17 11:22:31,ExpertLetter | Bewertungsmanagement-Geheimnisse: von Estimotos Erfolg lernen + Trustpilot-Skandal!,0,,,,,on
C04,DE_NL-CW12-25_ROW-DE-PAIDvA,351930935,A,test,person_9b858fe3ba6330ed7e5f2679,1,0,message_73e2807b22cae65918541422,event_043d3f650779c71da90a5623,DELIVERED,2025-03-17 11:22:30,2025-03-17 11:22:32,ExpertLetter | Brisante Trustpilot-Enthüllungen + WIX & WordPress kommen!,0,,,,,on
C04,DE_NL-CW12-25_ROW-DE-PAIDvA,351930935,A,test,person_9b858fe3ba6330ed7e5f2679,1,0,message_73e2807b22cae65918541422,event_ee046b2e53aaba594cf25a10,SENT,2025-03-17 11:22:30,2025-03-17 11:22:30,ExpertLetter | Brisante Trustpilot-Enthüllungen + WIX & WordPress kommen!,0,,,,,on
C04,DE_NL-CW12-25_ROW-DE-PAIDvA,351930935,A,test,person_978ef91d3bf33fe2269fcbfa,1,0,message_c1072cfeb5206500303322b9,event_f11f3eda33ad9ce187a92118,SENT,2025-03-17 11:22:30,2025-03-17 11:22:30,ExpertLetter | Brisante Trustpilot-Enthüllungen + WIX & WordPress kommen!,0,,,,,on
C04,DE_NL-CW12-25_ROW-DE-PAIDvA,351930935,A,test,person_978ef91d3bf33fe2269fcbfa,1,0,message_c1072cfeb5206500303322b9,event_e9c8d917d7ce3fb275c91eb7,DELIVERED,2025-03-17 11:22:30,2025-03-17 11:22:36,ExpertLetter | Brisante Trustpilot-Enthüllungen + WIX & WordPress kommen!,0,,,,,on
C04,DE_NL-CW12-25_ROW-DE-PAIDvA,351930935,A,test,person_4afe67db3dd039772ee0834f,1,0,message_832d5a54ee485c4ce96598ba,event_b2f46d1b968eec12bc066a18,DELIVERED,2025-03-17 11:22:30,2025-03-17 11:22:31,ExpertLetter | Brisante Trustpilot-Enthüllungen + WIX & WordPress kommen!,0,,,,,on
C04,DE_NL-CW12-25_ROW-DE-PAIDvA,351930935,A,test,person_4afe67db3dd039772ee0834f,1,0,message_832d5a54ee485c4ce96598ba,event_4aba4c1a448d9db464ecd3a4,SENT,2025-03-17 11:22:30,2025-03-17 11:22:30,ExpertLetter | Brisante Trustpilot-Enthüllungen + WIX & WordPress kommen!,0,,,,,on
C04,DE_NL-CW12-25_ROW-DE-PAIDvA,351930935,A,test,person_8d00eb15105a605361da9446,1,0,message_167c3bc0263c8644c7b0d882,event_1a5c2a2cb3111091c982af53,DELIVERED,2025-03-17 11:22:29,2025-03-17 11:22:31,ExpertLetter | Brisante Trustpilot-Enthüllungen + WIX & WordPress kommen!,0,,,,,on
C04,DE_NL-CW12-25_ROW-DE-PAIDvA,351930935,A,test,person_8d00eb15105a605361da9446,1,0,message_167c3bc0263c8644c7b0d882,event_cb4cd5b75799b4cb0836b552,SENT,2025-03-17 11:22:29,2025-03-17 11:22:29,ExpertLetter | Brisante Trustpilot-Enthüllungen + WIX & WordPress kommen!,0,,,,,on
C04,DE_NL-CW12-25_ROW-DE-PAIDvA,351930935,A,test,person_ab78cf7cd7c729ea52edd70d,1,0,message_0874024c4304a7caeaad97dc,event_8f99fdacfef8d37cf31eb621,SENT,2025-03-17 11:22:30,2025-03-17 11:22:30,ExpertLetter | Brisante Trustpilot-Enthüllungen + WIX & WordPress kommen!,0,,,,,on
C04,DE_NL-CW12-25_ROW-DE-PAIDvA,351930935,A,test,person_ab78cf7cd7c729ea52edd70d,1,0,message_0874024c4304a7caeaad97dc,event_f92fc891433dc23428d68451,DELIVERED,2025-03-17 11:22:30,2025-03-17 11:22:32,ExpertLetter | Brisante Trustpilot-Enthüllungen + WIX & WordPress kommen!,0,,,,,on
C04,DE_NL-CW12-25_ROW-DE-PAIDvA,351930936,B,test,person_79a158292b7232b26d1b83de,1,0,message_efb0c3fd6e1e5f018c86df5a,event_34b0cb0be91da1283d4b055a,DELIVERED,2025-03-17 11:22:29,2025-03-17 11:22:32,ExpertLetter | Bewertungsmanagement-Geheimnisse: von Estimotos Erfolg lernen + Trustpilot-Skandal!,0,,,,,on
C04,DE_NL-CW12-25_ROW-DE-PAIDvA,351930936,B,test,person_79a158292b7232b26d1b83de,1,0,message_efb0c3fd6e1e5f018c86df5a,event_807ac37de9b6c8930843e3fc,SENT,2025-03-17 11:22:29,2025-03-17 11:22:29,ExpertLetter | Bewertungsmanagement-Geheimnisse: von Estimotos Erfolg lernen + Trustpilot-Skandal!,0,,,,,on
C04,DE_NL-CW12-25_ROW-DE-PAIDvA,351930935,A,test,person_4dfa9ad28589cee3839caf1f,1,0,message_d5b89589359b5d77bc033f34,event_e6951536edce5a5663ff4df9,DELIVERED,2025-03-17 11:22:30,2025-03-17 11:22:34,ExpertLetter | Brisante Trustpilot-Enthüllungen + WIX & WordPress kommen!,0,,,,,on
C04,DE_NL-CW12-25_ROW-DE-PAIDvA,351930935,A,test,person_4dfa9ad28589cee3839caf1f,1,0,message_d5b89589359b5d77bc033f34,event_cf07f87e9501bed47a5ef741,SENT,2025-03-17 11:22:30,2025-03-17 11:22:30,ExpertLetter | Brisante Trustpilot-Enthüllungen + WIX & WordPress kommen!,0,,,,,on
C04,DE_NL-CW12-25_ROW-DE-PAIDvA,351930936,B,test,person_cc733caca1c67a9f4809c16f,1,0,message_43f709f4485858b9e97d3745,event_63133f3537725581f321fbc3,SENT,2025-03-17 11:19:49,2025-03-17 11:19:49,ExpertLetter | Bewertungsmanagement-Geheimnisse: von Estimotos Erfolg lernen + Trustpilot-Skandal!,0,,,,,on
C04,DE_NL-CW12-25_ROW-DE-PAIDvA,351930936,B,test,person_cc733caca1c67a9f4809c16f,1,0,message_43f709f4485858b9e97d3745,event_aab003f78b92059429e21b33,DELIVERED,2025-03-17 11:19:49,2025-03-17 11:19:51,ExpertLetter | Bewertungsmanagement-Geheimnisse: von Estimotos Erfolg lernen + Trustpilot-Skandal!,0,,,,,on
C04,DE_NL-CW12-25_ROW-DE-PAIDvA,351930936,B,test,person_06338704ee649c1ae20c3196,1,0,message_e6235cc6b42a92905252291c,event_534d92e7e6978a00770000e5,DELIVERED,2025-03-17 11:22:30,2025-03-17 11:22:33,ExpertLetter | Bewertungsmanagement-Geheimnisse: von Estimotos Erfolg lernen + Trustpilot-Skandal!,0,,,,,on
C04,DE_NL-CW12-25_ROW-DE-PAIDvA,351930936,B,test,person_06338704ee649c1ae20c3196,1,0,message_e6235cc6b42a92905252291c,event_4b069a00ac893a50aaa405a0,OPEN,2025-03-17 11:22:30,2025-03-17 12:49:25,ExpertLetter | Bewertungsmanagement-Geheimnisse: von Estimotos Erfolg lernen + Trustpilot-Skandal!,0,,event_c46833ca0f7baf0b864e7ca4,,,on
C04,DE_NL-CW12-25_ROW-DE-PAIDvA,351930936,B,test,person_06338704ee649c1ae20c3196,1,0,message_e6235cc6b42a92905252291c,event_c46833ca0f7baf0b864e7ca4,CLICK,2025-03-17 11:22:30,2025-03-17 12:49:25,ExpertLetter | Bewertungsmanagement-Geheimnisse: von Estimotos Erfolg lernen + Trustpilot-Skandal!,0,,,link_c4839cf8a3f8928b263e9848,,on
C04,DE_NL-CW12-25_ROW-DE-PAIDvA,351930936,B,test,person_06338704ee649c1ae20c3196,1,0,message_e6235cc6b42a92905252291c,event_c064360141ceae23e2c2e0a0,SENT,2025-03-17 11:22:30,2025-03-17 11:22:30,ExpertLetter | Bewertungsmanagement-Geheimnisse: von Estimotos Erfolg lernen + Trustpilot-Skandal!,0,,,,,on
C04,DE_NL-CW12-25_ROW-DE-PAIDvA,351930935,A,test,person_13b808290a6d1ef6e0659e59,1,0,message_213227c4e2eef810cb024505,event_139e7889609abc40d592d620,SENT,2025-03-17 11:21:09,2025-03-17 11:21:09,ExpertLetter | Brisante Trustpilot-Enthüllungen + WIX & WordPress kommen!,0,,,,,on
C04,DE_NL-CW12-25_ROW-DE-PAIDvA,351930935,A,test,person_13b808290a6d1ef6e0659e59,1,0,message_213227c4e2eef810cb024505,event_b207ad9da01ff9736a97933e,DELIVERED,2025-03-17 11:21:09,2025-03-17 11:21:13,ExpertLetter | Brisante Trustpilot-Enthüllungen + WIX & WordPress kommen!,0,,,,,on
C04,DE_NL-CW12-25_ROW-DE-PAIDvA,351930936,B,test,person_1fd2cc2a4234e8a0e6947e1d,1,0,message_f4014c7a886713b4e72a3036,event_3f1db604fb28dce0f3e9f6d4,SENT,2025-03-17 11:22:30,2025-03-17 11:22:30,ExpertLetter | Bewertungsmanagement-Geheimnisse: von Estimotos Erfolg lernen + Trustpilot-Skandal!,0,,,,,on
C04,DE_NL-CW12-25_ROW-DE-PAIDvA,351930936,B,test,person_1fd2cc2a4234e8a0e6947e1d,1,0,message_f4014c7a886713b4e72a3036,event_4f210600a089e81130940a83,DELIVERED,2025-03-17 11:22:30,2025-03-17 11:22:36,ExpertLetter | Bewertungsmanagement-Geheimnisse: von Estimotos Erfolg lernen + Trustpilot-Skandal!,0,,,,,on
C04,DE_NL-CW12-25_ROW-DE-PAIDvA,351930935,A,test,person_ea84ec20db4ee343e191f71d,1,0,message_ca49326e2232459f37de32ef,event_700ccaec1e118906085edbdf,OPEN,2025-03-17 11:22:29,2025-03-17 13:30:13,ExpertLetter | Brisante Trustpilot-Enthüllungen + WIX & WordPress kommen!,0,,,,,on
C04,DE_NL-CW12-25_ROW-DE-PAIDvA,351930935,A,test,person_ea84ec20db4ee343e191f71d,1,0,message_ca49326e2232459f37de32ef,event_48c0c58b57e82e2dab89ac08,SENT,2025-03-17 11:22:29,2025-03-17 11:22:29,ExpertLetter | Brisante Trustpilot-Enthüllungen + WIX & WordPress kommen!,0,,,,,on
C04,DE_NL-CW12-25_ROW-DE-PAIDvA,351930935,A,test,person_ea84ec20db4ee343e191f71d,1,0,message_ca49326e2232459f37de32ef,event_2b62595119913bb40dde809a,DELIVERED,2025-03-17 11:22:29,2025-03-17 11:22:30,ExpertLetter | Brisante Trustpilot-Enthüllungen + WIX & WordPress kommen!,0,,,,,on
C04,DE_NL-CW12-25_ROW-DE-PAIDvA,351930935,A,test,person_ea84ec20db4ee343e191f71d,1,0,message_ca49326e2232459f37de32ef,event_9f5cde4eae2796fadf70e963,CLICK,2025-03-17 11:22:29,2025-03-17 13:30:29,ExpertLetter | Brisante Trustpilot-Enthüllungen + WIX & WordPress kommen!,0,,,link_ca170b388513131e970fd93c,,on
C04,DE_NL-CW12-25_ROW-DE-PAIDvA,351930935,A,test,person_5fd9eea10dd7522532470862,1,0,message_95a7b823df66b0c595bf5885,event_faefe2b839edb48ea3571b39,SENT,2025-03-17 11:22:29,2025-03-17 11:22:29,ExpertLetter | Brisante Trustpilot-Enthüllungen + WIX & WordPress kommen!,0,,,,,on
C04,DE_NL-CW12-25_ROW-DE-PAIDvA,351930935,A,test,person_5fd9eea10dd7522532470862,1,0,message_95a7b823df66b0c595bf5885,event_f604366e07228f4ac15327ac,DELIVERED,2025-03-17 11:22:29,2025-03-17 11:22:31,ExpertLetter | Brisante Trustpilot-Enthüllungen + WIX & WordPress kommen!,0,,,,,on
C04,DE_NL-CW12-25_ROW-DE-PAIDvA,351930935,A,test,person_5fd9eea10dd7522532470862,1,0,message_95a7b823df66b0c595bf5885,event_4a9d793718dda83094544e4f,OPEN,2025-03-17 11:22:29,2025-03-18 07:27:18,ExpertLetter | Brisante Trustpilot-Enthüllungen + WIX & WordPress kommen!,0,,,,,on
C04,DE_NL-CW12-25_ROW-DE-PAIDvA,351930936,B,test,person_422148ee485632f17f1789f6,1,0,message_433a90d530ae27296c010e22,event_7201c87c8c2ed4229d7495ae,OPEN,2025-03-17 11:22:30,2025-03-17 11:22:38,ExpertLetter | Bewertungsmanagement-Geheimnisse: von Estimotos Erfolg lernen + Trustpilot-Skandal!,0,,,,,on
C04,DE_NL-CW12-25_ROW-DE-PAIDvA,351930936,B,test,person_422148ee485632f17f1789f6,1,0,message_433a90d530ae27296c010e22,event_07796524c0778543bffd085b,OPEN,2025-03-17 11:22:30,2025-03-17 11:35:43,ExpertLetter | Bewertungsmanagement-Geheimnisse: von Estimotos Erfolg lernen + Trustpilot-Skandal!,0,,,,,on
C04,DE_NL-CW12-25_ROW-DE-PAIDvA,351930936,B,test,person_422148ee485632f17f1789f6,1,0,message_433a90d530ae27296c010e22,event_b816e6cd337eefdc22d3781d,SENT,2025-03-17 11:22:30,2025-03-17 11:22:30,ExpertLetter | Bewertungsmanagement-Geheimnisse: von Estimotos Erfolg lernen + Trustpilot-Skandal!,0,,,,,on
C04,DE_NL-CW12-25_ROW-DE-PAIDvA,351930936,B,test,person_422148ee485632f17f1789f6,1,0,message_433a90d530ae27296c010e22,event_fe83d365054d11c08217c682,DELIVERED,2025-03-17 11:22:30,2025-03-17 11:22:32,ExpertLetter | Bewertungsmanagement-Geheimnisse: von Estimotos Erfolg lernen + Trustpilot-Skandal!,0,,,,,on
C04,DE_NL-CW12-25_ROW-DE-PAIDvA,351930935,A,test,person_4b2aed0783e5cc7c1656b1d7,1,0,message_ceeb9536b13f83aa162dc618,event_9d85b4ac9e05b73191593618,SENT,2025-03-17 11:22:30,2025-03-17 11:22:30,ExpertLetter | Brisante Trustpilot-Enthüllungen + WIX & WordPress kommen!,0,,,,,on
C04,DE_NL-CW12-25_ROW-DE-PAIDvA,351930935,A,test,person_4b2aed0783e5cc7c1656b1d7,1,0,message_ceeb9536b13f83aa162dc618,event_d0e5e81ae6dad37c0c005502,DELIVERED,2025-03-17 11:22:30,2025-03-17 11:22:33,ExpertLetter | Brisante Trustpilot-Enthüllungen + WIX & WordPress kommen!,0,,,,,on
C04,DE_NL-CW12-25_ROW-DE-PAIDvA,351930935,A,test,person_4b2aed0783e5cc7c1656b1d7,1,0,message_ceeb9536b13f83aa162dc618,event_658092c1279e2363663ac039,OPEN,2025-03-17 11:22:30,2025-03-17 12:02:20,ExpertLetter | Brisante Trustpilot-Enthüllungen + WIX & WordPress kommen!,0,,,,,on
C04,DE_NL-CW12-25_ROW-DE-PAIDvA,351930935,A,test,person_f676ff3a9d946a02e2dbd0b6,1,1,message_062b890284930d295e420c25,event_0cdc56a718e45702b975fd2d,SENT,2025-03-17 11:22:30,2025-03-17 11:22:30,ExpertLetter | Brisante Trustpilot-Enthüllungen + WIX & WordPress kommen!,0,,,,,on
C04,DE_NL-CW12-25_ROW-DE-PAIDvA,351930935,A,test,person_f676ff3a9d946a02e2dbd0b6,1,1,message_062b890284930d295e420c25,event_e6e0b0c825e1c149219ed751,DELIVERED,2025-03-17 11:22:30,2025-03-17 11:22:33,ExpertLetter | Brisante Trustpilot-Enthüllungen + WIX & WordPress kommen!,0,,,,,on
C04,DE_NL-CW12-25_ROW-DE-PAIDvA,351930936,B,test,person_20f1a9b9faa51d61ee3fe52a,1,0,message_91a20d78003e892a079742c7,event_1315e8485f78e611f34ae714,SENT,2025-03-17 11:22:31,2025-03-17 11:22:31,ExpertLetter | Bewertungsmanagement-Geheimnisse: von Estimotos Erfolg lernen + Trustpilot-Skandal!,0,,,,,on
C04,DE_NL-CW12-25_ROW-DE-PAIDvA,351930936,B,test,person_20f1a9b9faa51d61ee3fe52a,1,0,message_91a20d78003e892a079742c7,event_5ff1fa5d6dafe3818d257040,DELIVERED,2025-03-17 11:22:31,2025-03-17 11:22:33,ExpertLetter | Bewertungsmanagement-Geheimnisse: von Estimotos Erfolg lernen + Trustpilot-Skandal!,0,,,,,on
C04,DE_NL-CW12-25_ROW-DE-PAIDvA,351930936,B,test,person_17039ab01dd7754540c92ece,1,0,message_14930c8ec7fa63579dced1b0,event_62e686defa740860882fdcb8,DELIVERED,2025-03-17 11:22:30,2025-03-17 11:22:41,ExpertLetter | Bewertungsmanagement-Geheimnisse: von Estimotos Erfolg lernen + Trustpilot-Skandal!,0,,,,,on
C04,DE_NL-CW12-25_ROW-DE-PAIDvA,351930936,B,test,person_17039ab01dd7754540c92ece,1,0,message_14930c8ec7fa63579dced1b0,event_018bf109a904cc3007c23981,SENT,2025-03-17 11:22:30,2025-03-17 11:22:30,ExpertLetter | Bewertungsmanagement-Geheimnisse: von Estimotos Erfolg lernen + Trustpilot-Skandal!,0,,,,,on
C04,DE_NL-CW12-25_ROW-DE-PAIDvA,351930936,B,test,unknown_message_39d3959562cdaa219b47ef5b,0,0,message_50b8844a3fe9c0b301f1a58c,event_5ff7f47c445b76cde6425e97,DEFERRED,2025-03-17 11:22:30,2025-03-17 11:43:07,ExpertLetter | Bewertungsmanagement-Geheimnisse: von Estimotos Erfolg lernen + Trustpilot-Skandal!,0,,,,,on
C04,DE_NL-CW12-25_ROW-DE-PAIDvA,351930936,B,test,unknown_message_39d3959562cdaa219b47ef5b,0,0,message_50b8844a3fe9c0b301f1a58c,event_e9e3b67740e2dfbcbb9b75fe,DEFERRED,2025-03-17 11:22:30,2025-03-17 11:22:39,ExpertLetter | Bewertungsmanagement-Geheimnisse: von Estimotos Erfolg lernen + Trustpilot-Skandal!,0,,,,,on
C04,DE_NL-CW12-25_ROW-DE-PAIDvA,351930936,B,test,unknown_message_39d3959562cdaa219b47ef5b,0,0,message_50b8844a3fe9c0b301f1a58c,event_f1f93dd5a09a459370042266,SENT,2025-03-17 11:22:30,2025-03-17 11:22:30,ExpertLetter | Bewertungsmanagement-Geheimnisse: von Estimotos Erfolg lernen + Trustpilot-Skandal!,1,event_f8e01c3806051eaff8a30062,,,,on
C04,DE_NL-CW12-25_ROW-DE-PAIDvA,351930936,B,test,person_6f5dabc1ad62340c0c07ba3e,1,0,message_b0c55cb03061dc8a190075bb,event_be5e58b2e137e23ed62846dd,DROPPED,2025-03-17 11:22:30,2025-03-17 11:22:30,ExpertLetter | Bewertungsmanagement-Geheimnisse: von Estimotos Erfolg lernen + Trustpilot-Skandal!,0,,event_1a4af36597b45dd054f145f1,,PREVIOUSLY_BOUNCED,on
C04,DE_NL-CW12-25_ROW-DE-PAIDvA,351930936,B,test,person_dca01ce6856169cd314fb430,1,0,message_3ac50c0bbb723b8dd0f7b934,event_9b39ea8c5cc0b7e8c16ab6bc,DROPPED,2025-03-17 11:19:49,2025-03-17 11:19:49,ExpertLetter | Bewertungsmanagement-Geheimnisse: von Estimotos Erfolg lernen + Trustpilot-Skandal!,0,,event_71504e8c8d0ae9285f85acf7,,PREVIOUSLY_BOUNCED,on
C04,DE_NL-CW12-25_ROW-DE-PAIDvA,351930936,B,test,unknown_message_39d3959562cdaa219b47ef5b,0,0,message_50b8844a3fe9c0b301f1a58c,event_dbfe172699360bf87adc5e14,DEFERRED,2025-03-17 11:22:30,2025-03-17 11:42:36,ExpertLetter | Bewertungsmanagement-Geheimnisse: von Estimotos Erfolg lernen + Trustpilot-Skandal!,0,,,,,on
C04,DE_NL-CW12-25_ROW-DE-PAIDvA,351930936,B,test,unknown_message_39d3959562cdaa219b47ef5b,0,0,message_50b8844a3fe9c0b301f1a58c,event_9f1bff5f00ef63f47c670915,DEFERRED,2025-03-17 11:22:30,2025-03-17 18:06:39,ExpertLetter | Bewertungsmanagement-Geheimnisse: von Estimotos Erfolg lernen + Trustpilot-Skandal!,0,,,,,on
C04,DE_NL-CW12-25_ROW-DE-PAIDvA,351930936,B,test,unknown_message_39d3959562cdaa219b47ef5b,0,0,message_50b8844a3fe9c0b301f1a58c,event_f8e01c3806051eaff8a30062,DROPPED,2025-03-17 11:22:30,2025-03-17 18:08:06,ExpertLetter | Bewertungsmanagement-Geheimnisse: von Estimotos Erfolg lernen + Trustpilot-Skandal!,0,,,,MTA_IGNORE,on
C04,DE_NL-CW12-25_ROW-DE-PAIDvA,351930936,B,test,unknown_message_39d3959562cdaa219b47ef5b,0,0,message_50b8844a3fe9c0b301f1a58c,event_d65824e896cf6a4133c48d5c,DEFERRED,2025-03-17 11:22:30,2025-03-17 11:24:02,ExpertLetter | Bewertungsmanagement-Geheimnisse: von Estimotos Erfolg lernen + Trustpilot-Skandal!,0,,,,,on
C04,DE_NL-CW12-25_ROW-DE-PAIDvA,351930936,B,test,person_00ce7bfadb9cc77a974c31f2,1,0,message_10bc4c902fe04861ab11ffa0,event_2bf28d7c48f46b1d38b1a2a9,SENT,2025-03-17 11:22:30,2025-03-17 11:22:30,ExpertLetter | Bewertungsmanagement-Geheimnisse: von Estimotos Erfolg lernen + Trustpilot-Skandal!,0,,,,,on
C04,DE_NL-CW12-25_ROW-DE-PAIDvA,351930936,B,test,person_00ce7bfadb9cc77a974c31f2,1,0,message_10bc4c902fe04861ab11ffa0,event_d87c2d9f2ef475b1f247fb5d,DELIVERED,2025-03-17 11:22:30,2025-03-17 11:22:31,ExpertLetter | Bewertungsmanagement-Geheimnisse: von Estimotos Erfolg lernen + Trustpilot-Skandal!,0,,,,,on
C04,DE_NL-CW12-25_ROW-DE-PAIDvA,351930936,B,test,person_3dacea48032334f748941773,1,0,message_fbd2662de4ba831b2030eac3,event_23ac42343a65bfcb4202ccc3,DELIVERED,2025-03-17 11:19:49,2025-03-17 11:19:51,ExpertLetter | Bewertungsmanagement-Geheimnisse: von Estimotos Erfolg lernen + Trustpilot-Skandal!,0,,,,,on
C04,DE_NL-CW12-25_ROW-DE-PAIDvA,351930936,B,test,person_3dacea48032334f748941773,1,0,message_fbd2662de4ba831b2030eac3,event_28ab97dd6a285e602965f230,SENT,2025-03-17 11:19:49,2025-03-17 11:19:49,ExpertLetter | Bewertungsmanagement-Geheimnisse: von Estimotos Erfolg lernen + Trustpilot-Skandal!,0,,,,,on
C04,DE_NL-CW12-25_ROW-DE-PAIDvA,351930936,B,test,unknown_message_eb1e543a31c4a57a9de5d89c,0,0,message_0c393f814d1c8f9de4e6ce2f,event_5885d845100f6bfc8c4075b6,DROPPED,2025-03-17 11:22:30,2025-03-17 11:22:30,ExpertLetter | Bewertungsmanagement-Geheimnisse: von Estimotos Erfolg lernen + Trustpilot-Skandal!,0,,event_79769cc34573aae26f39d854,,PREVIOUSLY_BOUNCED,on
C04,DE_NL-CW12-25_ROW-DE-PAIDvA,351930935,A,test,person_e88aee0a23715ed53078c626,1,0,message_8752a796a28b0bd15648d1b2,event_0efb1207d9fc2a6a13af9d40,SENT,2025-03-17 11:21:10,2025-03-17 11:21:10,ExpertLetter | Brisante Trustpilot-Enthüllungen + WIX & WordPress kommen!,0,,,,,on
C04,DE_NL-CW12-25_ROW-DE-PAIDvA,351930935,A,test,person_e88aee0a23715ed53078c626,1,0,message_8752a796a28b0bd15648d1b2,event_9b3e9b23ada481c3f25706f5,DELIVERED,2025-03-17 11:21:10,2025-03-17 11:21:12,ExpertLetter | Brisante Trustpilot-Enthüllungen + WIX & WordPress kommen!,0,,,,,on
C04,DE_NL-CW12-25_ROW-DE-PAIDvA,351930936,B,test,person_1d44756b5af3c510c1250aeb,1,0,message_671b7071da300ce725b5ef24,event_217a7fda6e34cd32359a0b65,DELIVERED,2025-03-17 11:22:29,2025-03-17 11:22:31,ExpertLetter | Bewertungsmanagement-Geheimnisse: von Estimotos Erfolg lernen + Trustpilot-Skandal!,0,,,,,on
C04,DE_NL-CW12-25_ROW-DE-PAIDvA,351930936,B,test,person_1d44756b5af3c510c1250aeb,1,0,message_671b7071da300ce725b5ef24,event_dabd554e2760671c418d9266,SENT,2025-03-17 11:22:29,2025-03-17 11:22:29,ExpertLetter | Bewertungsmanagement-Geheimnisse: von Estimotos Erfolg lernen + Trustpilot-Skandal!,0,,,,,on
C04,DE_NL-CW12-25_ROW-DE-PAIDvA,351930935,A,test,person_99591c3e32aaac91b8250c18,1,0,message_9f120e237d64d9a586dbcf88,event_4bf02ae51139238223bf6ec9,DELIVERED,2025-03-17 11:22:30,2025-03-17 11:22:32,ExpertLetter | Brisante Trustpilot-Enthüllungen + WIX & WordPress kommen!,0,,,,,on
C04,DE_NL-CW12-25_ROW-DE-PAIDvA,351930935,A,test,person_99591c3e32aaac91b8250c18,1,0,message_9f120e237d64d9a586dbcf88,event_230c37a4bd020a5800b540bb,SENT,2025-03-17 11:22:30,2025-03-17 11:22:30,ExpertLetter | Brisante Trustpilot-Enthüllungen + WIX & WordPress kommen!,0,,,,,on
C04,DE_NL-CW12-25_ROW-DE-PAIDvA,351930935,A,test,person_b0aecacbc986b54a5db68d39,1,0,message_7992a28240e1f0ab06e85931,event_bcd0945d06547bba539adfa3,DELIVERED,2025-03-17 11:22:30,2025-03-17 11:22:31,ExpertLetter | Brisante Trustpilot-Enthüllungen + WIX & WordPress kommen!,0,,,,,on
C04,DE_NL-CW12-25_ROW-DE-PAIDvA,351930935,A,test,person_b0aecacbc986b54a5db68d39,1,0,message_7992a28240e1f0ab06e85931,event_000c3461edac4b655b8471f4,SENT,2025-03-17 11:22:30,2025-03-17 11:22:30,ExpertLetter | Brisante Trustpilot-Enthüllungen + WIX & WordPress kommen!,0,,,,,on
C04,DE_NL-CW12-25_ROW-DE-PAIDvA,351930935,A,test,person_c3d0b9f013bc2244f0ca464c,1,0,message_a9b70aa056151464b6dfe851,event_6027d0b1c30b20cd92ef2ac4,DELIVERED,2025-03-17 11:22:30,2025-03-17 11:22:37,ExpertLetter | Brisante Trustpilot-Enthüllungen + WIX & WordPress kommen!,0,,,,,on
C04,DE_NL-CW12-25_ROW-DE-PAIDvA,351930935,A,test,person_be2b29c2106c3d29ed2772d2,1,0,message_5c6a861b50ad7aec6d6100d6,event_af45b22eeec9deae3e6b402e,DROPPED,2025-03-17 11:22:29,2025-03-17 11:22:29,ExpertLetter | Brisante Trustpilot-Enthüllungen + WIX & WordPress kommen!,0,,event_0d1ea99b1c44f1259479b872,,PREVIOUSLY_BOUNCED,on
C04,DE_NL-CW12-25_ROW-DE-PAIDvA,351930935,A,test,person_78591da7858af603b99375b2,1,0,message_2aad9c6877e77c62377d1576,event_099bf9a384395f22af2e8088,DROPPED,2025-03-17 11:21:10,2025-03-17 11:21:10,ExpertLetter | Brisante Trustpilot-Enthüllungen + WIX & WordPress kommen!,0,,event_b3630595bc8424b99163a538,,PREVIOUSLY_BOUNCED,on
C04,DE_NL-CW12-25_ROW-DE-PAIDvA,351930935,A,test,person_c3d0b9f013bc2244f0ca464c,1,0,message_a9b70aa056151464b6dfe851,event_ac8ee7018aa9f172b7ee21a8,SENT,2025-03-17 11:22:30,2025-03-17 11:22:30,ExpertLetter | Brisante Trustpilot-Enthüllungen + WIX & WordPress kommen!,0,,,,,on
C04,DE_NL-CW12-25_ROW-DE-PAIDvA,351930936,B,test,person_c2b65e5fdf6660d935a0171c,1,0,message_60a79568ebf4e156941e33d5,event_7ecb455a49d1cc6acd9e73b1,SENT,2025-03-17 11:19:49,2025-03-17 11:19:49,ExpertLetter | Bewertungsmanagement-Geheimnisse: von Estimotos Erfolg lernen + Trustpilot-Skandal!,0,,,,,on
C04,DE_NL-CW12-25_ROW-DE-PAIDvA,351930936,B,test,person_c2b65e5fdf6660d935a0171c,1,0,message_60a79568ebf4e156941e33d5,event_d6fae021e9a7798f96df723d,DELIVERED,2025-03-17 11:19:49,2025-03-17 11:20:08,ExpertLetter | Bewertungsmanagement-Geheimnisse: von Estimotos Erfolg lernen + Trustpilot-Skandal!,0,,,,,on
C04,DE_NL-CW12-25_ROW-DE-PAIDvA,351930935,A,test,person_b8ffaa59eb678acaf0ba6a91,1,0,message_aad6f2f697e7375a356bfbf0,event_4a3e637228937fa695578043,OPEN,2025-03-17 11:21:10,2025-03-17 11:29:51,ExpertLetter | Brisante Trustpilot-Enthüllungen + WIX & WordPress kommen!,0,,,,,on
C04,DE_NL-CW12-25_ROW-DE-PAIDvA,351930935,A,test,person_b8ffaa59eb678acaf0ba6a91,1,0,message_aad6f2f697e7375a356bfbf0,event_6aad8d8c3a88c499bbd18b79,SENT,2025-03-17 11:21:10,2025-03-17 11:21:10,ExpertLetter | Brisante Trustpilot-Enthüllungen + WIX & WordPress kommen!,0,,,,,on
C04,DE_NL-CW12-25_ROW-DE-PAIDvA,351930935,A,test,person_b8ffaa59eb678acaf0ba6a91,1,0,message_aad6f2f697e7375a356bfbf0,event_8749a6bf25d58a47cf5da021,DELIVERED,2025-03-17 11:21:10,2025-03-17 11:21:12,ExpertLetter | Brisante Trustpilot-Enthüllungen + WIX & WordPress kommen!,0,,,,,on
C04,DE_NL-CW12-25_ROW-DE-PAIDvA,351930936,B,test,person_40d6ad21aa4627841c3da16f,1,0,message_49a14910f59783ed9c37dc54,event_8e628f8298d7969ea4c33d12,SENT,2025-03-17 11:19:49,2025-03-17 11:19:49,ExpertLetter | Bewertungsmanagement-Geheimnisse: von Estimotos Erfolg lernen + Trustpilot-Skandal!,0,,,,,on
C04,DE_NL-CW12-25_ROW-DE-PAIDvA,351930936,B,test,person_40d6ad21aa4627841c3da16f,1,0,message_49a14910f59783ed9c37dc54,event_754ea70718bb07a4744c30f2,DELIVERED,2025-03-17 11:19:49,2025-03-17 11:19:51,ExpertLetter | Bewertungsmanagement-Geheimnisse: von Estimotos Erfolg lernen + Trustpilot-Skandal!,0,,,,,on
C04,DE_NL-CW12-25_ROW-DE-PAIDvA,351930936,B,test,person_153b43d333f8fd1d8d0008c7,1,0,message_f6859a972a34de40739c2044,event_7ab666f886666915a1681d22,DROPPED,2025-03-17 11:22:30,2025-03-17 11:22:30,ExpertLetter | Bewertungsmanagement-Geheimnisse: von Estimotos Erfolg lernen + Trustpilot-Skandal!,0,,event_5f4a49b731c7945932498c17,,PREVIOUSLY_BOUNCED,on
C04,DE_NL-CW12-25_ROW-DE-PAIDvA,351930935,A,test,person_7da6665ba99842e1c4b5985f,1,0,message_d5186e9f27b426a90a87eb68,event_170a12363cb762bccc9bb92d,DELIVERED,2025-03-17 11:22:30,2025-03-17 11:22:32,ExpertLetter | Brisante Trustpilot-Enthüllungen + WIX & WordPress kommen!,0,,,,,on
C04,DE_NL-CW12-25_ROW-DE-PAIDvA,351930935,A,test,person_7da6665ba99842e1c4b5985f,1,0,message_d5186e9f27b426a90a87eb68,event_dfe053731c96cfcfbb86f6b0,SENT,2025-03-17 11:22:30,2025-03-17 11:22:30,ExpertLetter | Brisante Trustpilot-Enthüllungen + WIX & WordPress kommen!,0,,,,,on
C04,DE_NL-CW12-25_ROW-DE-PAIDvA,351930936,B,test,person_891da333cb01116aa2c8448d,1,0,message_0e1ab22f4b66db0961a2502b,event_19dbd2c96f1c443bcea3e09f,OPEN,2025-03-17 11:22:31,2025-03-18 03:28:28,ExpertLetter | Bewertungsmanagement-Geheimnisse: von Estimotos Erfolg lernen + Trustpilot-Skandal!,0,,,,,on
C04,DE_NL-CW12-25_ROW-DE-PAIDvA,351930936,B,test,person_891da333cb01116aa2c8448d,1,0,message_0e1ab22f4b66db0961a2502b,event_b7f4e1dd6d073b32ea7263ae,SENT,2025-03-17 11:22:31,2025-03-17 11:22:31,ExpertLetter | Bewertungsmanagement-Geheimnisse: von Estimotos Erfolg lernen + Trustpilot-Skandal!,0,,,,,on
C04,DE_NL-CW12-25_ROW-DE-PAIDvA,351930936,B,test,person_891da333cb01116aa2c8448d,1,0,message_0e1ab22f4b66db0961a2502b,event_0376dd863a9bc02efb54721f,OPEN,2025-03-17 11:22:31,2025-03-17 11:22:46,ExpertLetter | Bewertungsmanagement-Geheimnisse: von Estimotos Erfolg lernen + Trustpilot-Skandal!,0,,,,,on
C04,DE_NL-CW12-25_ROW-DE-PAIDvA,351930936,B,test,person_891da333cb01116aa2c8448d,1,0,message_0e1ab22f4b66db0961a2502b,event_c6a20bd657071b1d10566392,OPEN,2025-03-17 11:22:31,2025-03-17 11:23:15,ExpertLetter | Bewertungsmanagement-Geheimnisse: von Estimotos Erfolg lernen + Trustpilot-Skandal!,0,,,,,on
C04,DE_NL-CW12-25_ROW-DE-PAIDvA,351930936,B,test,person_891da333cb01116aa2c8448d,1,0,message_0e1ab22f4b66db0961a2502b,event_03bad52bed4067c9a103523d,DELIVERED,2025-03-17 11:22:31,2025-03-17 11:22:33,ExpertLetter | Bewertungsmanagement-Geheimnisse: von Estimotos Erfolg lernen + Trustpilot-Skandal!,0,,,,,on
C04,DE_NL-CW12-25_ROW-DE-PAIDvA,351930935,A,test,person_86a24f1a8814f2a77a4c00a9,1,0,message_a53bdf45bdf141e9a28aeac6,event_8a2b288d7fdda7a6b58fb867,DELIVERED,2025-03-17 11:21:09,2025-03-17 11:21:10,ExpertLetter | Brisante Trustpilot-Enthüllungen + WIX & WordPress kommen!,0,,,,,on
C04,DE_NL-CW12-25_ROW-DE-PAIDvA,351930935,A,test,person_86a24f1a8814f2a77a4c00a9,1,0,message_a53bdf45bdf141e9a28aeac6,event_47550b9b633857c93990dca0,SENT,2025-03-17 11:21:09,2025-03-17 11:21:09,ExpertLetter | Brisante Trustpilot-Enthüllungen + WIX & WordPress kommen!,0,,,,,on
C04,DE_NL-CW12-25_ROW-DE-PAIDvA,351930936,B,test,person_eb57fdbb41f45d98cabe7fa0,1,0,message_ed4f37d30026d6c4a3f48fda,event_fdddf8c80d8c27e6d1943a53,OPEN,2025-03-17 11:22:29,2025-03-17 11:24:32,ExpertLetter | Bewertungsmanagement-Geheimnisse: von Estimotos Erfolg lernen + Trustpilot-Skandal!,0,,,,,on
C04,DE_NL-CW12-25_ROW-DE-PAIDvA,351930936,B,test,person_eb57fdbb41f45d98cabe7fa0,1,0,message_ed4f37d30026d6c4a3f48fda,event_36bac12d5ba09c73ec728b44,SENT,2025-03-17 11:22:29,2025-03-17 11:22:29,ExpertLetter | Bewertungsmanagement-Geheimnisse: von Estimotos Erfolg lernen + Trustpilot-Skandal!,0,,,,,on
C04,DE_NL-CW12-25_ROW-DE-PAIDvA,351930936,B,test,person_eb57fdbb41f45d98cabe7fa0,1,0,message_ed4f37d30026d6c4a3f48fda,event_53217dfb7afe598944b81bf1,DELIVERED,2025-03-17 11:22:29,2025-03-17 11:22:31,ExpertLetter | Bewertungsmanagement-Geheimnisse: von Estimotos Erfolg lernen + Trustpilot-Skandal!,0,,,,,on
C04,DE_NL-CW12-25_ROW-DE-PAIDvA,351930935,A,test,person_3d16321749a8c87ae1a923c3,1,0,message_ba712e3953c43de0ddb9434f,event_80505a692e36a8500f656d5f,SENT,2025-03-17 11:22:30,2025-03-17 11:22:30,ExpertLetter | Brisante Trustpilot-Enthüllungen + WIX & WordPress kommen!,0,,,,,on
C04,DE_NL-CW12-25_ROW-DE-PAIDvA,351930935,A,test,person_3d16321749a8c87ae1a923c3,1,0,message_ba712e3953c43de0ddb9434f,event_bfca6d36abe24875ef187d9c,DELIVERED,2025-03-17 11:22:30,2025-03-17 11:22:33,ExpertLetter | Brisante Trustpilot-Enthüllungen + WIX & WordPress kommen!,0,,,,,on
C04,DE_NL-CW12-25_ROW-DE-PAIDvA,351930936,B,test,person_9feba23fd378a4d62bdf647f,1,0,message_686eea90fc04e5ca74fa87da,event_c55e9e56393b3fdc1ad8a997,OPEN,2025-03-17 11:22:30,2025-03-20 02:41:55,ExpertLetter | Bewertungsmanagement-Geheimnisse: von Estimotos Erfolg lernen + Trustpilot-Skandal!,0,,,,,on
C04,DE_NL-CW12-25_ROW-DE-PAIDvA,351930936,B,test,person_9feba23fd378a4d62bdf647f,1,0,message_686eea90fc04e5ca74fa87da,event_0940a07458e8b3c74fc8e267,DELIVERED,2025-03-17 11:22:30,2025-03-17 11:22:31,ExpertLetter | Bewertungsmanagement-Geheimnisse: von Estimotos Erfolg lernen + Trustpilot-Skandal!,0,,,,,on
C04,DE_NL-CW12-25_ROW-DE-PAIDvA,351930936,B,test,person_9feba23fd378a4d62bdf647f,1,0,message_686eea90fc04e5ca74fa87da,event_5e59411de8f27c4ca3963add,SENT,2025-03-17 11:22:30,2025-03-17 11:22:30,ExpertLetter | Bewertungsmanagement-Geheimnisse: von Estimotos Erfolg lernen + Trustpilot-Skandal!,0,,,,,on
C04,DE_NL-CW12-25_ROW-DE-PAIDvA,351930936,B,test,person_9feba23fd378a4d62bdf647f,1,0,message_686eea90fc04e5ca74fa87da,event_9a036a61a8e4c9f55ca16863,OPEN,2025-03-17 11:22:30,2025-03-17 11:23:01,ExpertLetter | Bewertungsmanagement-Geheimnisse: von Estimotos Erfolg lernen + Trustpilot-Skandal!,0,,,,,on
C04,DE_NL-CW12-25_ROW-DE-PAIDvA,351930935,A,test,person_8f0f5eed305c5862210e8692,1,0,message_3bd9a81d02a72fa50c29e690,event_4ca25b3268bb67c433f20534,SENT,2025-03-17 11:22:30,2025-03-17 11:22:30,ExpertLetter | Brisante Trustpilot-Enthüllungen + WIX & WordPress kommen!,0,,,,,on
C04,DE_NL-CW12-25_ROW-DE-PAIDvA,351930935,A,test,person_8f0f5eed305c5862210e8692,1,0,message_3bd9a81d02a72fa50c29e690,event_5b4ce04bf14e9093c69c2106,DELIVERED,2025-03-17 11:22:30,2025-03-17 11:22:34,ExpertLetter | Brisante Trustpilot-Enthüllungen + WIX & WordPress kommen!,0,,,,,on
C04,DE_NL-CW12-25_ROW-DE-PAIDvA,351930935,A,test,person_cc9af1df3dfc7eebaaadadb0,1,0,message_60a71b5b2259a3eddb337d0b,event_27fa3fe19310b68ed0a2fe4e,BOUNCE,2025-03-17 11:22:31,2025-03-17 11:27:19,ExpertLetter | Brisante Trustpilot-Enthüllungen + WIX & WordPress kommen!,0,,,,,on
C04,DE_NL-CW12-25_ROW-DE-PAIDvA,351930935,A,test,person_cc9af1df3dfc7eebaaadadb0,1,0,message_60a71b5b2259a3eddb337d0b,event_3b7c59fa4710ab654e703a6d,SENT,2025-03-17 11:22:31,2025-03-17 11:22:31,ExpertLetter | Brisante Trustpilot-Enthüllungen + WIX & WordPress kommen!,0,,,,,on
C04,DE_NL-CW12-25_ROW-DE-PAIDvA,351930935,A,test,person_cc9af1df3dfc7eebaaadadb0,1,0,message_60a71b5b2259a3eddb337d0b,event_16bcfbfac846a8fd1729e5a9,DEFERRED,2025-03-17 11:22:31,2025-03-17 11:22:33,ExpertLetter | Brisante Trustpilot-Enthüllungen + WIX & WordPress kommen!,0,,,,,on
C04,DE_NL-CW12-25_ROW-DE-PAIDvA,351930935,A,test,person_d4bddfc77624238c72934c76,1,0,message_d636cdba4df56c1d892c95b4,event_4d3a7f864f02c296e360827f,DELIVERED,2025-03-17 11:22:30,2025-03-17 11:22:31,ExpertLetter | Brisante Trustpilot-Enthüllungen + WIX & WordPress kommen!,0,,,,,on
C04,DE_NL-CW12-25_ROW-DE-PAIDvA,351930935,A,test,person_d4bddfc77624238c72934c76,1,0,message_d636cdba4df56c1d892c95b4,event_aa08209c26b624a9539f2157,SENT,2025-03-17 11:22:30,2025-03-17 11:22:30,ExpertLetter | Brisante Trustpilot-Enthüllungen + WIX & WordPress kommen!,0,,,,,on
C04,DE_NL-CW12-25_ROW-DE-PAIDvA,351930936,B,test,person_5bdb80f9e21ee55394655a9b,1,0,message_34dd2242862f2e2f0c68516d,event_597d6663f9730aa7fec769e4,OPEN,2025-03-17 11:22:31,2025-03-17 17:48:20,ExpertLetter | Bewertungsmanagement-Geheimnisse: von Estimotos Erfolg lernen + Trustpilot-Skandal!,0,,,,,on
C04,DE_NL-CW12-25_ROW-DE-PAIDvA,351930936,B,test,person_5bdb80f9e21ee55394655a9b,1,0,message_34dd2242862f2e2f0c68516d,event_7d510366b7eede30a3f24071,SENT,2025-03-17 11:22:31,2025-03-17 11:22:31,ExpertLetter | Bewertungsmanagement-Geheimnisse: von Estimotos Erfolg lernen + Trustpilot-Skandal!,0,,,,,on
C04,DE_NL-CW12-25_ROW-DE-PAIDvA,351930936,B,test,person_5bdb80f9e21ee55394655a9b,1,0,message_34dd2242862f2e2f0c68516d,event_5a68797d240c00a0430c2ad5,DELIVERED,2025-03-17 11:22:31,2025-03-17 11:22:33,ExpertLetter | Bewertungsmanagement-Geheimnisse: von Estimotos Erfolg lernen + Trustpilot-Skandal!,0,,,,,on
C04,DE_NL-CW12-25_ROW-DE-PAIDvA,351930936,B,test,person_d745bf732d60eb847c3a721e,1,0,message_69b0feedad47f130feee7df4,event_61bc7b230c00351cfdf567f6,DELIVERED,2025-03-17 11:22:30,2025-03-17 11:22:33,ExpertLetter | Bewertungsmanagement-Geheimnisse: von Estimotos Erfolg lernen + Trustpilot-Skandal!,0,,,,,on
C04,DE_NL-CW12-25_ROW-DE-PAIDvA,351930936,B,test,person_d745bf732d60eb847c3a721e,1,0,message_69b0feedad47f130feee7df4,event_d4839948d651d367c84e347d,SENT,2025-03-17 11:22:30,2025-03-17 11:22:30,ExpertLetter | Bewertungsmanagement-Geheimnisse: von Estimotos Erfolg lernen + Trustpilot-Skandal!,0,,,,,on
C04,DE_NL-CW12-25_ROW-DE-PAIDvA,351930936,B,test,person_828260d99d55302c2a55ff01,1,0,message_110cccaedf5b2b7b8cc27051,event_fa69a392ffd6184a35f9fbdc,DELIVERED,2025-03-17 11:22:30,2025-03-17 11:22:32,ExpertLetter | Bewertungsmanagement-Geheimnisse: von Estimotos Erfolg lernen + Trustpilot-Skandal!,0,,,,,on
C04,DE_NL-CW12-25_ROW-DE-PAIDvA,351930936,B,test,person_828260d99d55302c2a55ff01,1,0,message_110cccaedf5b2b7b8cc27051,event_044051b4993f9c08a4b7d6eb,SENT,2025-03-17 11:22:30,2025-03-17 11:22:30,ExpertLetter | Bewertungsmanagement-Geheimnisse: von Estimotos Erfolg lernen + Trustpilot-Skandal!,0,,,,,on
C04,DE_NL-CW12-25_ROW-DE-PAIDvA,351930935,A,test,person_333bb9b7b03868935ccc0568,1,0,message_c43a5c385356b31e7d162dac,event_90ce922277363220d8a4ebcc,DELIVERED,2025-03-17 11:22:30,2025-03-17 11:22:33,ExpertLetter | Brisante Trustpilot-Enthüllungen + WIX & WordPress kommen!,0,,,,,on
C04,DE_NL-CW12-25_ROW-DE-PAIDvA,351930935,A,test,person_333bb9b7b03868935ccc0568,1,0,message_c43a5c385356b31e7d162dac,event_d73b611090b9712a0307392d,SENT,2025-03-17 11:22:30,2025-03-17 11:22:30,ExpertLetter | Brisante Trustpilot-Enthüllungen + WIX & WordPress kommen!,0,,,,,on
C04,DE_NL-CW12-25_ROW-DE-PAIDvA,351930936,B,test,person_517fca2febbc72265506b3bd,1,0,message_cfe01c4294504cafdfead981,event_c9430330461106104994459d,DELIVERED,2025-03-17 11:22:30,2025-03-17 11:22:32,ExpertLetter | Bewertungsmanagement-Geheimnisse: von Estimotos Erfolg lernen + Trustpilot-Skandal!,0,,,,,on
C04,DE_NL-CW12-25_ROW-DE-PAIDvA,351930936,B,test,person_517fca2febbc72265506b3bd,1,0,message_cfe01c4294504cafdfead981,event_411a78291f7b94d4f0e6eea7,SENT,2025-03-17 11:22:30,2025-03-17 11:22:30,ExpertLetter | Bewertungsmanagement-Geheimnisse: von Estimotos Erfolg lernen + Trustpilot-Skandal!,0,,,,,on
C04,DE_NL-CW12-25_ROW-DE-PAIDvA,351930936,B,test,person_15c339ec1bee37ca4492f4d4,1,0,message_8fa0c1acffef9add0a1851d9,event_cf18c783622447a3538ad8ac,SENT,2025-03-17 11:22:30,2025-03-17 11:22:30,ExpertLetter | Bewertungsmanagement-Geheimnisse: von Estimotos Erfolg lernen + Trustpilot-Skandal!,0,,,,,on
C04,DE_NL-CW12-25_ROW-DE-PAIDvA,351930936,B,test,person_15c339ec1bee37ca4492f4d4,1,0,message_8fa0c1acffef9add0a1851d9,event_bc1dcbefa5bcf7c4f6483e2e,OPEN,2025-03-17 11:22:30,2025-03-17 12:11:40,ExpertLetter | Bewertungsmanagement-Geheimnisse: von Estimotos Erfolg lernen + Trustpilot-Skandal!,0,,,,,on
C04,DE_NL-CW12-25_ROW-DE-PAIDvA,351930936,B,test,person_15c339ec1bee37ca4492f4d4,1,0,message_8fa0c1acffef9add0a1851d9,event_6f454c178edc62b3bc7d103e,DELIVERED,2025-03-17 11:22:30,2025-03-17 11:22:32,ExpertLetter | Bewertungsmanagement-Geheimnisse: von Estimotos Erfolg lernen + Trustpilot-Skandal!,0,,,,,on
C04,DE_NL-CW12-25_ROW-DE-PAIDvA,351930936,B,test,person_ad14e5f44d8cfe2e579e9e91,1,0,message_e2b81c0b52de7bfa0b34b6d4,event_389d9a10da4bf5b46b870b9a,DROPPED,2025-03-17 11:22:30,2025-03-17 11:22:30,ExpertLetter | Bewertungsmanagement-Geheimnisse: von Estimotos Erfolg lernen + Trustpilot-Skandal!,0,,event_26881016dd0b9dd7307eba98,,PREVIOUSLY_BOUNCED,on
C04,DE_NL-CW12-25_ROW-DE-PAIDvA,351930935,A,test,person_dc4786c8bc6dd87720000b69,1,0,message_53766b6dfb67068f9eceb92d,event_d3d81aa1bcb4465ec01242cf,DROPPED,2025-03-17 11:22:30,2025-03-17 11:22:30,ExpertLetter | Brisante Trustpilot-Enthüllungen + WIX & WordPress kommen!,0,,event_6891bc061c514c202682b0e7,,PREVIOUSLY_BOUNCED,on
C04,DE_NL-CW12-25_ROW-DE-PAIDvA,351930936,B,test,person_ec96d004705111c3e1c1dab8,1,0,message_706036cf802246da113240df,event_8c99246b617b4092639c4f7a,DELIVERED,2025-03-17 11:19:49,2025-03-17 11:19:53,ExpertLetter | Bewertungsmanagement-Geheimnisse: von Estimotos Erfolg lernen + Trustpilot-Skandal!,0,,,,,on
C04,DE_NL-CW12-25_ROW-DE-PAIDvA,351930936,B,test,person_ec96d004705111c3e1c1dab8,1,0,message_706036cf802246da113240df,event_df747cf9875f0fb619c715a2,SENT,2025-03-17 11:19:49,2025-03-17 11:19:49,ExpertLetter | Bewertungsmanagement-Geheimnisse: von Estimotos Erfolg lernen + Trustpilot-Skandal!,0,,,,,on
C04,DE_NL-CW12-25_ROW-DE-PAIDvA,351930936,B,test,person_4275d789b78f0f3faa236282,1,0,message_bfe645b972480789c4fb498a,event_1807fffef1100269ea13020b,SENT,2025-03-17 11:22:31,2025-03-17 11:22:31,ExpertLetter | Bewertungsmanagement-Geheimnisse: von Estimotos Erfolg lernen + Trustpilot-Skandal!,0,,,,,on
C04,DE_NL-CW12-25_ROW-DE-PAIDvA,351930936,B,test,person_4275d789b78f0f3faa236282,1,0,message_bfe645b972480789c4fb498a,event_a7e0810188b8c583e72f9b0a,DELIVERED,2025-03-17 11:22:31,2025-03-17 11:22:34,ExpertLetter | Bewertungsmanagement-Geheimnisse: von Estimotos Erfolg lernen + Trustpilot-Skandal!,0,,,,,on
C04,DE_NL-CW12-25_ROW-DE-PAIDvA,351930936,B,test,person_514c958d1aeebc10871e60d0,1,0,message_4a660f19e08d1646c0187cca,event_bbc2c2169e3f07fd3f09659c,SENT,2025-03-17 11:22:31,2025-03-17 11:22:31,ExpertLetter | Bewertungsmanagement-Geheimnisse: von Estimotos Erfolg lernen + Trustpilot-Skandal!,0,,,,,on
C04,DE_NL-CW12-25_ROW-DE-PAIDvA,351930936,B,test,person_514c958d1aeebc10871e60d0,1,0,message_4a660f19e08d1646c0187cca,event_b280c8948fa5c8e445807f25,DELIVERED,2025-03-17 11:22:31,2025-03-17 11:22:33,ExpertLetter | Bewertungsmanagement-Geheimnisse: von Estimotos Erfolg lernen + Trustpilot-Skandal!,0,,,,,on
C04,DE_NL-CW12-25_ROW-DE-PAIDvA,351930935,A,test,person_f19fc1c29960c6c17098d78c,1,0,message_f38faa01dd3f4f4f624a9bb2,event_888282eaff5ac3f109c560ad,SENT,2025-03-17 11:22:31,2025-03-17 11:22:31,ExpertLetter | Brisante Trustpilot-Enthüllungen + WIX & WordPress kommen!,0,,,,,on
C04,DE_NL-CW12-25_ROW-DE-PAIDvA,351930935,A,test,person_f19fc1c29960c6c17098d78c,1,0,message_f38faa01dd3f4f4f624a9bb2,event_44d320958398bf0f15dec42e,DELIVERED,2025-03-17 11:22:31,2025-03-17 11:22:32,ExpertLetter | Brisante Trustpilot-Enthüllungen + WIX & WordPress kommen!,0,,,,,on
C04,DE_NL-CW12-25_ROW-DE-PAIDvA,351930935,A,test,person_a1e1aaa76072592f14fbcbc7,1,0,message_fa3cbfe45fb34fb32dc54767,event_2e44cf1ff65480a1535181c5,DELIVERED,2025-03-17 11:22:30,2025-03-17 11:22:34,ExpertLetter | Brisante Trustpilot-Enthüllungen + WIX & WordPress kommen!,0,,,,,on
C04,DE_NL-CW12-25_ROW-DE-PAIDvA,351930935,A,test,person_a1e1aaa76072592f14fbcbc7,1,0,message_fa3cbfe45fb34fb32dc54767,event_38d70c43bcc67b5decad0426,SENT,2025-03-17 11:22:30,2025-03-17 11:22:30,ExpertLetter | Brisante Trustpilot-Enthüllungen + WIX & WordPress kommen!,0,,,,,on
C04,DE_NL-CW12-25_ROW-DE-PAIDvA,351930936,B,test,person_bb839d7e085bac307839c7e0,1,0,message_6a8484a728694e6af4239623,event_c60c34de7114647cb43ff66f,OPEN,2025-03-17 11:22:30,2025-03-18 04:41:05,ExpertLetter | Bewertungsmanagement-Geheimnisse: von Estimotos Erfolg lernen + Trustpilot-Skandal!,0,,,,,on
C04,DE_NL-CW12-25_ROW-DE-PAIDvA,351930936,B,test,person_bb839d7e085bac307839c7e0,1,0,message_6a8484a728694e6af4239623,event_8dd7ef053856cf247026bafe,OPEN,2025-03-17 11:22:30,2025-03-18 04:42:35,ExpertLetter | Bewertungsmanagement-Geheimnisse: von Estimotos Erfolg lernen + Trustpilot-Skandal!,0,,,,,on
C04,DE_NL-CW12-25_ROW-DE-PAIDvA,351930936,B,test,person_bb839d7e085bac307839c7e0,1,0,message_6a8484a728694e6af4239623,event_dd7410decbace5401da682e9,DELIVERED,2025-03-17 11:22:30,2025-03-17 11:22:31,ExpertLetter | Bewertungsmanagement-Geheimnisse: von Estimotos Erfolg lernen + Trustpilot-Skandal!,0,,,,,on
C04,DE_NL-CW12-25_ROW-DE-PAIDvA,351930936,B,test,person_bb839d7e085bac307839c7e0,1,0,message_6a8484a728694e6af4239623,event_91ae3a18b3037a48fe3f9c55,OPEN,2025-03-17 11:22:30,2025-03-20 14:11:59,ExpertLetter | Bewertungsmanagement-Geheimnisse: von Estimotos Erfolg lernen + Trustpilot-Skandal!,0,,,,,on
C04,DE_NL-CW12-25_ROW-DE-PAIDvA,351930936,B,test,person_bb839d7e085bac307839c7e0,1,0,message_6a8484a728694e6af4239623,event_24570b2c17bb0d38240cd313,OPEN,2025-03-17 11:22:30,2025-03-18 04:40:35,ExpertLetter | Bewertungsmanagement-Geheimnisse: von Estimotos Erfolg lernen + Trustpilot-Skandal!,0,,,,,on
C04,DE_NL-CW12-25_ROW-DE-PAIDvA,351930936,B,test,person_bb839d7e085bac307839c7e0,1,0,message_6a8484a728694e6af4239623,event_d435ac449c2dcbaff12cf4cd,SENT,2025-03-17 11:22:30,2025-03-17 11:22:30,ExpertLetter | Bewertungsmanagement-Geheimnisse: von Estimotos Erfolg lernen + Trustpilot-Skandal!,0,,,,,on
C04,DE_NL-CW12-25_ROW-DE-PAIDvA,351930935,A,test,person_d4e11e4ad958219c4d7e06d7,1,0,message_0c32cbcadcfa5349e1902700,event_64a358a784c2c87335a3219e,SENT,2025-03-17 11:21:10,2025-03-17 11:21:10,ExpertLetter | Brisante Trustpilot-Enthüllungen + WIX & WordPress kommen!,0,,,,,on
C04,DE_NL-CW12-25_ROW-DE-PAIDvA,351930935,A,test,person_d4e11e4ad958219c4d7e06d7,1,0,message_0c32cbcadcfa5349e1902700,event_47f2db65946ae73b27162d14,DELIVERED,2025-03-17 11:21:10,2025-03-17 11:21:12,ExpertLetter | Brisante Trustpilot-Enthüllungen + WIX & WordPress kommen!,0,,,,,on
C04,DE_NL-CW12-25_ROW-DE-PAIDvA,351930935,A,test,person_45524c047d9e77427b873515,1,0,message_a4cf11eb002c5bb3b560f0a8,event_420ae50d9d9e1422140b6f55,DELIVERED,2025-03-17 11:22:30,2025-03-17 11:22:32,ExpertLetter | Brisante Trustpilot-Enthüllungen + WIX & WordPress kommen!,0,,,,,on
C04,DE_NL-CW12-25_ROW-DE-PAIDvA,351930935,A,test,person_45524c047d9e77427b873515,1,0,message_a4cf11eb002c5bb3b560f0a8,event_81f96a7716111ec757f9ef8b,SENT,2025-03-17 11:22:30,2025-03-17 11:22:30,ExpertLetter | Brisante Trustpilot-Enthüllungen + WIX & WordPress kommen!,0,,,,,on
C04,DE_NL-CW12-25_ROW-DE-PAIDvA,351930935,A,test,person_4fa1ebaa6ad868b62dc7b17a,1,0,message_86d882ed00b6379f7700129c,event_c8554bdba2307b15953b41c4,DELIVERED,2025-03-17 11:22:30,2025-03-17 11:22:32,ExpertLetter | Brisante Trustpilot-Enthüllungen + WIX & WordPress kommen!,0,,,,,on
C04,DE_NL-CW12-25_ROW-DE-PAIDvA,351930935,A,test,person_4fa1ebaa6ad868b62dc7b17a,1,0,message_86d882ed00b6379f7700129c,event_23a26a2e10a9356d653ef725,SENT,2025-03-17 11:22:30,2025-03-17 11:22:30,ExpertLetter | Brisante Trustpilot-Enthüllungen + WIX & WordPress kommen!,0,,,,,on
C04,DE_NL-CW12-25_ROW-DE-PAIDvA,351930935,A,test,person_e3f0714445743cd7f1c98b22,1,0,message_b11b2c2515f9b33756842cc5,event_088fab7d227c16bc670a1d4e,DELIVERED,2025-03-17 11:21:10,2025-03-17 11:21:13,ExpertLetter | Brisante Trustpilot-Enthüllungen + WIX & WordPress kommen!,0,,,,,on
C04,DE_NL-CW12-25_ROW-DE-PAIDvA,351930935,A,test,person_e3f0714445743cd7f1c98b22,1,0,message_b11b2c2515f9b33756842cc5,event_2bad0091fc78718ea4787f10,SENT,2025-03-17 11:21:10,2025-03-17 11:21:10,ExpertLetter | Brisante Trustpilot-Enthüllungen + WIX & WordPress kommen!,0,,,,,on
C04,DE_NL-CW12-25_ROW-DE-PAIDvA,351930935,A,test,person_0b4bfedb774390197047b77f,1,0,message_b677234dad4fddedf0b49b43,event_5dcd3661888b624dc90b7ec8,DELIVERED,2025-03-17 11:22:30,2025-03-17 11:22:31,ExpertLetter | Brisante Trustpilot-Enthüllungen + WIX & WordPress kommen!,0,,,,,on
C04,DE_NL-CW12-25_ROW-DE-PAIDvA,351930935,A,test,person_0b4bfedb774390197047b77f,1,0,message_b677234dad4fddedf0b49b43,event_21e240ea923797fe20599c2a,SENT,2025-03-17 11:22:30,2025-03-17 11:22:30,ExpertLetter | Brisante Trustpilot-Enthüllungen + WIX & WordPress kommen!,0,,,,,on
C04,DE_NL-CW12-25_ROW-DE-PAIDvA,351930935,A,test,person_0b4bfedb774390197047b77f,1,0,message_b677234dad4fddedf0b49b43,event_256fd997bbff17f87836f9e1,OPEN,2025-03-17 11:22:30,2025-03-18 17:38:01,ExpertLetter | Brisante Trustpilot-Enthüllungen + WIX & WordPress kommen!,0,,,,,on
C04,DE_NL-CW12-25_ROW-DE-PAIDvA,351930935,A,test,person_7697b47ff4a1f6dd603a7650,1,0,message_ae37b0e066a769fdb58eeb14,event_2ad69b355e0ee4d3f9f70dfb,SENT,2025-03-17 11:22:30,2025-03-17 11:22:30,ExpertLetter | Brisante Trustpilot-Enthüllungen + WIX & WordPress kommen!,0,,,,,on
C04,DE_NL-CW12-25_ROW-DE-PAIDvA,351930935,A,test,person_7697b47ff4a1f6dd603a7650,1,0,message_ae37b0e066a769fdb58eeb14,event_d81c06a90af9fa9fa41509c2,DELIVERED,2025-03-17 11:22:30,2025-03-17 11:22:33,ExpertLetter | Brisante Trustpilot-Enthüllungen + WIX & WordPress kommen!,0,,,,,on
C04,DE_NL-CW12-25_ROW-DE-PAIDvA,351930935,A,test,person_90fd063bc25547075f612eca,1,0,message_f32c9f4f2c3ed4e2d398201f,event_55afde7144c52d469339912d,OPEN,2025-03-17 11:22:30,2025-03-17 15:14:32,ExpertLetter | Brisante Trustpilot-Enthüllungen + WIX & WordPress kommen!,0,,,,,on
C04,DE_NL-CW12-25_ROW-DE-PAIDvA,351930935,A,test,person_90fd063bc25547075f612eca,1,0,message_f32c9f4f2c3ed4e2d398201f,event_552dfe7749b686b9e67cbd65,SENT,2025-03-17 11:22:30,2025-03-17 11:22:30,ExpertLetter | Brisante Trustpilot-Enthüllungen + WIX & WordPress kommen!,0,,,,,on
C04,DE_NL-CW12-25_ROW-DE-PAIDvA,351930935,A,test,person_90fd063bc25547075f612eca,1,0,message_f32c9f4f2c3ed4e2d398201f,event_b8c333f214acac1b547b74d2,DELIVERED,2025-03-17 11:22:30,2025-03-17 11:22:35,ExpertLetter | Brisante Trustpilot-Enthüllungen + WIX & WordPress kommen!,0,,,,,on
C04,DE_NL-CW12-25_ROW-DE-PAIDvA,351930936,B,test,person_0f26d34ca955bfa53659fe2e,1,0,message_bdc1a38748d1c2903824a82a,event_70c2dc93f19fd412c7e3a7a5,DELIVERED,2025-03-17 11:22:30,2025-03-17 11:23:14,ExpertLetter | Bewertungsmanagement-Geheimnisse: von Estimotos Erfolg lernen + Trustpilot-Skandal!,0,,,,,on
C04,DE_NL-CW12-25_ROW-DE-PAIDvA,351930936,B,test,person_0f26d34ca955bfa53659fe2e,1,0,message_bdc1a38748d1c2903824a82a,event_ef91e7bbaa39a19b9937ace6,SENT,2025-03-17 11:22:30,2025-03-17 11:22:30,ExpertLetter | Bewertungsmanagement-Geheimnisse: von Estimotos Erfolg lernen + Trustpilot-Skandal!,0,,,,,on
C04,DE_NL-CW12-25_ROW-DE-PAIDvA,351930935,A,test,person_4ada9464bdfc513562a52436,1,0,message_5554cfac9e100385ecfbc521,event_6375c10d9497e0801cac6901,SENT,2025-03-17 11:22:30,2025-03-17 11:22:30,ExpertLetter | Brisante Trustpilot-Enthüllungen + WIX & WordPress kommen!,0,,,,,on
C04,DE_NL-CW12-25_ROW-DE-PAIDvA,351930935,A,test,person_4ada9464bdfc513562a52436,1,0,message_5554cfac9e100385ecfbc521,event_9492f5924393379802d84a5d,DELIVERED,2025-03-17 11:22:30,2025-03-17 11:22:31,ExpertLetter | Brisante Trustpilot-Enthüllungen + WIX & WordPress kommen!,0,,,,,on
C04,DE_NL-CW12-25_ROW-DE-PAIDvA,351930936,B,test,person_7bb96c9c429daebd19dc29a7,1,0,message_da9a9b0aa90fb7d4ad450983,event_21d67f33d454c589e3529bfd,SENT,2025-03-17 11:19:49,2025-03-17 11:19:49,ExpertLetter | Bewertungsmanagement-Geheimnisse: von Estimotos Erfolg lernen + Trustpilot-Skandal!,0,,,,,on
C04,DE_NL-CW12-25_ROW-DE-PAIDvA,351930936,B,test,person_7bb96c9c429daebd19dc29a7,1,0,message_da9a9b0aa90fb7d4ad450983,event_5ba6a6f315f41a6183fff4d3,DELIVERED,2025-03-17 11:19:49,2025-03-17 11:19:51,ExpertLetter | Bewertungsmanagement-Geheimnisse: von Estimotos Erfolg lernen + Trustpilot-Skandal!,0,,,,,on
C04,DE_NL-CW12-25_ROW-DE-PAIDvA,351930935,A,test,person_30033e51ccd716154e6c2599,1,0,message_10f2f220ecdf71d7aa83ce81,event_b8347d5568b6db44b233d4dd,DROPPED,2025-03-17 11:22:30,2025-03-17 11:22:30,ExpertLetter | Brisante Trustpilot-Enthüllungen + WIX & WordPress kommen!,0,,event_0a0a7b0a8bc0fd67622039e3,,PREVIOUSLY_BOUNCED,on
C04,DE_NL-CW12-25_ROW-DE-PAIDvA,351930936,B,test,person_caea0a30062aa573a894e244,1,0,message_3726fbd766b6becb70276592,event_217323e81606933fbd1f9405,SENT,2025-03-17 11:22:30,2025-03-17 11:22:30,ExpertLetter | Bewertungsmanagement-Geheimnisse: von Estimotos Erfolg lernen + Trustpilot-Skandal!,0,,,,,on
C04,DE_NL-CW12-25_ROW-DE-PAIDvA,351930936,B,test,person_caea0a30062aa573a894e244,1,0,message_3726fbd766b6becb70276592,event_31177a46b666a17de5d62a82,DELIVERED,2025-03-17 11:22:30,2025-03-17 11:22:33,ExpertLetter | Bewertungsmanagement-Geheimnisse: von Estimotos Erfolg lernen + Trustpilot-Skandal!,0,,,,,on
C04,DE_NL-CW12-25_ROW-DE-PAIDvA,351930936,B,test,person_1462e01d9d8d8280f97b28c5,1,0,message_bd2df66ee2ba79d35ffeabeb,event_b10c32e73073b84ffb39e251,SENT,2025-03-17 11:22:30,2025-03-17 11:22:30,ExpertLetter | Bewertungsmanagement-Geheimnisse: von Estimotos Erfolg lernen + Trustpilot-Skandal!,0,,,,,on
C04,DE_NL-CW12-25_ROW-DE-PAIDvA,351930936,B,test,person_1462e01d9d8d8280f97b28c5,1,0,message_bd2df66ee2ba79d35ffeabeb,event_66152ab0eabd28ad5dc946c6,OPEN,2025-03-17 11:22:30,2025-03-17 11:30:27,ExpertLetter | Bewertungsmanagement-Geheimnisse: von Estimotos Erfolg lernen + Trustpilot-Skandal!,0,,,,,on
C04,DE_NL-CW12-25_ROW-DE-PAIDvA,351930936,B,test,person_1462e01d9d8d8280f97b28c5,1,0,message_bd2df66ee2ba79d35ffeabeb,event_919f1c78c51a8e52de9542e0,OPEN,2025-03-17 11:22:30,2025-03-17 11:28:47,ExpertLetter | Bewertungsmanagement-Geheimnisse: von Estimotos Erfolg lernen + Trustpilot-Skandal!,0,,,,,on
C04,DE_NL-CW12-25_ROW-DE-PAIDvA,351930936,B,test,person_1462e01d9d8d8280f97b28c5,1,0,message_bd2df66ee2ba79d35ffeabeb,event_0a417dbf2291662cbbd5dedf,OPEN,2025-03-17 11:22:30,2025-03-17 11:27:13,ExpertLetter | Bewertungsmanagement-Geheimnisse: von Estimotos Erfolg lernen + Trustpilot-Skandal!,0,,,,,on
C04,DE_NL-CW12-25_ROW-DE-PAIDvA,351930936,B,test,person_1462e01d9d8d8280f97b28c5,1,0,message_bd2df66ee2ba79d35ffeabeb,event_9a3e82d29acacba4b37b69ab,DELIVERED,2025-03-17 11:22:30,2025-03-17 11:22:31,ExpertLetter | Bewertungsmanagement-Geheimnisse: von Estimotos Erfolg lernen + Trustpilot-Skandal!,0,,,,,on
C04,DE_NL-CW12-25_ROW-DE-PAIDvA,351930935,A,test,person_0d075febf6dee8ef4c24afc9,1,0,message_0c346024dc1907f521a445d8,event_67e42c59681342b4bdc6a67c,DELIVERED,2025-03-17 11:21:09,2025-03-17 11:21:10,ExpertLetter | Brisante Trustpilot-Enthüllungen + WIX & WordPress kommen!,0,,,,,on
C04,DE_NL-CW12-25_ROW-DE-PAIDvA,351930935,A,test,person_0d075febf6dee8ef4c24afc9,1,0,message_0c346024dc1907f521a445d8,event_efc5c70ce9e9312963407874,SENT,2025-03-17 11:21:09,2025-03-17 11:21:09,ExpertLetter | Brisante Trustpilot-Enthüllungen + WIX & WordPress kommen!,0,,,,,on
C04,DE_NL-CW12-25_ROW-DE-PAIDvA,351930935,A,test,person_0d075febf6dee8ef4c24afc9,1,0,message_0c346024dc1907f521a445d8,event_683c6818f3fcde88623bec5c,OPEN,2025-03-17 11:21:09,2025-03-17 15:14:53,ExpertLetter | Brisante Trustpilot-Enthüllungen + WIX & WordPress kommen!,0,,,,,on
C04,DE_NL-CW12-25_ROW-DE-PAIDvA,351930935,A,test,person_0d075febf6dee8ef4c24afc9,1,0,message_0c346024dc1907f521a445d8,event_2000bf8b22d55050cb1abf1d,OPEN,2025-03-17 11:21:09,2025-03-17 15:14:54,ExpertLetter | Brisante Trustpilot-Enthüllungen + WIX & WordPress kommen!,0,,,,,on
C04,DE_NL-CW12-25_ROW-DE-PAIDvA,351930936,B,test,person_48522ac3c6198a64a8df23e7,1,1,message_d35d918dc1225f7d2fcc760a,event_c3802cc98df266ec20c4648a,DELIVERED,2025-03-17 11:22:30,2025-03-17 11:22:33,ExpertLetter | Bewertungsmanagement-Geheimnisse: von Estimotos Erfolg lernen + Trustpilot-Skandal!,0,,,,,on
C04,DE_NL-CW12-25_ROW-DE-PAIDvA,351930936,B,test,person_48522ac3c6198a64a8df23e7,1,1,message_d35d918dc1225f7d2fcc760a,event_707b429230069ac797eb7cfd,SENT,2025-03-17 11:22:30,2025-03-17 11:22:30,ExpertLetter | Bewertungsmanagement-Geheimnisse: von Estimotos Erfolg lernen + Trustpilot-Skandal!,0,,,,,on
C04,DE_NL-CW12-25_ROW-DE-PAIDvA,351930936,B,test,person_da5b19571dc04df5ab452d88,1,0,message_7813015e527b2ff778d5b46e,event_7d58b58599b13d3e16f2b899,DELIVERED,2025-03-17 11:19:49,2025-03-17 11:19:56,ExpertLetter | Bewertungsmanagement-Geheimnisse: von Estimotos Erfolg lernen + Trustpilot-Skandal!,0,,,,,on
C04,DE_NL-CW12-25_ROW-DE-PAIDvA,351930936,B,test,person_da5b19571dc04df5ab452d88,1,0,message_7813015e527b2ff778d5b46e,event_cce301c01da13e359dca9ae4,SENT,2025-03-17 11:19:49,2025-03-17 11:19:49,ExpertLetter | Bewertungsmanagement-Geheimnisse: von Estimotos Erfolg lernen + Trustpilot-Skandal!,0,,,,,on
C04,DE_NL-CW12-25_ROW-DE-PAIDvA,351930935,A,test,person_a9c0700ec254907dd2f5b529,1,0,message_b021adf5b8cf90fe9b143f1c,event_b4acbf9efe7f00887c4e9a6c,DELIVERED,2025-03-17 11:22:30,2025-03-17 11:22:33,ExpertLetter | Brisante Trustpilot-Enthüllungen + WIX & WordPress kommen!,0,,,,,on
C04,DE_NL-CW12-25_ROW-DE-PAIDvA,351930935,A,test,person_a9c0700ec254907dd2f5b529,1,0,message_b021adf5b8cf90fe9b143f1c,event_7d27aee4a7e145b25a5b13d1,SENT,2025-03-17 11:22:30,2025-03-17 11:22:30,ExpertLetter | Brisante Trustpilot-Enthüllungen + WIX & WordPress kommen!,0,,,,,on
C04,DE_NL-CW12-25_ROW-DE-PAIDvA,351930936,B,test,person_abaa920712b7ac8451679894,1,0,message_41fba39a5cad0ebb02feaaf3,event_1ea3889bdfc3a66d11866749,SENT,2025-03-17 11:22:30,2025-03-17 11:22:30,ExpertLetter | Bewertungsmanagement-Geheimnisse: von Estimotos Erfolg lernen + Trustpilot-Skandal!,0,,,,,on
C04,DE_NL-CW12-25_ROW-DE-PAIDvA,351930936,B,test,person_abaa920712b7ac8451679894,1,0,message_41fba39a5cad0ebb02feaaf3,event_9fcdbda77e9964e8b6ab46fd,DELIVERED,2025-03-17 11:22:30,2025-03-17 11:22:32,ExpertLetter | Bewertungsmanagement-Geheimnisse: von Estimotos Erfolg lernen + Trustpilot-Skandal!,0,,,,,on
C04,DE_NL-CW12-25_ROW-DE-PAIDvA,351930935,A,test,person_6b8a1c669ef94a7d48ae43f4,1,0,message_0555dfd638a4332db733471a,event_f6fa1e78e223060077fe109e,DROPPED,2025-03-17 11:22:31,2025-03-17 11:22:31,ExpertLetter | Brisante Trustpilot-Enthüllungen + WIX & WordPress kommen!,0,,event_7018c5dfc10e173e8547d1e0,,PREVIOUSLY_BOUNCED,on
C04,DE_NL-CW12-25_ROW-DE-PAIDvA,351930935,A,test,person_2c200c91caa0370d0ea0c7ce,1,0,message_b1d450fbceeb82c2bb54e592,event_e19b91d28ba52ba8cda07fdf,DELIVERED,2025-03-17 11:22:29,2025-03-17 11:22:31,ExpertLetter | Brisante Trustpilot-Enthüllungen + WIX & WordPress kommen!,0,,,,,on
C04,DE_NL-CW12-25_ROW-DE-PAIDvA,351930935,A,test,person_2c200c91caa0370d0ea0c7ce,1,0,message_b1d450fbceeb82c2bb54e592,event_b87149d3d482def96136cd45,OPEN,2025-03-17 11:22:29,2025-03-17 15:03:12,ExpertLetter | Brisante Trustpilot-Enthüllungen + WIX & WordPress kommen!,0,,,,,on
C04,DE_NL-CW12-25_ROW-DE-PAIDvA,351930935,A,test,person_2c200c91caa0370d0ea0c7ce,1,0,message_b1d450fbceeb82c2bb54e592,event_c0161b20d063b764af69ca06,SENT,2025-03-17 11:22:29,2025-03-17 11:22:29,ExpertLetter | Brisante Trustpilot-Enthüllungen + WIX & WordPress kommen!,0,,,,,on
C04,DE_NL-CW12-25_ROW-DE-PAIDvA,351930935,A,test,person_2c200c91caa0370d0ea0c7ce,1,0,message_b1d450fbceeb82c2bb54e592,event_2f29f9d85857c270bbc9527d,OPEN,2025-03-17 11:22:29,2025-03-17 15:03:12,ExpertLetter | Brisante Trustpilot-Enthüllungen + WIX & WordPress kommen!,0,,,,,on
C04,DE_NL-CW12-25_ROW-DE-PAIDvA,351930936,B,test,person_93596ceb617a8ec2f347c24d,1,0,message_bc71660ef483405691a45100,event_92b8e6bda5bfe59d08acfe21,DELIVERED,2025-03-17 11:19:49,2025-03-17 11:19:52,ExpertLetter | Bewertungsmanagement-Geheimnisse: von Estimotos Erfolg lernen + Trustpilot-Skandal!,0,,,,,on
C04,DE_NL-CW12-25_ROW-DE-PAIDvA,351930936,B,test,person_93596ceb617a8ec2f347c24d,1,0,message_bc71660ef483405691a45100,event_56ed5ca4ab2eaf9a5b13f6d8,SENT,2025-03-17 11:19:49,2025-03-17 11:19:49,ExpertLetter | Bewertungsmanagement-Geheimnisse: von Estimotos Erfolg lernen + Trustpilot-Skandal!,0,,,,,on
C04,DE_NL-CW12-25_ROW-DE-PAIDvA,351930936,B,test,person_39b3d994acb8faefe9f2c8d1,1,0,message_3b396309cb74f911e9132641,event_1008a1e4a532ca45f5c6fd33,DELIVERED,2025-03-17 11:22:30,2025-03-17 11:22:31,ExpertLetter | Bewertungsmanagement-Geheimnisse: von Estimotos Erfolg lernen + Trustpilot-Skandal!,0,,,,,on
C04,DE_NL-CW12-25_ROW-DE-PAIDvA,351930936,B,test,person_39b3d994acb8faefe9f2c8d1,1,0,message_3b396309cb74f911e9132641,event_11d28690f4046219e762b966,SENT,2025-03-17 11:22:30,2025-03-17 11:22:30,ExpertLetter | Bewertungsmanagement-Geheimnisse: von Estimotos Erfolg lernen + Trustpilot-Skandal!,0,,,,,on
C04,DE_NL-CW12-25_ROW-DE-PAIDvA,351930935,A,test,person_187b18b53a1b55bd37d4fe8e,1,0,message_fe2243a499ae5a7f8229d604,event_f2642bae858f70b10baba8ed,SENT,2025-03-17 11:21:09,2025-03-17 11:21:09,ExpertLetter | Brisante Trustpilot-Enthüllungen + WIX & WordPress kommen!,0,,,,,on
C04,DE_NL-CW12-25_ROW-DE-PAIDvA,351930935,A,test,person_187b18b53a1b55bd37d4fe8e,1,0,message_fe2243a499ae5a7f8229d604,event_89b48477d15cf830a82662bd,DELIVERED,2025-03-17 11:21:09,2025-03-17 11:21:53,ExpertLetter | Brisante Trustpilot-Enthüllungen + WIX & WordPress kommen!,0,,,,,on
C04,DE_NL-CW12-25_ROW-DE-PAIDvA,351930936,B,test,person_92786804a2ce0deca2d73727,1,0,message_a6db3e4afc9da9da86344653,event_415030e916e74679e3185eb3,DELIVERED,2025-03-17 11:19:49,2025-03-17 11:19:50,ExpertLetter | Bewertungsmanagement-Geheimnisse: von Estimotos Erfolg lernen + Trustpilot-Skandal!,0,,,,,on
C04,DE_NL-CW12-25_ROW-DE-PAIDvA,351930936,B,test,person_92786804a2ce0deca2d73727,1,0,message_a6db3e4afc9da9da86344653,event_bc7d1dc655c3dd2369671b4f,SENT,2025-03-17 11:19:49,2025-03-17 11:19:49,ExpertLetter | Bewertungsmanagement-Geheimnisse: von Estimotos Erfolg lernen + Trustpilot-Skandal!,0,,,,,on
C04,DE_NL-CW12-25_ROW-DE-PAIDvA,351930935,A,test,person_ff8e895e8f24809adedae258,1,0,message_ddf3e9aa84e94183ff92781f,event_fafc199c1acc980f5951d9ef,SENT,2025-03-17 11:22:29,2025-03-17 11:22:29,ExpertLetter | Brisante Trustpilot-Enthüllungen + WIX & WordPress kommen!,0,,,,,on
C04,DE_NL-CW12-25_ROW-DE-PAIDvA,351930935,A,test,person_ff8e895e8f24809adedae258,1,0,message_ddf3e9aa84e94183ff92781f,event_58cf67f8f6ff61ebc8c52160,OPEN,2025-03-17 11:22:29,2025-03-17 15:41:17,ExpertLetter | Brisante Trustpilot-Enthüllungen + WIX & WordPress kommen!,0,,,,,on
C04,DE_NL-CW12-25_ROW-DE-PAIDvA,351930935,A,test,person_ff8e895e8f24809adedae258,1,0,message_ddf3e9aa84e94183ff92781f,event_ac00e881f34abb463baae281,DELIVERED,2025-03-17 11:22:29,2025-03-17 11:22:30,ExpertLetter | Brisante Trustpilot-Enthüllungen + WIX & WordPress kommen!,0,,,,,on
C04,DE_NL-CW12-25_ROW-DE-PAIDvA,351930935,A,test,person_a271a588483cb63d61b3fa53,1,0,message_97453f13e3ef66b66bc055a0,event_f4f667533592cc1e30a1f224,SENT,2025-03-17 11:22:31,2025-03-17 11:22:31,ExpertLetter | Brisante Trustpilot-Enthüllungen + WIX & WordPress kommen!,0,,,,,on
C04,DE_NL-CW12-25_ROW-DE-PAIDvA,351930935,A,test,person_a271a588483cb63d61b3fa53,1,0,message_97453f13e3ef66b66bc055a0,event_be0715ad3c756022bdbb20e9,DELIVERED,2025-03-17 11:22:31,2025-03-17 11:22:33,ExpertLetter | Brisante Trustpilot-Enthüllungen + WIX & WordPress kommen!,0,,,,,on
C04,DE_NL-CW12-25_ROW-DE-PAIDvA,351930936,B,test,person_d998a5ba4aae02171f84342a,1,0,message_55d94458a7f4273b429d380d,event_816c84536ac1fa3095035c7d,DELIVERED,2025-03-17 11:22:30,2025-03-17 11:22:32,ExpertLetter | Bewertungsmanagement-Geheimnisse: von Estimotos Erfolg lernen + Trustpilot-Skandal!,0,,,,,on
C04,DE_NL-CW12-25_ROW-DE-PAIDvA,351930936,B,test,person_d998a5ba4aae02171f84342a,1,0,message_55d94458a7f4273b429d380d,event_9504d62efd4cf492d4b5684d,SENT,2025-03-17 11:22:30,2025-03-17 11:22:30,ExpertLetter | Bewertungsmanagement-Geheimnisse: von Estimotos Erfolg lernen + Trustpilot-Skandal!,0,,,,,on
C04,DE_NL-CW12-25_ROW-DE-PAIDvA,351930936,B,test,person_f2f920c46ce7f49cce32fa63,1,0,message_712559980c96aaafa794a83a,event_800127655635b38a33738b54,DROPPED,2025-03-17 11:19:49,2025-03-17 11:19:49,ExpertLetter | Bewertungsmanagement-Geheimnisse: von Estimotos Erfolg lernen + Trustpilot-Skandal!,0,,event_7c3d2f3388df562c2e0720ea,,PREVIOUSLY_BOUNCED,on
C04,DE_NL-CW12-25_ROW-DE-PAIDvA,351930936,B,test,person_b52b23b0abd6cd9f44b96399,1,0,message_732bda0e8b476fde98443e7f,event_54bf4bccc6b7cbf49ae84ffc,SENT,2025-03-17 11:22:30,2025-03-17 11:22:30,ExpertLetter | Bewertungsmanagement-Geheimnisse: von Estimotos Erfolg lernen + Trustpilot-Skandal!,0,,,,,on
C04,DE_NL-CW12-25_ROW-DE-PAIDvA,351930936,B,test,person_b52b23b0abd6cd9f44b96399,1,0,message_732bda0e8b476fde98443e7f,event_2c0aceb8071845f5cd139f22,DELIVERED,2025-03-17 11:22:30,2025-03-17 11:22:31,ExpertLetter | Bewertungsmanagement-Geheimnisse: von Estimotos Erfolg lernen + Trustpilot-Skandal!,0,,,,,on
C04,DE_NL-CW12-25_ROW-DE-PAIDvA,351930935,A,test,person_89c4c78bb9e748a60afcff88,1,0,message_f69f3694d36b805682d70032,event_70bd6c4b71d5b79785703e2b,SENT,2025-03-17 11:22:30,2025-03-17 11:22:30,ExpertLetter | Brisante Trustpilot-Enthüllungen + WIX & WordPress kommen!,0,,,,,on
C04,DE_NL-CW12-25_ROW-DE-PAIDvA,351930935,A,test,person_89c4c78bb9e748a60afcff88,1,0,message_f69f3694d36b805682d70032,event_b8e21c65f4c8af270dfcb96c,DELIVERED,2025-03-17 11:22:30,2025-03-17 11:22:33,ExpertLetter | Brisante Trustpilot-Enthüllungen + WIX & WordPress kommen!,0,,,,,on
C04,DE_NL-CW12-25_ROW-DE-PAIDvA,351930935,A,test,person_a616c6186c5f4f195f75b33e,1,1,message_1cadf59d24f35bb3542e3a1e,event_20a5f628870bc3983817f953,DELIVERED,2025-03-17 11:22:31,2025-03-17 11:22:33,ExpertLetter | Brisante Trustpilot-Enthüllungen + WIX & WordPress kommen!,0,,,,,on
C04,DE_NL-CW12-25_ROW-DE-PAIDvA,351930935,A,test,person_a616c6186c5f4f195f75b33e,1,1,message_1cadf59d24f35bb3542e3a1e,event_a20dfbefa0c7dd156db3cd59,SENT,2025-03-17 11:22:31,2025-03-17 11:22:31,ExpertLetter | Brisante Trustpilot-Enthüllungen + WIX & WordPress kommen!,0,,,,,on
C04,DE_NL-CW12-25_ROW-DE-PAIDvA,351930936,B,test,unknown_message_6182cf5002a2e8155f49272e,0,0,message_791d8ee80ee9c019c07a1771,event_a79a917e0596d28062f5fe1b,SENT,2025-03-17 11:22:29,2025-03-17 11:22:29,ExpertLetter | Bewertungsmanagement-Geheimnisse: von Estimotos Erfolg lernen + Trustpilot-Skandal!,0,,,,,on
C04,DE_NL-CW12-25_ROW-DE-PAIDvA,351930936,B,test,unknown_message_6182cf5002a2e8155f49272e,0,0,message_791d8ee80ee9c019c07a1771,event_cc662d8d7b49fa7f4f538db2,DELIVERED,2025-03-17 11:22:29,2025-03-17 11:22:30,ExpertLetter | Bewertungsmanagement-Geheimnisse: von Estimotos Erfolg lernen + Trustpilot-Skandal!,0,,,,,on
C04,DE_NL-CW12-25_ROW-DE-PAIDvA,351930936,B,test,person_b2a3ae3b1e6dbce9bdda4848,1,0,message_d3350511138c680524249b95,event_8bd4e797691ddca5f38daa99,SENT,2025-03-17 11:22:30,2025-03-17 11:22:30,ExpertLetter | Bewertungsmanagement-Geheimnisse: von Estimotos Erfolg lernen + Trustpilot-Skandal!,0,,,,,on
C04,DE_NL-CW12-25_ROW-DE-PAIDvA,351930936,B,test,person_b2a3ae3b1e6dbce9bdda4848,1,0,message_d3350511138c680524249b95,event_b6ab9120085498cca3811af0,OPEN,2025-03-17 11:22:30,2025-03-18 08:47:42,ExpertLetter | Bewertungsmanagement-Geheimnisse: von Estimotos Erfolg lernen + Trustpilot-Skandal!,0,,,,,on
C04,DE_NL-CW12-25_ROW-DE-PAIDvA,351930936,B,test,person_b2a3ae3b1e6dbce9bdda4848,1,0,message_d3350511138c680524249b95,event_dbb0a2f6496ef0e292c1500f,OPEN,2025-03-17 11:22:30,2025-03-18 08:47:43,ExpertLetter | Bewertungsmanagement-Geheimnisse: von Estimotos Erfolg lernen + Trustpilot-Skandal!,0,,,,,on
C04,DE_NL-CW12-25_ROW-DE-PAIDvA,351930936,B,test,person_b2a3ae3b1e6dbce9bdda4848,1,0,message_d3350511138c680524249b95,event_f2d3fa7bb3f885acc2679521,DELIVERED,2025-03-17 11:22:30,2025-03-17 11:22:32,ExpertLetter | Bewertungsmanagement-Geheimnisse: von Estimotos Erfolg lernen + Trustpilot-Skandal!,0,,,,,on
C04,DE_NL-CW12-25_ROW-DE-PAIDvA,351930936,B,test,person_17e160f83ff1b1180f23a23d,1,0,message_b05b5b460d76a59fa525f5b4,event_022b1666dc75c977bf11fc07,SENT,2025-03-17 11:22:31,2025-03-17 11:22:31,ExpertLetter | Bewertungsmanagement-Geheimnisse: von Estimotos Erfolg lernen + Trustpilot-Skandal!,0,,,,,on
C04,DE_NL-CW12-25_ROW-DE-PAIDvA,351930936,B,test,person_17e160f83ff1b1180f23a23d,1,0,message_b05b5b460d76a59fa525f5b4,event_65085ceb65d54c809f8925ef,OPEN,2025-03-17 11:22:31,2025-03-17 11:33:35,ExpertLetter | Bewertungsmanagement-Geheimnisse: von Estimotos Erfolg lernen + Trustpilot-Skandal!,0,,,,,on
C04,DE_NL-CW12-25_ROW-DE-PAIDvA,351930936,B,test,person_17e160f83ff1b1180f23a23d,1,0,message_b05b5b460d76a59fa525f5b4,event_6ea49e6c651935958a0c2477,OPEN,2025-03-17 11:22:31,2025-03-17 11:28:52,ExpertLetter | Bewertungsmanagement-Geheimnisse: von Estimotos Erfolg lernen + Trustpilot-Skandal!,0,,,,,on
C04,DE_NL-CW12-25_ROW-DE-PAIDvA,351930936,B,test,person_17e160f83ff1b1180f23a23d,1,0,message_b05b5b460d76a59fa525f5b4,event_44ba91d0ddefdc69de833f62,DELIVERED,2025-03-17 11:22:31,2025-03-17 11:22:35,ExpertLetter | Bewertungsmanagement-Geheimnisse: von Estimotos Erfolg lernen + Trustpilot-Skandal!,0,,,,,on
C04,DE_NL-CW12-25_ROW-DE-PAIDvA,351930936,B,test,person_17e160f83ff1b1180f23a23d,1,0,message_b05b5b460d76a59fa525f5b4,event_27fc24f00a07379915d912eb,OPEN,2025-03-17 11:22:31,2025-06-11 22:43:26,ExpertLetter | Bewertungsmanagement-Geheimnisse: von Estimotos Erfolg lernen + Trustpilot-Skandal!,0,,,,,on
C04,DE_NL-CW12-25_ROW-DE-PAIDvA,351930936,B,test,person_17e160f83ff1b1180f23a23d,1,0,message_b05b5b460d76a59fa525f5b4,event_1ee7ea5709e3d1b3ec233e55,OPEN,2025-03-17 11:22:31,2025-06-11 22:43:26,ExpertLetter | Bewertungsmanagement-Geheimnisse: von Estimotos Erfolg lernen + Trustpilot-Skandal!,0,,,,,on
C04,DE_NL-CW12-25_ROW-DE-PAIDvA,351930935,A,test,person_32f4f5f3b9b137734995b912,1,0,message_376db52ced875aa87960fb4d,event_720a00d14a9266333c261ef2,SENT,2025-03-17 11:22:30,2025-03-17 11:22:30,ExpertLetter | Brisante Trustpilot-Enthüllungen + WIX & WordPress kommen!,0,,,,,on
C04,DE_NL-CW12-25_ROW-DE-PAIDvA,351930935,A,test,person_32f4f5f3b9b137734995b912,1,0,message_376db52ced875aa87960fb4d,event_8a7e2d92ac24506b79e6e32c,DELIVERED,2025-03-17 11:22:30,2025-03-17 11:22:31,ExpertLetter | Brisante Trustpilot-Enthüllungen + WIX & WordPress kommen!,0,,,,,on
C04,DE_NL-CW12-25_ROW-DE-PAIDvA,351930935,A,test,person_38ba6183cdea95f6ec396118,1,0,message_0e40ceb4d05014818d138009,event_e8ab15d3ad41dfda384e1c55,OPEN,2025-03-17 11:22:30,2025-03-17 21:38:09,ExpertLetter | Brisante Trustpilot-Enthüllungen + WIX & WordPress kommen!,0,,,,,on
C04,DE_NL-CW12-25_ROW-DE-PAIDvA,351930935,A,test,person_38ba6183cdea95f6ec396118,1,0,message_0e40ceb4d05014818d138009,event_55fc5ca5ef26f8ddb320650a,OPEN,2025-03-17 11:22:30,2025-03-17 21:39:39,ExpertLetter | Brisante Trustpilot-Enthüllungen + WIX & WordPress kommen!,0,,,,,on
C04,DE_NL-CW12-25_ROW-DE-PAIDvA,351930935,A,test,person_38ba6183cdea95f6ec396118,1,0,message_0e40ceb4d05014818d138009,event_6fa5ce34bbbae3616011f4ae,SENT,2025-03-17 11:22:30,2025-03-17 11:22:30,ExpertLetter | Brisante Trustpilot-Enthüllungen + WIX & WordPress kommen!,0,,,,,on
C04,DE_NL-CW12-25_ROW-DE-PAIDvA,351930935,A,test,person_38ba6183cdea95f6ec396118,1,0,message_0e40ceb4d05014818d138009,event_33117f26384a013c71cce890,CLICK,2025-03-17 11:22:30,2025-03-17 21:38:06,ExpertLetter | Brisante Trustpilot-Enthüllungen + WIX & WordPress kommen!,0,,,link_1e23340da487dde5de00f042,,on
C04,DE_NL-CW12-25_ROW-DE-PAIDvA,351930935,A,test,person_38ba6183cdea95f6ec396118,1,0,message_0e40ceb4d05014818d138009,event_e353196c580b1ab7ba12baec,DELIVERED,2025-03-17 11:22:30,2025-03-17 11:22:31,ExpertLetter | Brisante Trustpilot-Enthüllungen + WIX & WordPress kommen!,0,,,,,on
C04,DE_NL-CW12-25_ROW-DE-PAIDvA,351930935,A,test,person_38ba6183cdea95f6ec396118,1,0,message_0e40ceb4d05014818d138009,event_7457a5ce2a8852bf5939abcc,OPEN,2025-03-17 11:22:30,2025-03-17 21:38:06,ExpertLetter | Brisante Trustpilot-Enthüllungen + WIX & WordPress kommen!,0,,,,,on
C04,DE_NL-CW12-25_ROW-DE-PAIDvA,351930935,A,test,person_38ba6183cdea95f6ec396118,1,0,message_0e40ceb4d05014818d138009,event_f590891a78b6e2026fc0a44c,OPEN,2025-03-17 11:22:30,2025-03-17 21:37:39,ExpertLetter | Brisante Trustpilot-Enthüllungen + WIX & WordPress kommen!,0,,,,,on
C04,DE_NL-CW12-25_ROW-DE-PAIDvA,351930935,A,test,person_37eb0d34d8735271491a7df6,1,0,message_3369463c3886347aef297384,event_2a82b467eaa99f84f70d9030,DELIVERED,2025-03-17 11:22:29,2025-03-17 11:22:30,ExpertLetter | Brisante Trustpilot-Enthüllungen + WIX & WordPress kommen!,0,,,,,on
C04,DE_NL-CW12-25_ROW-DE-PAIDvA,351930935,A,test,person_37eb0d34d8735271491a7df6,1,0,message_3369463c3886347aef297384,event_292b3820539c41b8099314f5,SENT,2025-03-17 11:22:29,2025-03-17 11:22:29,ExpertLetter | Brisante Trustpilot-Enthüllungen + WIX & WordPress kommen!,0,,,,,on
C04,DE_NL-CW12-25_ROW-DE-PAIDvA,351930936,B,test,person_2bfad638ac023f8c92a67f2e,1,0,message_6752839e1275374135990205,event_b8592e04aac33af35fa89eaa,DROPPED,2025-03-17 11:22:30,2025-03-17 11:22:30,ExpertLetter | Bewertungsmanagement-Geheimnisse: von Estimotos Erfolg lernen + Trustpilot-Skandal!,0,,event_5d96c062a675257f54107cb0,,PREVIOUSLY_BOUNCED,on
C04,DE_NL-CW12-25_ROW-DE-PAIDvA,351930935,A,test,person_4daa287f06efba1a61608458,1,0,message_01f461e789f7f0203f337223,event_c74ae894c9e31f54f4748381,SENT,2025-03-17 11:22:31,2025-03-17 11:22:31,ExpertLetter | Brisante Trustpilot-Enthüllungen + WIX & WordPress kommen!,0,,,,,on
C04,DE_NL-CW12-25_ROW-DE-PAIDvA,351930935,A,test,person_4daa287f06efba1a61608458,1,0,message_01f461e789f7f0203f337223,event_dafbb612c49543b641f7098d,OPEN,2025-03-17 11:22:31,2025-03-17 19:01:55,ExpertLetter | Brisante Trustpilot-Enthüllungen + WIX & WordPress kommen!,0,,event_2e54b56352232da3da64678a,,,on
C04,DE_NL-CW12-25_ROW-DE-PAIDvA,351930935,A,test,person_4daa287f06efba1a61608458,1,0,message_01f461e789f7f0203f337223,event_2e54b56352232da3da64678a,CLICK,2025-03-17 11:22:31,2025-03-17 19:01:55,ExpertLetter | Brisante Trustpilot-Enthüllungen + WIX & WordPress kommen!,0,,,link_1e23340da487dde5de00f042,,on
C04,DE_NL-CW12-25_ROW-DE-PAIDvA,351930935,A,test,person_4daa287f06efba1a61608458,1,0,message_01f461e789f7f0203f337223,event_918c7eae2db2010a3e891e04,DELIVERED,2025-03-17 11:22:31,2025-03-17 11:22:36,ExpertLetter | Brisante Trustpilot-Enthüllungen + WIX & WordPress kommen!,0,,,,,on
C04,DE_NL-CW12-25_ROW-DE-PAIDvA,351930935,A,test,person_46cb4e9c50570eb568155691,1,0,message_26a86aa45a5bd0b85aea3528,event_43c77cc9a08db6f0bde12366,OPEN,2025-03-17 11:22:30,2025-03-17 13:30:59,ExpertLetter | Brisante Trustpilot-Enthüllungen + WIX & WordPress kommen!,0,,,,,on
C04,DE_NL-CW12-25_ROW-DE-PAIDvA,351930935,A,test,person_46cb4e9c50570eb568155691,1,0,message_26a86aa45a5bd0b85aea3528,event_5f813d603e54ad4a4bd03f23,OPEN,2025-03-17 11:22:30,2025-03-17 13:30:41,ExpertLetter | Brisante Trustpilot-Enthüllungen + WIX & WordPress kommen!,0,,,,,on
C04,DE_NL-CW12-25_ROW-DE-PAIDvA,351930935,A,test,person_46cb4e9c50570eb568155691,1,0,message_26a86aa45a5bd0b85aea3528,event_fe31c8cf02d1aaa8fe76a73d,SENT,2025-03-17 11:22:30,2025-03-17 11:22:30,ExpertLetter | Brisante Trustpilot-Enthüllungen + WIX & WordPress kommen!,0,,,,,on
C04,DE_NL-CW12-25_ROW-DE-PAIDvA,351930935,A,test,person_46cb4e9c50570eb568155691,1,0,message_26a86aa45a5bd0b85aea3528,event_44e985bf4542d74395014075,DELIVERED,2025-03-17 11:22:30,2025-03-17 11:22:33,ExpertLetter | Brisante Trustpilot-Enthüllungen + WIX & WordPress kommen!,0,,,,,on
C04,DE_NL-CW12-25_ROW-DE-PAIDvA,351930935,A,test,person_6484e676ef8de298f7117cce,1,0,message_696c8ff40138fcc8da92dd77,event_0c2d518f0782727fe65f619c,OPEN,2025-03-17 11:22:30,2025-03-17 16:06:07,ExpertLetter | Brisante Trustpilot-Enthüllungen + WIX & WordPress kommen!,0,,,,,on
C04,DE_NL-CW12-25_ROW-DE-PAIDvA,351930936,B,test,person_b51eacbf3024b13b50152454,1,0,message_53bc3c2c05d7f3db62bd0841,event_a43225302f5970a04ee47566,DROPPED,2025-03-17 11:22:30,2025-03-17 11:22:30,ExpertLetter | Bewertungsmanagement-Geheimnisse: von Estimotos Erfolg lernen + Trustpilot-Skandal!,0,,event_9f5e6562aba67df391d78057,,PREVIOUSLY_BOUNCED,on
C04,DE_NL-CW12-25_ROW-DE-PAIDvA,351930935,A,test,person_6484e676ef8de298f7117cce,1,0,message_696c8ff40138fcc8da92dd77,event_2360a195f63d980107d5b5f0,OPEN,2025-03-17 11:22:30,2025-03-17 16:57:53,ExpertLetter | Brisante Trustpilot-Enthüllungen + WIX & WordPress kommen!,0,,,,,on
C04,DE_NL-CW12-25_ROW-DE-PAIDvA,351930935,A,test,person_6484e676ef8de298f7117cce,1,0,message_696c8ff40138fcc8da92dd77,event_3497d26e51cea117903526d9,OPEN,2025-03-17 11:22:30,2025-03-18 07:16:30,ExpertLetter | Brisante Trustpilot-Enthüllungen + WIX & WordPress kommen!,0,,,,,on
C04,DE_NL-CW12-25_ROW-DE-PAIDvA,351930935,A,test,person_6484e676ef8de298f7117cce,1,0,message_696c8ff40138fcc8da92dd77,event_3a41ed875b9f9eadcd7a9294,DELIVERED,2025-03-17 11:22:30,2025-03-17 11:22:31,ExpertLetter | Brisante Trustpilot-Enthüllungen + WIX & WordPress kommen!,0,,,,,on
C04,DE_NL-CW12-25_ROW-DE-PAIDvA,351930935,A,test,person_6484e676ef8de298f7117cce,1,0,message_696c8ff40138fcc8da92dd77,event_d370e480a0d6b8e70fc58639,SENT,2025-03-17 11:22:30,2025-03-17 11:22:30,ExpertLetter | Brisante Trustpilot-Enthüllungen + WIX & WordPress kommen!,0,,,,,on
C04,DE_NL-CW12-25_ROW-DE-PAIDvA,351930936,B,test,person_031cd466fcaa4c22d2c38800,1,0,message_df265347adc475ba4d0bf8c0,event_1eed152f80cbd0a758e544c7,OPEN,2025-03-17 11:19:49,2025-03-17 11:33:53,ExpertLetter | Bewertungsmanagement-Geheimnisse: von Estimotos Erfolg lernen + Trustpilot-Skandal!,0,,,,,on
C04,DE_NL-CW12-25_ROW-DE-PAIDvA,351930936,B,test,person_031cd466fcaa4c22d2c38800,1,0,message_df265347adc475ba4d0bf8c0,event_e2890aecaffdae0f040c6375,SENT,2025-03-17 11:19:49,2025-03-17 11:19:49,ExpertLetter | Bewertungsmanagement-Geheimnisse: von Estimotos Erfolg lernen + Trustpilot-Skandal!,0,,,,,on
C04,DE_NL-CW12-25_ROW-DE-PAIDvA,351930936,B,test,person_031cd466fcaa4c22d2c38800,1,0,message_df265347adc475ba4d0bf8c0,event_c3ab41df2d7427b00bda5acf,DELIVERED,2025-03-17 11:19:49,2025-03-17 11:19:55,ExpertLetter | Bewertungsmanagement-Geheimnisse: von Estimotos Erfolg lernen + Trustpilot-Skandal!,0,,,,,on
C04,DE_NL-CW12-25_ROW-DE-PAIDvA,351930935,A,test,person_d70dab187030b1d41bfcc223,1,0,message_129adb855382f01fd3f2c8c6,event_6b5b0eb011ce36f15f302e55,SENT,2025-03-17 11:22:30,2025-03-17 11:22:30,ExpertLetter | Brisante Trustpilot-Enthüllungen + WIX & WordPress kommen!,0,,,,,on
C04,DE_NL-CW12-25_ROW-DE-PAIDvA,351930935,A,test,person_d70dab187030b1d41bfcc223,1,0,message_129adb855382f01fd3f2c8c6,event_7f93166549da7a5d91654179,DELIVERED,2025-03-17 11:22:30,2025-03-17 11:22:33,ExpertLetter | Brisante Trustpilot-Enthüllungen + WIX & WordPress kommen!,0,,,,,on
C04,DE_NL-CW12-25_ROW-DE-PAIDvA,351930935,A,test,person_84702559c9b0049127b18731,1,0,message_588b23a9ec998b4195dc2284,event_2ab15012fbb8755fd0f8eafd,SENT,2025-03-17 11:21:09,2025-03-17 11:21:09,ExpertLetter | Brisante Trustpilot-Enthüllungen + WIX & WordPress kommen!,0,,,,,on
C04,DE_NL-CW12-25_ROW-DE-PAIDvA,351930935,A,test,person_84702559c9b0049127b18731,1,0,message_588b23a9ec998b4195dc2284,event_db09aa7faf3a60f040370ecb,DELIVERED,2025-03-17 11:21:09,2025-03-17 11:21:12,ExpertLetter | Brisante Trustpilot-Enthüllungen + WIX & WordPress kommen!,0,,,,,on
C04,DE_NL-CW12-25_ROW-DE-PAIDvA,351930935,A,test,person_f0fc81c82b7f10b89cfecee7,1,0,message_836253031ceac0b2768cda9f,event_a176475597ab22239a145833,SENT,2025-03-17 11:21:09,2025-03-17 11:21:09,ExpertLetter | Brisante Trustpilot-Enthüllungen + WIX & WordPress kommen!,0,,,,,on
C04,DE_NL-CW12-25_ROW-DE-PAIDvA,351930935,A,test,person_f0fc81c82b7f10b89cfecee7,1,0,message_836253031ceac0b2768cda9f,event_8487bd3a02a265ee99356a27,OPEN,2025-03-17 11:21:09,2025-03-22 11:30:58,ExpertLetter | Brisante Trustpilot-Enthüllungen + WIX & WordPress kommen!,0,,,,,on
C04,DE_NL-CW12-25_ROW-DE-PAIDvA,351930935,A,test,person_f0fc81c82b7f10b89cfecee7,1,0,message_836253031ceac0b2768cda9f,event_99d360b7c1354642b1f38375,CLICK,2025-03-17 11:21:09,2025-03-22 11:30:59,ExpertLetter | Brisante Trustpilot-Enthüllungen + WIX & WordPress kommen!,0,,,link_1e23340da487dde5de00f042,,on
C04,DE_NL-CW12-25_ROW-DE-PAIDvA,351930935,A,test,person_f0fc81c82b7f10b89cfecee7,1,0,message_836253031ceac0b2768cda9f,event_672fa49951a2f53478ee2677,OPEN,2025-03-17 11:21:09,2025-03-22 11:30:49,ExpertLetter | Brisante Trustpilot-Enthüllungen + WIX & WordPress kommen!,0,,,,,on
C04,DE_NL-CW12-25_ROW-DE-PAIDvA,351930935,A,test,person_f0fc81c82b7f10b89cfecee7,1,0,message_836253031ceac0b2768cda9f,event_41c25097bc719892ab2903bd,OPEN,2025-03-17 11:21:09,2025-03-22 11:31:19,ExpertLetter | Brisante Trustpilot-Enthüllungen + WIX & WordPress kommen!,0,,,,,on
C04,DE_NL-CW12-25_ROW-DE-PAIDvA,351930935,A,test,person_f0fc81c82b7f10b89cfecee7,1,0,message_836253031ceac0b2768cda9f,event_f489eafb690ed668a1ddf9e1,OPEN,2025-03-17 11:21:09,2025-03-22 11:32:49,ExpertLetter | Brisante Trustpilot-Enthüllungen + WIX & WordPress kommen!,0,,,,,on
C04,DE_NL-CW12-25_ROW-DE-PAIDvA,351930935,A,test,person_f0fc81c82b7f10b89cfecee7,1,0,message_836253031ceac0b2768cda9f,event_84e9811b839c5e8901ceac8a,DELIVERED,2025-03-17 11:21:09,2025-03-17 11:21:14,ExpertLetter | Brisante Trustpilot-Enthüllungen + WIX & WordPress kommen!,0,,,,,on
C04,DE_NL-CW12-25_ROW-DE-PAIDvA,351930935,A,test,person_d480596482bf6d113530d171,1,0,message_a5c72ee96e721a9161869581,event_644cfa22e8ec249fcc3a49c4,DELIVERED,2025-03-17 11:21:09,2025-03-17 11:21:13,ExpertLetter | Brisante Trustpilot-Enthüllungen + WIX & WordPress kommen!,0,,,,,on
C04,DE_NL-CW12-25_ROW-DE-PAIDvA,351930935,A,test,person_d480596482bf6d113530d171,1,0,message_a5c72ee96e721a9161869581,event_95e4a99e18d8e35dfa01a9dd,SENT,2025-03-17 11:21:09,2025-03-17 11:21:09,ExpertLetter | Brisante Trustpilot-Enthüllungen + WIX & WordPress kommen!,0,,,,,on
C04,DE_NL-CW12-25_ROW-DE-PAIDvA,351930936,B,test,person_fcfb2fdaabb97c5fecdfe26c,1,0,message_32d0792d4409451976270a1a,event_c23afb316317bfa18147abd2,SENT,2025-03-17 11:22:30,2025-03-17 11:22:30,ExpertLetter | Bewertungsmanagement-Geheimnisse: von Estimotos Erfolg lernen + Trustpilot-Skandal!,0,,,,,on
C04,DE_NL-CW12-25_ROW-DE-PAIDvA,351930936,B,test,person_fcfb2fdaabb97c5fecdfe26c,1,0,message_32d0792d4409451976270a1a,event_ac71ab87845420c0cb78d75b,DELIVERED,2025-03-17 11:22:30,2025-03-17 11:22:34,ExpertLetter | Bewertungsmanagement-Geheimnisse: von Estimotos Erfolg lernen + Trustpilot-Skandal!,0,,,,,on
